x,y
-1750.0,60.95362122753027
-1749.2098419683937,60.954702914666306
-1748.4196839367874,60.95578973665571
-1747.629525905181,60.956881726796
-1746.8393678735747,60.95797891866066
-1746.0492098419684,60.95908134610202
-1745.259051810362,60.96018904325405
-1744.4688937787557,60.96130204453523
-1743.6787357471494,60.9624203846515
-1742.888577715543,60.96354409859915
-1742.0984196839368,60.96467322166783
-1741.3082616523304,60.965807789443566
-1740.518103620724,60.96694783781179
-1739.7279455891178,60.96809340296045
-1738.9377875575115,60.96924452138314
-1738.1476295259051,60.97040122988224
-1737.3574714942988,60.97156356557216
-1736.5673134626925,60.97273156588253
-1735.7771554310862,60.97390526856156
-1734.9869973994798,60.97508471167929
-1734.1968393678735,60.97626993363099
-1733.4066813362672,60.97746097314059
-1732.6165233046609,60.97865786926409
-1731.8263652730545,60.97986066139309
-1731.0362072414482,60.9810693892583
-1730.2460492098419,60.98228409293315
-1729.4558911782356,60.98350481283738
-1728.6657331466292,60.984731589740754
-1727.875575115023,60.98596446476677
-1727.0854170834166,60.98720347939639
-1726.2952590518103,60.98844867547192
-1725.505101020204,60.98970009520082
-1724.7149429885976,60.99095778115963
-1723.9247849569913,60.992221776297946
-1723.134626925385,60.99349212394243
-1722.3444688937789,60.99476886780086
-1721.5543108621725,60.99605205196625
-1720.7641528305662,60.99734172092105
-1719.97399479896,60.99863791954132
-1719.1838367673536,60.99994069310105
-1718.3936787357472,61.00125008727648
-1717.603520704141,61.00256614815047
-1716.8133626725346,61.00388892221699
-1716.0232046409283,61.00521845638557
-1715.233046609322,61.00655479798592
-1714.4428885777156,61.007897994772534
-1713.6527305461093,61.00924809492933
-1712.862572514503,61.010605147074486
-1712.0724144828966,61.011969200265156
-1711.2822564512903,61.013340304002405
-1710.492098419684,61.0147185082361
-1709.7019403880777,61.01610386336998
-1708.9117823564713,61.017496420266625
-1708.121624324865,61.01889623025269
-1707.3314662932587,61.020303345124056
-1706.5413082616524,61.02171781715111
-1705.751150230046,61.02313969908408
-1704.9609921984397,61.024569044158504
-1704.1708341668334,61.02600590610065
-1703.380676135227,61.027450339133125
-1702.5905181036208,61.0289023979805
-1701.8003600720144,61.03036213787504
-1701.010202040408,61.03182961456246
-1700.2200440088018,61.03330488430783
-1699.4298859771955,61.034788003901525
-1698.6397279455891,61.036279030665256
-1697.8495699139828,61.03777802245816
-1697.0594118823765,61.03928503768305
-1696.2692538507702,61.04080013529265
-1695.4790958191638,61.04232337479601
-1694.6889377875575,61.04385481626493
-1693.8987797559512,61.04539452034055
-1693.1086217243449,61.046942548239954
-1692.3184636927385,61.04849896176291
-1691.5283056611322,61.05006382329872
-1690.7381476295259,61.051637195833145
-1689.9479895979196,61.05321914295537
-1689.1578315663132,61.05480972886521
-1688.367673534707,61.056409018380236
-1687.5775155031006,61.05801707694319
-1686.7873574714943,61.05963397062932
-1685.997199439888,61.06125976615398
-1685.2070414082816,61.06289453088024
-1684.4168833766753,61.06453833282663
-1683.626725345069,61.06619124067498
-1682.8365673134626,61.06785332377845
-1682.0464092818563,61.069524652169534
-1681.25625125025,61.071205296568316
-1680.4660932186437,61.07289532839078
-1679.6759351870373,61.07459481975722
-1678.885777155431,61.076303843500845
-1678.0956191238247,61.078022473176425
-1677.3054610922184,61.07975078306912
-1676.515303060612,61.081488848203435
-1675.7251450290057,61.08323674435224
-1674.9349869973994,61.084994548046055
-1674.144828965793,61.086762336582304
-1673.3546709341867,61.08854018803486
-1672.5645129025804,61.09032818126362
-1671.774354870974,61.09212639592429
-1670.9841968393678,61.09393491247826
-1670.1940388077614,61.0957538122027
-1669.4038807761553,61.097583177200725
-1668.6137227445488,61.099423090411754
-1667.8235647129427,61.10127363562204
-1667.0334066813364,61.10313489747532
-1666.24324864973,61.105006961483646
-1665.4530906181237,61.10688991403838
-1664.6629325865174,61.10878384242137
-1663.872774554911,61.11068883481622
-1663.0826165233048,61.11260498031988
-1662.2924584916984,61.11453236895423
-1661.502300460092,61.116471091678
-1660.7121424284858,61.118421240398774
-1659.9219843968795,61.12038290798522
-1659.1318263652731,61.12235618827951
-1658.3416683336668,61.124341176109894
-1657.5515103020605,61.12633796730353
-1656.7613522704542,61.12834665869944
-1655.9711942388478,61.13036734816177
-1655.1810362072415,61.132400134593105
-1654.3908781756352,61.13444511794816
-1653.6007201440289,61.13650239924759
-1652.8105621124225,61.13857208059199
-1652.0204040808162,61.140654265176224
-1651.2302460492099,61.142749057303874
-1650.4400880176036,61.14485656240197
-1649.6499299859972,61.14697688703596
-1648.859771954391,61.14911013892491
-1648.0696139227846,61.1512564269569
-1647.2794558911783,61.153415861204735
-1646.489297859572,61.155588552941914
-1645.6991398279656,61.15777461465876
-1644.9089817963593,61.15997416007892
-1644.118823764753,61.16218730417606
-1643.3286657331466,61.16441416319089
-1642.5385077015403,61.1666548546484
-1641.748349669934,61.16890949737544
-1640.9581916383277,61.17117821151852
-1640.1680336067213,61.173461118562
-1639.377875575115,61.17575834134648
-1638.5877175435087,61.17807000408752
-1637.7975595119024,61.180396232394756
-1637.007401480296,61.18273715329117
-1636.2172434486897,61.18509289523285
-1635.4270854170834,61.18746358812894
-1634.636927385477,61.18984936336207
-1633.8467693538707,61.192250353808944
-1633.0566113222644,61.19466669386144
-1632.266453290658,61.19709851944802
-1631.4762952590518,61.19954596805542
-1630.6861372274454,61.202009178750814
-1629.8959791958391,61.204488292204324
-1629.1058211642328,61.206983450711874
-1628.3156631326265,61.2094947982185
-1627.5255051010201,61.212022480341986
-1626.7353470694138,61.21456664439699
-1625.9451890378075,61.21712743941952
-1625.1550310062012,61.21970501619185
-1624.3648729745948,61.222299527267914
-1623.5747149429885,61.224911126999054
-1622.7845569113822,61.22753997156031
-1621.9943988797759,61.23018621897713
-1621.2042408481695,61.23285002915251
-1620.4140828165632,61.23553156389468
-1619.623924784957,61.23823098694527
-1618.8337667533506,61.24094846400791
-1618.0436087217445,61.24368416277742
-1617.253450690138,61.24643825296947
-1616.4632926585318,61.2492109063508
-1615.6731346269253,61.25200229676994
-1614.8829765953192,61.25481260018855
-1614.0928185637126,61.25764199471326
-1613.3026605321065,61.260490660628115
-1612.5125025005,61.26335878042761
-1611.7223444688939,61.26624653885034
-1610.9321864372876,61.269154122913214
-1610.1420284056812,61.27208172194637
-1609.351870374075,61.275029527628675
-1608.5617123424686,61.277997734023884
-1607.7715543108623,61.28098653761751
-1606.981396279256,61.283996137354315
-1606.1912382476496,61.287026734676566
-1605.4010802160433,61.29007853356296
-1604.610922184437,61.29315174056827
-1603.8207641528306,61.29624656486379
-1603.0306061212243,61.2993632182785
-1602.240448089618,61.302501915340976
-1601.4502900580117,61.305662873322206
-1600.6601320264053,61.308846312279094
-1599.869973994799,61.31205245509888
-1599.0798159631927,61.31528152754437
-1598.2896579315864,61.318533758300056
-1597.49949989998,61.3218093790191
-1596.7093418683737,61.32510862437126
-1595.9191838367674,61.328431732091715
-1595.129025805161,61.33177894303086
-1594.3388677735547,61.335150501205064
-1593.5487097419484,61.338546653848404
-1592.758551710342,61.34196765146548
-1591.9683936787358,61.34541374788519
-1591.1782356471294,61.3488852003156
-1590.3880776155231,61.35238226939994
-1589.5979195839168,61.35590521927367
-1588.8077615523105,61.35945431762269
-1588.0176035207041,61.363029835742736
-1587.2274454890978,61.36663204859995
-1586.4372874574915,61.37026123489273
-1585.6471294258852,61.3739176771147
-1584.8569713942788,61.377601661619124
-1584.0668133626725,61.381313478684525
-1583.2766553310662,61.385053422581684
-1582.4864972994599,61.38882179164199
-1581.6963392678535,61.392618888327235
-1580.9061812362472,61.39644501930082
-1580.116023204641,61.40030049550047
-1579.3258651730346,61.404185632212396
-1578.5357071414282,61.40810074914713
-1577.745549109822,61.41204617051679
-1576.9553910782156,61.4160222251141
-1576.1652330466093,61.42002924639302
-1575.375075015003,61.42406757255111
-1574.5849169833966,61.42813754661359
-1573.7947589517903,61.43223951651929
-1573.004600920184,61.436373835208315
-1572.2144428885777,61.440540860711735
-1571.4242848569713,61.44474095624308
-1570.634126825365,61.44897449029192
-1569.8439687937587,61.453241836719364
-1569.0538107621524,61.457543374855796
-1568.263652730546,61.46187948960058
-1567.4734946989397,61.466250571524085
-1566.6833366673334,61.4706570169719
-1565.893178635727,61.47509922817133
-1565.1030206041207,61.47957761334037
-1564.3128625725144,61.48409258679894
-1563.5227045409083,61.48864456908276
-1562.7325465093018,61.49323398705969
-1561.9423884776957,61.49786127404874
-1561.152230446089,61.50252686994176
-1560.362072414483,61.50723122132787
-1559.5719143828765,61.51197478162076
-1558.7817563512704,61.51675801118888
-1557.9915983196638,61.521581377488666
-1557.2014402880577,61.52644535520075
-1556.4112822564514,61.531350426369436
-1555.621124224845,61.5362970805453
-1554.8309661932387,61.54128581493125
-1554.0408081616324,61.54631713453184
-1553.250650130026,61.55139155230627
-1552.4604920984198,61.5565095893249
-1551.6703340668134,61.561671774929444
-1550.8801760352071,61.56687864689708
-1550.0900180036008,61.5721307516084
-1549.2998599719945,61.5774286442194
-1548.5097019403881,61.58277288883764
-1547.7195439087818,61.58816405870263
-1546.9293858771755,61.59360273637064
-1546.1392278455692,61.59908951390394
-1545.3490698139628,61.60462499306477
-1544.5589117823565,61.610209785513966
-1543.7687537507502,61.61584451301459
-1542.9785957191439,61.62152980764055
-1542.1884376875375,61.62726631199039
-1541.3982796559312,61.633054679406484
-1540.608121624325,61.63889557419968
-1539.8179635927186,61.64478967187961
-1539.0278055611122,61.650737659390835
-1538.237647529506,61.656740235354995
-1537.4474894978996,61.66279811031912
-1536.6573314662933,61.668912007010306
-1535.867173434687,61.67508266059694
-1535.0770154030806,61.68131081895669
-1534.2868573714743,61.68759724295142
-1533.496699339868,61.69394270670931
-1532.7065413082616,61.700347997914314
-1531.9163832766553,61.70681391810325
-1531.126225245049,61.71334128297074
-1530.3360672134427,61.7199309226822
-1529.5459091818364,61.726583682195226
-1528.75575115023,61.73330042158951
-1527.9655931186237,61.74008201640565
-1527.1754350870174,61.74692935799312
-1526.385277055411,61.75384335386763
-1525.5951190238047,61.76082492807825
-1524.8049609921984,61.76787502158457
-1524.014802960592,61.77499459264419
-1523.2246449289858,61.78218461721096
-1522.4344868973794,61.78944608934417
-1521.644328865773,61.79678002162925
-1520.8541708341668,61.80418744561015
-1520.0640128025605,61.81166941223388
-1519.2738547709541,61.81922699230767
-1518.4836967393478,61.82686127696899
-1517.6935387077415,61.83457337816905
-1516.9033806761352,61.842364429170104
-1516.1132226445288,61.85023558505705
-1515.3230646129225,61.85818802326384
-1514.5329065813162,61.86622294411515
-1513.7427485497099,61.87434157138385
-1512.9525905181035,61.88254515286483
-1512.1624324864972,61.8908349609657
-1511.3722744548909,61.89921229331499
-1510.5821164232848,61.907678473388415
-1509.7919583916782,61.91623485115385
-1509.0018003600721,61.92488280373569
-1508.2116423284656,61.93362373609921
-1507.4214842968595,61.942459081755665
-1506.631326265253,61.95139030348894
-1505.8411682336468,61.960418894104365
-1505.0510102020403,61.969546377200565
-1504.2608521704342,61.9787743079652
-1503.4706941388279,61.98810427399544
-1502.6805361072215,61.997537896143996
-1501.8903780756152,62.00707682939171
-1501.100220044009,62.016722763747715
-1500.3100620124026,62.02647742517806
-1499.5199039807962,62.0363425765639
-1498.72974594919,62.04632001869042
-1497.9395879175836,62.05641159126757
-1497.1494298859773,62.06661917398371
-1496.359271854371,62.07694468759363
-1495.5691138227646,62.087390095042046
-1494.7789557911583,62.097957402624
-1493.988797759552,62.10864866118356
-1493.1986397279456,62.119465967352305
-1492.4084816963393,62.1304114648291
-1491.618323664733,62.14148734570281
-1490.8281656331267,62.1526958518195
-1490.0380076015203,62.16403927619609
-1489.247849569914,62.17551996448205
-1488.4576915383077,62.18714031647112
-1487.6675335067014,62.198902787665205
-1486.877375475095,62.21080989089219
-1486.0872174434887,62.22286419798017
-1485.2970594118824,62.23506834149018
-1484.506901380276,62.247425016509794
-1483.7167433486698,62.25993698251026
-1482.9265853170634,62.27260706526947
-1482.136427285457,62.2854381588637
-1481.3462692538508,62.29843322773095
-1480.5561112222445,62.31159530880875
-1479.7659531906381,62.32492751374956
-1478.9757951590318,62.33843303121712
-1478.1856371274255,62.35211512926712
-1477.3954790958192,62.36597715781561
-1476.6053210642128,62.380022551199175
-1475.8151630326065,62.39425483083056
-1475.0250050010002,62.40867760795397
-1474.2348469693939,62.42329458650426
-1473.4446889377875,62.438109566074715
-1472.6545309061812,62.4531264449979
-1471.8643728745749,62.46834922354478
-1471.0742148429686,62.48378200724719
-1470.2840568113622,62.49942901034916
-1469.493898779756,62.51529455939279
-1468.7037407481496,62.53138309694485
-1467.9135827165433,62.54769918547019
-1467.123424684937,62.56424751135881
-1466.3332666533306,62.58103288911345
-1465.5431086217243,62.59806026570512
-1464.752950590118,62.61533472510408
-1463.9627925585116,62.632861492994614
-1463.1726345269053,62.6506459416819
-1462.382476495299,62.668693595200004
-1461.5923184636927,62.68701013463034
-1460.8021604320863,62.70560140364055
-1460.01200240048,62.72447341425408
-1459.221844368874,62.74363235286148
-1458.4316863372674,62.76308458648493
-1457.6415283056613,62.7828366693079
-1456.8513702740547,62.802895349482995
-1456.0612122424486,62.823267576231004
-1455.271054210842,62.84396050724563
-1454.480896179236,62.864981516418325
-1453.6907381476294,62.8863382018993
-1452.9005801160233,62.90803839451069
-1452.1104220844168,62.93009016652965
-1451.3202640528107,62.95250184085914
-1450.5301060212041,62.975282000606065
-1449.739947989598,62.99843949908652
-1448.9497899579915,63.02198347027988
-1448.1596319263854,63.04592333975367
-1447.3694738947788,63.07026883608333
-1446.5793158631727,63.09503000279117
-1445.7891578315664,63.12021721083121
-1444.99899979996,63.145841171646985
-1444.2088417683538,63.17191295083165
-1443.4186837367474,63.19844398242062
-1442.628525705141,63.22544608384908
-1441.8383676735348,63.252931471607916
-1441.0482096419285,63.280912777633766
-1440.2580516103221,63.309403066470324
-1439.4678935787158,63.338415853240335
-1438.6777355471095,63.36796512246935
-1437.8875775155032,63.39806534780453
-1437.0974194838968,63.42873151267396
-1436.3072614522905,63.45997913193405
-1435.5171034206842,63.491824274554865
-1434.7269453890779,63.52428358739574
-1433.9367873574715,63.55737432012573
-1433.1466293258652,63.59111435134597
-1432.3564712942589,63.62552221597366
-1431.5663132626526,63.66061713394962
-1430.7761552310462,63.696419040334156
-1429.98599719944,63.732948616858295
-1429.1958391678336,63.770227325000015
-1428.4056811362273,63.808277440657385
-1427.615523104621,63.8471220904929
-1426.8253650730146,63.88678529002537
-1426.0352070414083,63.92729198354744
-1425.245049009802,63.96866808594885
-1424.4548909781956,64.0109405265262
-1423.6647329465893,64.05413729486136
-1422.874574914983,64.09828748885045
-1422.0844168833767,64.14342136496519
-1421.2942588517703,64.18957039082694
-1420.504100820164,64.23676730017148
-1419.7139427885577,64.28504615027951
-1418.9237847569514,64.33444238194221
-1418.133626725345,64.38499288202541
-1417.3434686937387,64.43673604868711
-1416.5533106621324,64.48971185929179
-1415.763152630526,64.54396194105219
-1414.9729945989197,64.59952964441176
-1414.1828365673134,64.6564601191609
-1413.392678535707,64.71480039325519
-1412.6025205041008,64.77459945427422
-1411.8123624724944,64.83590833342427
-1411.0222044408881,64.898780191946
-1410.2320464092818,64.96327040973934
-1409.4418883776755,65.02943667595915
-1408.6517303460691,65.09733908126842
-1407.8615723144628,65.16704021135672
-1407.0714142828565,65.23860524124066
-1406.2812562512502,65.31210202975849
-1405.4910982196438,65.38760121355081
-1404.7009401880377,65.46517629968086
-1403.9107821564312,65.54490375589256
-1403.120624124825,65.62686309732513
-1402.3304660932185,65.7111369683042
-1401.5403080616124,65.79781121760213
-1400.750150030006,65.88697496530992
-1399.9599919983998,65.9787206591806
-1399.1698339667932,66.07314411799659
-1398.3796759351872,66.170344559169
-1397.5895179035806,66.27042460740844
-1396.7993598719745,66.37349028090006
-1396.009201840368,66.47965095098535
-1395.2190438087619,66.58901927088948
-1394.4288857771553,66.70171106855051
-1393.6387277455492,66.81784519809992
-1392.8485697139427,66.9375433440326
-1392.0584116823366,67.06092977158286
-1391.2682536507302,67.18813101632185
-1390.478095619124,67.31927550550665
-1389.6879375875176,67.45449310328003
-1388.8977795559113,67.59391457144811
-1388.107621524305,67.73767093728921
-1387.3174634926986,67.88589275969285
-1386.5273054610923,68.03870928493104
-1385.737147429486,68.19624748355912
-1384.9469893978796,68.35863096037168
-1384.1568313662733,68.52597873004244
-1383.366673334667,68.69840385209727
-1382.5765153030607,68.87601192025343
-1381.7863572714543,69.05889940294185
-1380.996199239848,69.24715183405615
-1380.2060412082417,69.44084185566729
-1379.4158831766354,69.64002711763355
-1378.625725145029,69.84474804272807
-1377.8355671134227,70.05502547009665
-1377.0454090818164,70.27085819452464
-1376.25525105021,70.49222042408567
-1375.4650930186037,70.71905918420057
-1374.6749349869974,70.95129170185399
-1373.884776955391,71.18880280957768
-1373.0946189237848,71.43144241465987
-1372.3044608921784,71.67902308469974
-1371.5143028605721,71.93131780589127
-1370.7241448289658,72.18805797506319
-1369.9339867973595,72.44893169027755
-1369.1438287657531,72.71358240744871
-1368.3536707341468,72.98160803173161
-1367.5635127025405,73.25256051210249
-1366.7733546709342,73.52594600539743
-1365.9831966393278,73.80122567189596
-1365.1930386077215,74.07781715820403
-1364.4028805761152,74.35509681462241
-1363.6127225445089,74.63240268337847
-1362.8225645129025,74.90903828112593
-1362.0324064812962,75.18427718414219
-1361.24224844969,75.45736840793217
-1360.4520904180836,75.72754255482984
-1359.6619323864772,75.99401868410833
-1358.871774354871,76.25601183958243
-1358.0816163232646,76.51274115029175
-1357.2914582916583,76.76343840121419
-1356.501300260052,77.00735695372862
-1355.7111422284456,77.24378088036993
-1354.9209841968393,77.47203416592174
-1354.130826165233,77.6914898176341
-1353.3406681336267,77.90157872181743
-1352.5505101020203,78.10179808261988
-1351.7603520704142,78.2917192816858
-1350.9701940388077,78.47099500470769
-1350.1800360072016,78.63936549256044
-1349.389877975595,78.79666379052028
-1348.599719943989,78.94281988862733
-1347.8095619123824,79.07786366903191
-1347.0194038807763,79.20192660149638
-1346.2292458491697,79.31524215535516
-1345.4390878175636,79.41814492431492
-1344.648929785957,79.51106848863922
-1343.858771754351,79.5945420666135
-1343.0686137227444,79.66918603288534
-1342.2784556911383,79.73570640452704
-1341.4882976595318,79.79488841579357
-1340.6981396279257,79.84758931897487
-1339.9079815963191,79.89473056104876
-1339.117823564713,79.93728949375944
-1338.3276655331067,79.97629077817194
-1337.5375075015004,80.01279764373616
-1336.747349469894,80.04790315663664
-1335.9571914382877,80.08272164304847
-1335.1670334066814,80.11838040030926
-1334.376875375075,80.15601181350394
-1333.5867173434688,80.19674597713791
-1332.7965593118624,80.24170390209507
-1332.0064012802561,80.29199136758004
-1331.2162432486498,80.34869345686961
-1330.4260852170435,80.41286979503255
-1329.6359271854371,80.48555048685884
-1328.8457691538308,80.56773273452893
-1328.0556111222245,80.6603780974378
-1327.2654530906182,80.76441034135837
-1326.4752950590118,80.88071381099948
-1325.6851370274055,81.01013224911304
-1324.8949789957992,81.15346797669191
-1324.1048209641929,81.3114813424616
-1323.3146629325865,81.48489034575537
-1322.5245049009802,81.6743703348674
-1321.734346869374,81.88055368299126
-1320.9441888377676,82.10402934572878
-1320.1540308061612,82.34534220777512
-1319.363872774555,82.60499213161637
-1318.5737147429486,82.88343262782028
-1317.7835567113423,83.18106907466803
-1316.993398679736,83.49825642441323
-1316.2032406481296,83.8352963443224
-1315.4130826165233,84.19243375283997
-1314.622924584917,84.5698527247234
-1313.8327665533106,84.96767175381859
-1313.0426085217043,85.38593837828552
-1312.252450490098,85.82462319052063
-1311.4622924584917,86.2836132726981
-1310.6721344268853,86.7627051186707
-1309.881976395279,87.2615971237655
-1309.0918183636727,87.77988174555253
-1308.3016603320664,88.3170374606315
-1307.51150230046,88.87242066446933
-1306.7213442688537,89.44525768282215
-1305.9311862372474,90.03463708369222
-1305.141028205641,90.63950249742065
-1304.3508701740348,91.25864616863232
-1303.5607121424284,91.89070347652472
-1302.770554110822,92.53414866856681
-1301.9803960792158,93.18729205621104
-1301.1902380476095,93.84827891890498
-1300.4000800160031,94.5150903537924
-1299.6099219843968,95.18554629240737
-1298.8197639527905,95.85731088195425
-1298.0296059211842,96.52790039720355
-1297.239447889578,97.19469380964614
-1296.4492898579715,97.85494609365318
-1295.6591318263654,98.50580429559662
-1294.8689737947589,99.14432633216865
-1294.0788157631528,99.76750241970926
-1293.2886577315462,100.37227896885231
-1292.49849969994,100.95558470997642
-1291.7083416683336,101.51435874694616
-1290.9181836367275,102.04558017156278
-1290.128025605121,102.54629881138575
-1289.3378675735148,103.0136666313086
-1288.5477095419083,103.44496926671523
-1287.7575515103022,103.83765713506602
-1286.9673934786956,104.1893755550795
-1286.1772354470895,104.49799329945954
-1285.387077415483,104.76162901921381
-1284.5969193838769,104.97867500521382
-1283.8067613522705,105.14781779551492
-1283.0166033206642,105.26805519417556
-1282.226445289058,105.338709337512
-1281.4362872574516,105.35943552495468
-1280.6461292258452,105.33022662158811
-1279.855971194239,105.25141293534983
-1279.0658131626326,105.12365757078177
-1278.2756551310263,104.94794736009987
-1277.48549709942,104.72557956810377
-1276.6953390678136,104.4581446571433
-1275.9051810362073,104.14750547929643
-1275.115023004601,103.79577333275358
-1274.3248649729946,103.40528137623869
-1273.5347069413883,102.97855593774014
-1272.744548909782,102.51828628102623
-1271.9543908781757,102.02729340510496
-1271.1642328465693,101.50849844823324
-1270.374074814963,100.96489125008205
-1269.5839167833567,100.39949959448634
-1268.7937587517504,99.81535961249722
-1268.003600720144,99.21548777316798
-1267.2134426885377,98.60285482979751
-1266.4232846569314,97.98036202449867
-1265.633126625325,97.3508197862275
-1264.8429685937188,96.71692908901112
-1264.0528105621124,96.08126557008926
-1263.262652530506,95.44626644386433
-1262.4724944988998,94.81422018848997
-1261.6823364672935,94.1872589288697
-1260.8921784356871,93.56735339371114
-1260.1020204040808,92.956310285692
-1259.3118623724745,92.35577187303244
-1258.5217043408682,91.76721758784372
-1257.7315463092618,91.19196740127883
-1256.9413882776555,90.63118673729011
-1256.1512302460492,90.08589268506172
-1255.3610722144429,89.55696127417318
-1254.5709141828365,89.04513558542205
-1253.7807561512302,88.55103448310469
-1252.9905981196239,88.07516177054237
-1252.2004400880176,87.6179155888861
-1251.4102820564112,87.17959789894073
-1250.620124024805,86.76042390618505
-1249.8299659931986,86.36053130970086
-1249.0398079615923,85.9799892758066
-1248.249649929986,85.61880705639354
-1247.4594918983796,85.2769421899267
-1246.6693338667733,84.95430823955698
-1245.879175835167,84.650782037628
-1245.0890178035606,84.36621041895746
-1244.2988597719545,84.10041643661256
-1243.508701740348,83.85320506350081
-1242.718543708742,83.62436839104868
-1241.9283856771353,83.41369034262834
-1241.1382276455292,83.22095092436976
-1240.3480696139227,83.04593003967568
-1239.5579115823166,82.88841089632311
-1238.76775355071,82.7481830366034
-1237.977595519104,82.62504502170728
-1237.1874374874974,82.51880680160303
-1236.3972794558913,82.42929180115074
-1235.6071214242847,82.35633875222786
-1234.8169633926786,82.29980330034104
-1234.026805361072,82.25955941263456
-1233.236647329466,82.23550061247384
-1232.4464892978594,82.22754106392576
-1231.6563312662533,82.23561652754822
-1230.8661732346468,82.25968520696799
-1230.0760152030407,82.29972850379797
-1229.2858571714341,82.35575169655536
-1228.495699139828,82.42778455739612
-1227.7055411082215,82.51588191868782
-1226.9153830766154,82.62012419970532
-1226.1252250450088,82.74061790205153
-1225.3350670134027,82.87749608076675
-1224.5449089817962,83.03091879648713
-1223.75475095019,83.2010735524312
-1222.9645929185838,83.38817571841994
-1222.1744348869775,83.59246894255128
-1221.3842768553711,83.81422554953127
-1220.5941188237648,84.05374692300273
-1219.8039607921585,84.31136386746985
-1219.0138027605522,84.58743694358841
-1218.2236447289458,84.88235676864716
-1217.4334866973395,85.19654427197753
-1216.6433286657332,85.53045089279205
-1215.8531706341269,85.88455870552893
-1215.0630126025205,86.25938045516938
-1214.2728545709142,86.65545948216231
-1213.4826965393079,87.07336951355038
-1212.6925385077016,87.51371429361012
-1211.9023804760952,87.97712702382377
-1211.112222444489,88.46426957827542
-1210.3220644128826,88.97583145665185
-1209.5319063812763,89.5125284329447
-1208.74174834967,90.07510085375327
-1207.9515903180636,90.6643115358279
-1207.1614322864573,91.28094320827836
-1206.371274254851,91.92579544078481
-1205.5811162232446,92.59968099533813
-1204.7909581916383,93.30342153566221
-1204.000800160032,94.03784262571212
-1203.2106421284257,94.80376794674021
-1202.4204840968193,95.60201266160223
-1201.630326065213,96.43337585554767
-1200.8401680336067,97.29863198498754
-1200.0500100020004,98.19852126999932
-1199.259851970394,99.13373897296462
-1198.4696939387877,100.10492351507247
-1197.6795359071814,101.11264339483213
-1196.889377875575,102.15738288852025
-1196.099219843969,103.2395265319483
-1195.3090618123624,104.3593424062862
-1194.5189037807563,105.51696427805943
-1193.7287457491498,106.71237267491915
-1192.9385877175437,107.94537501419114
-1192.1484296859371,109.21558494040988
-1191.358271654331,110.52240107044312
-1190.5681136227245,111.86498538994243
-1189.7779555911184,113.2422415916742
-1188.9877975595118,114.65279369389111
-1188.1976395279057,116.0949653237835
-1187.4074814962992,117.56676009586343
-1186.617323464693,119.06584355594919
-1185.8271654330865,120.58952719653249
-1185.0370074014804,122.13475507652194
-1184.2468493698739,123.69809359581353
-1183.4566913382678,125.27572498060351
-1182.6665333066612,126.86344502715033
-1181.8763752750551,128.45666562789714
-1181.0862172434486,130.05042256334787
-1180.2960592118425,131.63938898468248
-1179.505901180236,133.21789493561315
-1178.7157431486298,134.779953167394
-1177.9255851170233,136.31929138931253
-1177.1354270854172,137.82939096980076
-1176.3452690538106,139.3035319630963
-1175.5551110222045,140.73484418604144
-1174.764952990598,142.116363913142
-1173.9747949589919,143.44109559958358
-1173.1846369273853,144.70207788659803
-1172.3944788957792,145.89245299634425
-1171.6043208641727,147.00553848981122
-1170.8141628325666,148.03490024616434
-1170.0240048009603,148.9744254305129
-1169.233846769354,149.81839415343384
-1168.4436887377476,150.56154849347953
-1167.6535307061413,151.19915755582682
-1166.863372674535,151.72707727776938
-1166.0732146429286,152.1418037651575
-1165.2830566113223,152.44051905213124
-1164.492898579716,152.62112831723962
-1163.7027405481097,152.68228775871856
-1162.9125825165033,152.62342252558497
-1162.122424484897,152.4447343136184
-1161.3322664532907,152.14719845980923
-1160.5421084216844,151.73255059852764
-1159.751950390078,151.2032631703772
-1158.9617923584717,150.5625122933813
-1158.1716343268654,149.81413570912736
-1157.381476295259,148.96258269770644
-1156.5913182636527,148.012857009563
-1155.8011602320464,146.97045398560087
-1155.01100220044,145.84129312617145
-1154.2208441688338,144.6316474232844
-1153.4306861372274,143.34807078822624
-1152.6405281056211,141.99732488970508
-1151.8503700740148,140.58630666780095
-1151.0602120424085,139.12197770956064
-1150.2700540108021,137.61129656705455
-1149.4798959791958,136.06115497277048
-1148.6897379475895,134.47831876545024
-1147.8995799159832,132.8693741871377
-1147.1094218843768,131.24068005457167
-1146.3192638527705,129.5983261501218
-1145.5291058211642,127.94809802386521
-1144.7389477895579,126.29544825320082
-1143.9487897579515,124.64547407301131
-1143.1586317263452,123.00290117052907
-1142.368473694739,121.37207333667195
-1141.5783156631328,119.7569475809141
-1140.7881576315262,118.1610942502315
-1139.9979995999201,116.58770164418333
-1139.2078415683136,115.03958458699077
-1138.4176835367075,113.51919640247795
-1137.627525505101,112.02864373722471
-1136.8373674734949,110.56970368963324
-1136.0472094418883,109.14384272562978
-1135.2570514102822,107.75223689358018
-1134.4668933786756,106.39579288943277
-1133.6767353470696,105.0751695663851
-1132.886577315463,103.79079952946685
-1132.096419283857,102.54291050292866
-1131.3062612522504,101.3315462055918
-1130.5161032206443,100.15658651536265
-1129.7259451890377,99.01776674778267
-1128.9357871574316,97.9146959142258
-1128.145629125825,96.84687386245761
-1127.355471094219,95.81370723557795
-1126.5653130626124,94.81452421454128
-1125.7751550310063,93.84858803464127
-1124.9849969993998,92.91510928747981
-1124.1948389677937,92.01325703738114
-1123.404680936187,91.14216879505497
-1122.614522904581,90.30095940202153
-1121.8243648729745,89.48872888708264
-1121.0342068413684,88.70456936143891
-1120.2440488097618,87.94757102213984
-1119.4538907781557,87.21682733486918
-1118.6637327465492,86.5114394668133
-1117.873574714943,85.83052003895031
-1117.0834166833365,85.17319626467662
-1116.2932586517304,84.5386125386101
-1115.503100620124,83.92593253576602
-1114.7129425885178,83.33434087737932
-1113.9227845569114,82.76304441548517
-1113.132626525305,82.2112731841772
-1112.3424684936988,81.67828106128326
-1111.5523104620925,81.16334618012118
-1110.7621524304861,80.66577112708853
-1109.9719943988798,80.18488295712365
-1109.1818363672735,79.72003305559835
-1108.3916783356672,79.27059687195899
-1107.6015203040608,78.83597354745424
-1106.8113622724545,78.41558545655016
-1106.0212042408482,78.0088776791585
-1105.2310462092419,77.61531741855659
-1104.4408881776355,77.23439337786287
-1103.6507301460292,76.8656151061351
-1102.860572114423,76.50851232355241
-1102.0704140828166,76.16263423372844
-1101.2802560512102,75.82754882994743
-1100.490098019604,75.50284220102456
-1099.6999399879976,75.18811784152567
-1098.9097819563913,74.88299597025001
-1098.119623924785,74.58711286015158
-1097.3294658931786,74.30012018225118
-1096.5393078615723,74.02168436554928
-1095.749149829966,73.75148597449032
-1094.9589917983596,73.48921910513158
-1094.1688337667533,73.23459080084001
-1093.378675735147,72.98732048805255
-1092.5885177035407,72.74713943240236
-1091.7983596719343,72.51379021531139
-1091.008201640328,72.28702623098958
-1090.2180436087217,72.06661120364483
-1089.4278855771154,71.85231872459505
-1088.6377275455093,71.64393180889321
-1087.8475695139027,71.44124247099965
-1087.0574114822966,71.24405131898811
-1086.26725345069,71.05216716672703
-1085.477095419084,70.86540666345445
-1084.6869373874774,70.68359394013932
-1083.8967793558713,70.50656027201705
-1083.1066213242648,70.33414375667641
-1082.3164632926587,70.16618900708114
-1081.5263052610521,70.00254685890982
-1080.736147229446,69.84307409161121
-1079.9459891978395,69.68763316257869
-1079.1558311662334,69.53609195386738
-1078.3656731346268,69.38832353088702
-1077.5755151030207,69.24420591252667
-1076.7853570714142,69.10362185217993
-1075.995199039808,68.96645862916311
-1075.2050410082015,68.83260785003269
-1074.4148829765954,68.70196525933267
-1073.6247249449889,68.57443055931697
-1072.8345669133828,68.4499072382151
-1072.0444088817762,68.32830240662436
-1071.2542508501701,68.20952664163383
-1070.4640928185636,68.0934938382998
-1069.6739347869575,67.98012106811345
-1068.883776755351,67.8693284441142
-1068.0936187237448,67.76103899232358
-1067.3034606921383,67.65517852918482
-1066.5133026605322,67.55167554471356
-1065.7231446289256,67.45046109107524
-1064.9329865973195,67.3514686763227
-1064.142828565713,67.25463416303688
-1063.352670534107,67.15989567163037
-1062.5625125025003,67.06719348808159
-1061.7723544708942,66.97646997588312
-1060.982196439288,66.88766949199481
-1060.1920384076816,66.80073830660646
-1059.4018803760753,66.71562452652199
-1058.611722344469,66.63227802198834
-1057.8215643128626,66.55065035680077
-1057.0314062812563,66.47069472152484
-1056.24124824965,66.39236586968343
-1055.4510902180436,66.31562005676552
-1054.6609321864373,66.24041498191977
-1053.870774154831,66.16670973220401
-1053.0806161232247,66.09446472926751
-1052.2904580916183,66.02364167834978
-1051.500300060012,65.95420351948508
-1050.7101420284057,65.88611438080807
-1049.9199839967994,65.81933953386047
-1049.129825965193,65.75384535080488
-1048.3396679335867,65.68959926345528
-1047.5495099019804,65.62656972403973
-1046.759351870374,65.56472616761367
-1045.9691938387678,65.50403897604768
-1045.1790358071614,65.44447944351602
-1044.388877775555,65.38601974341724
-1043.5987197439488,65.32863289666061
-1042.8085617123425,65.27229274125604
-1042.0184036807361,65.21697390314773
-1041.2282456491298,65.16265176823542
-1040.4380876175235,65.10930245552905
-1039.6479295859172,65.05690279138615
-1038.8577715543108,65.00543028478316
-1038.0676135227045,64.95486310357437
-1037.2774554910982,64.9051800516948
-1036.4872974594919,64.85636054726498
-1035.6971394278855,64.80838460155785
-1034.9069813962792,64.76123279878993
-1034.116823364673,64.71488627670084
-1033.3266653330666,64.66932670788636
-1032.5365073014605,64.62453628185303
-1031.746349269854,64.5804976877624
-1030.9561912382478,64.53719409783601
-1030.1660332066413,64.49460915139188
-1029.3758751750352,64.45272693948674
-1028.5857171434286,64.4115319901371
-1027.7955591118225,64.37100925409578
-1027.005401080216,64.33114409115947
-1026.2152430486099,64.29192225698618
-1025.4250850170033,64.25332989040018
-1024.6349269853972,64.21535350116525
-1023.8447689537908,64.17797995820595
-1023.0546109221845,64.14119647825915
-1022.2644528905781,64.1049906149378
-1021.4742948589718,64.06935024819026
-1020.6841368273655,64.03426357413906
-1019.8939787957592,63.99971909528375
-1019.1038207641528,63.96570561105327
-1018.3136627325465,63.932212208693606
-1017.5235047009402,63.8992282544776
-1016.7333466693339,63.86674338522388
-1015.9431886377275,63.83474750011284
-1015.1530306061212,63.803230752787826
-1014.3628725745149,63.77218354373048
-1013.5727145429086,63.741596512899356
-1012.7825565113022,63.71146053262174
-1011.9923984796959,63.68176670072873
-1011.2022404480896,63.65250633392425
-1010.4120824164833,63.62367096137904
-1009.6219243848769,63.59525231854092
-1008.8317663532706,63.567242341153225
-1008.0416083216644,63.5396331594734
-1007.2514502900581,63.512417092684245
-1006.4612922584517,63.48558664349062
-1005.6711342268454,63.45913449289452
-1004.8809761952391,63.43305349514205
-1004.0908181636328,63.40733667283579
-1003.3006601320265,63.38197721220647
-1002.5105021004201,63.35696845853813
-1001.7203440688138,63.33230391174106
-1000.9301860372075,63.307977222067215
-1000.1400280056012,63.28398218596289
-999.3498699739948,63.260312742053586
-998.5597119423885,63.23696296725653
-997.7695539107822,63.213927073016016
-996.9793958791759,63.19119940165735
-996.1892378475695,63.1687744228551
-995.3990798159632,63.14664673021159
-994.6089217843569,63.124811037941825
-993.8187637527506,63.103262177660966
-993.0286057211442,63.08199509527091
-992.2384476895379,63.06100484794244
-991.4482896579316,63.040286601189585
-990.6581316263253,63.019835626033114
-989.8679735947189,62.99964729624999
-989.0778155631126,62.97971708570588
-988.2876575315063,62.96004056576788
-987.4974994999,62.94061340279471
-986.7073414682936,62.921431355701735
-985.9171834366873,62.902490273598346
-985.127025405081,62.88378609349523
-984.3368673734747,62.865314838079115
-983.5467093418683,62.84707261355289
-982.756551310262,62.829055607538805
-981.9663932786557,62.8112600870427
-981.1762352470495,62.793682396477216
-980.3860772154432,62.7763189557422
-979.5959191838368,62.759166258360125
-978.8057611522305,62.74222086966513
-978.0156031206242,62.725479425043574
-977.2254450890179,62.70893862822463
-976.4352870574115,62.69259524961933
-975.6451290258052,62.67644612470637
-974.8549709941989,62.66048815246326
-974.0648129625926,62.64471829384145
-973.2746549309862,62.62913357028381
-972.4844968993799,62.613731062283414
-971.6943388677736,62.59850790798206
-970.9041808361673,62.583461301807496
-970.1140228045609,62.56858849314796
-969.3238647729546,62.55388678506304
-968.5337067413483,62.53935353302955
-967.743548709742,62.52498614372152
-966.9533906781356,62.510782073823115
-966.1632326465293,62.49673882887351
-965.373074614923,62.482853962142805
-964.5829165833167,62.4691250735379
-963.7927585517103,62.4555498085376
-963.002600520104,62.442125857155865
-962.2124424884977,62.42885095293256
-961.4222844568914,62.41572287195069
-960.632126425285,62.402739431879525
-959.8419683936787,62.38989849104259
-959.0518103620724,62.37719794751005
-958.2616523304661,62.36463573821461
-957.4714942988597,62.35220983809025
-956.6813362672534,62.339918259233166
-955.8911782356471,62.32775905008423
-955.1010202040408,62.31573029463238
-954.3108621724346,62.3038301116383
-953.5207041408282,62.29205665387778
-952.7305461092219,62.280408107404305
-951.9403880776156,62.26888269083012
-951.1502300460093,62.25747865462544
-950.3600720144029,62.24619428043517
-949.5699139827966,62.23502788041269
-948.7797559511903,62.223977796570146
-947.989597919584,62.21304240014491
-947.1994398879776,62.20222009098161
-946.4092818563713,62.19150929692942
-945.619123824765,62.18090847325404
-944.8289657931587,62.17041610206417
-944.0388077615523,62.16003069175178
-943.248649729946,62.14975077644609
-942.4584916983397,62.13957491548073
-941.6683336667334,62.12950169287365
-940.878175635127,62.11952971681964
-940.0880176035207,62.10965761919489
-939.2978595719144,62.099884055073424
-938.5077015403081,62.09020770225504
-937.7175435087017,62.08062726080438
-936.9273854770954,62.07114145260086
-936.1372274454891,62.06174902089936
-935.3470694138828,62.05244872990097
-934.5569113822764,62.04323936433396
-933.7667533506701,62.034119729044406
-932.9765953190638,62.025088648596395
-932.1864372874575,62.01614496688141
-931.3962792558511,62.007287546736805
-930.6061212242448,61.998515269572934
-929.8159631926385,61.989827035008986
-929.0258051610322,61.98122176051697
-928.2356471294258,61.97269838107393
-927.4454890978195,61.964255848822006
-926.6553310662133,61.955893132736136
-925.865173034607,61.94760921829937
-925.0750150030007,61.93940310718535
-924.2848569713943,61.93127381694798
-923.494698939788,61.923220380718035
-922.7045409081817,61.915241846906454
-921.9143828765754,61.90733727891429
-921.124224844969,61.899505754849024
-920.3340668133627,61.89174636724717
-919.5439087817564,61.88405822280296
-918.7537507501501,61.87644044210297
-917.9635927185437,61.86889215936653
-917.1734346869374,61.861412522191856
-916.3832766553311,61.85400069130758
-915.5931186237248,61.84665584032977
-914.8029605921184,61.8393771555241
-914.0128025605121,61.83216383557318
-913.2226445289058,61.82501509134891
-912.4324864972995,61.81793014568959
-911.6423284656931,61.810908233181884
-910.8521704340868,61.803948599947404
-910.0620124024805,61.79705050343374
-909.2718543708742,61.79021321220997
-908.4816963392678,61.783436005766475
-907.6915383076615,61.77671817431891
-906.9013802760552,61.77005901861631
-906.1112222444489,61.76345784975321
-905.3210642128425,61.75691398898563
-904.5309061812362,61.75042676755092
-903.7407481496299,61.74399552649129
-902.9505901180236,61.73761961648102
-902.1604320864172,61.731298397657206
-901.3702740548109,61.72503123945394
-900.5801160232046,61.71881752043992
-899.7899579915984,61.712656628159365
-898.9997999599921,61.706547958976145
-898.2096419283857,61.70049091792106
-897.4194838967794,61.69448491854225
-896.6293258651731,61.68852938275856
-895.8391678335668,61.68262374071587
-895.0490098019604,61.67676743064632
-894.2588517703541,61.67095989873034
-893.4686937387478,61.665200598961384
-892.6785357071415,61.65948899301341
-891.8883776755351,61.65382455011095
-891.0982196439288,61.64820674690173
-890.3080616123225,61.64263506733183
-889.5179035807162,61.63710900252331
-888.7277455491098,61.63162805065412
-887.9375875175035,61.626191716840516
-887.1474294858972,61.62079951302163
-886.3572714542909,61.615450957846356
-885.5671134226845,61.61014557656238
-884.7769553910782,61.6048829009074
-883.9867973594719,61.59966246900237
-883.1966393278656,61.59448382524686
-882.4064812962592,61.589346520216395
-881.6163232646529,61.584250110561726
-880.8261652330466,61.57919415891005
-880.0360072014403,61.5741782337681
-879.245849169834,61.56920190942707
-878.4556911382276,61.56426476586932
-877.6655331066213,61.55936638867683
-876.875375075015,61.55450636894141
-876.0852170434086,61.549684303176576
-875.2950590118023,61.54489979323104
-874.504900980196,61.54015244620385
-873.7147429485897,61.535441874361084
-872.9245849169835,61.53076769505411
-872.1344268853771,61.52612953063932
-871.3442688537708,61.52152700839936
-870.5541108221645,61.51695976046584
-869.7639527905582,61.512427423743404
-868.9737947589518,61.507929639835204
-868.1836367273455,61.50346605496978
-867.3934786957392,61.499036319929175
-866.6033206641329,61.49464008997848
-865.8131626325265,61.49027702479653
-865.0230046009202,61.485946788407894
-864.2328465693139,61.48164904911615
-863.4426885377076,61.47738347943825
-862.6525305061012,61.47314975604015
-861.8623724744949,61.468947559673545
-861.0722144428886,61.46477657511371
-860.2820564112823,61.460636491098505
-859.491898379676,61.45652700026842
-858.7017403480696,61.452447799107695
-857.9115823164633,61.44839858788642
-857.121424284857,61.44437907060378
-856.3312662532506,61.44038895493216
-855.5411082216443,61.43642795216231
-854.750950190038,61.43249577714942
-853.9607921584317,61.42859214826018
-853.1706341268253,61.42471678732072
-852.380476095219,61.42086941956545
-851.5903180636127,61.41704977358683
-850.8001600320064,61.413257581285954
-850.0100020004,61.40949257782399
-849.2198439687937,61.405754501574485
-848.4296859371874,61.40204309407646
-847.6395279055811,61.39835809998829
-846.8493698739748,61.394699267042434
-846.0592118423685,61.39106634600083
-845.2690538107622,61.38745909061112
-844.4788957791559,61.38387725756364
-843.6887377475496,61.380320606449025
-842.8985797159432,61.376788899716644
-842.1084216843369,61.37328190263364
-841.3182636527306,61.36979938324474
-840.5281056211243,61.366341112332634
-839.737947589518,61.36290686337911
-838.9477895579116,61.35949641252679
-838.1576315263053,61.356109538541496
-837.367473494699,61.352746022775236
-836.5773154630926,61.34940564912983
-835.7871574314863,61.34608820402109
-834.99699939988,61.34279347634364
-834.2068413682737,61.33952125743624
-833.4166833366673,61.33627134104777
-832.626525305061,61.33304352330367
-831.8363672734547,61.32983760267301
-831.0462092418484,61.32665337993602
-830.256051210242,61.3234906581522
-829.4658931786357,61.32034924262893
-828.6757351470294,61.31722894089057
-827.8855771154231,61.31412956264806
-827.0954190838168,61.311050919769045
-826.3052610522104,61.307992826248395
-825.5151030206041,61.304955098179285
-824.7249449889978,61.3019375537247
-823.9347869573915,61.298940013089336
-823.1446289257851,61.29596229849207
-822.3544708941788,61.29300423413875
-821.5643128625725,61.290065646195444
-820.7741548309662,61.287146362762165
-819.9839967993598,61.28424621384694
-819.1938387677536,61.281365031340314
-818.4036807361473,61.278502648990234
-817.613522704541,61.27565890237737
-816.8233646729346,61.27283362889078
-816.0332066413283,61.270026667703945
-815.243048609722,61.26723785975119
-814.4528905781157,61.26446704770451
-813.6627325465093,61.26171407595066
-812.872574514903,61.25897879056868
-812.0824164832967,61.25626103930776
-811.2922584516904,61.253560671565346
-810.502100420084,61.250877538365735
-809.7119423884777,61.24821149233886
-808.9217843568714,61.24556238769947
-808.1316263252651,61.24293008022663
-807.3414682936587,61.24031442724345
-806.5513102620524,61.23771528759724
-805.7611522304461,61.23513252163989
-804.9709941988398,61.23256599120854
-804.1808361672335,61.23001555960655
-803.3906781356271,61.22748109158481
-802.6005201040208,61.22496245332322
-801.8103620724145,61.222459512412584
-801.0202040408082,61.21997213783662
-800.2300460092018,61.217500199954365
-799.4398879775955,61.21504357048278
-798.6497299459892,61.2126021224796
-797.8595719143829,61.210175730326505
-797.0694138827765,61.207764269712435
-796.2792558511702,61.20536761761726
-795.4890978195639,61.20298565229562
-794.6989397879576,61.200618253260984
-793.9087817563512,61.19826530127003
-793.1186237247449,61.19592667830716
-792.3284656931387,61.19360226756931
-791.5383076615324,61.19129195345091
-790.748149629926,61.188995621529116
-789.9579915983197,61.18671315854927
-789.1678335667134,61.18444445241048
-788.3776755351071,61.182189392151514
-787.5875175035007,61.179947867936825
-786.7973594718944,61.1777197710428
-786.0072014402881,61.175504993844214
-785.2170434086818,61.17330342980086
-784.4268853770755,61.17111497344438
-783.6367273454691,61.16893952036527
-782.8465693138628,61.16677696720009
-782.0564112822565,61.16462721161885
-781.2662532506502,61.162490152312536
-780.4760952190438,61.16036568898088
-779.6859371874375,61.15825372232025
-778.8957791558312,61.156154154011695
-778.1056211242249,61.15406688670925
-777.3154630926185,61.151991824028286
-776.5253050610122,61.14992887053409
-775.7351470294059,61.14787793173062
-774.9449889977996,61.14583891404935
-774.1548309661932,61.14381172483831
-773.3646729345869,61.14179627235131
-772.5745149029806,61.13979246573723
-771.7843568713743,61.137800215029536
-770.9941988397679,61.1358194311359
-770.2040408081616,61.13385002582797
-769.4138827765553,61.13189191173126
-768.623724744949,61.12994500231524
-767.8335667133426,61.12800921188349
-767.0434086817363,61.126084455564005
-766.25325065013,61.1241706492997
-765.4630926185238,61.12226770983893
-764.6729345869174,61.1203755547262
-763.8827765553111,61.11849410229305
-763.0926185237048,61.11662327164893
-762.3024604920985,61.11476298267236
-761.5123024604922,61.11291315600206
-760.7221444288858,61.111073713028276
-759.9319863972795,61.10924457588425
-759.1418283656732,61.1074256674377
-758.3516703340669,61.10561691128256
-757.5615123024605,61.10381823173064
-756.7713542708542,61.10202955380361
-755.9811962392479,61.1002508032249
-755.1910382076416,61.098481906411855
-754.4008801760352,61.096722790467865
-753.6107221444289,61.09497338317472
-752.8205641128226,61.09323361298497
-752.0304060812163,61.09150340901444
-751.2402480496099,61.08978270103483
-750.4500900180036,61.08807141946639
-749.6599319863973,61.0863694953707
-748.869773954791,61.084676860443594
-748.0796159231846,61.0829934470081
-747.2894578915783,61.0813191880075
-746.499299859972,61.079654016998504
-745.7091418283657,61.07799786814448
-744.9189837967593,61.0763506762088
-744.128825765153,61.074712376548234
-743.3386677335467,61.07308290510646
-742.5485097019404,61.07146219840765
-741.758351670334,61.06985019355014
-740.9681936387277,61.06824682820015
-740.1780356071214,61.06665204058565
-739.3878775755151,61.06506576949024
-738.5977195439089,61.063487954247115
-737.8075615123025,61.06191853473317
-737.0174034806962,61.06035745136308
-736.2272454490899,61.05880464508357
-735.4370874174836,61.057260057367614
-734.6469293858772,61.05572363020887
-733.8567713542709,61.054195306116036
-733.0666133226646,61.052675028107394
-732.2764552910583,61.05116273970533
-731.4862972594519,61.049658384931
-730.6961392278456,61.048161908298994
-729.9059811962393,61.04667325481211
-729.115823164633,61.04519236995622
-728.3256651330266,61.043719199695076
-727.5355071014203,61.04225369046535
-726.745349069814,61.04079578917161
-725.9551910382077,61.039345443181396
-725.1650330066013,61.03790260032037
-724.374874974995,61.03646720886751
-723.5847169433887,61.03503921755039
-722.7945589117824,61.033618575540444
-722.004400880176,61.03220523244838
-721.2142428485697,61.03079913831962
-720.4240848169634,61.029400243629745
-719.6339267853571,61.02800849928005
-718.8437687537507,61.02662385659314
-718.0536107221444,61.0252462673086
-717.2634526905381,61.02387568357866
-716.4732946589318,61.022512057963944
-715.6831366273254,61.021155343429314
-714.8929785957191,61.01980549333969
-714.1028205641128,61.01846246145594
-713.3126625325065,61.017126201930886
-712.5225045009001,61.01579666930524
-711.7323464692938,61.01447381850371
-710.9421884376875,61.013157604831044
-710.1520304060812,61.01184798396821
-709.3618723744748,61.010544911968566
-708.5717143428685,61.0092483452541
-707.7815563112622,61.0079582406117
-706.9913982796559,61.00667455518947
-706.2012402480495,61.00539724649312
-705.4110822164432,61.00412627238233
-704.6209241848369,61.002861591067266
-703.8307661532306,61.001603161104995
-703.0406081216242,61.00035094139607
-702.2504500900179,60.999104891181084
-701.4602920584116,60.997864970037284
-700.6701340268053,60.996631137875234
-699.879975995199,60.99540335493548
-699.0898179635926,60.99418158178531
-698.2996599319863,60.99296577931551
-697.5095019003802,60.991755908737154
-696.7193438687739,60.99055193157847
-695.9291858371676,60.98935380968171
-695.1390278055612,60.988161505200054
-694.3488697739549,60.986974980594574
-693.5587117423486,60.98579419863121
-692.7685537107423,60.98461912237779
-691.9783956791359,60.98344971520108
-691.1882376475296,60.9822859407639
-690.3980796159233,60.981127763022194
-689.607921584317,60.979975146222216
-688.8177635527106,60.97882805489772
-688.0276055211043,60.97768645386716
-687.237447489498,60.976550308230934
-686.4472894578917,60.97541958336869
-685.6571314262853,60.974294244936615
-684.866973394679,60.97317425886479
-684.0768153630727,60.97205959135453
-683.2866573314664,60.970950208875834
-682.49649929986,60.96984607816477
-681.7063412682537,60.968747166220965
-680.9161832366474,60.967653440305064
-680.1260252050411,60.96656486793626
-679.3358671734347,60.96548141688985
-678.5457091418284,60.96440305519477
-677.7555511102221,60.96332975113122
-676.9653930786158,60.962261473228274
-676.1752350470094,60.961198190261534
-675.3850770154031,60.96013987125081
-674.5949189837968,60.95908648545782
-673.8047609521905,60.95803800238388
-673.0146029205841,60.95699439176774
-672.2244448889778,60.95595562358328
-671.4342868573715,60.95492166803733
-670.6441288257652,60.953892495567516
-669.8539707941588,60.9528680768401
-669.0638127625525,60.95184838274783
-668.2736547309462,60.950833384407886
-667.4834966993399,60.949823053159726
-666.6933386677335,60.94881736056308
-665.9031806361272,60.94781627839592
-665.1130226045209,60.94681977865238
-664.3228645729146,60.94582783354084
-663.5327065413082,60.944840415481906
-662.7425485097019,60.943857497106464
-661.9523904780956,60.94287905125378
-661.1622324464893,60.94190505096956
-660.372074414883,60.94093546950406
-659.5819163832766,60.93997028031024
-658.7917583516703,60.93900945704192
-658.001600320064,60.9380529735519
-657.2114422884576,60.93710080389021
-656.4212842568513,60.936152922302306
-655.631126225245,60.93520930322727
-654.8409681936387,60.934269921296085
-654.0508101620323,60.9333347513299
-653.260652130426,60.93240376833831
-652.4704940988197,60.931476947517645
-651.6803360672134,60.93055426424931
-650.890178035607,60.929635694098124
-650.1000200040007,60.92872121281066
-649.3098619723944,60.92781079631363
-648.5197039407881,60.926904420712276
-647.7295459091818,60.92600206228877
-646.9393878775754,60.92510369750063
-646.1492298459691,60.9242093029792
-645.3590718143628,60.92331885552804
-644.5689137827565,60.92243233212146
-643.7787557511504,60.92154970990297
-642.988597719544,60.9206709661838
-642.1984396879377,60.91979607844143
-641.4082816563314,60.91892502431809
-640.6181236247251,60.918057781619346
-639.8279655931187,60.91719432831263
-639.0378075615124,60.91633464252586
-638.2476495299061,60.915478702546004
-637.4574914982998,60.914626486817696
-636.6673334666934,60.91377797394185
-635.8771754350871,60.91293314267432
-635.0870174034808,60.91209197192453
-634.2968593718745,60.91125444075415
-633.5067013402681,60.91042052837575
-632.7165433086618,60.90959021415154
-631.9263852770555,60.908763477592025
-631.1362272454492,60.907940298354745
-630.3460692138428,60.907120656243
-629.5559111822365,60.90630453120461
-628.7657531506302,60.90549190333064
-627.9755951190239,60.90468275285421
-627.1854370874175,60.90387706014922
-626.3952790558112,60.903074805729204
-625.6051210242049,60.9022759702461
-624.8149629925986,60.90148053448907
-624.0248049609922,60.900688479383334
-623.2346469293859,60.899899785989014
-622.4444888977796,60.89911443549999
-621.6543308661733,60.89833240924275
-620.864172834567,60.89755368867526
-620.0740148029606,60.8967782553859
-619.2838567713543,60.896006091092275
-618.493698739748,60.89523717764021
-617.7035407081416,60.89447149700263
-616.9133826765353,60.89370903127846
-616.123224644929,60.89294976269163
-615.3330666133227,60.89219367358998
-614.5429085817163,60.891440746444225
-613.75275055011,60.89069096384695
-612.9625925185037,60.889944308511566
-612.1724344868974,60.889200763271305
-611.382276455291,60.88846031107825
-610.5921184236847,60.88772293500229
-609.8019603920784,60.8869886182302
-609.0118023604721,60.88625734406463
-608.2216443288658,60.885529095923175
-607.4314862972594,60.88480385733739
-606.6413282656531,60.88408161195187
-605.8511702340468,60.88336234352331
-605.0610122024405,60.88264603591959
-604.2708541708341,60.88193267311886
-603.4806961392278,60.881222239208604
-602.6905381076215,60.88051471838479
-601.9003800760152,60.87981009495093
-601.1102220444088,60.879108353317264
-600.3200640128025,60.87840947799981
-599.5299059811962,60.87771345361957
-598.7397479495899,60.87702026490164
-597.9495899179835,60.87632989667434
-597.1594318863772,60.87564233386845
-596.3692738547709,60.8749575615163
-595.5791158231646,60.874275564750974
-594.7889577915582,60.87359632880553
-593.9987997599519,60.87291983901214
-593.2086417283456,60.87224608080131
-592.4184836967393,60.87157503970109
-591.6283256651329,60.870906701336295
-590.8381676335266,60.87024105142772
-590.0480096019205,60.86957807579136
-589.2578515703142,60.86891776033766
-588.4676935387079,60.86826009107076
-587.6775355071015,60.86760505408774
-586.8873774754952,60.86695263557788
-586.0972194438889,60.866302821821925
-585.3070614122826,60.86565559919135
-584.5169033806762,60.86501095414765
-583.7267453490699,60.864368873241624
-582.9365873174636,60.86372934311266
-582.1464292858573,60.86309235048804
-581.3562712542509,60.862457882182234
-580.5661132226446,60.861825925096234
-579.7759551910383,60.861196466216846
-578.985797159432,60.86056949261603
-578.1956391278256,60.85994499145023
-577.4054810962193,60.85932294995969
-576.615323064613,60.85870335546784
-575.8251650330067,60.8580861953806
-575.0350070014003,60.85747145718575
-574.244848969794,60.856859128452314
-573.4546909381877,60.856249196829886
-572.6645329065814,60.85564165004803
-571.874374874975,60.85503647591564
-571.0842168433687,60.85443366232034
-570.2940588117624,60.853833197227885
-569.5039007801561,60.85323506868151
-568.7137427485497,60.852639264801354
-567.9235847169434,60.85204577378391
-567.1334266853371,60.851454583901344
-566.3432686537308,60.85086568350099
-565.5531106221244,60.850279061004755
-564.7629525905181,60.84969470490851
-563.9727945589118,60.84911260378155
-563.1826365273055,60.848532746266045
-562.3924784956992,60.84795512107645
-561.6023204640928,60.84737971699898
-560.8121624324865,60.84680652289102
-560.0220044008802,60.846235527680655
-559.2318463692739,60.84566672036605
-558.4416883376675,60.84510009001497
-557.6515303060612,60.84453562576424
-556.8613722744549,60.8439733168192
-556.0712142428486,60.84341315245324
-555.2810562112422,60.842855122007194
-554.4908981796359,60.842299214888925
-553.7007401480296,60.84174542057276
-552.9105821164233,60.841193728599016
-552.1204240848169,60.84064412857349
-551.3302660532106,60.84009661016696
-550.5401080216043,60.839551163114734
-549.749949989998,60.83900777721611
-548.9597919583916,60.83846644233395
-548.1696339267853,60.83792714839417
-547.379475895179,60.837389885385285
-546.5893178635727,60.836854643357924
-545.7991598319663,60.8363214124244
-545.00900180036,60.83579018275821
-544.2188437687537,60.83526094459363
-543.4286857371474,60.8347336882252
-542.638527705541,60.83420840400734
-541.8483696739347,60.833685082353874
-541.0582116423284,60.83316371373758
-540.2680536107221,60.832644288689785
-539.4778955791157,60.832126797799916
-538.6877375475094,60.83161123171508
-537.8975795159031,60.831097581139616
-537.1074214842968,60.83058583683471
-536.3172634526904,60.83007598961795
-535.5271054210843,60.82956803036294
-534.736947389478,60.82906194999886
-533.9467893578717,60.82855773951005
-533.1566313262654,60.828055389935685
-532.366473294659,60.827554892369264
-531.5763152630527,60.8270562379583
-530.7861572314464,60.82655941790391
-529.9959991998401,60.826064423460366
-529.2058411682337,60.8255712459348
-528.4156831366274,60.825079876686765
-527.6255251050211,60.824590307127856
-526.8353670734148,60.824102528721355
-526.0452090418084,60.82361653298185
-525.2550510102021,60.823132311474865
-524.4648929785958,60.82264985581647
-523.6747349469895,60.822169157672974
-522.8845769153831,60.8216902087605
-522.0944188837768,60.821213000844665
-521.3042608521705,60.82073752574022
-520.5141028205642,60.82026377531069
-519.7239447889579,60.81979174146804
-518.9337867573515,60.81932141617229
-518.1436287257452,60.818852791431254
-517.3534706941389,60.81838585930009
-516.5633126625326,60.817920611881064
-515.7731546309262,60.817457041323145
-514.9829965993199,60.81699513982171
-514.1928385677136,60.8165348996182
-513.4026805361073,60.816076312999805
-512.6125225045009,60.81561937229913
-511.8223644728946,60.815164069893896
-511.0322064412883,60.814710398206564
-510.24204840968196,60.814258349704104
-509.45189037807563,60.81380791689761
-508.6617323464693,60.81335909234203
-507.871574314863,60.812911868635844
-507.08141628325666,60.81246623842076
-506.29125825165033,60.812022194381406
-505.501100220044,60.81157972924504
-504.7109421884377,60.81113883578126
-503.92078415683136,60.810699506801676
-503.13062612522504,60.810261735159656
-502.3404680936187,60.80982551375
-501.5503100620124,60.80939083550869
-500.76015203040606,60.80895769341255
-499.96999399879974,60.808526080479034
-499.1798359671934,60.80809598976588
-498.3896779355871,60.80766741437087
-497.59951990398076,60.80724034743153
-496.80936187237444,60.80681478212488
-496.0192038407681,60.80639071166714
-495.2290458091618,60.80596812931346
-494.43888777755546,60.80554702835769
-493.64872974594914,60.80512740213204
-492.8585717143428,60.80470924400689
-492.0684136827365,60.804292547390496
-491.27825565113017,60.80387730572874
-490.48809761952384,60.80346351250485
-489.6979395879175,60.80305116123917
-488.9077815563112,60.802640245488895
-488.11762352470487,60.80223075884784
-487.32746549309854,60.80182269494616
-486.5373074614922,60.80141604745011
-485.7471494298859,60.80101081006182
-484.95699139827957,60.800606976519035
-484.16683336667325,60.80020454059487
-483.3766753350669,60.799803496097596
-482.5865173034606,60.799403836870376
-481.7963592718545,60.799005556791016
-481.0062012402482,60.79860864977179
-480.21604320864185,60.79821310975915
-479.4258851770355,60.79781893073352
-478.6357271454292,60.79742610670907
-477.8455691138229,60.797034631733474
-477.05541108221655,60.796644499887705
-476.2652530506102,60.7962557052858
-475.4750950190039,60.79586824207465
-474.6849369873976,60.79548210443375
-473.89477895579125,60.79509728657503
-473.1046209241849,60.7947137827426
-472.3144628925786,60.79433158721254
-471.5243048609723,60.79395069429271
-470.73414682936595,60.79357109832252
-469.94398879775963,60.79319279367273
-469.1538307661533,60.79281577474523
-468.363672734547,60.792440035972824
-467.57351470294066,60.79206557181909
-466.78335667133433,60.79169237677808
-465.993198639728,60.791320445374204
-465.2030406081217,60.79094977216198
-464.41288257651536,60.79058035172584
-463.62272454490903,60.79021217867997
-462.8325665133027,60.78984524766807
-462.0424084816964,60.78947955336318
-461.25225045009006,60.78911509046748
-460.46209241848373,60.788751853712135
-459.6719343868774,60.788389837857046
-458.8817763552711,60.7880290376907
-458.09161832366476,60.78766944802998
-457.30146029205844,60.787311063719976
-456.5113022604521,60.7869538796338
-455.7211442288458,60.78659789067241
-454.93098619723946,60.786243091764426
-454.14082816563314,60.78588947786593
-453.3506701340268,60.78553704396033
-452.5605121024205,60.785185785058154
-451.77035407081416,60.78483569619688
-450.98019603920784,60.78448677244075
-450.1900380076015,60.784139008880636
-449.3998799759952,60.78379240063382
-448.60972194438887,60.78344694284387
-447.81956391278254,60.78310263068042
-447.0294058811762,60.78275945933905
-446.2392478495699,60.78241742404109
-445.44908981796357,60.78207652003348
-444.65893178635724,60.78173674258858
-443.8687737547509,60.781398087004014
-443.0786157231446,60.78106054860253
-442.28845769153827,60.780724122731804
-441.49829965993194,60.780388804764314
-440.7081416283256,60.78005459009716
-439.9179835967193,60.77972147415192
-439.12782556511297,60.77938945237449
-438.33766753350665,60.77905852023493
-437.5475095019003,60.77872867322733
-436.757351470294,60.77839990686959
-435.9671934386877,60.778072216703364
-435.17703540708135,60.77774559829385
-434.386877375475,60.777420047229654
-433.5967193438687,60.77709555912264
-432.8065613122624,60.77677212960781
-432.01640328065605,60.7764497543431
-431.2262452490497,60.7761284290093
-430.4360872174434,60.775808149309874
-429.6459291858371,60.775488910970836
-428.85577115423075,60.77517070974058
-428.06561312262465,60.77485354138978
-427.27545509101833,60.77453740171122
-426.485297059412,60.77422228651967
-425.6951390278057,60.773908191651735
-424.90498099619936,60.773595112965744
-424.11482296459303,60.773283046341604
-423.3246649329867,60.772971987680634
-422.5345069013804,60.7726619329055
-421.74434886977406,60.77235287796001
-420.95419083816773,60.77204481880903
-420.1640328065614,60.77173775143834
-419.3738747749551,60.7714316718545
-418.58371674334876,60.77112657608474
-417.79355871174243,60.770822460176795
-417.0034006801361,60.770519320198815
-416.2132426485298,60.77021715223924
-415.42308461692346,60.769915952406635
-414.63292658531714,60.76961571682962
-413.8427685537108,60.7693164416567
-413.0526105221045,60.76901812305618
-412.26245249049816,60.76872075721601
-411.47229445889184,60.76842434034369
-410.6821364272855,60.76812886866616
-409.8919783956792,60.76783433842964
-409.10182036407286,60.76754074589954
-408.31166233246654,60.76724808736035
-407.5215043008602,60.76695635911551
-406.7313462692539,60.76666555748731
-405.94118823764757,60.766375678816736
-405.15103020604124,60.76608671946341
-404.3608721744349,60.765798675805435
-403.5707141428286,60.765511544239324
-402.78055611122227,60.76522532117984
-401.99039807961594,60.76494000305993
-401.2002400480096,60.764655586330576
-400.4100820164033,60.764372067460734
-399.61992398479697,60.76408944293717
-398.82976595319064,60.76380770926439
-398.0396079215843,60.76352686296455
-397.249449889978,60.763246900577286
-396.45929185837167,60.76296781865967
-395.66913382676535,60.76268961378608
-394.878975795159,60.7624122825481
-394.0888177635527,60.76213582155442
-393.2986597319464,60.76186022743073
-392.50850170034005,60.76158549681962
-391.7183436687337,60.761311626380476
-390.9281856371274,60.761038612789385
-390.1380276055211,60.760766452739034
-389.34786957391475,60.760495142938616
-388.5577115423084,60.76022468011373
-387.7675535107021,60.75995506100627
-386.9773954790958,60.75968628237435
-386.18723744748945,60.759418340992205
-385.3970794158831,60.75915123365006
-384.6069213842768,60.758884957154095
-383.8167633526705,60.758619508326305
-383.02660532106415,60.75835488400443
-382.23644728945783,60.75809108104186
-381.4462892578515,60.75782809630753
-380.6561312262452,60.75756592668582
-379.86597319463885,60.75730456907651
-379.07581516303253,60.75704402039465
-378.2856571314262,60.75678427757049
-377.4954990998199,60.75652533754936
-376.70534106821356,60.75626719729163
-375.91518303660723,60.75600985377257
-375.1250250050009,60.755753303982324
-374.3348669733948,60.75549754492577
-373.5447089417885,60.75524257362244
-372.75455091018216,60.75498838710648
-371.96439287857584,60.75473498242652
-371.1742348469695,60.754482356645596
-370.3840768153632,60.75423050684108
-369.59391878375686,60.75397943010461
-368.80376075215054,60.753729123541945
-368.0136027205442,60.75347958427298
-367.2234446889379,60.75323080943157
-366.43328665733156,60.752982796165526
-365.64312862572524,60.75273554163647
-364.8529705941189,60.75248904301981
-364.0628125625126,60.75224329750461
-363.27265453090627,60.75199830229358
-362.48249649929994,60.751754054602905
-361.6923384676936,60.751510551662264
-360.9021804360873,60.75126779071468
-360.11202240448097,60.75102576901648
-359.32186437287464,60.750784483837215
-358.5317063412683,60.75054393245958
-357.741548309662,60.75030411217933
-356.95139027805567,60.750065020305215
-356.16123224644934,60.74982665415892
-355.371074214843,60.74958901107497
-354.5809161832367,60.74935208840066
-353.79075815163037,60.74911588349599
-353.00060012002405,60.7488803937336
-352.2104420884177,60.74864561649867
-351.4202840568114,60.74841154918888
-350.6301260252051,60.74817818921433
-349.83996799359875,60.747945533997466
-349.0498099619924,60.747713580973
-348.2596519303861,60.74748232758787
-347.4694938987798,60.74725177130113
-346.67933586717345,60.74702190958394
-345.8891778355671,60.74679273991944
-345.0990198039608,60.74656425980271
-344.3088617723545,60.74633646674069
-343.51870374074815,60.74610935825216
-342.7285457091418,60.7458829318676
-341.9383876775355,60.74565718512916
-341.1482296459292,60.74543211559064
-340.35807161432285,60.74520772081733
-339.5679135827165,60.74498399838604
-338.7777555511102,60.744760945884956
-337.9875975195039,60.744538560913654
-337.19743948789755,60.74431684108296
-336.40728145629123,60.74409578401495
-335.6171234246849,60.74387538734286
-334.8269653930786,60.74365564871101
-334.03680736147226,60.74343656577479
-333.24664932986593,60.74321813620053
-332.4564912982596,60.74300035766552
-331.6663332666533,60.74278322785787
-330.87617523504696,60.742566744476505
-330.08601720344063,60.7423509052311
-329.2958591718343,60.74213570784198
-328.505701140228,60.74192115004013
-327.71554310862166,60.74170722956706
-326.92538507701533,60.74149394417481
-326.135227045409,60.74128129162586
-325.3450690138027,60.74106926969307
-324.55491098219636,60.740857876159644
-323.76475295059004,60.74064710881907
-322.9745949189837,60.74043696547504
-322.1844368873774,60.74022744394143
-321.39427885577106,60.7400185420422
-320.60412082416474,60.739810257611396
-319.81396279255864,60.739602588493035
-319.0238047609523,60.73939553254111
-318.233646729346,60.73918908761948
-317.44348869773967,60.73898325160185
-316.65333066613334,60.73877802237172
-315.863172634527,60.73857339782232
-315.0730146029207,60.73836937585655
-314.28285657131437,60.738165954386936
-313.49269853970804,60.737963131335604
-312.7025405081017,60.73776090463418
-311.9123824764954,60.73755927222377
-311.12222444488907,60.73735823205491
-310.33206641328275,60.737157782087486
-309.5419083816764,60.736957920290735
-308.7517503500701,60.736758644643146
-307.9615923184638,60.736559953132435
-307.17143428685745,60.73636184375549
-306.3812762552511,60.73616431451832
-305.5911182236448,60.73596736343602
-304.8009601920385,60.735770988532686
-304.01080216043215,60.73557518784142
-303.2206441288258,60.73537995940425
-302.4304860972195,60.73518530127207
-301.6403280656132,60.73499121150462
-300.85017003400685,60.734797688170445
-300.0600120024005,60.7346047293468
-299.2698539707942,60.73441233311966
-298.4796959391879,60.73422049758364
-297.68953790758155,60.734029220841975
-296.8993798759752,60.73383850100644
-296.1092218443689,60.73364833619733
-295.3190638127626,60.733458724543404
-294.52890578115625,60.73326966418186
-293.73874774954993,60.73308115325827
-292.9485897179436,60.732893189926536
-292.1584316863373,60.73270577234885
-291.36827365473096,60.73251889869567
-290.57811562312463,60.73233256714565
-289.7879575915183,60.732146775885596
-288.997799559912,60.73196152311044
-288.20764152830566,60.731776807023216
-287.41748349669933,60.731592625834956
-286.627325465093,60.7314089777647
-285.8371674334867,60.73122586103946
-285.04700940188036,60.73104327389412
-284.25685137027403,60.730861214571476
-283.4666933386677,60.73067968132211
-282.6765353070614,60.73049867240443
-281.88637727545506,60.73031818608456
-281.09621924384874,60.730138220636356
-280.3060612122424,60.729958774341334
-279.5159031806361,60.72977984548863
-278.72574514902976,60.72960143237498
-277.93558711742344,60.729423533304654
-277.1454290858171,60.72924614658945
-276.3552710542108,60.729069270548635
-275.56511302260446,60.7288929035089
-274.77495499099814,60.72871704380434
-273.9847969593918,60.72854168977639
-273.1946389277855,60.72836683977384
-272.40448089617917,60.72819249215273
-271.61432286457284,60.72801864527635
-270.8241648329665,60.72784529751521
-270.0340068013602,60.72767244724699
-269.24384876975387,60.72750009285648
-268.45369073814754,60.72732823273561
-267.6635327065412,60.727156865283334
-266.8733746749349,60.72698598890565
-266.0832166433288,60.72681560201554
-265.2930586117225,60.72664570303296
-264.50290058011615,60.72647629038474
-263.7127425485098,60.72630736250465
-262.9225845169035,60.72613891783327
-262.1324264852972,60.725970954818
-261.34226845369085,60.72580347191305
-260.5521104220845,60.72563646757934
-259.7619523904782,60.72546994028452
-258.9717943588719,60.725303888502914
-258.18163632726555,60.725138310715494
-257.3914782956592,60.72497320540984
-256.6013202640529,60.7248085710801
-255.81116223244658,60.724644406227
-255.02100420084025,60.724480709357735
-254.23084616923393,60.724317478986016
-253.4406881376276,60.724154713631975
-252.65053010602128,60.72399241182218
-251.86037207441495,60.72383057208957
-251.07021404280863,60.723669192973425
-250.2800560112023,60.72350827301937
-249.48989797959598,60.723347810779295
-248.69973994798966,60.72318780481136
-247.90958191638333,60.72302825367995
-247.119423884777,60.72286915595563
-246.32926585317068,60.72271051021515
-245.53910782156436,60.722552315041376
-244.74894978995803,60.72239456902329
-243.9587917583517,60.722237270755926
-243.16863372674538,60.72208041884039
-242.37847569513906,60.721924011883786
-241.58831766353273,60.72176804849919
-240.7981596319264,60.72161252730565
-240.00800160032009,60.721457446928135
-239.21784356871376,60.721302805997496
-238.42768553710744,60.72114860315046
-237.6375275055011,60.7209948370296
-236.8473694738948,60.72084150628328
-236.05721144228846,60.720688609565656
-235.26705341068214,60.720536145536634
-234.4768953790758,60.720384112861844
-233.6867373474695,60.72023251021261
-232.89657931586316,60.72008133626593
-232.10642128425684,60.71993058970442
-231.31626325265051,60.71978026921635
-230.5261052210442,60.71963037349554
-229.73594718943787,60.71948090124138
-228.94578915783154,60.719331851158806
-228.15563112622522,60.719183221958225
-227.3654730946189,60.71903501235556
-226.57531506301257,60.718887221072166
-225.78515703140624,60.718739846834815
-224.99499899979992,60.718592888375696
-224.2048409681936,60.71844634443236
-223.41468293658727,60.71830021374771
-222.62452490498094,60.71815449506997
-221.83436687337462,60.718009187152646
-221.0442088417683,60.71786428875454
-220.25405081016197,60.717719798639685
-219.46389277855565,60.71757571557732
-218.67373474694932,60.7174320383419
-217.883576715343,60.71728876571304
-217.09341868373667,60.7171458964755
-216.30326065213035,60.717003429419165
-215.51310262052402,60.71686136333901
-214.7229445889177,60.716719697035074
-213.93278655731137,60.71657842931247
-213.14262852570505,60.71643755898131
-212.35247049409895,60.716297084856706
-211.56231246249263,60.71615700575877
-210.7721544308863,60.71601732051252
-209.98199639927998,60.71587802794796
-209.19183836767365,60.71573912689995
-208.40168033606733,60.715600616208256
-207.611522304461,60.71546249471751
-206.82136427285468,60.715324761277145
-206.03120624124836,60.71518741474146
-205.24104820964203,60.71505045396949
-204.4508901780357,60.71491387782507
-203.66073214642938,60.71477768517678
-202.87057411482306,60.7146418748979
-202.08041608321673,60.71450644586645
-201.2902580516104,60.71437139696508
-200.50010002000408,60.714236727081136
-199.70994198839776,60.714102435106575
-198.91978395679143,60.71396851993799
-198.1296259251851,60.71383498047655
-197.33946789357879,60.713701815627985
-196.54930986197246,60.71356902430259
-195.75915183036614,60.713436605415204
-194.9689937987598,60.713304557885124
-194.1788357671535,60.71317288063617
-193.38867773554716,60.71304157259662
-192.59851970394084,60.712910632699206
-191.8083616723345,60.71278005988105
-191.0182036407282,60.71264985308371
-190.22804560912186,60.71252001125311
-189.43788757751554,60.712390533339544
-188.64772954590921,60.71226141829764
-187.8575715143029,60.71213266508637
-187.06741348269657,60.71200427266898
-186.27725545109024,60.711876240013
-185.48709741948392,60.71174856609025
-184.6969393878776,60.711621249876764
-183.90678135627127,60.711494290352825
-183.11662332466494,60.71136768650289
-182.32646529305862,60.71124143731563
-181.5363072614523,60.71111554178386
-180.74614922984597,60.710989998904566
-179.95599119823964,60.71086480767884
-179.16583316663332,60.71073996711188
-178.375675135027,60.710615476213
-177.58551710342067,60.710491333995556
-176.79535907181435,60.710367539476984
-176.00520104020802,60.71024409167873
-175.2150430086017,60.710120989626276
-174.42488497699537,60.70999823234909
-173.63472694538905,60.70987581888063
-172.84456891378272,60.70975374825831
-172.0544108821764,60.709632019523475
-171.26425285057007,60.70951063172142
-170.47409481896375,60.70938958390134
-169.68393678735742,60.709268875116315
-168.8937787557511,60.709148504423304
-168.10362072414478,60.70902847088311
-167.31346269253845,60.7089087735604
-166.52330466093213,60.70878941152364
-165.7331466293258,60.70867038384511
-164.94298859771948,60.70855168960087
-164.15283056611315,60.70843332787075
-163.36267253450683,60.708315297738345
-162.5725145029005,60.70819759829098
-161.78235647129418,60.7080802286197
-160.99219843968785,60.707963187819246
-160.20204040808153,60.70784647498806
-159.4118823764752,60.70773008922824
-158.6217243448691,60.707614029645555
-157.83156631326278,60.70749829534939
-157.04140828165646,60.70738288545277
-156.25125025005013,60.70726779907232
-155.4610922184438,60.707153035328254
-154.67093418683748,60.70703859334435
-153.88077615523116,60.70692447224797
-153.09061812362484,60.70681067116999
-152.3004600920185,60.706697189244835
-151.5103020604122,60.706584025610425
-150.72014402880586,60.706471179408176
-149.92998599719954,60.706358649783006
-149.1398279655932,60.706246435883266
-148.3496699339869,60.70613453686079
-147.55951190238056,60.706022951870814
-146.76935387077424,60.70591168007202
-145.97919583916791,60.705800720626485
-145.1890378075616,60.705690072699674
-144.39887977595527,60.70557973546043
-143.60872174434894,60.705469708080955
-142.81856371274262,60.705359989736806
-142.0284056811363,60.70525057960685
-141.23824764952997,60.70514147687329
-140.44808961792364,60.705032680721615
-139.65793158631732,60.704924190340634
-138.867773554711,60.70481600492239
-138.07761552310467,60.704708123662215
-137.28745749149834,60.70460054575867
-136.49729945989202,60.70449327041356
-135.7071414282857,60.70438629683189
-134.91698339667937,60.7042796242219
-134.12682536507305,60.70417325179498
-133.33666733346672,60.70406717876572
-132.5465093018604,60.70396140435187
-131.75635127025407,60.70385592777434
-130.96619323864775,60.703750748257164
-130.17603520704142,60.70364586502748
-129.3858771754351,60.70354127731558
-128.59571914382877,60.7034369843548
-127.80556111222245,60.7033329853816
-127.01540308061612,60.703229279635494
-126.2252450490098,60.70312586635904
-125.43508701740348,60.703022744797856
-124.64492898579715,60.70291991420059
-123.85477095419083,60.7028173738189
-123.0646129225845,60.70271512290746
-122.27445489097818,60.702613160723914
-121.48429685937185,60.702511486528905
-120.69413882776553,60.70241009958604
-119.9039807961592,60.70230899916187
-119.11382276455288,60.70220818452591
-118.32366473294655,60.702107654950574
-117.53350670134023,60.702007409711214
-116.7433486697339,60.70190744808608
-115.95319063812758,60.70180776935633
-115.16303260652126,60.701708372805975
-114.37287457491493,60.70160925772191
-113.5827165433086,60.7015104233939
-112.79255851170228,60.70141186911452
-112.00240048009596,60.70131359417921
-111.21224244848963,60.70121559788622
-110.42208441688331,60.7011178795366
-109.63192638527698,60.70102043843422
-108.84176835367066,60.70092327388571
-108.05161032206433,60.700826385200486
-107.26145229045801,60.70072977169074
-106.47129425885169,60.70063343267139
-105.68113622724536,60.70053736746011
-104.89097819563904,60.700441575377305
-104.10082016403294,60.70034605574609
-103.31066213242661,60.70025080789229
-102.52050410082029,60.70015583114442
-101.73034606921397,60.700061124833695
-100.94018803760764,60.69996668829398
-100.15003000600132,60.699872520861824
-99.35987197439499,60.699778621876405
-98.56971394278867,60.699684990679565
-97.77955591118234,60.699591626615764
-96.98939787957602,60.69949852903207
-96.1992398479697,60.69940569727819
-95.40908181636337,60.69931313070639
-94.61892378475704,60.699220828671564
-93.82876575315072,60.69912879053115
-93.0386077215444,60.69903701564516
-92.24844968993807,60.69894550337617
-91.45829165833175,60.6988542530893
-90.66813362672542,60.698763264152205
-89.8779755951191,60.69867253593505
-89.08781756351277,60.69858206781055
-88.29765953190645,60.698491859153876
-87.50750150030012,60.698401909342735
-86.7173434686938,60.6983122177573
-85.92718543708747,60.698222783780224
-85.13702740548115,60.69813360679662
-84.34686937387482,60.69804468619406
-83.5567113422685,60.69795602136255
-82.76655331066218,60.69786761169456
-81.97639527905585,60.69777945658495
-81.18623724744953,60.69769155543103
-80.3960792158432,60.69760390763248
-79.60592118423688,60.697516512591406
-78.81576315263055,60.69742936971228
-78.02560512102423,60.69734247840198
-77.2354470894179,60.69725583806973
-76.44528905781158,60.697169448127106
-75.65513102620525,60.69708330798806
-74.86497299459893,60.69699741706886
-74.0748149629926,60.69691177478812
-73.28465693138628,60.696826380566776
-72.49449889977996,60.69674123382807
-71.70434086817363,60.69665633399755
-70.9141828365673,60.69657168050306
-70.12402480496098,60.69648727277473
-69.33386677335466,60.69640311024497
-68.54370874174833,60.696319192348454
-67.75355071014201,60.69623551852211
-66.96339267853568,60.696152088205125
-66.17323464692936,60.696068900838924
-65.38307661532303,60.69598595586717
-64.59291858371671,60.695903252735754
-63.802760552110385,60.69582079089276
-63.01260252050406,60.69573856978851
-62.222444488897736,60.695656588875494
-61.43228645729141,60.69557484760843
-60.64212842568509,60.69549334544417
-59.85197039407876,60.69541208184178
-59.06181236247244,60.695331056262475
-58.27165433086611,60.69525026816963
-57.48149629925979,60.695169717028755
-56.691338267653464,60.69508940230753
-55.90118023604714,60.69500932347574
-55.111022204440815,60.69492948000529
-54.32086417283449,60.69484987137024
-53.530706141228166,60.69477049704672
-52.74054810962184,60.69469135651296
-51.950390078015516,60.69461244924931
-51.16023204640919,60.69453377473818
-50.370074014803095,60.69445533246407
-49.57991598319677,60.69437712191353
-48.789757951590445,60.6942991425752
-47.99959991998412,60.694221393939735
-47.209441888377796,60.69414387549987
-46.41928385677147,60.69406658675036
-45.62912582516515,60.69398952718799
-44.83896779355882,60.693912696311564
-44.0488097619525,60.69383609362192
-43.25865173034617,60.69375971862188
-42.46849369873985,60.69368357081627
-41.678335667133524,60.693607649711915
-40.8881776355272,60.69353195481763
-40.098019603920875,60.69345648564419
-39.30786157231455,60.69338124170436
-38.517703540708226,60.693306222512845
-37.7275455091019,60.69323142758632
-36.93738747749558,60.69315685644341
-36.14722944588925,60.693082508604675
-35.35707141428293,60.69300838359261
-34.5669133826766,60.69293448093163
-33.77675535107028,60.6928608001481
-32.986597319463954,60.69278734077025
-32.19643928785763,60.692714102328246
-31.406281256251305,60.69264108435416
-30.61612322464498,60.69256828638193
-29.825965193038655,60.69249570794739
-29.03580716143233,60.69242334858826
-28.245649129826006,60.692351207844126
-27.45549109821968,60.69227928525643
-26.665333066613357,60.692207580368496
-25.875175035007032,60.69213609272546
-25.085017003400708,60.69206482187434
-24.294858971794383,60.69199376736397
-23.50470094018806,60.69192292874502
-22.714542908581734,60.691852305569995
-21.92438487697541,60.6917818973932
-21.134226845369085,60.69171170377076
-20.34406881376276,60.691641724260606
-19.553910782156436,60.69157195842247
-18.76375275055011,60.69150240581787
-17.973594718943787,60.69143306601011
-17.183436687337462,60.69136393856429
-16.393278655731137,60.691295023047246
-15.603120624124813,60.69122631902762
-14.812962592518488,60.69115782607579
-14.022804560912164,60.6910895437639
-13.232646529305839,60.69102147166584
-12.442488497699514,60.690953609357244
-11.65233046609319,60.69088595641547
-10.862172434486865,60.690818512419625
-10.07201440288054,60.69075127695052
-9.281856371274216,60.690684249590696
-8.491698339667892,60.69061742992441
-7.701540308061567,60.690550817537606
-6.911382276455242,60.690484412017945
-6.121224244848918,60.69041821295478
-5.331066213242593,60.69035221993914
-4.540908181636269,60.69028643256376
-3.750750150029944,60.69022085042302
-2.9605921184236195,60.690155473112995
-2.170434086817295,60.69009030023142
-1.3802760552109703,60.690025331377676
-0.5901180236046457,60.68996056615281
0.20004000800167887,60.68989600415953
0.9901980396080035,60.68983164500216
1.780356071214328,60.68976748828667
2.5705141028206526,60.68970353362066
3.36067213442675,60.68963978061336
4.150830166033074,60.68957622887563
4.940988197639399,60.68951287801992
5.731146229245724,60.6894497276603
6.521304260852048,60.689386777412466
7.311462292458373,60.689324026893665
8.101620324064697,60.68926147572278
8.891778355671022,60.689199123520254
9.681936387277347,60.68913696990814
10.472094418883671,60.68907501451004
11.262252450489996,60.689013256951135
12.05241048209632,60.68895169685819
12.842568513702645,60.688890333859504
13.63272654530897,60.688829167584956
14.422884576915294,60.68876819766596
15.213042608521619,60.68870742373548
16.003200640127943,60.68864684542803
16.793358671734268,60.68858646237965
17.583516703340592,60.688526274227904
18.373674734946917,60.6884662806119
19.16383276655324,60.688406481172244
19.953990798159566,60.68834687555108
20.74414882976589,60.68828746339206
21.534306861372215,60.688228244340316
22.32446489297854,60.68816921804251
23.114622924584864,60.68811038414679
23.90478095619119,60.68805174230279
24.694938987797514,60.687993292161636
25.485097019403838,60.687935033375936
26.275255051010163,60.68787696559977
27.065413082616487,60.6878190884887
27.855571114222812,60.68776140169974
28.645729145829137,60.68770390489137
29.43588717743546,60.68764659772355
30.226045209041786,60.687589479857664
31.01620324064811,60.68753255095656
31.806361272254435,60.687475810684525
32.59651930386076,60.687419258707294
33.386677335467084,60.68736289469202
34.17683536707341,60.687306718307305
34.96699339867973,60.68725072922317
35.75715143028606,60.68719492711105
36.54730946189238,60.68713931164381
37.33746749349871,60.68708388249572
38.12762552510503,60.687028639342465
38.917783556711356,60.68697358186111
39.70794158831768,60.68691870973016
40.498099619924005,60.68686402262948
41.28825765153033,60.68680952024034
42.078415683136654,60.6867552022454
42.86857371474298,60.6867010683287
43.658731746349304,60.68664711817565
44.44888977795563,60.68659335147304
45.23904780956195,60.68653976790904
46.02920584116828,60.68648636717316
46.8193638727746,60.6864331489563
47.60952190438093,60.686380112950694
48.39967993598725,60.68632725884995
49.189837967593576,60.686274586349
49.9799959991999,60.686222095144146
50.770154030806225,60.68616978493302
51.56031206241255,60.686117655414584
52.350470094018874,60.68606570628914
53.1406281256252,60.68601393725833
53.93078615723152,60.6859623480251
54.72094418883785,60.68591093829373
55.51110222044417,60.685859707769815
56.3012602520505,60.685808656160255
57.091418283656594,60.68575778317328
57.88157631526292,60.6857070885184
58.67173434686924,60.68565657190644
59.46189237847557,60.68560623304953
60.25205041008189,60.68555607166109
61.04220844168822,60.68550608745581
61.83236647329454,60.6854562801497
62.622524504900866,60.68540664946003
63.41268253650719,60.68535719510535
64.20284056811352,60.68530791680549
64.99299859971984,60.68525881428156
65.78315663132616,60.68520988725593
66.57331466293249,60.685161135452226
67.36347269453881,60.685112558595364
68.15363072614514,60.68506415641148
68.94378875775146,60.68501592862798
69.73394678935779,60.684967874973545
70.52410482096411,60.684919995178056
71.31426285257044,60.68487228897267
72.10442088417676,60.68482475608977
72.89457891578309,60.68477739626299
73.68473694738941,60.684730209227176
74.47489497899574,60.684683194718424
75.26505301060206,60.68463635247404
76.05521104220838,60.68458968223256
76.84536907381471,60.684543183733744
77.63552710542103,60.68449685671855
78.42568513702736,60.68445070092917
79.21584316863368,60.684404716109
80.00600120024001,60.68435890200263
80.79615923184633,60.68431325835586
81.58631726345266,60.68426778491569
82.37647529505898,60.68422248143032
83.1666333266653,60.68417734764914
83.95679135827163,60.684132383322726
84.74694938987795,60.68408758820284
85.53710742148428,60.68404296204244
86.3272654530906,60.68399850459565
87.11742348469693,60.683954215617774
87.90758151630325,60.6839100948653
88.69773954790958,60.683866142095866
89.4878975795159,60.6838223570683
90.27805561112223,60.68377873954259
91.06821364272855,60.683735289279866
91.85837167433488,60.68369200604245
92.6485297059412,60.68364888959379
93.43868773754753,60.683605939698495
94.22884576915385,60.68356315612234
95.01900380076017,60.68352053863223
95.8091618323665,60.68347808699621
96.59931986397282,60.683435800983474
97.38947789557915,60.68339368036436
98.17963592718547,60.68335172491034
98.9697939587918,60.683309934393996
99.75995199039812,60.683268308589064
100.55011002200445,60.683226847270404
101.34026805361077,60.683185550213985
102.1304260852171,60.683144417196914
102.92058411682342,60.6831034479974
103.71074214842974,60.68306264239478
104.50090018003607,60.6830220001695
105.2910582116424,60.682981521103116
106.08121624324872,60.68294120497829
106.87137427485504,60.68290105157878
107.66153230646137,60.68286106068946
108.45169033806769,60.6828212320963
109.24184836967402,60.68278156558637
110.03200640128034,60.6827420609478
110.82216443288667,60.68270271796987
111.61232246449276,60.682663536442895
112.40248049609909,60.682624516158306
113.19263852770541,60.68258565690861
113.98279655931174,60.68254695848739
114.77295459091806,60.68250842068931
115.56311262252439,60.68247004331012
116.35327065413071,60.68243182614662
117.14342868573704,60.682393768996704
117.93358671734336,60.68235587165932
118.72374474894968,60.68231813393449
119.51390278055601,60.68228055562329
120.30406081216233,60.68224313652786
121.09421884376866,60.682205876451405
121.88437687537498,60.682168775198186
122.67453490698131,60.6821318325735
123.46469293858763,60.68209504838372
124.25485097019396,60.682058422436256
125.04500900180028,60.68202195453956
125.8351670334066,60.68198564450313
126.62532506501293,60.681949492137505
127.41548309661925,60.68191349725428
128.20564112822558,60.681877659666064
128.9957991598319,60.681841979186515
129.78595719143823,60.681806455630316
130.57611522304455,60.681771088813186
131.36627325465088,60.68173587855187
132.1564312862572,60.68170082466414
132.94658931786353,60.68166592696879
133.73674734946985,60.68163118528563
134.52690538107618,60.68159659943551
135.3170634126825,60.68156216924027
136.10722144428883,60.68152789452279
136.89737947589515,60.68149377510694
137.68753750750147,60.681459810817614
138.4776955391078,60.681426001480716
139.26785357071412,60.681392346923154
140.05801160232045,60.681358846972834
140.84816963392677,60.68132550145868
141.6383276655331,60.6812923102106
142.42848569713942,60.68125927305951
143.21864372874575,60.68122638983732
144.00880176035207,60.681193660376934
144.7989597919584,60.68116108451225
145.58911782356472,60.681128662078144
146.37927585517104,60.681096392910504
147.16943388677737,60.68106427684619
147.9595919183837,60.68103231372305
148.74974994999002,60.68100050337991
149.53990798159634,60.68096884565658
150.33006601320267,60.68093734039385
151.120224044809,60.68090598743348
151.91038207641532,60.68087478661822
152.70054010802164,60.68084373779178
153.49069813962797,60.68081284079885
154.2808561712343,60.68078209548508
155.07101420284062,60.680751501697095
155.86117223444694,60.68072105928248
156.65133026605326,60.6806907680898
157.4414882976596,60.68066062796856
158.2316463292659,60.68063063876923
159.02180436087224,60.68060080034326
159.81196239247856,60.68057111254303
160.6021204240849,60.680541575221895
161.3922784556912,60.68051218823416
162.18243648729754,60.68048295143507
162.97259451890386,60.68045386468083
163.76275255051019,60.68042492782859
164.5529105821165,60.680396140736455
165.3430686137226,60.68036750326347
166.13322664532893,60.68033901526962
166.92338467693526,60.68031067661583
167.71354270854158,60.68028248716398
168.5037007401479,60.68025444677687
169.29385877175423,60.68022655531826
170.08401680336056,60.68019881265282
170.87417483496688,60.68017121864617
171.6643328665732,60.680143773164865
172.45449089817953,60.680116476076385
173.24464892978585,60.68008932724913
174.03480696139218,60.680062326552445
174.8249649929985,60.6800354738566
175.61512302460483,60.68000876903277
176.40528105621115,60.67998221195308
177.19543908781748,60.67995580249056
177.9855971194238,60.67992954051917
178.77575515103013,60.679903425913785
179.56591318263645,60.67987745855019
180.35607121424277,60.6798516383051
181.1462292458491,60.679825965056146
181.93638727745542,60.67980043868185
182.72654530906175,60.679775059061676
183.51670334066807,60.679749826075984
184.3068613722744,60.67972473960604
185.09701940388072,60.67969979953402
185.88717743548705,60.679675005743015
186.67733546709337,60.679650358117016
187.4674934986997,60.679625856540916
188.25765153030602,60.67960150090052
189.04780956191235,60.679577291082516
189.83796759351867,60.67955322697451
190.628125625125,60.67952930846501
191.41828365673132,60.6795055354434
192.20844168833764,60.67948190779998
192.99859971994397,60.67945842542594
193.7887577515503,60.67943508821337
194.57891578315662,60.67941189605523
195.36907381476294,60.679388848845406
196.15923184636927,60.67936594647865
196.9493898779756,60.6793431888506
197.73954790958192,60.679320575857815
198.52970594118824,60.67929810739771
199.31986397279456,60.679275783368595
200.1100220044009,60.679253603669665
200.9001800360072,60.67923156820099
201.69033806761354,60.67920967686355
202.48049609921986,60.67918792955918
203.2706541308262,60.679166326190604
204.0608121624325,60.679144866661424
204.85097019403884,60.679123550876135
205.64112822564516,60.679102378740076
206.4312862572515,60.67908135015951
207.2214442888578,60.67906046504152
208.01160232046414,60.67903972329411
208.80176035207046,60.67901912482614
209.59191838367678,60.67899866954734
210.3820764152831,60.67897835736831
211.17223444688943,60.67895818820053
211.96239247849576,60.67893816195634
212.75255051010208,60.678918278548956
213.5427085417084,60.67889853789245
214.33286657331473,60.67887893990178
215.12302460492106,60.678859484492754
215.91318263652738,60.67884017158205
216.7033406681337,60.67882100108722
217.49349869974003,60.67880197292666
218.28365673134635,60.67878308701963
219.07381476295245,60.678764343286275
219.86397279455878,60.678745741647575
220.6541308261651,60.678727282025385
221.44428885777143,60.67870896434242
222.23444688937775,60.67869078852223
223.02460492098407,60.67867275448926
223.8147629525904,60.67865486216879
224.60492098419672,60.67863711148694
225.39507901580305,60.67861950237073
226.18523704740937,60.67860203474798
226.9753950790157,60.67858470854741
227.76555311062202,60.67856752369857
228.55571114222835,60.67855048013186
229.34586917383467,60.678533577778545
230.136027205441,60.678516816570735
230.92618523704732,60.67850019644139
231.71634326865365,60.67848371732431
232.50650130025997,60.67846737915416
233.2966593318663,60.67845118186645
234.08681736347262,60.67843512539752
234.87697539507894,60.678419209684584
235.66713342668527,60.67840343466568
236.4572914582916,60.67838780027971
237.24744948989792,60.6783723064664
238.03760752150424,60.678356953166336
238.82776555311057,60.67834174032095
239.6179235847169,60.678326667872504
240.40808161632322,60.67831173576412
241.19823964792954,60.67829694393974
241.98839767953586,60.67828229234418
242.7785557111422,60.67826778092305
243.5687137427485,60.678253409622855
244.35887177435484,60.678239178390896
245.14902980596116,60.67822508717534
245.9391878375675,60.67821113592519
246.7293458691738,60.678197324590265
247.51950390078014,60.67818365312126
248.30966193238646,60.67817012146968
249.0998199639928,60.67815672958786
249.8899779955991,60.67814347742901
250.68013602720544,60.67813036494715
251.47029405881176,60.67811739209713
252.26045209041808,60.678104558834654
253.0506101220244,60.67809186511625
253.84076815363073,60.678079310899285
254.63092618523706,60.678066896141964
255.42108421684338,60.67805462080332
256.2112422484497,60.678042484843225
257.00140028005603,60.678030488222376
257.79155831166236,60.678018630902315
258.5817163432687,60.678006912845404
259.371874374875,60.67799533401486
260.16203240648133,60.67798389437471
260.95219043808765,60.67797259388982
261.742348469694,60.67796143252589
262.5325065013003,60.67795041024945
263.32266453290663,60.67793952702787
264.11282256451295,60.677928782829326
264.9029805961193,60.67791817762286
265.6931386277256,60.67790771137832
266.4832966593319,60.67789738406639
267.27345469093825,60.677887195658585
268.0636127225446,60.67787714612726
268.8537707541509,60.677867235445575
269.6439287857572,60.67785746358755
270.43408681736355,60.677847830528016
271.2242448489699,60.67783833624264
272.0144028805762,60.67782898070791
272.8045609121823,60.677819763901155
273.5947189437886,60.67781068580053
274.38487697539495,60.67780174638501
275.17503500700127,60.67779294563441
275.9651930386076,60.67778428352937
276.7553510702139,60.677775760051354
277.54550910182024,60.67776737518267
278.33566713342657,60.67775912890643
279.1258251650329,60.677751021206596
279.9159831966392,60.67774305206795
280.70614122824554,60.677735221476105
281.49629925985187,60.67772752941751
282.2864572914582,60.67771997587941
283.0766153230645,60.67771256084993
283.86677335467084,60.67770528431798
284.65693138627717,60.67769814627332
285.4470894178835,60.677691146706536
286.2372474494898,60.67768428560904
287.02740548109614,60.67767756297307
287.81756351270246,60.677670978791696
288.6077215443088,60.677664533058824
289.3978795759151,60.67765822576918
290.18803760752144,60.67765205691831
290.97819563912776,60.67764602650262
291.7683536707341,60.67764013451932
292.5585117023404,60.67763438096645
293.34866973394674,60.6776287658429
294.13882776555306,60.67762328914836
294.9289857971594,60.67761795088337
295.7191438287657,60.67761275104931
296.50930186037203,60.67760768964837
297.29945989197836,60.67760276668356
298.0896179235847,60.677597982158765
298.87977595519123,60.677593336078665
299.66993398679733,60.677588828448776
300.46009201840343,60.67758445927546
301.25025005001,60.67758022856589
302.0404080816161,60.677576136328085
302.83056611322263,60.677572182570906
303.6207241448287,60.677568367304026
304.4108821764353,60.67756469053796
305.2010402080414,60.677561152284056
305.99119823964793,60.6775577525545
306.781356271254,60.67755449136231
307.5715143028606,60.677551368721325
308.3616723344667,60.67754838464624
309.1518303660732,60.67754553915256
309.9419883976793,60.67754283225666
310.7321464292859,60.67754026397573
311.522304460892,60.67753783432778
312.3124624924985,60.677535543331686
313.1026205241046,60.677533391007145
313.8927785557112,60.6775313773747
314.6829365873173,60.67752950245572
315.4730946189238,60.677527766272426
316.2632526505299,60.67752616884786
317.0534106821365,60.67752471020594
317.84356871374257,60.67752339037136
318.6337267453491,60.67752220936973
319.4238847769552,60.67752116722744
320.21404280856177,60.67752026397175
321.00420084016787,60.677519499630755
321.7943588717744,60.6775188742334
322.5845169033805,60.67751838780946
323.37467493498707,60.67751804038956
324.16483296659317,60.67751783200517
324.9549909981997,60.6775177626886
325.7451490298058,60.677517832473015
326.53530706141237,60.67751804139242
327.32546509301847,60.677518389481655
328.115623124625,60.67751887677642
328.9057811562311,60.67751950331326
329.69593918783767,60.67752026912958
330.48609721944376,60.67752117426361
331.2762552510503,60.67752221875445
332.0664132826564,60.677523402642024
332.85657131426296,60.677524725967146
333.64672934586906,60.677526188771445
334.4368873774756,60.67752779109743
335.2270454090817,60.677529532988444
336.01720344068826,60.6775314144887
336.80736147229436,60.67753343564324
337.5975195039009,60.67753559649799
338.387677535507,60.67753789709971
339.17783556711356,60.67754033749603
339.96799359871966,60.677542917735444
340.7581516303262,60.67754563786729
341.5483096619323,60.67754849794176
342.33846769353886,60.67755149800992
343.12862572514496,60.6775546381237
343.9187837567515,60.67755791833588
344.7089417883576,60.67756133870011
345.49909981996416,60.67756489927089
346.28925785157026,60.677568600103605
347.0794158831768,60.67757244125449
347.8695739147829,60.67757642278066
348.65973194638946,60.67758054474008
349.44988997799555,60.6775848071916
350.2400480096021,60.67758921019492
351.0302060412082,60.67759375381062
351.82036407281475,60.67759843810016
352.61052210442085,60.67760326312586
353.4006801360274,60.677608228950916
354.1908381676335,60.6776133356394
354.9809961992396,60.67761858325625
355.77115423084615,60.677623971867284
356.56131226245225,60.67762950153921
357.3514702940588,60.67763517233959
358.1416283256649,60.67764098433689
358.93178635727145,60.677646937600436
359.72194438887755,60.677653032200446
360.5121024204841,60.67765926820802
361.3022604520902,60.677665645695136
362.09241848369675,60.67767216473465
362.88257651530284,60.67767882540033
363.6727345469094,60.6776856277668
364.4628925785155,60.67769257190959
365.25305061012205,60.67769965790511
366.04320864172814,60.677706885830666
366.8333666733347,60.67771425576445
367.6235247049408,60.67772176778556
368.41368273654734,60.67772942197397
369.20384076815344,60.677737218410556
369.99399879976,60.67774515717709
370.7841568313661,60.677753238356246
371.57431486297264,60.67776146203159
372.36447289457874,60.677769828287595
373.1546309261853,60.677778337209624
373.9447889577914,60.67778698888396
374.73494698939794,60.67779578339776
375.52510502100404,60.67780472083913
376.3152630526106,60.67781380129704
377.1054210842167,60.6778230248614
377.89557911582324,60.677832391623
378.68573714742934,60.67784190167357
379.4758951790359,60.677851555105725
380.266053210642,60.67786135201301
381.05621124224854,60.67787129248989
381.84636927385463,60.677881376631724
382.6365273054612,60.67789160453481
383.4266853370673,60.67790197629635
384.21684336867384,60.67791249201448
385.00700140027993,60.67792315178825
385.7971594318865,60.67793395571763
386.5873174634926,60.67794490390352
387.37747549509913,60.67795599644775
388.16763352670523,60.677967233453074
388.9577915583118,60.67797861502317
389.7479495899179,60.67799014126266
390.53810762152443,60.67800181227709
391.32826565313053,60.678013628172934
392.1184236847371,60.67802558905762
392.9085817163432,60.67803769503949
393.69873974794973,60.67804994622785
394.4888977795558,60.67806234273293
395.2790558111624,60.678074884665904
396.0692138427685,60.67808757213889
396.85937187437503,60.67810040526497
397.6495299059811,60.67811338415814
398.4396879375877,60.67812650893337
399.2298459691938,60.67813977970657
400.0200040008003,60.678153196594614
400.8101620324064,60.67816675971531
401.600320064013,60.67818046918744
402.3904780956191,60.67819432513074
403.1806361272256,60.67820832766589
403.9707941588317,60.67822247691457
404.7609521904383,60.67823677299937
405.5511102220444,60.67825121604388
406.3412682536509,60.67826580617266
407.131426285257,60.678280543511214
407.9215843168631,60.67829542818603
408.71174234846967,60.67831046032458
409.50190038007577,60.678325640055284
410.2920584116823,60.67834096750756
411.0822164432884,60.67835644281179
411.87237447489497,60.67837206609935
412.66253250650107,60.678387837502584
413.4526905381076,60.678403757154825
414.2428485697137,60.678419825190396
415.03300660132027,60.6784360417446
415.82316463292636,60.67845240695373
416.6133226645329,60.67846892095509
417.403480696139,60.678485583886946
418.19363872774557,60.678502395888586
418.98379675935166,60.67851935710028
419.7739547909582,60.67853646766331
420.5641128225643,60.678553727719944
421.35427085417086,60.67857113741348
422.14442888577696,60.67858869688819
422.9345869173835,60.67860640628938
423.7247449489896,60.67862426576336
424.51490298059616,60.67864227545744
425.30506101220226,60.678660435519966
426.0952190438088,60.67867874610029
426.8853770754149,60.678697207348776
427.67553510702146,60.67871581941682
428.46569313862756,60.67873458245685
429.2558511702341,60.678753496622285
430.0460092018402,60.67877256206762
430.83616723344676,60.678791778948344
431.62632526505286,60.678811147420994
432.4164832966594,60.67883066764315
433.2066413282655,60.678850339773405
433.99679935987206,60.67887016397141
434.78695739147815,60.67889014039786
435.5771154230847,60.67891026921449
436.3672734546908,60.67893055058408
437.15743148629736,60.67895098467046
437.94758951790345,60.678971571638506
438.73774754951,60.67899231165416
439.5279055811161,60.67901320488443
440.31806361272265,60.67903425149734
441.10822164432875,60.67905545166203
441.8983796759353,60.67907680554867
442.6885377075414,60.6790983133285
443.47869573914795,60.67911997517385
444.26885377075405,60.67914179125809
445.0590118023606,60.679163761755696
445.8491698339667,60.6791858868422
446.63932786557325,60.67920816669422
447.42948589717935,60.67923060148945
448.2196439287859,60.67925319140669
449.009801960392,60.6792759366258
449.79995999199855,60.67929883732776
450.59011802360465,60.6793218936946
451.3802760552112,60.67934510590949
452.1704340868173,60.679368474156675
452.96059211842385,60.67939199862151
453.75075015002994,60.67941567949045
454.5409081816365,60.67943951695104
455.3310662132426,60.679463511191976
456.12122424484915,60.679487662403034
456.91138227645524,60.6795119707751
457.7015403080618,60.6795364365002
458.4916983396679,60.67956105977147
459.28185637127444,60.679585840783176
460.07201440288054,60.679610779730695
460.8621724344871,60.67963587681055
461.6523304660932,60.679661132220396
462.4424884976993,60.679686546159004
463.23264652930584,60.6797121188263
464.02280456091194,60.67973785042336
464.8129625925185,60.679763741152385
465.6031206241246,60.67978979121673
466.39327865573114,60.67981600082089
467.18343668733723,60.679842370170554
467.9735947189438,60.67986889947252
468.7637527505499,60.679895588934755
469.55391078215644,60.67992243876642
470.34406881376253,60.679949449177805
471.1342268453691,60.67997662038039
471.9243848769752,60.680003952586816
472.71454290858173,60.68003144601091
473.50470094018783,60.680059100867666
474.2948589717944,60.68008691737327
475.0850170034005,60.6801148957451
475.87517503500703,60.6801430362017
476.66533306661313,60.68017133896282
477.4554910982197,60.6801998042494
478.2456491298258,60.680228432283585
479.03580716143233,60.68025722328872
479.8259651930384,60.68028617748934
480.616123224645,60.68031529511122
481.4062812562511,60.68034457638132
482.19643928785763,60.680374021527825
482.9865973194637,60.68040363078013
483.7767553510703,60.68043340436886
484.5669133826764,60.68046334252588
485.3570714142829,60.68049344548426
486.147229445889,60.680523713478316
486.9373874774956,60.68055414674359
487.7275455091017,60.68058474551687
488.5177035407082,60.6806155100362
489.3078615723143,60.68064644054084
490.0980196039209,60.68067753727134
490.888177635527,60.68070880046948
491.6783356671335,60.6807402303783
492.4684936987396,60.680771827242104
493.2586517303462,60.68080359130646
494.04880976195227,60.68083552281821
494.8389677935588,60.68086762202547
495.6291258251649,60.68089988917762
496.4192838567715,60.68093232452534
497.20944188837757,60.68096492832057
497.9995999199841,60.68099770081657
498.7897579515902,60.68103064226787
499.57991598319677,60.68106375293029
500.37007401480287,60.68109703306097
501.1602320464094,60.681130482918356
501.9503900780155,60.68116410276217
502.74054810962207,60.68119789285347
503.53070614122817,60.68123185345464
504.3208641728347,60.68126598482936
505.1110222044408,60.68130028724265
505.90118023604737,60.681334760960844
506.69133826765346,60.681369406251626
507.48149629926,60.68140422338401
508.2716543308661,60.681439212628334
509.06181236247266,60.681474374256304
509.85197039407876,60.681509708540965
510.6421284256853,60.68154521575671
511.4322864572914,60.6815808961793
512.222444488898,60.681616750085844
513.0126025205041,60.68165277775484
513.8027605521106,60.681688979466124
514.5929185837167,60.68172535550094
515.3830766153233,60.68176190614187
516.1732346469294,60.681798631672926
516.9633926785355,60.68183553237948
517.753550710142,60.6818726085483
518.5437087417481,60.68190986046755
519.3338667733547,60.6819472884268
520.1240248049608,60.68198489271701
520.9141828365673,60.682022673630584
521.7043408681734,60.682060631461304
522.49449889978,60.68209876650439
523.284656931386,60.68213707905648
524.0748149629926,60.682175569415655
524.8649729945987,60.682214237881404
525.6551310262053,60.68225308475467
526.4452890578114,60.68229211033783
527.2354470894179,60.68233131493473
528.025605121024,60.68237069885063
528.8157631526306,60.682410262392295
529.6059211842366,60.682450005867906
530.3960792158432,60.68248992958713
531.1862372474493,60.68253003386111
531.9763952790559,60.682570319002465
532.766553310662,60.68261078532529
533.5567113422685,60.68265143314516
534.3468693738746,60.682692262779156
535.1370274054811,60.68273327454584
535.9271854370872,60.682774468765295
536.7173434686938,60.68281584575909
537.5075015002999,60.68285740585031
538.2976595319064,60.682899149363564
539.0878175635125,60.682941076624985
539.8779755951191,60.682983187962215
540.6681336267252,60.683025483704455
541.4582916583317,60.68306796418242
542.2484496899378,60.683110629728375
543.0386077215444,60.68315348067613
543.8287657531505,60.68319651736107
544.618923784757,60.683239740120094
545.4090818163631,60.68328314929172
546.1992398479697,60.68332674521598
546.9893978795758,60.683370528234526
547.7795559111823,60.683414498690574
548.5697139427884,60.68345865692891
549.359871974395,60.68350300329594
550.1500300060011,60.683547538139635
550.9401880376076,60.68359226180961
551.7303460692137,60.683637174657036
552.5205041008203,60.68368227703475
553.3106621324264,60.68372756929717
554.1008201640329,60.68377305180036
554.890978195639,60.683818724902004
555.6811362272456,60.68386458896143
556.4712942588517,60.6839106443396
557.2614522904582,60.683956891399134
558.0516103220643,60.68400333050431
558.8417683536709,60.68404996202105
559.631926385277,60.68409678631695
560.4220844168835,60.68414380376129
561.2122424484896,60.684191014724995
562.0024004800962,60.684238419580716
562.7925585117023,60.68428601870276
563.5827165433088,60.68433381246715
564.3728745749149,60.68438180125162
565.1630326065215,60.68442998543558
565.9531906381276,60.684478365400174
566.7433486697341,60.68452694152827
567.5335067013402,60.68457571420446
568.3236647329468,60.68462468381508
569.1138227645529,60.68467385074818
569.903980796159,60.68472321539358
570.6941388277655,60.68477277814284
571.4842968593716,60.68482253938929
572.2744548909782,60.68487249952801
573.0646129225843,60.68492265895587
573.8547709541908,60.68497301807151
574.6449289857969,60.685023577275345
575.4350870174035,60.68507433696961
576.2252450490096,60.685125297558315
577.0154030806161,60.68517645944727
577.8055611122222,60.68522782304413
578.5957191438288,60.68527938875833
579.3858771754349,60.68533115700116
580.1760352070414,60.68538312818572
580.9661932386475,60.68543530272697
581.7563512702541,60.685487681041714
582.5465093018602,60.68554026354858
583.3366673334667,60.685593050668096
584.1268253650728,60.68564604282263
584.9169833966794,60.68569924043644
585.7071414282855,60.685752643935665
586.497299459892,60.68580625374831
587.2874574914981,60.68586007030431
588.0776155231047,60.685914094035475
588.8677735547108,60.68596832537554
589.6579315863173,60.68602276476016
590.4480896179234,60.6860774126269
591.23824764953,60.68613226941527
592.0284056811361,60.686187335566714
592.8185637127426,60.68624261152463
593.6087217443487,60.68629809773436
594.3988797759553,60.68635379464322
595.1890378075614,60.68640970270048
595.9791958391679,60.68646582235741
596.769353870774,60.686522154067255
597.5595119023806,60.68657869828524
598.3496699339867,60.68663545546861
599.1398279655932,60.686692426076604
599.9299859971993,60.68674961057049
600.7201440288059,60.68680700941354
601.510302060412,60.68686462307109
602.3004600920185,60.686922452010485
603.0906181236246,60.68698049670113
603.8807761552312,60.6870387576145
604.6709341868373,60.687097235224115
605.4610922184438,60.687155930005574
606.2512502500499,60.68721484243655
607.0414082816565,60.68727397299682
607.8315663132626,60.68733332216824
608.6217243448691,60.68739289043479
609.4118823764752,60.687452678282554
610.2020404080818,60.68751268619974
610.9921984396879,60.68757291467667
611.7823564712944,60.687633364205844
612.5725145029005,60.68769403528187
613.362672534507,60.68775492840154
614.1528305661132,60.68781604406379
614.9429885977197,60.68787738276974
615.7331466293258,60.68793894502271
616.5233046609324,60.688000731328174
617.3134626925385,60.68806274219383
618.103620724145,60.68812497812958
618.8937787557511,60.68818743964756
619.6839367873577,60.688250127262094
620.4740948189637,60.68831304148978
621.2642528505703,60.68837618284944
622.0544108821764,60.68843955186216
622.844568913783,60.68850314905129
623.634726945389,60.68856697494245
624.4248849769951,60.688631030063526
625.2150430086017,60.688695314944724
626.0052010402078,60.68875983011853
626.7953590718143,60.68882457611975
627.5855171034204,60.6888895534855
628.375675135027,60.688954762755245
629.1658331666331,60.68902020447076
629.9559911982396,60.68908587917619
630.7461492298457,60.689151787418034
631.5363072614523,60.689217929745155
632.3264652930584,60.68928430670879
633.1166233246649,60.68935091886258
633.906781356271,60.68941776676254
634.6969393878776,60.689484850967105
635.4870974194837,60.68955217203713
636.2772554510902,60.6896197305359
637.0674134826963,60.68968752702913
637.8575715143029,60.689755562084976
638.647729545909,60.68982383627407
639.4378875775155,60.6898923501695
640.2280456091216,60.689961104346835
641.0182036407282,60.69003009938414
641.8083616723343,60.69009933586197
642.5985197039408,60.690168814363396
643.3886777355469,60.69023853547401
644.1788357671535,60.69030849978193
644.9689937987596,60.69037870787782
645.7591518303661,60.6904491603549
646.5493098619722,60.69051985780896
647.3394678935788,60.690590800838336
648.1296259251849,60.690661990043985
648.9197839567914,60.69073342602944
649.7099419883975,60.69080510940084
650.5001000200041,60.69087704076697
651.2902580516102,60.690949220739206
652.0804160832167,60.6910216499316
652.8705741148228,60.69109432896082
653.6607321464294,60.69116725844624
654.4508901780355,60.69124043900989
655.241048209642,60.69131387127647
656.0312062412481,60.691387555873405
656.8213642728547,60.69146149343082
657.6115223044608,60.69153568458156
658.4016803360673,60.69161012996121
659.1918383676734,60.6916848302081
659.98199639928,60.6917597859633
660.7721544308861,60.69183499787068
661.5623124624926,60.691910466576864
662.3524704940987,60.69198619273129
663.1426285257053,60.6920621769862
663.9327865573114,60.69213841999663
664.7229445889179,60.692214922420476
665.513102620524,60.692291684918466
666.3032606521306,60.69236870815417
667.0934186837367,60.692445992794056
667.8835767153432,60.69252353950744
668.6737347469493,60.692601348966555
669.4638927785559,60.69267942184653
670.254050810162,60.6927577588254
671.0442088417685,60.69283636058417
671.8343668733746,60.69291522780674
672.6245249049812,60.692994361180006
673.4146829365873,60.69307376139382
674.2048409681938,60.69315342914101
674.9949989997999,60.69323336511742
675.7851570314065,60.69331357002189
676.5753150630126,60.69339404455629
677.3654730946191,60.693474789425515
678.1556311262252,60.69355580533753
678.9457891578313,60.69363709300336
679.7359471894379,60.69371865313709
680.526105221044,60.69380048645592
681.3162632526505,60.69388259368014
682.1064212842566,60.69396497553317
682.8965793158632,60.69404763274156
683.6867373474693,60.694130566035
684.4768953790758,60.69421377614636
685.2670534106819,60.69429726381167
686.0572114422885,60.69438102977016
686.8473694738946,60.69446507476426
687.6375275055011,60.69454939953962
688.4276855371072,60.69463400484512
689.2178435687138,60.694718891432906
690.0080016003199,60.69480406005836
690.7981596319264,60.69488951148017
691.5883176635325,60.69497524646031
692.3784756951391,60.69506126576404
693.1686337267452,60.695147570159975
693.9587917583517,60.69523416042004
694.7489497899578,60.69532103731955
695.5391078215644,60.69540820163716
696.3292658531705,60.695495654154904
697.119423884777,60.69558339565824
697.9095819163831,60.69567142693603
698.6997399479897,60.69575974878057
699.4898979795958,60.6958483619876
700.2800560112023,60.69593726735633
701.0702140428084,60.69602646568944
701.860372074415,60.69611595779311
702.650530106021,60.696205744477034
703.4406881376276,60.69629582655443
704.2308461692337,60.696386204842064
705.0210042008403,60.696476880160255
705.8111622324463,60.6965678533329
706.6013202640529,60.6966591251875
707.391478295659,60.69675069655516
708.1816363272656,60.69684256827061
708.9717943588716,60.69693474117223
709.7619523904782,60.69702721610205
710.5521104220843,60.69711999390579
711.3422684536908,60.697213075432856
712.132426485297,60.69730646153638
712.9225845169035,60.69740015307321
713.7127425485096,60.69749415090396
714.5029005801161,60.697588455892976
715.2930586117222,60.697683068908425
716.0832166433288,60.69777799082226
716.8733746749349,60.697873222510246
717.6635327065414,60.69796876485199
718.4536907381475,60.69806461873095
719.2438487697541,60.69816078503448
720.0340068013602,60.6982572646538
720.8241648329667,60.698354058484036
721.6143228645728,60.69845116742427
722.4044808961794,60.698548592377506
723.1946389277855,60.69864633425073
723.984796959392,60.69874439395491
724.7749549909981,60.698842772405015
725.5651130226047,60.69894147052004
726.3552710542108,60.699040489223016
727.1454290858173,60.699139829441044
727.9355871174234,60.6992394921053
728.72574514903,60.699339478151074
729.5159031806361,60.69943978851776
730.3060612122426,60.69954042414889
731.0962192438487,60.69964138599219
731.8863772754548,60.69974267499952
732.6765353070614,60.699844292126976
733.4666933386675,60.69994623833485
734.256851370274,60.7000485145877
735.0470094018801,60.700151121854326
735.8371674334867,60.70025406110781
736.6273254650928,60.70035733332556
737.4174834966993,60.70046093948929
738.2076415283054,60.70056488058505
738.997799559912,60.70066915760327
739.7879575915181,60.70077377153878
740.5781156231246,60.70087872339079
741.3682736547307,60.700984014162955
742.1584316863373,60.70108964486339
742.9485897179434,60.70119561650467
743.7387477495499,60.701301930103874
744.528905781156,60.7014085866826
745.3190638127626,60.70151558726697
746.1092218443687,60.70162293288769
746.8993798759752,60.70173062458004
747.6895379075813,60.70183866338391
748.4796959391879,60.70194705034381
749.269853970794,60.70205578650892
750.0600120024005,60.70216487293309
750.8501700340066,60.70227431067486
751.6403280656132,60.70238410079749
752.4304860972193,60.70249424436901
753.2206441288258,60.702604742462185
754.0108021604319,60.70271559615461
754.8009601920385,60.70282680652866
755.5911182236446,60.702938374671575
756.3812762552511,60.703050301675454
757.1714342868572,60.70316258863728
757.9615923184638,60.703275236658946
758.7517503500699,60.7033882468473
759.5419083816764,60.703501620314135
760.3320664132825,60.70361535817624
761.1222244448891,60.70372946155541
761.9123824764952,60.70384393157849
762.7025405081017,60.70395876937737
763.4926985397078,60.70407397608905
764.2828565713144,60.70418955285562
765.0730146029205,60.704305500824326
765.863172634527,60.70442182114757
766.6533306661331,60.70453851498296
767.4434886977397,60.7046555834933
768.2336467293458,60.704773027846656
769.0238047609523,60.70489084921636
769.8139627925584,60.70500904878105
770.604120824165,60.70512762772466
771.3942788557711,60.70524658723651
772.1844368873776,60.70536592851127
772.9745949189837,60.70548565274904
773.7647529505903,60.70560576115533
774.5549109821964,60.70572625494115
775.3450690138029,60.70584713532294
776.135227045409,60.70596840352272
776.9253850770156,60.706090060768005
777.7155431086217,60.70621210829191
778.5057011402282,60.70633454733316
779.2958591718343,60.706457379136076
780.0860172034409,60.70658060495067
780.876175235047,60.706704226032656
781.6663332666535,60.706828243643415
782.4564912982596,60.706952659050124
783.2466493298662,60.70707747352572
784.0368073614723,60.707202688348936
784.8269653930788,60.70732830480437
785.6171234246849,60.70745432418246
786.407281456291,60.70758074777955
787.1974394878976,60.70770757689794
787.9875975195037,60.707834812845846
788.7777555511102,60.7079624569375
789.5679135827163,60.70809051049315
790.3580716143229,60.708218974839106
791.148229645929,60.70834785130774
791.9383876775355,60.708477141237566
792.7285457091416,60.708606845973236
793.5187037407482,60.70873696686557
794.3088617723542,60.70886750527163
795.0990198039608,60.70899846255469
795.8891778355669,60.70912984008432
796.6793358671734,60.7092616392364
797.4694938987795,60.70939386139317
798.2596519303861,60.7095265079432
799.0498099619922,60.70965958028153
799.8399679935987,60.7097930798096
800.6301260252048,60.70992700793535
801.4202840568114,60.710061366073234
802.2104420884175,60.71019615564425
803.000600120024,60.71033137807597
803.7907581516301,60.71046703480259
804.5809161832367,60.710603127264974
805.3710742148428,60.71073965691065
806.1612322464493,60.71087662519387
806.9513902780554,60.71101403357566
807.741548309662,60.71115188352384
808.5317063412681,60.71129017651305
809.3218643728746,60.71142891402481
810.1120224044807,60.71156809754753
810.9021804360873,60.71170772857657
811.6923384676934,60.71184780861427
812.4824964992999,60.711988339169984
813.272654530906,60.71212932176012
814.0628125625126,60.712270757908186
814.8529705941187,60.712412649144795
815.6431286257252,60.71255499700776
816.4332866573313,60.71269780304206
817.2234446889379,60.71284106879997
818.013602720544,60.71298479584101
818.8037607521505,60.71312898573204
819.5939187837566,60.713273640047284
820.3840768153632,60.71341876036836
821.1742348469693,60.71356434828435
821.9643928785758,60.713710405391794
822.7545509101819,60.71385693329477
823.5447089417885,60.71400393360492
824.3348669733946,60.7141514079415
825.1250250050011,60.7142993579314
825.9151830366072,60.71444778520922
826.7053410682138,60.71459669141726
827.4954990998199,60.714746078205636
828.2856571314264,60.71489594723224
829.0758151630325,60.715046300162854
829.8659731946391,60.715197138671144
830.6561312262452,60.71534846443873
831.4462892578517,60.71550027915522
832.2364472894578,60.71565258451827
833.0266053210644,60.715805382233576
833.8167633526705,60.71595867401499
834.606921384277,60.71611246158453
835.3970794158831,60.71626674667241
836.1872374474897,60.716421531017104
836.9773954790958,60.71657681636541
837.7675535107023,60.71673260447245
838.5577115423084,60.71688889710175
839.3478695739145,60.71704569602528
840.1380276055211,60.717203003023506
840.9281856371272,60.71736081988543
841.7183436687337,60.71751914840861
842.5085017003398,60.717677990399274
843.2986597319464,60.717837347672315
844.0888177635525,60.717997222051345
844.878975795159,60.71815761536877
845.6691338267651,60.7183185294658
846.4592918583717,60.71847996619255
847.2494498899778,60.71864192740803
848.0396079215843,60.71880441498025
848.8297659531904,60.718967430786236
849.619923984797,60.7191309767121
850.4100820164031,60.71929505465306
851.2002400480096,60.719459666513536
851.9903980796157,60.719624814207165
852.7805561112223,60.71979049965689
853.5707141428284,60.71995672479495
854.3608721744349,60.72012349156301
855.151030206041,60.720290801912164
855.9411882376476,60.720458657803
856.7313462692537,60.720627061205654
857.5215043008602,60.720796014099875
858.3116623324663,60.72096551847506
859.1018203640729,60.72113557633032
859.891978395679,60.72130618967455
860.6821364272855,60.72147736052644
861.4722944588916,60.7216490909146
862.2624524904982,60.72182138287755
863.0526105221043,60.72199423846381
863.8427685537108,60.722167659731944
864.6329265853169,60.72234164875065
865.4230846169235,60.72251620759876
866.2132426485296,60.722691338365365
867.0034006801361,60.72286704314981
867.7935587117422,60.72304332406182
868.5837167433488,60.72322018322148
869.3738747749549,60.723397622759364
870.1640328065614,60.723575644816584
870.9541908381675,60.723754251544804
871.7443488697741,60.723933445106354
872.5345069013802,60.72411322767427
873.3246649329867,60.72429360143236
874.1148229645928,60.72447456857526
874.9049809961994,60.7246561313085
875.6951390278055,60.72483829184858
876.485297059412,60.725021052423
877.2754550910181,60.72520441527038
878.0656131226247,60.72538838264048
878.8557711542308,60.72557295679426
879.6459291858373,60.72575814000398
880.4360872174434,60.72594393455325
881.22624524905,60.72613034273709
882.016403280656,60.726317366862006
882.8065613122626,60.72650500924605
883.5967193438687,60.726693272218895
884.3868773754753,60.72688215812191
885.1770354070813,60.7270716693082
885.9671934386879,60.727261808142714
886.757351470294,60.72745257700228
887.5475095019005,60.727643978275715
888.3376675335066,60.727836014363845
889.1278255651132,60.72802868767962
889.9179835967193,60.72822200064815
890.7081416283258,60.72841595570684
891.498299659932,60.72861055530537
892.2884576915385,60.72880580190586
893.0786157231446,60.72900169798285
893.8687737547507,60.72919824602349
894.6589317863572,60.729395448527505
895.4490898179633,60.72959330800733
896.2392478495699,60.729791826988176
897.029405881176,60.7299910080081
897.8195639127825,60.73019085361809
898.6097219443886,60.730391366382136
899.3998799759952,60.730592548877304
900.1900380076013,60.73079440369383
900.9801960392078,60.73099693343518
901.7703540708139,60.731200140718144
902.5605121024205,60.731404028172925
903.3506701340266,60.731608598443195
904.1408281656331,60.73181385418618
904.9309861972392,60.73201979807277
905.7211442288458,60.73222643278758
906.5113022604519,60.732433761029014
907.3014602920584,60.7326417855094
908.0916183236645,60.73285050895503
908.8817763552711,60.733059934106265
909.6719343868772,60.73327006371761
910.4620924184837,60.73348090055782
911.2522504500898,60.733692447409965
912.0424084816964,60.733904707071524
912.8325665133025,60.73411768235447
913.622724544909,60.73433137608539
914.4128825765151,60.73454579110552
915.2030406081217,60.73476093027088
915.9931986397278,60.734976796452344
916.7833566713343,60.73519339253573
917.5735147029404,60.735410721421914
918.363672734547,60.7356287860269
919.1538307661531,60.73584758928191
919.9439887977596,60.736067134133506
920.7341468293657,60.73628742354365
921.5243048609723,60.73650846048984
922.3144628925784,60.736730247965156
923.1046209241849,60.7369527889784
923.894778955791,60.737176086554186
924.6849369873976,60.73740014373301
925.4750950190037,60.737624963571385
926.2652530506102,60.73785054914191
927.0554110822163,60.73807690353341
927.8455691138229,60.73830402985099
928.635727145429,60.73853193121615
929.4258851770355,60.738760610766946
930.2160432086416,60.73899007165799
931.0062012402482,60.73922031706064
931.7963592718543,60.73945135016307
932.5865173034608,60.73968317417038
933.3766753350669,60.73991579230469
934.1668333666735,60.74014920780528
934.9569913982796,60.74038342392866
935.7471494298861,60.74061844394871
936.5373074614922,60.74085427115677
937.3274654930988,60.741090908861764
938.1176235247049,60.7413283603903
938.9077815563114,60.74156662908678
939.6979395879175,60.74180571831355
940.4880976195241,60.74204563145095
941.2782556511302,60.74228637189747
942.0684136827367,60.742527943069874
942.8585717143428,60.7427703484033
943.6487297459494,60.74301359135136
944.4388877775555,60.74325767538628
945.229045809162,60.743502603999055
946.0192038407681,60.74374838069947
946.8093618723747,60.74399500901633
947.5995199039808,60.74424249249751
948.3896779355869,60.744490834710106
949.1798359671934,60.74474003924055
949.9699939987995,60.74499010969474
950.7601520304061,60.74524104969817
951.5503100620122,60.74549286289604
952.3404680936187,60.745745552953416
953.1306261252248,60.7459991235553
953.9207841568314,60.74625357840683
954.7109421884375,60.74650892123336
955.501100220044,60.74676515578061
956.2912582516501,60.74702228581479
957.0814162832567,60.74728031512276
957.8715743148628,60.74753924751212
958.6617323464693,60.74779908681139
959.4518903780754,60.74805983687012
960.242048409682,60.74832150155902
961.032206441288,60.74858408477013
961.8223644728946,60.74884759041694
962.6125225045007,60.74911202243453
963.4026805361073,60.749377384779706
964.1928385677134,60.74964368143117
964.9829965993199,60.74991091638964
965.773154630926,60.750179093677986
966.5633126625326,60.75044821734142
967.3534706941387,60.75071829144758
968.1436287257452,60.75098932008676
968.9337867573513,60.75126130737196
969.7239447889579,60.75153425743914
970.514102820564,60.751808174447284
971.3042608521705,60.75208306257861
972.0944188837766,60.75235892603871
972.8845769153831,60.752635769056695
973.6747349469892,60.75291359588536
974.4648929785958,60.75319241080134
975.2550510102019,60.75347221810527
976.0452090418084,60.753753022121955
976.8353670734145,60.754034827200506
977.6255251050211,60.75431763771454
978.4156831366272,60.75460145806231
979.2058411682337,60.75488629266689
979.9959991998398,60.75517214597634
980.7861572314464,60.75545902246386
981.5763152630525,60.75574692662799
982.366473294659,60.75603586299275
983.1566313262651,60.75632583610784
983.9467893578717,60.75661685054877
984.7369473894778,60.75690891091708
985.5271054210843,60.75720202184052
986.3172634526904,60.75749618797318
987.107421484297,60.757791413995704
987.8975795159031,60.75808770461547
988.6877375475096,60.75838506456677
989.4778955791157,60.75868349861097
990.2680536107223,60.758983011536756
991.0582116423284,60.75928360816024
991.8483696739349,60.7595852933252
992.638527705541,60.759888071903276
993.4286857371476,60.76019194879412
994.2188437687537,60.760496928925626
995.0090018003602,60.76080301725411
995.7991598319663,60.7611102187645
996.5893178635729,60.761418538470544
997.379475895179,60.761727981415
998.1696339267855,60.76203855266985
998.9597919583916,60.762350257336486
999.7499499899982,60.76266310054593
1000.5401080216043,60.76297708745902
1001.3302660532104,60.76329222326664
1002.1204240848169,60.76360851318991
1002.910582116423,60.76392596248041
1003.7007401480296,60.76424457642038
1004.4908981796357,60.76456436032295
1005.2810562112422,60.76488531953233
1006.0712142428483,60.765207459424076
1006.8613722744549,60.76553078540524
1007.651530306061,60.76585530291465
1008.4416883376675,60.76618101742311
1009.2318463692736,60.766507934433626
1010.0220044008802,60.76683605948164
1010.8121624324863,60.76716539813523
1011.6023204640928,60.76749595599539
1012.3924784956989,60.767827738696226
1013.1826365273055,60.76816075190519
1013.9727945589116,60.76849500132334
1014.7629525905181,60.76883049268555
1015.5531106221242,60.769167231760775
1016.3432686537308,60.769505224352294
1017.1334266853369,60.769844476297905
1017.9235847169434,60.77018499347025
1018.7137427485495,60.770526781777
1019.5039007801561,60.770869847161144
1020.2940588117622,60.7712141956012
1021.0842168433687,60.771559833111525
1021.8743748749748,60.77190676574252
1022.6645329065814,60.77225499958092
1023.4546909381875,60.77260454075005
1024.244848969794,60.77295539541008
1025.0350070014001,60.773307569758295
1025.8251650330067,60.77366107002936
1026.6153230646128,60.7740159024956
1027.4054810962193,60.77437207346726
1028.1956391278254,60.77472958929279
1028.985797159432,60.775088456359114
1029.775955191038,60.7754486810919
1030.5661132226446,60.77581026995589
1031.3562712542507,60.776173229455104
1032.1464292858573,60.7765375661332
1032.9365873174634,60.77690328657373
1033.72674534907,60.77727039740043
1034.516903380676,60.777638905277506
1035.3070614122826,60.77800881690998
1036.0972194438887,60.778380139043925
1036.8873774754952,60.77875287846679
1037.6775355071013,60.77912704200773
1038.4676935387079,60.779502636537885
1039.257851570314,60.779879668970686
1040.0480096019205,60.780258146262184
1040.8381676335266,60.78063807541136
1041.6283256651332,60.78101946346044
1042.4184836967393,60.781402317495214
1043.2086417283458,60.781786644645365
1043.998799759952,60.78217245208479
1044.7889577915585,60.782559747031925
1045.5791158231646,60.782948536750084
1046.369273854771,60.7833388285478
1047.1594318863772,60.783730629779136
1047.9495899179838,60.78412394784406
1048.7397479495899,60.78451879018877
1049.5299059811964,60.78491516430603
1050.3200640128025,60.78531307773554
1051.110222044409,60.785712538064274
1051.9003800760152,60.78611355292686
1052.6905381076217,60.786516130005886
1053.4806961392278,60.78692027703234
1054.2708541708344,60.787326001785885
1055.0610122024405,60.78773331209531
1055.8511702340465,60.78814221583886
1056.641328265653,60.788552720944594
1057.4314862972592,60.7889648353908
1058.2216443288658,60.78937856720638
1059.0118023604718,60.78979392447118
1059.8019603920784,60.79021091531644
1060.5921184236845,60.79062954792518
1061.382276455291,60.79104983053252
1062.1724344868971,60.7914717714262
1062.9625925185037,60.79189537894688
1063.7527505501098,60.792320661488596
1064.5429085817163,60.79274762749915
1065.3330666133224,60.793176285480556
1066.123224644929,60.793606643989406
1066.913382676535,60.794038711637334
1067.7035407081416,60.79447249709142
1068.4936987397477,60.79490800907463
1069.2838567713543,60.79534525636625
1070.0740148029604,60.795784247802274
1070.864172834567,60.796224992275945
1071.654330866173,60.796667498738096
1072.4444888977796,60.79711177619766
1073.2346469293857,60.79755783372211
1074.0248049609922,60.798005680437896
1074.8149629925983,60.79845532553093
1075.605121024205,60.79890677824704
1076.395279055811,60.79936004789244
1077.1854370874175,60.799815143834216
1077.9755951190236,60.80027207550078
1078.7657531506302,60.80073085238236
1079.5559111822363,60.80119148403151
1080.3460692138428,60.801653980063584
1081.136227245449,60.802118350157215
1081.9263852770555,60.802584604054836
1082.7165433086616,60.80305275156319
1083.5067013402681,60.80352280255384
1084.2968593718742,60.803994766963655
1085.0870174034808,60.80446865479536
1085.8771754350869,60.80494447611804
1086.6673334666934,60.80542224106769
1087.4574914982995,60.80590195984774
1088.247649529906,60.80638364272958
1089.0378075615122,60.80686730005312
1089.8279655931187,60.807352942227354
1090.6181236247248,60.807840579730865
1091.4082816563314,60.80833022311243
1092.1984396879375,60.80882188299157
1092.988597719544,60.809315570059134
1093.7787557511501,60.809811295077836
1094.5689137827567,60.81030906888287
1095.3590718143628,60.8108089023825
1096.1492298459693,60.81131080655862
1096.9393878775754,60.81181479246739
1097.729545909182,60.81232087123981
1098.519703940788,60.81282905408234
1099.3098619723946,60.813339352277524
1100.1000200040007,60.81385177718459
1100.8901780356073,60.81436634024009
1101.6803360672134,60.81488305295855
1102.47049409882,60.81540192693307
1103.260652130426,60.815922973835995
1104.0508101620326,60.81644620541956
1104.8409681936387,60.81697163351655
1105.6311262252452,60.81749927004096
1106.4212842568513,60.818029126988684
1107.2114422884579,60.81856121643814
1108.001600320064,60.81909555055102
1108.7917583516705,60.81963214157293
1109.5819163832766,60.82017100183412
1110.3720744148827,60.82071214375016
1111.1622324464893,60.82125557982266
1111.9523904780954,60.821801322640006
1112.742548509702,60.822349384878045
1113.532706541308,60.82289977930087
1114.3228645729146,60.82345251876149
1115.1130226045207,60.82400761620264
1115.9031806361272,60.82456508465751
1116.6933386677333,60.82512493725048
1117.4834966993399,60.82568718719792
1118.273654730946,60.82625184780897
1119.0638127625525,60.8268189324863
1119.8539707941586,60.82738845472689
1120.6441288257652,60.82796042812289
1121.4342868573713,60.828534866362354
1122.2244448889778,60.82911178323009
1123.014602920584,60.82969119260849
1123.8047609521905,60.83027310847835
1124.5949189837966,60.830857544919695
1125.385077015403,60.831444516112654
1126.1752350470092,60.8320340363383
1126.9653930786158,60.83262611997951
1127.7555511102219,60.83322078152187
1128.5457091418284,60.8338180355545
1129.3358671734345,60.83441789677101
1130.126025205041,60.83502037997035
1130.9161832366472,60.835625500057745
1131.7063412682537,60.83623327204561
1132.4964992998598,60.83684371105446
1133.2866573314664,60.83745683231388
1134.0768153630725,60.83807265116345
1134.866973394679,60.83869118305368
1135.657131426285,60.839312443547044
1136.4472894578917,60.839936448318866
1137.2374474894978,60.84056321315839
1138.0276055211043,60.84119275396971
1138.8177635527104,60.84182508677282
1139.607921584317,60.84246022770462
1140.398079615923,60.84309819301991
1141.1882376475296,60.8437389990925
1141.9783956791357,60.844382662416166
1142.7685537107423,60.84502919960579
1143.5587117423484,60.84567862739838
1144.348869773955,60.846330962654164
1145.139027805561,60.846986222357714
1145.9291858371676,60.84764442361899
1146.7193438687736,60.848305583674495
1147.5095019003802,60.84896971988841
1148.2996599319863,60.84963684975369
1149.0898179635928,60.850306990893266
1149.879975995199,60.85098016106116
1150.6701340268055,60.851656378143694
1151.4602920584116,60.85233566016067
1152.2504500900181,60.85301802526655
1153.0406081216242,60.85370349175169
1153.8307661532308,60.85439207804355
1154.620924184837,60.85508380270796
1155.4110822164434,60.85577868445033
1156.2012402480495,60.85647674211693
1156.991398279656,60.8571779946962
1157.7815563112622,60.85788246131998
1158.5717143428687,60.85859016126488
1159.3618723744748,60.85930111395354
1160.1520304060814,60.86001533895601
1160.9421884376875,60.86073285599106
1161.732346469294,60.86145368492758
1162.5225045009001,60.86217784578592
1163.3126625325062,60.862905358739305
1164.1028205641128,60.86363624411523
1164.892978595719,60.864370522396875
1165.6831366273254,60.86510821422457
1166.4732946589315,60.86584934039722
1167.263452690538,60.86659392187378
1168.0536107221442,60.867341979774736
1168.8437687537507,60.868093535383615
1169.6339267853568,60.86884861014849
1170.4240848169634,60.869607225683524
1171.2142428485695,60.87036940377052
1172.004400880176,60.87113516636045
1172.7945589117821,60.87190453557512
1173.5847169433887,60.87267753370868
1174.3748749749948,60.8734541832293
1175.1650330066013,60.87423450678079
1175.9551910382074,60.875018527184245
1176.745349069814,60.87580626743975
1177.53550710142,60.876597750728024
1178.3256651330266,60.87739300041217
1179.1158231646327,60.87819204003939
1179.9059811962393,60.87899489334273
1180.6961392278454,60.87980158424284
1181.486297259452,60.8806121368498
1182.276455291058,60.881426575464864
1183.0666133226646,60.882244924582345
1183.8567713542707,60.88306720889145
1184.6469293858772,60.883893453278105
1185.4370874174833,60.884723682826916
1186.2272454490899,60.88555792282304
1187.017403480696,60.8863961987541
1187.8075615123025,60.88723853631218
1188.5977195439086,60.88808496139578
1189.3878775755152,60.88893550011183
1190.1780356071213,60.88979017877767
1190.9681936387278,60.89064902392317
1191.758351670334,60.89151206229271
1192.5485097019405,60.892379320847354
1193.3386677335466,60.893250826766895
1194.1288257651531,60.89412660745206
1194.9189837967592,60.89500669052661
1195.7091418283658,60.89589110383959
1196.4992998599719,60.896779875467494
1197.2894578915784,60.897673033716536
1198.0796159231845,60.89857060712492
1198.869773954791,60.89947262446509
1199.6599319863972,60.900379114746094
1200.4500900180037,60.90129010721592
1201.2402480496098,60.902205631363856
1202.0304060812164,60.90312571692289
1202.8205641128225,60.90405039387214
1203.610722144429,60.904979692439355
1204.4008801760351,60.90591364310332
1205.1910382076417,60.90685227659643
1205.9811962392478,60.90779562390723
1206.7713542708543,60.90874371628295
1207.5615123024604,60.90969658523216
1208.351670334067,60.91065426252739
1209.141828365673,60.91161678020775
1209.9319863972796,60.912584170581724
1210.7221444288857,60.91355646622979
1211.5123024604923,60.91453370000729
1212.3024604920984,60.91551590504712
1213.092618523705,60.91650311476267
1213.882776555311,60.91749536285057
1214.6729345869176,60.9184926832937
1215.4630926185237,60.91949511036403
1216.2532506501302,60.92050267862565
1217.0434086817363,60.92151542293775
1217.8335667133424,60.922533378457636
1218.623724744949,60.92355658064385
1219.413882776555,60.92458506525925
1220.2040408081616,60.92561886837419
1220.9941988397677,60.926658026369665
1221.7843568713743,60.927702575940586
1222.5745149029804,60.92875255409902
1223.364672934587,60.929807998177516
1224.154830966193,60.93086894583242
1224.9449889977996,60.93193543504731
1225.7351470294057,60.93300750413637
1226.5253050610122,60.934085191747926
1227.3154630926183,60.93516853686791
1228.1056211242249,60.93625757882345
1228.895779155831,60.93735235728644
1229.6859371874375,60.93845291227725
1230.4760952190436,60.939559284168325
1231.2662532506502,60.94067151368801
1232.0564112822562,60.94178964192429
1232.8465693138628,60.94291371032863
1233.636727345469,60.94404376071987
1234.4268853770755,60.94517983528814
1235.2170434086815,60.94632197659882
1236.007201440288,60.947470227596604
1236.7973594718942,60.94862463160958
1237.5875175035007,60.94978523235332
1238.3776755351068,60.950952073935085
1239.1678335667134,60.95212520085809
1239.9579915983195,60.953304658025736
1240.748149629926,60.954490490746
1241.5383076615321,60.95568274473581
1242.3284656931387,60.95688146612552
1243.1186237247448,60.9580867014634
1243.9087817563513,60.959298497720226
1244.6989397879574,60.96051690229388
1245.489097819564,60.961741963014084
1246.27925585117,60.96297372814711
1247.0694138827766,60.9642122464006
1247.8595719143827,60.96545756692844
1248.6497299459893,60.96670973933572
1249.4398879775954,60.96796881368367
1250.230046009202,60.9692348404948
1251.020204040808,60.97050787075796
1251.8103620724146,60.97178795593361
1252.6005201040207,60.973075147959015
1253.3906781356272,60.97436949925363
1254.1808361672333,60.97567106272449
1254.97099419884,60.97697989177164
1255.761152230446,60.978296040293785
1256.5513102620525,60.979619562693806
1257.3414682936586,60.980950513884515
1258.1316263252652,60.98228894929441
1258.9217843568713,60.983634924873506
1259.7119423884778,60.984988497099295
1260.502100420084,60.98634972298273
1261.2922584516905,60.98771866007431
1262.0824164832966,60.98909536647023
1262.8725745149031,60.99047990081867
1263.6627325465092,60.99187232232609
1264.4528905781158,60.993272690763675
1265.2430486097219,60.99468106647381
1266.0332066413284,60.9960975103767
1266.8233646729345,60.99752208397704
1267.613522704541,60.99895484937078
1268.4036807361472,61.00039586925203
1269.1938387677537,61.00184520691994
1269.9839967993598,61.003302926285826
1270.774154830966,61.0047690918803
1271.5643128625725,61.006243768860486
1272.3544708941786,61.007727023017424
1273.1446289257851,61.00921892078346
1273.9347869573912,61.01071952923985
1274.7249449889978,61.01222891612436
1275.5151030206039,61.01374714983908
1276.3052610522104,61.01527429945826
1277.0954190838165,61.01681043473632
1277.885577115423,61.018355626115905
1278.6757351470292,61.01990994473609
1279.4658931786357,61.02147346244074
1280.2560512102418,61.02304625178689
1281.0462092418484,61.02462838605335
1281.8363672734545,61.02621993924933
1282.626525305061,61.027820986123274
1283.4166833366671,61.029431602171755
1284.2068413682737,61.031051863648536
1284.9969993998798,61.03268184757374
1285.7871574314863,61.034321631743154
1286.5773154630924,61.03597129473768
1287.367473494699,61.03763091593287
1288.157631526305,61.0393005755087
1288.9477895579116,61.040980354459364
1289.7379475895177,61.04267033460329
1290.5281056211243,61.04437059859326
1291.3182636527304,61.04608122992672
1292.108421684337,61.04780231295618
1292.898579715943,61.049533932899806
1293.6887377475496,61.05127617585218
1294.4788957791557,61.05302912879513
1295.2690538107622,61.05479287960886
1296.0592118423683,61.056567517083096
1296.8493698739749,61.0583531309285
1297.639527905581,61.06014981178821
1298.4296859371875,61.06195765124952
1299.2198439687936,61.063776741855825
1300.0100020004002,61.06560717711865
1300.8001600320063,61.06744905152986
1301.5903180636128,61.069302460574164
1302.380476095219,61.071167500741645
1303.1706341268255,61.07304426954059
1303.9607921584316,61.07493286551048
1304.750950190038,61.07683338823517
1305.5411082216442,61.078745938356256
1306.3312662532508,61.08067061758666
1307.1214242848569,61.082607528724445
1307.9115823164634,61.08455677566676
1308.7017403480695,61.086518463424085
1309.491898379676,61.08849269813464
1310.2820564112822,61.09047958707902
1311.0722144428887,61.09247923869506
1311.8623724744948,61.094491762592966
1312.6525305061014,61.096517269570576
1313.4426885377075,61.09855587162895
1314.232846569314,61.10060768198819
1315.02300460092,61.102672815103425
1315.8131626325267,61.104751386681166
1316.6033206641328,61.1068435136958
1317.3934786957393,61.10894931440642
1318.1836367273454,61.11106890837386
1318.973794758952,61.11320241647803
1319.763952790558,61.11534996093554
1320.5541108221646,61.11751166531752
1321.3442688537707,61.11968765456785
1322.1344268853773,61.12187805502151
1322.9245849169833,61.12408299442339
1323.71474294859,61.12630260194727
1324.504900980196,61.12853700821518
1325.295059011802,61.13078634531702
1326.0852170434086,61.133050746830506
1326.8753750750147,61.13533034784145
1327.6655331066213,61.13762528496436
1328.4556911382274,61.13993569636332
1329.245849169834,61.142261721773316
1330.03600720144,61.14460350252179
1330.8261652330466,61.14696118155061
1331.6163232646527,61.149334903438366
1332.4064812962592,61.15172481442306
1333.1966393278653,61.15413106242513
1333.986797359472,61.15655379707086
1334.776955391078,61.15899316971619
1335.5671134226845,61.1614493334709
1336.3572714542906,61.16392244322318
1337.1474294858972,61.16641265566465
1337.9375875175033,61.16892012931575
1338.7277455491098,61.17144502455155
1339.517903580716,61.17398750362802
1340.3080616123225,61.17654773070871
1341.0982196439286,61.179125871891884
1341.8883776755351,61.181722095238115
1342.6785357071412,61.18433657079833
1343.4686937387478,61.18696947064233
1344.2588517703539,61.18962096888781
1345.0490098019604,61.192291241729805
1345.8391678335665,61.19498046747075
1346.629325865173,61.1976888265509
1347.4194838967792,61.20041650157944
1348.2096419283857,61.203163677365936
1348.9997999599918,61.205930540952494
1349.7899579915984,61.20871728164638
1350.5801160232045,61.2115240910532
1351.370274054811,61.21435116311069
1352.1604320864171,61.21719869412306
1352.9505901180237,61.220066882795955
1353.7407481496298,61.22295593027198
1354.5309061812363,61.22586604016693
1355.3210642128424,61.22879741860653
1356.111222244449,61.231750274263945
1356.901380276055,61.23472481839784
1357.6915383076616,61.237721264891185
1358.4816963392677,61.24073983029072
1359.2718543708743,61.24378073384709
1360.0620124024804,61.24684419755572
1360.852170434087,61.24993044619844
1361.642328465693,61.2530397073858
1362.4324864972996,61.25617221160016
1363.2226445289057,61.259328192239565
1364.0128025605122,61.26250788566241
1364.8029605921183,61.26571153123289
1365.5931186237249,61.268939371367274
1366.383276655331,61.27219165158103
1367.1734346869375,61.27546862053681
1367.9635927185436,61.278770530093276
1368.7537507501502,61.28209763535483
1369.5439087817563,61.28545019472231
1370.3340668133628,61.28882846994452
1371.124224844969,61.292232726170774
1371.9143828765755,61.295663232004415
1372.7045409081816,61.29912025955726
1373.4946989397881,61.30260408450513
1374.2848569713942,61.30611498614435
1375.0750150030008,61.30965324744938
1375.8651730346069,61.313219155131435
1376.6553310662134,61.31681299969826
1377.4454890978195,61.32043507551501
1378.235647129426,61.32408568086631
1379.0258051610322,61.32776511801944
1379.8159631926383,61.33147369328875
1380.6061212242448,61.33521171710129
1381.396279255851,61.338979504063694
1382.1864372874575,61.34277737303035
1382.9765953190636,61.346605647172886
1383.7667533506701,61.35046465405094
1384.5569113822762,61.354354725684374
1385.3470694138828,61.35827619862682
1386.1372274454889,61.3622294140407
1386.9273854770954,61.366214717773666
1387.7175435087015,61.37023246043657
1388.507701540308,61.37428299748292
1389.2978595719142,61.37836668928995
1390.0880176035207,61.3824839012412
1390.8781756351268,61.386635003810845
1391.6683336667334,61.39082037264957
1392.4584916983395,61.39504038867225
1393.248649729946,61.39929543814732
1394.038807761552,61.40358591278794
1394.8289657931587,61.40791220984501
1395.6191238247648,61.412274732202015
1396.4092818563713,61.41667388847185
1397.1994398879774,61.42111009309548
1397.989597919584,61.425583766442756
1398.77975595119,61.43009533491516
1399.5699139827966,61.434645231050695
1400.3600720144027,61.439233893630934
1401.1502300460093,61.44386176779021
1401.9403880776154,61.44852930512714
1402.730546109222,61.453236963818355
1403.520704140828,61.45798520873468
1404.3108621724346,61.46277451155964
1405.1010202040407,61.46760535091051
1405.8911782356472,61.47247821246185
1406.6813362672533,61.47739358907163
1407.4714942988599,61.48235198091007
1408.261652330466,61.48735389559107
1409.0518103620725,61.49239984830659
1409.8419683936786,61.49749036196373
1410.6321264252852,61.502625967324825
1411.4222844568912,61.507807203150506
1412.2124424884978,61.51303461634581
1413.002600520104,61.51830876210947
1413.7927585517104,61.523630204086366
1414.5829165833165,61.52899951452335
1415.373074614923,61.53441727442839
1416.1632326465292,61.539884073733226
1416.9533906781357,61.54540051145953
1417.7435487097418,61.55096719588879
1418.5337067413484,61.5565847447358
1419.3238647729545,61.562253785326135
1420.114022804561,61.56797495477744
1420.9041808361671,61.57374890018476
1421.6943388677737,61.579576278810066
1422.4844968993798,61.58545775827593
1423.2746549309863,61.59139401676363
1424.0648129625924,61.597385743215604
1424.854970994199,61.60343363754263
1425.645129025805,61.60953841083551
1426.4352870574116,61.61570078558175
1427.2254450890177,61.621921495887044
1428.0156031206243,61.628201287701906
1428.8057611522304,61.63454091905347
1429.595919183837,61.64094116028263
1430.386077215443,61.647402794286684
1431.1762352470496,61.65392661676761
1431.9663932786557,61.66051343648606
1432.7565513102618,61.667164075521384
1433.5467093418683,61.67387936953765
1434.3368673734744,61.680660168056
1435.127025405081,61.6875073347334
1435.917183436687,61.694421747647944
1436.7073414682936,61.70140429959106
1437.4974994998997,61.70845589836655
1438.2876575315063,61.71557746709689
1439.0778155631124,61.722769944536815
1439.867973594719,61.73003428539452
1440.658131626325,61.73737146066056
1441.4482896579316,61.74478245794485
1442.2384476895377,61.75226828182173
1443.0286057211442,61.75982995418357
1443.8187637527503,61.767468514603046
1444.6089217843569,61.77518502070427
1445.399079815963,61.782980548543165
1446.1892378475695,61.79085619299725
1446.9793958791756,61.79881306816512
1447.7695539107822,61.806852307775905
1448.5597119423883,61.81497506560905
1449.3498699739948,61.82318251592459
1450.140028005601,61.83147585390436
1450.9301860372075,61.83985629610433
1451.7203440688136,61.848325080918535
1452.5105021004201,61.85688346905481
1453.3006601320262,61.86553274402268
1454.0908181636328,61.87427421263397
1454.8809761952389,61.88310920551615
1455.6711342268454,61.892039077639154
1456.4612922584515,61.90106520885584
1457.251450290058,61.91018900445661
1458.0416083216642,61.919411895738556
1458.8317663532707,61.92873534058965
1459.6219243848768,61.93816082408828
1460.4120824164834,61.94768985911886
1461.2022404480895,61.95732398700371
1461.992398479696,61.96706477815188
1462.7825565113021,61.97691383272544
1463.5727145429087,61.98687278132371
1464.3628725745148,61.99694328568599
1465.1530306061213,62.00712703941344
1465.9431886377274,62.01742576871065
1466.733346669334,62.02784123314748
1467.52350470094,62.0383752264419
1468.3136627325466,62.04902957726449
1469.1038207641527,62.05980615006513
1469.8939787957593,62.070706845922864
1470.6841368273654,62.08173360341937
1471.474294858972,62.092888399537095
1472.264452890578,62.10417325058257
1473.0546109221846,62.11559021313599
1473.8447689537907,62.127141385027635
1474.6349269853972,62.13882890634235
1475.4250850170033,62.15065496045258
1476.2152430486099,62.16262177508134
1477.005401080216,62.17473162339577
1477.7955591118225,62.186986825132514
1478.5857171434286,62.199389747755774
1479.3758751750352,62.211942807649436
1480.1660332066413,62.22464847134405
1480.9561912382478,62.23750925678017
1481.746349269854,62.25052773460904
1482.5365073014605,62.26370652953208
1483.3266653330666,62.277048321680354
1484.116823364673,62.29055584803555
1484.9069813962792,62.3042319038937
1485.6971394278858,62.31807934437338
1486.4872974594919,62.33210108596965
1487.277455491098,62.3463001081556
1488.0676135227045,62.36067945503304
1488.8577715543106,62.37524223703395
1489.6479295859172,62.38999163267481
1490.4380876175233,62.404930890365364
1491.2282456491298,62.42006333027398
1492.018403680736,62.435392346251504
1492.8085617123425,62.45092140781578
1493.5987197439485,62.466654062199034
1494.388877775555,62.48259393646042
1495.1790358071612,62.498744739666016
1495.9691938387678,62.51511026513888
1496.7593518703738,62.53169439278163
1497.5495099019804,62.548501091474336
1498.3396679335865,62.565534421550396
1499.129825965193,62.58279853735349
1499.9199839967991,62.600297689878424
1500.7101420284057,62.618036229499296
1501.5003000600118,62.636018608787964
1502.2904580916183,62.654249385426645
1503.0806161232244,62.672733225217826
1503.870774154831,62.691474905195605
1504.660932186437,62.71047931684199
1505.4510902180436,62.7297514694127
1506.2412482496497,62.749296493376136
1507.0314062812563,62.76911964397056
1507.8215643128624,62.78922630488362
1508.611722344469,62.80962199205939
1509.401880376075,62.830312357637744
1510.1920384076816,62.8513031940316
1510.9821964392877,62.87260043814718
1511.7723544708942,62.89421017575346
1512.5625125025003,62.916138646006445
1513.352670534107,62.93839224613492
1514.142828565713,62.960977536293846
1514.9329865973195,62.98390124459277
1515.7231446289256,63.007170272305885
1516.5133026605322,63.03079169927181
1517.3034606921383,63.05477278949051
1518.0936187237448,63.079120996925944
1518.883776755351,63.10384397152276
1519.6739347869575,63.128949565446355
1520.4640928185636,63.15444583955547
1521.2542508501701,63.18034107011751
1522.0444088817762,63.206643755776604
1522.8345669133828,63.233362624785734
1523.6247249449889,63.26050664251376
1524.4148829765954,63.288085019239844
1525.2050410082015,63.31610721824722
1525.995199039808,63.34458296422998
1526.7853570714142,63.37352225202611
1527.5755151030207,63.40293535569167
1528.3656731346268,63.43283283793074
1529.1558311662334,63.463225559897644
1529.9459891978395,63.49412469138738
1530.736147229446,63.52554172143252
1531.5263052610521,63.557488469324184
1532.3164632926587,63.5899770960771
1533.1066213242648,63.62302011635832
1533.8967793558713,63.65663041090147
1534.6869373874774,63.690821239428374
1535.477095419084,63.725606254102004
1536.26725345069,63.76099951353496
1537.0574114822966,63.79701549737995
1537.8475695139027,63.83366912152896
1538.6377275455093,63.87097575395047
1539.4278855771154,63.908951231194095
1540.218043608722,63.94761187559531
1541.008201640328,63.98697451321256
1541.7983596719341,64.02705649253298
1542.5885177035407,64.06787570398274
1543.3786757351468,64.1094506002814
1544.1688337667533,64.15180021768124
1544.9589917983594,64.19494419813418
1545.749149829966,64.23890281243229
1546.539307861572,64.28369698436889
1547.3294658931786,64.3293483159714
1548.1196239247847,64.37587911385776
1548.9097819563913,64.42331241677334
1549.6999399879974,64.47167202436592
1550.490098019604,64.52098252726144
1551.28025605121,64.57126933850498
1552.0704140828166,64.62255872643587
1552.8605721144227,64.67487784906874
1553.6507301460292,64.728254790057
1554.4408881776353,64.78271859631806
1555.2310462092419,64.83829931740534
1556.021204240848,64.89502804671471
1556.8113622724545,64.9529369646198
1557.6015203040606,65.01205938363309
1558.3916783356672,65.07242979569732
1559.1818363672733,65.13408392171463
1559.9719943988798,65.19705876342856
1560.762152430486,65.26139265777799
1561.5523104620925,65.32712533385008
1562.3424684936986,65.39429797256325
1563.132626525305,65.46295326922039
1563.9227845569112,65.53313549907652
1564.7129425885178,65.60489058607477
1565.5031006201239,65.67826617490896
1566.2932586517304,65.75331170658129
1567.0834166833365,65.83007849762821
1567.873574714943,65.9086198231979
1568.6637327465492,65.98899100416783
1569.4538907781557,66.07124949850112
1570.2440488097618,66.15545499704552
1571.0342068413684,66.24166952398882
1571.8243648729745,66.32995754218888
1572.614522904581,66.4203860636069
1573.404680936187,66.51302476507469
1574.1948389677937,66.60794610963686
1574.9849969993998,66.70522547370948
1575.7751550310063,66.80494128030415
1576.5653130626124,66.90717513856552
1577.355471094219,67.0120119898738
1578.145629125825,67.11954026075949
1578.9357871574316,67.22985202287659
1579.7259451890377,67.34304316026987
1580.5161032206443,67.45921354416501
1581.3062612522504,67.57846721549102
1582.096419283857,67.70091257532889
1582.886577315463,67.82666258344874
1583.6767353470696,67.9558349650698
1584.4668933786756,68.08855242593066
1585.2570514102822,68.22494287571077
1586.0472094418883,68.36513965977643
1586.8373674734949,68.50928179915395
1587.627525505101,68.65751423853705
1588.4176835367075,68.8099881020326
1589.2078415683136,68.96686095621588
1589.9979995999201,69.1282970799219
1590.7881576315262,69.29446774001752
1591.5783156631328,69.46555147220074
1592.368473694739,69.64173436562852
1593.1586317263454,69.82321034990674
1593.9487897579515,70.0101814826539
1594.7389477895576,70.20285823549395
1595.5291058211642,70.40145977591462
1596.3192638527703,70.60621424196403
1597.1094218843768,70.81735900622587
1597.899579915983,71.0351409249155
1598.6897379475895,71.25981656727558
1599.4798959791956,71.49165241969969
1600.2700540108021,71.73092505819552
1601.0602120424082,71.97792128188433
1601.8503700740148,72.23293819925075
1602.640528105621,72.4962832577715
1603.4306861372274,72.76827420640333
1604.2208441688335,73.04923897916943
1605.01100220044,73.3395154867887
1605.8011602320462,73.63945130193365
1606.5913182636527,73.94940322232236
1607.3814762952588,74.26973669444408
1608.1716343268654,74.60082507935714
1608.9617923584715,74.94304874067738
1609.751950390078,75.2967939336917
1610.5421084216841,75.66245147349505
1611.3322664532907,76.04041515927808
1612.1224244848968,76.4310799314133
1612.9125825165033,76.83483973794424
1613.7027405481094,77.25208508751375
1614.492898579716,77.68320026684043
1615.283056611322,78.12856020261961
1616.0732146429286,78.5885269503599
1616.8633726745347,79.06344579622717
1617.6535307061413,79.55364096262326
1618.4436887377474,80.05941091401814
1619.233846769354,80.58102326662792
1620.02400480096,81.11870931387948
1620.8141628325666,81.67265818932745
1621.6043208641727,82.2430106997001
1622.3944788957792,82.82985287306742
1623.1846369273853,83.4332092805442
1623.9747949589919,84.05303620436662
1624.764952990598,84.68921474027059
1625.5551110222045,85.3415439376086
1626.3452690538106,86.00973409607948
1627.1354270854172,86.69340035290888
1627.9255851170233,87.3920567081757
1628.7157431486298,88.10511064819764
1629.505901180236,88.8318585367211
1630.2960592118425,89.5714819505143
1631.0862172434486,90.3230451390483
1631.8763752750551,91.0854937867059
1632.6665333066612,91.85765524967061
1633.4566913382678,92.63824042790833
1634.2468493698739,93.42584741496005
1635.0370074014804,94.21896704449864
1635.8271654330865,95.01599042261265
1636.617323464693,95.81521849886533
1637.4074814962992,96.61487368764179
1638.1976395279057,97.41311350493655
1638.9877975595118,98.2080461353609
1639.7779555911184,98.99774779105624
1640.5681136227245,99.7802816696736
1641.358271654331,100.5537182643169
1642.1484296859371,101.31615672596664
1642.9385877175437,102.06574693032854
1643.7287457491498,102.80071185799531
1644.5189037807563,103.51936986116735
1645.3090618123624,104.22015636346592
1646.099219843969,104.90164452314791
1646.889377875575,105.56256438533947
1647.6795359071816,106.20182005668335
1648.4696939387877,106.81850445637242
1649.2598519703938,107.4119112310483
1650.0500100020004,107.9815434669664
1650.8401680336065,108.52711889040597
1651.630326065213,109.04857131523084
1652.420484096819,109.54604817316422
1653.2106421284257,110.01990404582948
1654.0008001600318,110.47069020567649
1654.7909581916383,110.89914026329294
1655.5811162232444,111.30615210878202
1656.371274254851,111.69276642252862
1657.161432286457,112.06014211336944
1657.9515903180636,112.40952911783069
1658.7417483496697,112.74223906069898
1659.5319063812763,113.05961433315242
1660.3220644128824,113.36299618860986
1661.112222444489,113.65369248741746
1661.902380476095,113.93294573878646
1662.6925385077016,114.20190209177538
1663.4826965393077,114.46158191654334
1664.2728545709142,114.71285259296322
1665.0630126025203,114.95640408651116
1665.8531706341269,115.19272784201642
1666.643328665733,115.42209946533754
1667.4334866973395,115.64456559257195
1668.2236447289456,115.85993526730243
1669.0138027605522,116.06777606014376
1669.8039607921583,116.26741507301594
1670.5941188237648,116.45794487484687
1671.384276855371,116.63823431752205
1672.1744348869775,116.80694408273283
1672.9645929185835,116.96254671379396
1673.75475095019,117.10335079350116
1674.5449089817962,117.22752884162293
1675.3350670134027,117.33314842567685
1676.1252250450088,117.41820590811834
1676.9153830766154,117.4806621938246
1677.7055411082215,117.51847979542256
1678.495699139828,117.52966050206079
1679.2858571714341,117.5122829207921
1680.0760152030407,117.46453915964416
1680.8661732346468,117.38476993810016
1681.6563312662533,117.27149744404244
1682.4464892978594,117.12345530569695
1683.236647329466,116.93961511171862
1684.026805361072,116.7192089907658
1684.8169633926786,116.46174785173301
1685.6071214242847,116.16703498487979
1686.3972794558913,115.8351748296669
1687.1874374874974,115.46657682425759
1687.977595519104,115.06195436123284
1688.76775355071,114.62231898102276
1689.5579115823166,114.14897003580961
1690.3480696139227,113.6434801494444
1691.1382276455292,113.10767688069345
1691.9283856771353,112.54362106586478
1692.718543708742,111.95358237089545
1693.508701740348,111.34001262130556
1694.2988597719545,110.70551750046695
1695.0890178035606,110.05282721252475
1695.8791758351672,109.38476669656161
1696.6693338667733,108.70422595437962
1697.4594918983798,108.01413101701613
1698.249649929986,107.31741602676416
1699.0398079615925,106.61699685404801
1699.8299659931986,105.91574660438849
1700.6201240248051,105.21647330211056
1701.4102820564112,104.52189996679598
1702.2004400880178,103.834647227861
1702.9905981196239,103.15721855412869
1703.78075615123,102.49198811052588
1704.5709141828365,101.84119119461651
1705.3610722144426,101.2069171526583
1706.1512302460492,100.59110462910589
1706.9413882776553,99.99553896549003
1707.7315463092618,99.42185153454088
1708.521704340868,98.87152077330575
1709.3118623724745,98.34587466446322
1710.1020204040806,97.84609440765512
1710.8921784356871,97.37321902174293
1711.6823364672932,96.92815062379508
1712.4724944988998,96.51166014047888
1713.2626525305059,96.12439322164212
1714.0528105621124,95.76687614338181
1714.8429685937185,95.43952150815376
1715.633126625325,95.14263357175412
1716.4232846569312,94.8764130507877
1717.2134426885377,94.64096128898669
1718.0036007201438,94.43628368610976
1718.7937587517504,94.26229231878
1719.5839167833565,94.11880770831195
1720.374074814963,94.0055597161188
1721.1642328465691,93.92218757257751
1721.9543908781757,93.8682390701218
1722.7445489097818,93.84316897574936
1723.5347069413883,93.84633674192162
1724.3248649729944,93.87700361786901
1725.115023004601,93.9343292853737
1725.905181036207,94.01736816392423
1726.6953390678136,94.12506554939853
1727.4854970994197,94.25625376772442
1728.2756551310263,94.40964853982811
1729.0658131626324,94.58384576608995
1729.855971194239,94.77731894691377
1730.646129225845,94.98841746029836
1731.4362872574516,95.2153659169023
1732.2264452890577,95.45626480746219
1733.0166033206642,95.70909264611053
1733.8067613522703,95.9717097957533
1734.5969193838769,96.24186413802187
1735.387077415483,96.5171987203401
1736.1772354470895,96.79526147654565
1736.9673934786956,97.07351707564712
1737.7575515103022,97.34936090637015
1738.5477095419083,97.62013515401406
1739.3378675735148,97.8831468719945
1740.128025605121,98.13568789462434
1740.9181836367275,98.37505638178982
1741.7083416683336,98.59857973188865
1742.49849969994,98.80363854855344
1743.2886577315462,98.9876913010709
1744.0788157631528,99.14829927983094
1744.8689737947589,99.28315141820731
1745.6591318263654,99.3900885324372
1746.4492898579715,99.46712652245861
1747.239447889578,99.51247808009595
1748.0296059211842,99.52457246684818
1748.8197639527907,99.50207295180599
1749.6099219843968,99.4438915404181
1750.4000800160034,99.34920067601098
1751.1902380476095,99.21744165679118
1751.980396079216,99.04832957978752
1752.770554110822,98.84185469778367
1753.5607121424287,98.59828015345221
1754.3508701740348,98.31813613422428
1755.1410282056413,98.00221056941513
1755.9311862372474,97.65153656538786
1756.7213442688535,97.26737684278035
1757.51150230046,96.85120550005414
1758.3016603320661,96.40468747812852
1759.0918183636727,95.92965614033048
1759.8819763952788,95.4280894094525
1760.6721344268853,94.902084918886
1761.4622924584914,94.35383463765933
1762.252450490098,93.78559942013587
1763.042608521704,93.19968391102816
1763.8327665533106,92.59841220636676
1764.6229245849167,91.98410463266032
1765.4130826165233,91.35905596127552
1766.2032406481294,90.72551532491624
1766.993398679736,90.08566804973461
1767.783556711342,89.44161956194745
1768.5737147429486,88.79538147347591
1769.3638727745547,88.14885989871158
1770.1540308061612,87.50384600529904
1770.9441888377673,86.86200875702106
1771.734346869374,86.22488976724985
1772.52450490098,85.59390014768502
1773.3146629325865,84.97031920949081
1774.1048209641926,84.35529485267648
1774.8949789957992,83.74984546443281
1775.6851370274053,83.15486313794324
1776.4752950590118,82.571118019391
1777.265453090618,81.99926359200839
1778.0556111222245,81.43984271132447
1778.8457691538306,80.89329421465729
1779.6359271854371,80.35995993956764
1780.4260852170432,79.84009199983214
1781.2162432486498,79.33386018275391
1782.006401280256,78.84135934778301
1782.7965593118624,78.36261672283945
1783.5867173434685,77.89759901102795
1784.376875375075,77.44621923613896
1785.1670334066812,77.00834327020623
1785.9571914382877,76.58379600013095
1786.7473494698938,76.1723671028931
1787.5375075015004,75.77381640998371
1788.3276655331065,75.38787885143206
1789.117823564713,75.01426897810911
1789.9079815963191,74.652685067969
1790.6981396279257,74.30281282755645
1791.4882976595318,73.96432870461541
1792.2784556911383,73.63690283103438
1793.0686137227444,73.32020161783147
1793.858771754351,73.01389002548643
1794.648929785957,72.7176335338373
1795.4390878175636,72.43109983604431
1796.2292458491697,72.15396028093716
1797.0194038807763,71.88589108745788
1797.8095619123824,71.62657435402524
1798.599719943989,71.37569888450963
1799.389877975595,71.13296085123427
1800.1800360072016,70.8980643140232
1800.9701940388077,70.67072161288763
1801.7603520704142,70.45065365048005
1802.5505101020203,70.23759007902105
1803.3406681336269,70.03126940500081
1804.130826165233,69.8314390236331
1804.9209841968395,69.63785519376913
1805.7111422284456,69.45028296280852
1806.5013002600522,69.26849605004139
1807.2914582916583,69.09227669585623
1808.0816163232648,68.9214154833226
1808.871774354871,68.75571113783005
1809.6619323864775,68.5949703097057
1810.4520904180836,68.43900734406431
1811.2422484496897,68.2876440415365
1812.0324064812962,68.14070941299104
1812.8225645129023,67.9980394308905
1813.6127225445089,67.85947677950385
1814.402880576115,67.72487060583622
1815.1930386077215,67.5940762728134
1815.9831966393276,67.46695511598611
1816.7733546709342,67.34337420477353
1817.5635127025403,67.22320610906309
1818.3536707341468,67.10632867180055
1819.143828765753,66.99262478805701
1819.9339867973595,66.88198219092463
1820.7241448289656,66.77429324448731
1821.5143028605721,66.66945474401555
1822.3044608921782,66.56736772346133
1823.0946189237848,66.46793727026034
1823.8847769553909,66.37107234739864
1824.6749349869974,66.27668562265428
1825.4650930186035,66.18469330489238
1826.25525105021,66.09501498726073
1827.0454090818162,66.00757349711418
1827.8355671134227,65.92229475247613
1828.6257251450288,65.83910762483627
1829.4158831766354,65.7579438080717
1830.2060412082415,65.67873769327649
1830.996199239848,65.60142624927828
1831.786357271454,65.52594890862298
1832.5765153030607,65.45224745880661
1833.3666733346668,65.38026593853847
1834.1568313662733,65.309950538821
1834.9469893978794,65.24124950863815
1835.737147429486,65.17411306504773
1836.527305461092,65.10849330748051
1837.3174634926986,65.04434413605333
1838.1076215243047,64.98162117371183
1838.8977795559113,64.92028169202325
1839.6879375875174,64.86028454044833
1840.478095619124,64.80159007892608
1841.26825365073,64.74416011361437
1842.0584116823366,64.68795783563354
1842.8485697139427,64.63294776266906
1843.6387277455492,64.57909568329366
1844.4288857771553,64.52636860387767
1845.2190438087619,64.47473469796041
1846.009201840368,64.42416325796329
1846.7993598719745,64.3746246491292
1847.5895179035806,64.32609026558008
1848.3796759351872,64.27853248838785
1849.1698339667932,64.23192464556116
1849.9599919983998,64.186240973853
1850.750150030006,64.14145658230107
1851.5403080616124,64.0975474174152
1852.3304660932185,64.05449022993221
1853.120624124825,64.01226254306103
1853.9107821564312,63.97084262214616
1854.7009401880377,63.930209445679886
1855.4910982196438,63.89034267759848
1856.2812562512504,63.85122264079968
1857.0714142828565,63.81283029182307
1857.861572314463,63.775147196636794
1858.6517303460691,63.73815550747817
1859.4418883776757,63.70183794069703
1860.2320464092818,63.66617775555476
1861.0222044408883,63.631158733932786
1861.8123624724944,63.59676516090811
1862.602520504101,63.562981806154404
1863.392678535707,63.529793906130266
1864.1828365673132,63.49718714701724
1864.9729945989197,63.46514764837304
1865.7631526305258,63.43366194746646
1866.5533106621324,63.402716984262206
1867.3434686937385,63.37230008702609
1868.133626725345,63.342398958521485
1868.9237847569511,63.313001662770525
1869.7139427885577,63.28409661235372
1870.5041008201638,63.25567255622407
1871.2942588517703,63.22771856801185
1872.0844168833764,63.20022403479851
1872.874574914983,63.17317864633808
1873.664732946589,63.146572384706644
1874.4548909781956,63.12039551436032
1875.2450490098017,63.09463857258407
1876.0352070414083,63.069292360313824
1876.8253650730144,63.04434793331575
1877.615523104621,63.01979659370678
1878.405681136227,62.99562988180188
1879.1958391678336,62.9718395682736
1879.9859971994397,62.94841764661068
1880.7761552310462,62.92535632586263
1881.5663132626523,62.902648023658344
1882.3564712942589,62.880285359486784
1883.146629325865,62.858261148228955
1883.9367873574715,62.83656839393017
1884.7269453890776,62.81520028380306
1885.5171034206842,62.79415018245102
1886.3072614522903,62.77341162630367
1887.0974194838968,62.75297831825477
1887.887577515503,62.73284412249501
1888.6777355471095,62.713003059531005
1889.4678935787156,62.69344930138342
1890.2580516103221,62.674177166956504
1891.0482096419282,62.65518111757256
1891.8383676735348,62.6364557526642
1892.6285257051409,62.617995805618484
1893.4186837367474,62.59979613976664
1894.2088417683535,62.581851744513656
1894.99899979996,62.5641577316022
1895.7891578315662,62.54670933150562
1896.5793158631727,62.529501889944804
1897.3694738947788,62.51253086452441
1898.1596319263854,62.495791821483344
1898.9497899579915,62.479280432555555
1899.739947989598,62.462992471936516
1900.5301060212041,62.44692381335164
1901.3202640528107,62.431070427222465
1902.1104220844168,62.41542837792717
1902.9005801160233,62.399993821151625
1903.6907381476294,62.38476300132771
1904.480896179236,62.36973224915556
1905.271054210842,62.3548979792067
1906.0612122424486,62.34025668760486
1906.8513702740547,62.32580494978194
1907.6415283056613,62.31153941830594
1908.4316863372674,62.29745682077864
1909.221844368874,62.28355395780008
1910.01200240048,62.26982770099782
1910.8021604320866,62.25627499111825
1911.5923184636927,62.24289283617803
1912.3824764952992,62.22967830967329
1913.1726345269053,62.2166285488447
1913.9627925585119,62.20374075299623
1914.752950590118,62.191012181865894
1915.5431086217245,62.17844015404651
1916.3332666533306,62.16602204545486
1917.1234246849372,62.15375528784731
1917.9135827165433,62.141637367380646
1918.7037407481494,62.12966582321617
1919.493898779756,62.117838246165846
1920.284056811362,62.10615227737897
1921.0742148429686,62.09460560706787
1921.8643728745747,62.08319597327152
1922.6545309061812,62.07192116065555
1923.4446889377873,62.06077899934764
1924.2348469693939,62.04976736380692
1925.025005001,62.03888417172643
1925.8151630326065,62.02812738296728
1926.6053210642126,62.017494998523794
1927.3954790958192,62.0069850595183
1928.1856371274253,61.996595646224776
1928.9757951590318,61.98632487712031
1929.765953190638,61.976170907963635
1930.5561112222445,61.966131930899515
1931.3462692538506,61.95620617358861
1932.136427285457,61.946391898361554
1932.9265853170632,61.936687401396775
1933.7167433486698,61.92709101192118
1934.5069013802758,61.91760109143293
1935.2970594118824,61.908216032945724
1936.0872174434885,61.89893426025384
1936.877375475095,61.88975422721724
1937.6675335067011,61.880674417066224
1938.4576915383077,61.871693341724914
1939.2478495699138,61.86280954115306
1940.0380076015203,61.854021582705556
1940.8281656331264,61.8453280605091
1941.618323664733,61.83672759485555
1942.408481696339,61.82821883161143
1943.1986397279456,61.81980044164299
1943.9887977595517,61.81147112025657
1944.7789557911583,61.80322958665356
1945.5691138227644,61.79507458339971
1946.359271854371,61.787004875908224
1947.149429885977,61.77901925193633
1947.9395879175836,61.771116521094875
1948.7297459491897,61.7632955143705
1949.5199039807962,61.75555508366014
1950.3100620124023,61.747894101317456
1951.100220044009,61.740311459710746
1951.890378075615,61.73280607079214
1952.6805361072215,61.725376865677624
1953.4706941388276,61.718022794237775
1954.2608521704342,61.71074282469858
1955.0510102020403,61.70353594325237
1955.8411682336468,61.69640115367841
1956.631326265253,61.68933747697289
1957.4214842968595,61.682343950988056
1958.2116423284656,61.67541963008025
1959.0018003600721,61.66856358476657
1959.7919583916782,61.66177490138993
1960.5821164232848,61.65505268179227
1961.3722744548909,61.6483960429957
1962.1624324864974,61.641804116891336
1962.9525905181035,61.635276049935676
1963.74274854971,61.62881100285421
1964.5329065813162,61.62240815035215
1965.3230646129227,61.61606668083201
1966.1132226445288,61.609785796117976
1966.9033806761354,61.60356471118669
1967.6935387077415,61.59740265390447
1968.483696739348,61.59129886477061
1969.2738547709541,61.585252596666805
1970.0640128025607,61.579263114612296
1970.8541708341668,61.57332969552479
1971.6443288657733,61.56745162798689
1972.4344868973794,61.56162821201789
1973.2246449289855,61.55585875885084
1974.014802960592,61.550142590714735
1974.8049609921982,61.54447904062167
1975.5951190238047,61.53886745215876
1976.3852770554108,61.53330717928495
1977.1754350870174,61.52779758613219
1977.9655931186235,61.52233804681133
1978.75575115023,61.51692794522214
1979.5459091818361,61.511566674867794
1980.3360672134427,61.50625363867329
1981.1262252450488,61.500988248808056
1981.9163832766553,61.495769926512416
1982.7065413082614,61.49059810192787
1983.496699339868,61.48547221393116
1984.286857371474,61.48039170997195
1985.0770154030806,61.47535604591398
1985.8671734346867,61.47036468587985
1986.6573314662933,61.46541710209897
1987.4474894978994,61.46051277475894
1988.237647529506,61.45565119186009
1989.027805561112,61.45083184907315
1989.8179635927186,61.446054249599904
1990.6081216243247,61.441317904036964
1991.3982796559312,61.43662233024231
1992.1884376875373,61.43196705320468
1992.9785957191439,61.42735160491581
1993.76875375075,61.42277552424527
1994.5589117823565,61.41823835681792
1995.3490698139626,61.41373965489408
1996.1392278455692,61.40927897725198
1996.9293858771753,61.404855889072856
1997.7195439087818,61.40046996182829
1998.509701940388,61.39612077316999
1999.2998599719945,61.3918079068217
2000.0900180036006,61.387530952473504
2000.8801760352071,61.38328950567814
2001.6703340668132,61.379083167749556
2002.4604920984198,61.374911545663394
2003.2506501300259,61.370774251959645
2004.0408081616324,61.36667090464716
2004.8309661932385,61.36260112711012
2005.621124224845,61.358564548016425
2006.4112822564512,61.35456080122784
2007.2014402880577,61.350589525712024
2007.9915983196638,61.346650365456235
2008.7817563512704,61.34274296938279
2009.5719143828765,61.33886699126622
2010.362072414483,61.33502208965198
2011.152230446089,61.33120792777686
2011.9423884776957,61.32742417349087
2012.7325465093018,61.323670499180714
2013.5227045409083,61.31994658169473
2014.3128625725144,61.316252102269274
2015.103020604121,61.31258674645658
2015.893178635727,61.308950204053964
2016.6833366673336,61.30534216903442
2017.4734946989397,61.30176233947853
2018.2636527305463,61.298210417507725
2019.0538107621524,61.294686109218766
2019.843968793759,61.29118912461947
2020.634126825365,61.28771917756575
2021.4242848569716,61.2842759856997
2022.2144428885777,61.28085927038899
2023.0046009201842,61.27746875666731
2023.7947589517903,61.27410417317598
2024.5849169833969,61.27076525210662
2025.375075015003,61.26745172914492
2026.165233046609,61.26416334341545
2026.9553910782156,61.26089983742745
2027.7455491098217,61.25766095702173
2028.5357071414282,61.254446451318415
2029.3258651730343,61.25125607266576
2030.116023204641,61.248089576589855
2030.906181236247,61.244946721745244
2031.6963392678535,61.24182726986648
2032.4864972994596,61.23873098572054
2033.2766553310662,61.2356576370601
2034.0668133626723,61.23260699457767
2034.8569713942788,61.22957883186055
2035.647129425885,61.226572925346574
2036.4372874574915,61.22358905428071
2037.2274454890976,61.220627000672366
2038.0176035207041,61.21768654925351
2038.8077615523102,61.214767487437506
2039.5979195839168,61.2118696052787
2040.388077615523,61.20899269543271
2041.1782356471294,61.20613655311741
2041.9683936787355,61.20330097607464
2042.758551710342,61.20048576453252
2043.5487097419482,61.19769072116851
2044.3388677735547,61.19491565107305
2045.1290258051608,61.192160361713846
2045.9191838367674,61.189424662900784
2046.7093418683735,61.1867083667515
2047.49949989998,61.18401128765744
2048.289657931586,61.18133324225059
2049.0798159631927,61.178674049370755
2049.869973994799,61.1760335300334
2050.6601320264053,61.173411507398036
2051.4502900580114,61.17080780673714
2052.240448089618,61.16822225540562
2053.030606121224,61.165654682810796
2053.8207641528306,61.16310492038287
2054.6109221844367,61.16057280154593
2055.4010802160433,61.1580581616894
2056.1912382476494,61.155560838140005
2056.981396279256,61.15308067013418
2057.771554310862,61.150617498790986
2058.5617123424686,61.148171167085394
2059.3518703740747,61.14574151982211
2060.1420284056812,61.14332840360975
2060.9321864372873,61.14093166683552
2061.722344468894,61.13855115964025
2062.5125025005,61.13618673389386
2063.3026605321065,61.13383824317125
2064.0928185637126,61.131505542728554
2064.882976595319,61.129188489479816
2065.6731346269253,61.126886941974
2066.463292658532,61.12460076037242
2067.253450690138,61.122329806426514
2068.0436087217445,61.12007394345598
2068.8337667533506,61.11783303632725
2069.623924784957,61.115606951432355
2070.414082816563,61.11339555666809
2071.20424084817,61.111198721415505
2071.994398879776,61.10901631651976
2072.7845569113824,61.10684821427029
2073.5747149429885,61.10469428838128
2074.364872974595,61.10255441397242
2075.155031006201,61.100428467550024
2075.9451890378077,61.09831632698843
2076.735347069414,61.096217871511634
2077.5255051010204,61.094132981675294
2078.3156631326265,61.09206153934899
2079.105821164233,61.09000342769872
2079.895979195839,61.087958531169726
2080.686137227445,61.08592673546956
2081.4762952590518,61.08390792755143
2082.266453290658,61.08190199559775
2083.0566113222644,61.07990882900403
2083.8467693538705,61.07792831836297
2084.636927385477,61.07596035544875
2085.427085417083,61.07400483320167
2086.2172434486897,61.07206164571293
2087.007401480296,61.07013068820969
2087.7975595119024,61.06821185704034
2088.5877175435085,61.066305049660016
2089.377875575115,61.064410164616305
2090.168033606721,61.062527101535174
2090.9581916383277,61.06065576110714
2091.7483496699338,61.05879604507364
2092.5385077015403,61.05694785621353
2093.3286657331464,61.055111098329945
2094.118823764753,61.05328567623715
2094.908981796359,61.05147149574782
2095.6991398279656,61.04966846366028
2096.4892978595717,61.04787648774612
2097.2794558911783,61.04609547673787
2098.0696139227844,61.04432534031693
2098.859771954391,61.04256598910163
2099.649929985997,61.040817334635534
2100.4400880176036,61.03907928937579
2101.2302460492097,61.03735176668184
2102.020404080816,61.035634680804066
2102.8105621124223,61.033927946872836
2103.600720144029,61.03223148088751
2104.390878175635,61.030545199705756
2105.1810362072415,61.02886902103289
2105.9711942388476,61.02720286341152
2106.761352270454,61.025546646211176
2107.5515103020603,61.02390028961823
2108.341668333667,61.022263714625886
2109.131826365273,61.0206368430243
2109.9219843968795,61.019019597390916
2110.7121424284855,61.01741190108087
2111.502300460092,61.01581367821755
2112.292458491698,61.01422485368332
2113.0826165233048,61.01264535311033
2113.872774554911,61.01107510287151
2114.6629325865174,61.0095140300716
2115.4530906181235,61.007962062538446
2116.24324864973,61.006419128814265
2117.033406681336,61.004885158147154
2117.8235647129427,61.003360080482665
2118.613722744549,61.00184382645546
2119.4038807761553,61.00033632738122
2120.1940388077614,60.99883751524845
2120.984196839368,60.99734732271062
2121.774354870974,60.99586568307828
2122.5645129025806,60.994392530311316
2123.3546709341867,60.99292779901131
2124.1448289657933,60.99147142441405
2124.9349869973994,60.99002334238207
2125.725145029006,60.98858348939731
2126.515303060612,60.98715180255396
2127.3054610922186,60.98572821955129
2128.0956191238247,60.98431267868663
2128.8857771554312,60.98290511884842
2129.6759351870373,60.981505479509444
2130.466093218644,60.98011370072
2131.25625125025,60.9787297231013
2132.0464092818565,60.97735348783891
2132.8365673134626,60.975984936676234
2133.626725345069,60.974624011908176
2134.4168833766753,60.973270656374815
2135.2070414082814,60.97192481345519
2135.997199439888,60.97058642706116
2136.787357471494,60.96925544163137
2137.5775155031006,60.96793180212528
2138.3676735347067,60.966615454017244
2139.1578315663132,60.96530634329073
2139.9479895979193,60.96400441643258
2140.738147629526,60.96270962042731
2141.528305661132,60.9614219027516
2142.3184636927385,60.96014121136869
2143.1086217243446,60.95886749472302
2143.898779755951,60.957600701734805
2144.6889377875573,60.95634078179477
2145.479095819164,60.955087684758915
2146.26925385077,60.95384136094333
2147.0594118823765,60.95260176111913
2147.8495699139826,60.951368836507434
2148.639727945589,60.95014253877435
2149.429885977195,60.94892282002614
2150.220044008802,60.94770963280434
2151.010202040408,60.94650293008101
2151.8003600720144,60.945302665254005
2152.5905181036205,60.94410879214236
2153.380676135227,60.942921264981635
2154.170834166833,60.94174003841945
2154.9609921984397,60.94056506751095
2155.751150230046,60.93939630771445
2156.5413082616524,60.93823371488702
2157.3314662932585,60.93707724528019
2158.121624324865,60.935926855535726
2158.911782356471,60.93478250268138
2159.7019403880777,60.9336441441268
2160.4920984196838,60.932511737659404
2161.2822564512903,60.93138524144034
2162.0724144828964,60.930264614000514
2162.862572514503,60.92914981423662
2163.652730546109,60.92804080140726
2164.4428885777156,60.926937535129134
2165.2330466093217,60.92583997537318
2166.0232046409283,60.92474808246087
2166.8133626725344,60.923661817060506
2167.603520704141,60.922581140183546
2168.393678735747,60.92150601318101
2169.1838367673536,60.9204363977399
2169.9739947989597,60.91937225587967
2170.764152830566,60.918313549948806
2171.5543108621723,60.91726024262129
2172.344468893779,60.916212296893285
2173.134626925385,60.915169676079756
2173.9247849569915,60.91413234381116
2174.7149429885976,60.913100264030156
2175.505101020204,60.91207340098841
2176.2952590518103,60.91105171924337
2177.085417083417,60.91003518365511
2177.875575115023,60.90902375938327
2178.6657331466295,60.908017411883876
2179.4558911782356,60.907016106906404
2180.246049209842,60.90601981049071
2181.036207241448,60.90502848896408
2181.8263652730548,60.90404210893829
2182.616523304661,60.90306063730674
2183.4066813362674,60.90208404124152
2184.1968393678735,60.90111228819068
2184.98699739948,60.90014534587534
2185.777155431086,60.899183182286976
2186.5673134626927,60.898225765684685
2187.357471494299,60.89727306459249
2188.147629525905,60.89632504779665
2188.9377875575115,60.89538168434307
2189.7279455891176,60.89444294353464
2190.518103620724,60.89350879492873
2191.30826165233,60.892579208334574
2192.0984196839368,60.891654153810826
2192.888577715543,60.89073360166302
2193.6787357471494,60.88981752244118
2194.4688937787555,60.888905886937295
2195.259051810362,60.88799866618304
2196.049209841968,60.88709583144732
2196.8393678735747,60.88619735423395
2197.629525905181,60.88530320627937
2198.4196839367874,60.8844133595503
2199.2098419683934,60.88352778624154
2200.0,60.882646458773685
