time,Voltage,InjSeeded,Matisse,Diode,OPO,data
1752927162.3558,-202.00000298023224,12805.821238369692,12805.8214074146,12816.46174325418,15865.460891638904,"[[14, -1, -1], [15, -1, -1], [16, -1, -1], [17, -1, -1], [18, -1, -1], [19, -1, -1], [20, -1, -1], [21, -1, -1], [22, -1, -1], [23, -1, -1], [24, -1, -1]]"
1752927162.4668,-199.9999989271164,12805.821299817419,12805.8214074146,12816.46174325418,15865.460891638904,"[[25, -1, -1], [26, -1, -1], [27, -1, -1], [28, -1, -1], [29, -1, -1], [30, -1, -1], [31, -1, -1], [32, -1, -1], [33, -1, -1], [34, -1, -1], [35, -1, -1]]"
1752927162.5769,-197.99999487400055,12805.821299817419,12805.821412400557,12816.461755639182,15865.460891638904,"[[36, -1, -1], [37, -1, -1], [38, -1, -1], [39, -1, -1], [40, -1, -1], [41, -1, -1], [42, -1, -1], [43, -1, -1], [44, -1, -1], [45, -1, -1], [46, -1, -1]]"
1752927162.6883,-195.9999908208847,12805.821170442749,12805.821412400557,12816.461755639182,15865.460891638904,"[[47, -1, -1], [48, -1, -1], [49, -1, -1], [50, -1, -1], [51, -1, -1], [52, -1, -1], [53, -1, -1], [54, -1, -1], [55, -1, -1], [56, -1, -1], [57, -1, -1]]"
1752927162.7988,-193.99998676776886,12805.821170442749,12805.821403337462,12816.46174289784,15865.460891638904,"[[59, -1, -1], [60, -1, -1], [61, -1, -1], [62, -1, -1], [63, -1, -1], [64, -1, -1], [65, -1, -1], [66, -1, -1], [67, -1, -1], [68, -1, -1], [69, -1, -1]]"
1752927162.9083,-191.99998271465302,12805.821123212292,12805.821403337462,12816.46174289784,15865.460891638904,"[[70, -1, -1], [71, -1, -1], [72, -1, -1], [73, -1, -1], [74, -1, -1], [75, -1, -1], [76, -1, -1], [77, -1, -1], [78, -1, -1], [79, -1, -1]]"
1752927163.0173,-189.99997866153717,12805.821123212292,12805.821398049047,12816.461758085528,15865.460891638904,"[[81, -1, -1], [82, -1, -1], [83, -1, -1], [84, 1, 10955], [84, 1, 11158], [84, -1, -1], [85, -1, -1], [86, -1, -1], [87, -1, -1], [88, -1, -1], [89, -1, -1], [90, -1, -1]]"
1752927163.1283,-187.99997460842133,12805.821107204172,12805.821398049047,12816.461755531021,15865.460891638904,"[[92, -1, -1], [93, -1, -1], [94, -1, -1], [95, -1, -1], [96, -1, -1], [97, -1, -1], [98, -1, -1], [99, -1, -1], [100, -1, -1], [101, -1, -1]]"
1752927163.2383,-185.99997055530548,12805.821107204172,12805.82138837097,12816.461755531021,15865.460891638904,"[[103, -1, -1], [104, -1, -1], [105, -1, -1], [106, -1, -1], [107, -1, -1], [108, -1, -1], [109, -1, -1], [110, -1, -1], [111, -1, -1], [112, -1, -1]]"
1752927163.3489,-183.99996650218964,12805.821125718609,12805.82138837097,12816.461749705453,15865.460891638904,"[[114, -1, -1], [115, -1, -1], [116, -1, -1], [117, -1, -1], [118, -1, -1], [119, -1, -1], [120, -1, -1], [121, -1, -1], [122, -1, -1], [123, -1, -1], [124, -1, -1]]"
1752927163.4588,-181.9999624490738,12805.821125718609,12805.821402478023,12816.461749705453,15865.460891638904,"[[125, -1, -1], [126, -1, -1], [127, -1, -1], [128, -1, -1], [129, -1, -1], [130, -1, -1], [131, -1, -1], [132, -1, -1], [133, -1, -1], [134, -1, -1], [135, -1, -1]]"
1752927163.5698,-179.99995839595795,12805.82112129045,12805.821402478023,12816.461754335189,15865.460891638904,"[[136, -1, -1], [137, -1, -1], [138, -1, -1], [139, -1, -1], [140, -1, -1], [141, -1, -1], [142, -1, -1], [143, -1, -1], [144, -1, -1], [145, -1, -1], [146, -1, -1]]"
1752927163.6809,-177.9999543428421,12805.82112129045,12805.821404506554,12816.461754335189,15865.460891638904,"[[147, -1, -1], [148, -1, -1], [149, -1, -1], [150, -1, -1], [151, -1, -1], [152, -1, -1], [153, -1, -1], [154, -1, -1], [155, -1, -1], [156, -1, -1], [157, -1, -1]]"
1752927163.7909,-175.99995028972626,12805.821150149883,12805.821404506554,12816.461757166348,15865.460891638904,"[[158, -1, -1], [159, -1, -1], [160, -1, -1], [161, -1, -1], [162, -1, -1], [163, -1, -1], [164, -1, -1], [165, -1, -1], [166, -1, -1], [167, -1, -1], [168, -1, -1]]"
1752927163.9008,-173.9999462366104,12805.821150149883,12805.821419024212,12816.461757166348,15865.460891638904,"[[169, -1, -1], [170, -1, -1], [171, -1, -1], [172, -1, -1], [173, -1, -1], [174, -1, -1], [175, -1, -1], [176, -1, -1], [177, -1, -1], [178, -1, -1], [179, -1, -1]]"
1752927164.0098,-171.99994218349457,12805.82108576762,12805.821419024212,12816.461760983499,15865.460891638904,"[[180, -1, -1], [181, -1, -1], [182, -1, -1], [183, -1, -1], [184, -1, -1], [185, -1, -1], [186, -1, -1], [187, -1, -1], [188, -1, -1], [189, -1, -1], [190, -1, -1]]"
1752927164.1219,-169.99993813037872,12805.82108576762,12805.821418795906,12816.461760983499,15865.460891638904,"[[191, -1, -1], [192, -1, -1], [193, -1, -1], [194, -1, -1], [195, -1, -1], [196, -1, -1], [197, -1, -1], [198, -1, -1], [199, -1, -1], [200, -1, -1], [201, -1, -1]]"
1752927164.2318,-167.99993407726288,12805.821152879913,12805.821418795906,12816.461757235107,15865.460891638904,"[[202, -1, -1], [203, -1, -1], [204, -1, -1], [205, -1, -1], [206, -1, -1], [207, -1, -1], [208, -1, -1], [209, -1, -1], [210, -1, -1], [211, -1, -1], [212, -1, -1]]"
1752927164.3418,-165.99993002414703,12805.821100941499,12805.821411870713,12816.461757235107,15865.460891638904,"[[213, -1, -1], [214, -1, -1], [215, -1, -1], [216, -1, -1], [217, -1, -1], [218, -1, -1], [219, -1, -1], [220, -1, -1], [221, -1, -1], [222, -1, -1], [223, -1, -1]]"
1752927164.4528,-163.9999259710312,12805.821100941499,12805.821411870713,12816.461746046061,15865.460891638904,"[[224, -1, -1], [225, -1, -1], [226, -1, -1], [227, -1, -1], [228, -1, -1], [229, -1, -1], [230, -1, -1], [231, -1, -1], [232, -1, -1], [233, -1, -1], [234, -1, -1]]"
1752927164.5629,-161.99992191791534,12805.821162353934,12805.82140861659,12816.461746046061,15865.460891638904,"[[235, -1, -1], [236, -1, -1], [237, -1, -1], [238, -1, -1], [239, -1, -1], [240, -1, -1], [241, -1, -1], [242, -1, -1], [243, -1, -1], [244, -1, -1], [245, -1, -1]]"
1752927164.6738,-159.9999178647995,12805.821162353934,12805.821408841117,12816.461744813445,15865.460891638904,"[[246, -1, -1], [247, -1, -1], [248, -1, -1], [249, -1, -1], [250, -1, -1], [251, -1, -1], [252, -1, -1], [253, 1, 11269], [253, -1, -1], [254, -1, -1], [255, -1, -1], [256, -1, -1]]"
1752927164.7829,-157.99991381168365,12805.821253083293,12805.821408841117,12816.461744813445,15865.460891638904,"[[257, -1, -1], [258, -1, -1], [259, -1, -1], [260, -1, -1], [261, -1, -1], [262, -1, -1], [263, -1, -1], [264, -1, -1], [265, -1, -1], [266, -1, -1], [267, -1, -1]]"
1752927164.8938,-155.9999097585678,12805.821253083293,12805.82142110262,12816.461746569179,15865.460891638904,"[[268, -1, -1], [269, -1, -1], [270, -1, -1], [271, -1, -1], [272, -1, -1], [273, -1, -1], [274, -1, -1], [275, -1, -1], [276, -1, -1], [277, -1, -1], [278, -1, -1]]"
1752927165.0038,-153.99990570545197,12805.821080895532,12805.82142110262,12816.461746569179,15865.460891638904,"[[279, -1, -1], [280, -1, -1], [281, -1, -1], [282, -1, -1], [283, -1, -1], [284, -1, -1], [285, -1, -1], [286, -1, -1], [287, -1, -1], [288, -1, -1], [289, -1, -1]]"
1752927165.1138,-151.99990165233612,12805.821080895532,12805.8214313868,12816.461746820536,15865.460891638904,"[[290, -1, -1], [291, -1, -1], [292, -1, -1], [293, -1, -1], [294, -1, -1], [295, -1, -1], [296, -1, -1], [297, -1, -1], [298, -1, -1], [299, -1, -1], [300, -1, -1]]"
1752927165.2238,-149.99989759922028,12805.821082560948,12805.8214313868,12816.461746820536,15865.460891638904,"[[301, -1, -1], [302, -1, -1], [303, -1, -1], [304, -1, -1], [305, -1, -1], [306, -1, -1], [307, -1, -1], [308, -1, -1], [309, -1, -1], [310, -1, -1], [311, -1, -1]]"
1752927165.3348,-147.99989354610443,12805.821082560948,12805.821418680436,12816.461755573646,15865.460891638904,"[[312, -1, -1], [313, -1, -1], [314, -1, -1], [315, -1, -1], [316, -1, -1], [317, -1, -1], [318, -1, -1], [319, -1, -1], [320, 1, 12645], [320, 1, 12832], [320, -1, -1], [321, -1, -1], [322, -1, -1]]"
1752927165.4448,-145.9998894929886,12805.821065190637,12805.821418680436,12816.461755573646,15865.460891638904,"[[323, -1, -1], [324, -1, -1], [325, -1, -1], [326, -1, -1], [327, -1, -1], [328, -1, -1], [329, -1, -1], [330, -1, -1], [331, -1, -1], [332, -1, -1], [333, -1, -1]]"
1752927165.5538,-143.99988543987274,12805.821065190637,12805.82142399282,12816.461750853432,15865.460891638904,"[[334, -1, -1], [335, -1, -1], [336, -1, -1], [337, -1, -1], [338, -1, -1], [339, -1, -1], [340, -1, -1], [341, -1, -1], [342, -1, -1], [343, -1, -1], [344, -1, -1]]"
1752927165.6639,-141.9998813867569,12805.821222311355,12805.82142399282,12816.461748052834,15865.460891638904,"[[345, -1, -1], [346, -1, -1], [347, -1, -1], [348, -1, -1], [349, -1, -1], [350, -1, -1], [351, -1, -1], [352, -1, -1], [353, -1, -1], [354, -1, -1], [355, -1, -1]]"
1752927165.7748,-139.99987733364105,12805.821222311355,12805.821400955032,12816.461748052834,15865.460891638904,"[[356, -1, -1], [357, -1, -1], [358, -1, -1], [359, -1, -1], [360, -1, -1], [361, -1, -1], [362, -1, -1], [363, -1, -1], [364, -1, -1], [365, -1, -1], [366, -1, -1]]"
1752927165.8858,-137.9998732805252,12805.821251533745,12805.821400955032,12816.461744300694,15865.460891638904,"[[367, -1, -1], [368, -1, -1], [369, -1, -1], [370, -1, -1], [371, -1, -1], [372, -1, -1], [373, -1, -1], [374, -1, -1], [375, -1, -1], [376, -1, -1], [377, -1, -1]]"
1752927165.9958,-135.99986922740936,12805.821251533745,12805.82140384528,12816.461744300694,15865.460891638904,"[[378, -1, -1], [379, -1, -1], [380, -1, -1], [381, -1, -1], [382, -1, -1], [383, -1, -1], [384, -1, -1], [385, -1, -1], [386, -1, -1], [387, -1, -1], [388, -1, -1]]"
1752927166.1058,-133.99986517429352,12805.821107172473,12805.82140384528,12816.461742616073,15865.460891638904,"[[389, -1, -1], [390, -1, -1], [391, -1, -1], [392, -1, -1], [393, -1, -1], [394, -1, -1], [395, -1, -1], [396, -1, -1], [397, -1, -1], [398, -1, -1], [399, -1, -1]]"
1752927166.2173,-131.99986112117767,12805.821107172473,12805.821410432614,12816.461742616073,15865.460891638904,"[[400, -1, -1], [401, -1, -1], [402, 1, 11708], [402, 1, 11907], [402, 1, 12170], [402, -1, -1], [403, -1, -1], [404, -1, -1], [405, -1, -1], [406, -1, -1], [407, -1, -1], [408, -1, -1], [409, -1, -1], [410, -1, -1]]"
1752927166.3273,-129.99985706806183,12805.821135138958,12805.821410432614,12816.461752568906,15865.460891638904,"[[412, -1, -1], [413, -1, -1], [414, -1, -1], [415, -1, -1], [416, -1, -1], [417, -1, -1], [418, -1, -1], [419, -1, -1], [420, -1, -1], [421, -1, -1]]"
1752927166.4368,-127.99985301494598,12805.821135138958,12805.821416394569,12816.461752568906,15865.460891638904,"[[423, -1, -1], [424, -1, -1], [425, -1, -1], [426, -1, -1], [427, -1, -1], [428, -1, -1], [429, -1, -1], [430, 1, 13326], [430, 1, 13525], [430, -1, -1], [431, -1, -1], [432, -1, -1]]"
1752927166.5473,-125.99985641241074,12805.82106507364,12805.821416394569,12816.461750105005,15865.460891638904,"[[433, -1, -1], [434, -1, -1], [435, -1, -1], [436, -1, -1], [437, -1, -1], [438, -1, -1], [439, -1, -1], [440, -1, -1], [441, -1, -1], [442, -1, -1], [443, -1, -1]]"
1752927166.6594,-123.99985980987549,12805.82106507364,12805.821417464127,12816.461750105005,15865.460891638904,"[[445, -1, -1], [446, -1, -1], [447, -1, -1], [448, -1, -1], [449, -1, -1], [450, -1, -1], [451, -1, -1], [452, -1, -1], [453, 1, 9793], [453, 1, 9827], [453, 1, 10023], [453, 1, 10153], [453, -1, -1], [454, -1, -1]]"
1752927166.7688,-121.99986320734024,12805.821088638184,12805.821417464127,12816.461750570663,15865.460891638904,"[[456, -1, -1], [457, -1, -1], [458, -1, -1], [459, -1, -1], [460, -1, -1], [461, -1, -1], [462, -1, -1], [463, -1, -1], [464, -1, -1], [465, 1, 9596], [465, 1, 9630], [465, 1, 9825], [465, 1, 10154], [465, -1, -1], [466, -1, -1]]"
1752927166.8788,-119.99986660480499,12805.821151310953,12805.821425608852,12816.461750570663,15865.460891638904,"[[467, -1, -1], [468, -1, -1], [469, -1, -1], [470, -1, -1], [471, -1, -1], [472, -1, -1], [473, -1, -1], [474, -1, -1], [475, -1, -1], [476, -1, -1], [477, -1, -1]]"
1752927166.9883,-117.99987000226974,12805.821151310953,12805.821425608852,12816.46174816089,15865.460891638904,"[[478, -1, -1], [479, -1, -1], [480, -1, -1], [481, -1, -1], [482, -1, -1], [483, -1, -1], [484, -1, -1], [485, -1, -1], [486, -1, -1], [487, -1, -1]]"
1752927167.0973,-115.9998733997345,12805.82122564678,12805.821414149863,12816.46174816089,15865.460891638904,"[[489, -1, -1], [490, -1, -1], [491, -1, -1], [492, -1, -1], [493, -1, -1], [494, -1, -1], [495, -1, -1], [496, -1, -1], [497, -1, -1], [498, -1, -1]]"
1752927167.2083,-113.99987679719925,12805.82122564678,12805.821403344878,12816.46175164036,15865.460891638904,"[[500, -1, -1], [501, -1, -1], [502, -1, -1], [503, -1, -1], [504, 1, 129040], [504, 1, 129231], [504, -1, -1], [505, -1, -1], [506, -1, -1], [507, -1, -1], [508, -1, -1], [509, -1, -1]]"
1752927167.3198,-111.999880194664,12805.821057312764,12805.821403344878,12816.46175164036,15865.460891638904,"[[511, -1, -1], [512, -1, -1], [513, -1, -1], [514, -1, -1], [515, 1, 11779], [515, 1, 11978], [515, 1, 12621], [515, -1, -1], [516, -1, -1], [517, -1, -1], [518, -1, -1], [519, -1, -1], [520, -1, -1], [521, -1, -1]]"
1752927167.4288,-109.99988359212875,12805.821057312764,12805.821400887336,12816.461750975663,15865.460891638904,"[[522, 1, 10972], [522, 1, 11171], [522, 1, 11301], [522, -1, -1], [523, -1, -1], [524, -1, -1], [525, -1, -1], [526, -1, -1], [527, -1, -1], [528, -1, -1], [529, -1, -1], [530, -1, -1], [531, -1, -1], [532, -1, -1]]"
1752927167.5383,-107.9998869895935,12805.821016034573,12805.821400887336,12816.461750975663,15865.460891638904,"[[533, -1, -1], [534, -1, -1], [535, -1, -1], [536, -1, -1], [537, -1, -1], [538, -1, -1], [539, -1, -1], [540, -1, -1], [541, -1, -1], [542, -1, -1]]"
1752927167.6488,-105.99989038705826,12805.821016034573,12805.82142834558,12816.461750499811,15865.460891638904,"[[544, -1, -1], [545, -1, -1], [546, -1, -1], [547, -1, -1], [548, 1, 12988], [548, 1, 13043], [548, 1, 13219], [548, 1, 13392], [548, -1, -1], [549, -1, -1], [550, -1, -1], [551, -1, -1], [552, -1, -1], [553, -1, -1], [554, -1, -1]]"
1752927167.7618,-103.99989378452301,12805.821098108438,12805.82142834558,12816.461750499811,15865.460891638904,"[[555, -1, -1], [556, -1, -1], [557, -1, -1], [558, -1, -1], [559, -1, -1], [560, -1, -1], [561, -1, -1], [562, -1, -1], [563, -1, -1], [564, -1, -1], [565, -1, -1]]"
1752927167.8719,-101.99989718198776,12805.821098108438,12805.821419099615,12816.4617470919,15865.460891638904,"[[566, -1, -1], [567, -1, -1], [568, -1, -1], [569, -1, -1], [570, -1, -1], [571, -1, -1], [572, -1, -1], [573, -1, -1], [574, -1, -1], [575, -1, -1], [576, -1, -1]]"
1752927167.9818,-99.99990057945251,12805.821144457785,12805.821419099615,12816.4617470919,15865.460891638904,"[[577, -1, -1], [578, -1, -1], [579, -1, -1], [580, -1, -1], [581, -1, -1], [582, -1, -1], [583, -1, -1], [584, -1, -1], [585, -1, -1], [586, -1, -1], [587, -1, -1]]"
1752927168.0928,-97.99990397691727,12805.821144457785,12805.82138244555,12816.461749148408,15865.460891638904,"[[588, -1, -1], [589, -1, -1], [590, -1, -1], [591, -1, -1], [592, -1, -1], [593, -1, -1], [594, -1, -1], [595, -1, -1], [596, -1, -1], [597, -1, -1], [598, -1, -1]]"
1752927168.2048,-95.99990737438202,12805.821157859851,12805.82138244555,12816.461753289528,15865.460891638904,"[[599, -1, -1], [600, -1, -1], [601, -1, -1], [602, -1, -1], [603, -1, -1], [604, -1, -1], [605, -1, -1], [606, -1, -1], [607, -1, -1], [608, -1, -1], [609, -1, -1]]"
1752927168.3149,-93.99991077184677,12805.821157859851,12805.821390663123,12816.461753289528,15865.460891638904,"[[610, -1, -1], [611, -1, -1], [612, -1, -1], [613, -1, -1], [614, -1, -1], [615, -1, -1], [616, -1, -1], [617, -1, -1], [618, -1, -1], [619, -1, -1], [620, -1, -1]]"
1752927168.4248,-91.99991416931152,12805.821123075417,12805.821390663123,12816.461753580148,15865.460891638904,"[[621, -1, -1], [622, -1, -1], [623, -1, -1], [624, -1, -1], [625, -1, -1], [626, -1, -1], [627, -1, -1], [628, -1, -1], [629, -1, -1], [630, -1, -1], [631, -1, -1]]"
1752927168.5349,-89.99991756677628,12805.821123075417,12805.821383940143,12816.461753580148,15865.460891638904,"[[632, -1, -1], [633, -1, -1], [634, -1, -1], [635, -1, -1], [636, -1, -1], [637, -1, -1], [638, -1, -1], [639, 1, 331828], [639, -1, -1], [640, -1, -1], [641, -1, -1], [642, -1, -1]]"
1752927168.6458,-87.99992096424103,12805.820970297415,12805.821383940143,12816.461754485623,15865.460891638904,"[[643, -1, -1], [644, -1, -1], [645, -1, -1], [646, 1, 12575], [646, 1, 12766], [646, -1, -1], [647, -1, -1], [648, -1, -1], [649, -1, -1], [650, -1, -1], [651, -1, -1], [652, -1, -1], [653, -1, -1]]"
1752927168.7568,-85.99992436170578,12805.820970297415,12805.821383409519,12816.461754485623,15865.460891638904,"[[654, -1, -1], [655, -1, -1], [656, -1, -1], [657, -1, -1], [658, -1, -1], [659, -1, -1], [660, -1, -1], [661, -1, -1], [662, -1, -1], [663, -1, -1], [664, -1, -1]]"
1752927168.8668,-83.99992775917053,12805.820994441048,12805.821383409519,12816.461750193866,15865.460891638904,"[[665, 1, 10585], [665, -1, -1], [666, -1, -1], [667, 1, 10526], [667, 1, 10712], [667, -1, -1], [668, -1, -1], [669, -1, -1], [670, -1, -1], [671, -1, -1], [672, -1, -1], [673, 1, 12832], [673, 1, 13016], [673, -1, -1], [674, -1, -1], [675, -1, -1]]"
1752927168.9768,-81.99993115663528,12805.820994441048,12805.821391364101,12816.461750193866,15865.460891638904,"[[676, -1, -1], [677, -1, -1], [678, -1, -1], [679, -1, -1], [680, -1, -1], [681, -1, -1], [682, -1, -1], [683, -1, -1], [684, -1, -1], [685, -1, -1], [686, 1, 11870], [686, 1, 12068], [686, -1, -1]]"
1752927169.0888,-79.99993455410004,12805.821092556056,12805.821391364101,12816.461751509609,15865.460891638904,"[[687, -1, -1], [688, -1, -1], [689, -1, -1], [690, -1, -1], [691, -1, -1], [692, -1, -1], [693, -1, -1], [694, -1, -1], [695, -1, -1], [696, -1, -1], [697, -1, -1], [698, -1, -1]]"
1752927169.1998,-77.99993795156479,12805.821211185015,12805.821397576145,12816.461751509609,15865.460891638904,"[[699, 1, 11185], [699, 1, 11389], [699, -1, -1], [700, -1, -1], [701, -1, -1], [702, -1, -1], [703, -1, -1], [704, -1, -1], [705, 1, 11379], [705, 1, 11418], [705, 1, 11611], [705, 1, 11801], [705, -1, -1], [706, -1, -1], [707, -1, -1], [708, -1, -1], [709, -1, -1]]"
1752927169.3098,-75.99994134902954,12805.821211185015,12805.821397576145,12816.461751536795,15865.460891638904,"[[710, -1, -1], [711, -1, -1], [712, -1, -1], [713, -1, -1], [714, -1, -1], [715, 1, 11589], [715, 1, 11791], [715, 1, 11948], [715, -1, -1], [716, -1, -1], [717, -1, -1], [718, -1, -1], [719, -1, -1], [720, -1, -1]]"
1752927169.4209,-73.9999447464943,12805.821134546564,12805.821392848804,12816.461751536795,15865.460891638904,"[[721, -1, -1], [722, -1, -1], [723, -1, -1], [724, -1, -1], [725, -1, -1], [726, -1, -1], [727, -1, -1], [728, 1, 10740], [728, 1, 10939], [728, 1, 11577], [728, -1, -1], [729, -1, -1], [730, -1, -1], [731, -1, -1]]"
1752927169.5318,-71.99994814395905,12805.821134546564,12805.821374045028,12816.461745589366,15865.460891638904,"[[732, -1, -1], [733, -1, -1], [734, -1, -1], [735, -1, -1], [736, -1, -1], [737, -1, -1], [738, -1, -1], [739, -1, -1], [740, -1, -1], [741, -1, -1], [742, -1, -1]]"
1752927169.6408,-69.9999515414238,12805.821020330215,12805.821374045028,12816.461745589366,15865.460891638904,"[[743, -1, -1], [744, -1, -1], [745, -1, -1], [746, -1, -1], [747, -1, -1], [748, -1, -1], [749, -1, -1], [750, -1, -1], [751, -1, -1], [752, -1, -1], [753, 1, 10977], [753, 1, 11180], [753, -1, -1]]"
1752927169.7508,-67.99995493888855,12805.821020330215,12805.82136928976,12816.461750882794,15865.460891638904,"[[754, -1, -1], [755, -1, -1], [756, -1, -1], [757, -1, -1], [758, -1, -1], [759, -1, -1], [760, -1, -1], [761, -1, -1], [762, -1, -1], [763, -1, -1], [764, -1, -1]]"
1752927169.8608,-65.9999583363533,12805.821103035107,12805.82136928976,12816.461750882794,15865.460891638904,"[[765, -1, -1], [766, -1, -1], [767, 1, 11738], [767, 1, 11938], [767, -1, -1], [768, -1, -1], [769, -1, -1], [770, -1, -1], [771, 1, 289683], [771, 1, 289870], [771, -1, -1], [772, -1, -1], [773, -1, -1], [774, -1, -1], [775, -1, -1]]"
1752927169.9729,-63.999958008527756,12805.821103035107,12805.821384927693,12816.46175000148,15865.460891638904,"[[776, -1, -1], [777, -1, -1], [778, -1, -1], [779, -1, -1], [780, -1, -1], [781, -1, -1], [782, 1, 11738], [782, 1, 11940], [782, -1, -1], [783, -1, -1], [784, -1, -1], [785, -1, -1], [786, -1, -1]]"
1752927170.0828,-61.99995768070221,12805.821213572597,12805.821384927693,12816.46175000148,15865.460891638904,"[[787, -1, -1], [788, -1, -1], [789, -1, -1], [790, -1, -1], [791, -1, -1], [792, -1, -1], [793, -1, -1], [794, -1, -1], [795, -1, -1], [796, -1, -1], [797, 1, 10464], [797, 1, 10648], [797, -1, -1]]"
1752927170.1938,-59.99995735287666,12805.821213572597,12805.821376811482,12816.46174964447,15865.460891638904,"[[798, -1, -1], [799, -1, -1], [800, -1, -1], [801, -1, -1], [802, -1, -1], [803, -1, -1], [804, 1, 12262], [804, 1, 12296], [804, 1, 12492], [804, -1, -1], [805, -1, -1], [806, -1, -1], [807, -1, -1], [808, -1, -1]]"
1752927170.304,-57.99995702505112,12805.821177830647,12805.821376811482,12816.46174964447,15865.460891638904,"[[809, -1, -1], [810, -1, -1], [811, -1, -1], [812, -1, -1], [813, -1, -1], [814, -1, -1], [815, -1, -1], [816, -1, -1], [817, -1, -1], [818, -1, -1], [819, -1, -1]]"
1752927170.4139,-55.99995669722557,12805.821177830647,12805.821389504144,12816.461749291471,15865.460891638904,"[[820, -1, -1], [821, -1, -1], [822, -1, -1], [823, -1, -1], [824, -1, -1], [825, -1, -1], [826, -1, -1], [827, -1, -1], [828, -1, -1], [829, 1, 11640], [829, 1, 11824], [829, -1, -1], [830, -1, -1]]"
1752927170.5228,-53.999956369400024,12805.821142191797,12805.821389504144,12816.461749291471,15865.460891638904,"[[831, -1, -1], [832, -1, -1], [833, -1, -1], [834, -1, -1], [835, -1, -1], [836, -1, -1], [837, -1, -1], [838, -1, -1], [839, -1, -1], [840, -1, -1], [841, -1, -1]]"
1752927170.6329,-51.99995604157448,12805.821142191797,12805.821382695485,12816.46174818466,15865.460891638904,"[[842, -1, -1], [843, -1, -1], [844, -1, -1], [845, -1, -1], [846, -1, -1], [847, -1, -1], [848, -1, -1], [849, -1, -1], [850, 1, 11888], [850, 1, 12073], [850, -1, -1], [851, 1, 10295], [851, -1, -1], [852, -1, -1]]"
1752927170.7469,-49.99995571374893,12805.821035070396,12805.821382695485,12816.461743497619,15865.460891638904,"[[853, -1, -1], [854, -1, -1], [855, -1, -1], [856, -1, -1], [857, -1, -1], [858, -1, -1], [859, -1, -1], [860, -1, -1], [861, -1, -1], [862, -1, -1], [863, -1, -1]]"
1752927170.8568,-47.999955385923386,12805.821035070396,12805.821375319845,12816.461743497619,15865.460891638904,"[[864, -1, -1], [865, -1, -1], [866, 1, 11935], [866, 1, 12143], [866, -1, -1], [867, -1, -1], [868, -1, -1], [869, -1, -1], [870, -1, -1], [871, -1, -1], [872, -1, -1], [873, -1, -1], [874, -1, -1]]"
1752927170.9668,-45.99995505809784,12805.821073830542,12805.821375319845,12816.461752415176,15865.460891638904,"[[875, 1, 10167], [875, 1, 10370], [875, -1, -1], [876, -1, -1], [877, -1, -1], [878, 1, 11096], [878, 1, 11284], [878, -1, -1], [879, -1, -1], [880, -1, -1], [881, -1, -1], [882, -1, -1], [883, -1, -1], [884, -1, -1], [885, -1, -1]]"
1752927171.0768,-43.99995473027229,12805.821073830542,12805.821380780239,12816.461752415176,15865.460891638904,"[[886, -1, -1], [887, -1, -1], [888, -1, -1], [889, -1, -1], [890, -1, -1], [891, -1, -1], [892, -1, -1], [893, -1, -1], [894, -1, -1], [895, -1, -1], [896, -1, -1]]"
1752927171.1869,-41.99995440244675,12805.821124920094,12805.821380780239,12816.46174548745,15865.460891638904,"[[897, -1, -1], [898, -1, -1], [899, -1, -1], [900, -1, -1], [901, -1, -1], [902, -1, -1], [903, -1, -1], [904, -1, -1], [905, -1, -1], [906, -1, -1], [907, -1, -1]]"
1752927171.2983,-39.9999540746212,12805.821124920094,12805.821392479087,12816.46174548745,15865.460891638904,"[[908, -1, -1], [909, -1, -1], [910, 1, 9655], [910, 1, 9691], [910, 1, 9889], [910, 1, 10525], [910, 1, 10727], [910, -1, -1], [911, -1, -1], [912, -1, -1], [913, -1, -1], [914, -1, -1], [915, 1, 10090], [915, 1, 10123], [915, 1, 10319], [915, 1, 10750], [915, 1, 10934], [915, -1, -1], [916, -1, -1], [917, -1, -1], [918, -1, -1]]"
1752927171.4073,-37.999953746795654,12805.82115447935,12805.821392479087,12816.461747986219,15865.460891638904,"[[920, -1, -1], [921, -1, -1], [922, -1, -1], [923, -1, -1], [924, -1, -1], [925, -1, -1], [926, -1, -1], [927, -1, -1], [928, 1, 11763], [928, 1, 11799], [928, 1, 11995], [928, -1, -1], [929, -1, -1]]"
1752927171.5168,-35.99995341897011,12805.82115447935,12805.82140180551,12816.461747986219,15865.460891638904,"[[931, -1, -1], [932, -1, -1], [933, -1, -1], [934, -1, -1], [935, -1, -1], [936, -1, -1], [937, 1, 10435], [937, 1, 10635], [937, -1, -1], [938, -1, -1], [939, 1, 10938], [939, 1, 11126], [939, -1, -1], [940, -1, -1]]"
1752927171.6269,-33.99995309114456,12805.821174065057,12805.82140180551,12816.461748309746,15865.460891638904,"[[941, -1, -1], [942, -1, -1], [943, -1, -1], [944, -1, -1], [945, -1, -1], [946, -1, -1], [947, -1, -1], [948, -1, -1], [949, -1, -1], [950, -1, -1], [951, -1, -1]]"
1752927171.7398,-31.999952763319016,12805.821126646984,12805.82139388831,12816.461748309746,15865.460891638904,"[[952, -1, -1], [953, -1, -1], [954, -1, -1], [955, -1, -1], [956, -1, -1], [957, -1, -1], [958, -1, -1], [959, 1, 11461], [959, 1, 11645], [959, -1, -1], [960, -1, -1], [961, -1, -1], [962, -1, -1], [963, -1, -1]]"
1752927171.8498,-29.99995243549347,12805.821126646984,12805.82139388831,12816.46176030263,15865.460891638904,"[[964, -1, -1], [965, -1, -1], [966, -1, -1], [967, 1, 298299], [967, 1, 298479], [967, 1, 298696], [967, -1, -1], [968, 1, 9645], [968, 1, 9679], [968, 1, 9876], [968, -1, -1], [969, -1, -1], [970, 1, 9630], [970, 1, 9817], [970, 1, 10426], [970, -1, -1], [971, -1, -1], [972, -1, -1], [973, -1, -1], [974, 1, 11464], [974, 1, 11663], [974, -1, -1]]"
1752927171.9598,-27.999952107667923,12805.821062857272,12805.82140470823,12816.46176030263,15865.460891638904,"[[975, -1, -1], [976, -1, -1], [977, 1, 10205], [977, 1, 10243], [977, 1, 10435], [977, 1, 10674], [977, 1, 10882], [977, -1, -1], [978, -1, -1], [979, -1, -1], [980, -1, -1], [981, -1, -1], [982, -1, -1], [983, -1, -1], [984, -1, -1], [985, -1, -1]]"
1752927172.0688,-25.999951779842377,12805.821062857272,12805.82139762337,12816.461758672634,15865.460891638904,"[[986, 1, 10344], [986, 1, 10542], [986, -1, -1], [987, 1, 11031], [987, 1, 11240], [987, -1, -1], [988, -1, -1], [989, -1, -1], [990, -1, -1], [991, -1, -1], [992, -1, -1], [993, -1, -1], [994, -1, -1], [995, -1, -1], [996, -1, -1]]"
1752927172.1808,-23.99995145201683,12805.821256237765,12805.82139762337,12816.461758672634,15865.460891638904,"[[997, -1, -1], [998, 1, 13761], [998, 1, 13947], [998, -1, -1], [999, -1, -1], [1000, -1, -1], [1001, -1, -1], [1002, -1, -1], [1003, -1, -1], [1004, 1, 11189], [1004, 1, 11397], [1004, -1, -1], [1005, -1, -1], [1006, 1, 11372], [1006, 1, 11557], [1006, -1, -1], [1007, -1, -1]]"
1752927172.2918,-21.999951124191284,12805.821256237765,12805.821381562535,12816.461749473252,15865.460891638904,"[[1008, -1, -1], [1009, -1, -1], [1010, -1, -1], [1011, -1, -1], [1012, -1, -1], [1013, -1, -1], [1014, -1, -1], [1015, -1, -1], [1016, -1, -1], [1017, -1, -1], [1018, -1, -1]]"
1752927172.4018,-19.999950796365738,12805.821176598907,12805.821381562535,12816.461749473252,15865.460891638904,"[[1019, -1, -1], [1020, -1, -1], [1021, -1, -1], [1022, -1, -1], [1023, -1, -1], [1024, -1, -1], [1025, -1, -1], [1026, -1, -1], [1027, -1, -1], [1028, -1, -1], [1029, -1, -1]]"
1752927172.5118,-17.99995046854019,12805.821176598907,12805.821377667928,12816.461751340445,15865.460891638904,"[[1030, -1, -1], [1031, -1, -1], [1032, -1, -1], [1033, -1, -1], [1034, -1, -1], [1035, -1, -1], [1036, -1, -1], [1037, -1, -1], [1038, -1, -1], [1039, -1, -1], [1040, -1, -1]]"
1752927172.6218,-15.999950140714647,12805.821227389006,12805.821377667928,12816.461751340445,15865.460891638904,"[[1041, -1, -1], [1042, -1, -1], [1043, -1, -1], [1044, -1, -1], [1045, -1, -1], [1046, -1, -1], [1047, 1, 8920], [1047, 1, 8957], [1047, 1, 9150], [1047, -1, -1], [1048, -1, -1], [1049, -1, -1], [1050, -1, -1], [1051, -1, -1]]"
1752927172.7329,-13.9999498128891,12805.821227389006,12805.821384415505,12816.461752946014,15865.460891638904,"[[1052, -1, -1], [1053, 1, 11392], [1053, 1, 11595], [1053, -1, -1], [1054, -1, -1], [1055, -1, -1], [1056, 1, 10951], [1056, 1, 10978], [1056, 1, 11181], [1056, -1, -1], [1057, -1, -1], [1058, -1, -1], [1059, -1, -1], [1060, -1, -1], [1061, -1, -1], [1062, -1, -1]]"
1752927172.8428,-11.999949485063553,12805.821156641663,12805.821384415505,12816.461752946014,15865.460891638904,"[[1063, -1, -1], [1064, -1, -1], [1065, -1, -1], [1066, 1, 11033], [1066, 1, 11239], [1066, -1, -1], [1067, -1, -1], [1068, -1, -1], [1069, -1, -1], [1070, -1, -1], [1071, -1, -1], [1072, -1, -1], [1073, -1, -1]]"
1752927172.9538,-9.999949157238007,12805.821156641663,12805.821386467,12816.461749235335,15865.460891638904,"[[1074, -1, -1], [1075, -1, -1], [1076, -1, -1], [1077, -1, -1], [1078, 1, 9895], [1078, 1, 9931], [1078, 1, 10126], [1078, -1, -1], [1079, -1, -1], [1080, -1, -1], [1081, -1, -1], [1082, -1, -1], [1083, 1, 11622], [1083, 1, 11656], [1083, 1, 11852], [1083, -1, -1], [1084, 1, 10886], [1084, -1, -1]]"
1752927173.0658,-7.999949295073748,12805.821091698146,12805.821386467,12816.46175079936,15865.460891638904,"[[1085, -1, -1], [1086, -1, -1], [1087, -1, -1], [1088, -1, -1], [1089, -1, -1], [1090, 1, 11072], [1090, 1, 11271], [1090, 1, 11725], [1090, 1, 11909], [1090, -1, -1], [1091, -1, -1], [1092, -1, -1], [1093, -1, -1], [1094, -1, -1], [1095, -1, -1]]"
1752927173.1758,-5.999949432909489,12805.821091698146,12805.821401064508,12816.46175079936,15865.460891638904,"[[1096, 1, 9396], [1096, 1, 9432], [1096, 1, 9627], [1096, 1, 11146], [1096, 1, 11330], [1096, -1, -1], [1097, -1, -1], [1098, 1, 10661], [1098, 1, 10860], [1098, -1, -1], [1099, -1, -1], [1100, -1, -1], [1101, -1, -1], [1102, 1, 11620], [1102, 1, 11823], [1102, -1, -1], [1103, -1, -1], [1104, 1, 10490], [1104, 1, 10692], [1104, 1, 11120], [1104, -1, -1], [1105, -1, -1], [1106, 1, 11364], [1106, 1, 11402], [1106, 1, 11594], [1106, -1, -1]]"
1752927173.2858,-3.999949337914586,12805.821113398595,12805.821401064508,12816.461746612615,15865.460891638904,"[[1107, 1, 11541], [1107, 1, 11740], [1107, -1, -1], [1108, 1, 12608], [1108, 1, 12810], [1108, -1, -1], [1109, -1, -1], [1110, -1, -1], [1111, 1, 11412], [1111, 1, 11598], [1111, -1, -1], [1112, -1, -1], [1113, 1, 10320], [1113, 1, 10358], [1113, 1, 10550], [1113, 1, 10803], [1113, -1, -1], [1114, 1, 12178], [1114, 1, 12377], [1114, 1, 12496], [1114, -1, -1], [1115, -1, -1], [1116, -1, -1], [1117, -1, -1]]"
1752927173.3948,-1.9999493379156945,12805.821113398595,12805.821400686522,12816.461746612615,15865.460891638904,"[[1118, -1, -1], [1119, -1, -1], [1120, -1, -1], [1121, 1, 11316], [1121, 1, 11519], [1121, -1, -1], [1122, -1, -1], [1123, -1, -1], [1124, -1, -1], [1125, 1, 9695], [1125, 1, 11289], [1125, 1, 11480], [1125, -1, -1], [1126, 1, 9870], [1126, 1, 10058], [1126, 1, 11380], [1126, 1, 11579], [1126, -1, -1], [1127, -1, -1], [1128, -1, -1]]"
1752927173.5038,5.0619244575458855e-05,12805.821218840012,12805.821400686522,12816.461756059216,15865.460891638904,"[[1129, -1, -1], [1130, -1, -1], [1131, -1, -1], [1132, 1, 10947], [1132, 1, 11147], [1132, 1, 11885], [1132, 1, 12084], [1132, -1, -1], [1133, -1, -1], [1134, 1, 10604], [1134, 1, 10791], [1134, 1, 12406], [1134, -1, -1], [1135, 1, 9975], [1135, 1, 10174], [1135, -1, -1], [1136, 1, 9897], [1136, 1, 10084], [1136, 1, 10538], [1136, 1, 10737], [1136, -1, -1], [1137, 1, 10211], [1137, 1, 10247], [1137, 1, 10422], [1137, -1, -1], [1138, -1, -1], [1139, -1, -1]]"
1752927173.6138,2.0000504814088345,12805.821218840012,12805.821400124914,12816.461756059216,15865.460891638904,"[[1140, 1, 11660], [1140, 1, 11690], [1140, 1, 11890], [1140, -1, -1], [1141, -1, -1], [1142, 1, 9904], [1142, -1, -1], [1143, 1, 9883], [1143, 1, 9917], [1143, 1, 10113], [1143, 1, 10474], [1143, -1, -1], [1144, 1, 10836], [1144, 1, 11021], [1144, -1, -1], [1145, 1, 10025], [1145, 1, 10210], [1145, -1, -1], [1146, 1, 10042], [1146, 1, 10080], [1146, 1, 10272], [1146, -1, -1], [1147, 1, 8832], [1147, 1, 9031], [1147, 1, 10397], [1147, 1, 10597], [1147, -1, -1], [1148, -1, -1], [1149, 1, 12870], [1149, 1, 12918], [1149, 1, 13100], [1149, -1, -1], [1150, 1, 10969], [1150, 1, 11155], [1150, -1, -1]]"
1752927173.7238,4.000050343573093,12805.821282688654,12805.821400124914,12816.461745167837,15865.460891638904,"[[1151, -1, -1], [1152, 1, 10530], [1152, 1, 10714], [1152, -1, -1], [1153, 1, 11835], [1153, 1, 12020], [1153, -1, -1], [1154, -1, -1], [1155, 1, 10562], [1155, 1, 10746], [1155, 1, 12135], [1155, 1, 12298], [1155, 1, 13858], [1155, -1, -1], [1156, -1, -1], [1157, 1, 11459], [1157, 1, 11650], [1157, 1, 11868], [1157, 1, 13353], [1157, 1, 13539], [1157, -1, -1], [1158, -1, -1], [1159, -1, -1], [1160, 1, 11605], [1160, 1, 11808], [1160, 1, 12113], [1160, -1, -1], [1161, -1, -1]]"
1752927173.8348,6.00005067139864,12805.821282688654,12805.821391560945,12816.461745167837,15865.460891638904,"[[1162, 1, 10667], [1162, 1, 10852], [1162, -1, -1], [1163, -1, -1], [1164, -1, -1], [1165, -1, -1], [1166, 1, 13554], [1166, 1, 13740], [1166, -1, -1], [1167, 1, 10435], [1167, 1, 10470], [1167, 1, 10688], [1167, 1, 11568], [1167, 1, 11771], [1167, 1, 14050], [1167, 1, 14252], [1167, 1, 14549], [1167, -1, -1], [1168, -1, -1], [1169, 1, 11954], [1169, 1, 12153], [1169, -1, -1], [1170, -1, -1], [1171, 1, 11225], [1171, 1, 11316], [1171, 1, 11350], [1171, 1, 11408], [1171, 1, 11547], [1171, -1, -1], [1172, -1, -1]]"
1752927173.9438,8.000050999224186,12805.821178453749,12805.821391560945,12816.461750251996,15865.460891638904,"[[1173, 1, 11388], [1173, 1, 11576], [1173, 1, 11648], [1173, 1, 11713], [1173, 1, 11818], [1173, 1, 11902], [1173, -1, -1], [1174, -1, -1], [1175, 1, 12456], [1175, 1, 12483], [1175, 1, 12687], [1175, -1, -1], [1176, 1, 11021], [1176, 1, 11220], [1176, 1, 11378], [1176, 1, 11406], [1176, 1, 11608], [1176, 1, 11845], [1176, 1, 11879], [1176, 1, 12075], [1176, 1, 12286], [1176, -1, -1], [1177, 1, 10992], [1177, 1, 11191], [1177, -1, -1], [1178, -1, -1], [1179, -1, -1], [1180, 1, 11145], [1180, 1, 11329], [1180, -1, -1], [1181, -1, -1], [1182, 1, 10440], [1182, 1, 10612], [1182, 1, 10654], [1182, 1, 10708], [1182, 1, 10856], [1182, 1, 10910], [1182, 1, 11208], [1182, -1, -1], [1183, 1, 13682], [1183, 1, 13885], [1183, -1, -1]]"
1752927174.0548,10.000051327049732,12805.821178453749,12805.82139242502,12816.461750251996,15865.460891638904,"[[1184, 1, 14599], [1184, 1, 14802], [1184, -1, -1], [1185, -1, -1], [1186, 1, 10283], [1186, 1, 10317], [1186, 1, 10410], [1186, 1, 10512], [1186, 1, 10892], [1186, -1, -1], [1187, 1, 10401], [1187, 1, 10600], [1187, 1, 10665], [1187, 1, 10850], [1187, -1, -1], [1188, 1, 10260], [1188, 1, 10459], [1188, -1, -1], [1189, 1, 10256], [1189, 1, 10294], [1189, 1, 10488], [1189, 1, 10753], [1189, 1, 10962], [1189, 1, 11013], [1189, -1, -1], [1190, 1, 10379], [1190, 1, 10876], [1190, 1, 11079], [1190, -1, -1], [1191, -1, -1], [1192, 1, 9864], [1192, 1, 10050], [1192, 1, 10198], [1192, 1, 10233], [1192, 1, 10428], [1192, -1, -1], [1193, 1, 12531], [1193, 1, 12641], [1193, 1, 12849], [1193, 1, 13053], [1193, -1, -1], [1194, -1, -1]]"
1752927174.1638,12.000051654875278,12805.821023305094,12805.82139242502,12816.461756596367,15865.460891638904,"[[1195, -1, -1], [1196, -1, -1], [1197, -1, -1], [1198, 1, 9521], [1198, 1, 9550], [1198, 1, 9595], [1198, 1, 9724], [1198, -1, -1], [1199, 1, 12284], [1199, 1, 12470], [1199, -1, -1], [1200, 1, 10497], [1200, 1, 10700], [1200, -1, -1], [1201, 1, 9650], [1201, 1, 9687], [1201, 1, 9880], [1201, 1, 11273], [1201, 1, 11458], [1201, -1, -1], [1202, -1, -1], [1203, 1, 12182], [1203, 1, 12382], [1203, -1, -1], [1204, -1, -1], [1205, -1, -1]]"
1752927174.2748,14.00005105137825,12805.821023305094,12805.821408618192,12816.461756596367,15865.460891638904,"[[1206, 1, 10646], [1206, 1, 10845], [1206, -1, -1], [1207, -1, -1], [1208, -1, -1], [1209, -1, -1], [1210, 1, 10628], [1210, 1, 10664], [1210, 1, 10857], [1210, 1, 11508], [1210, 1, 11697], [1210, -1, -1], [1211, 1, 10938], [1211, 1, 11141], [1211, -1, -1], [1212, -1, -1], [1213, -1, -1], [1214, -1, -1], [1215, -1, -1], [1216, -1, -1]]"
1752927174.3858,16.000051379203796,12805.821144630168,12805.821408618192,12816.461747496558,15865.460891638904,"[[1217, -1, -1], [1218, 1, 10305], [1218, 1, 10535], [1218, 1, 12593], [1218, 1, 12628], [1218, 1, 12824], [1218, -1, -1], [1219, 1, 11299], [1219, 1, 11334], [1219, 1, 11529], [1219, 1, 12320], [1219, -1, -1], [1220, -1, -1], [1221, -1, -1], [1222, -1, -1], [1223, -1, -1], [1224, -1, -1], [1225, -1, -1], [1226, -1, -1], [1227, 1, 11836], [1227, 1, 12039], [1227, 1, 12278], [1227, -1, -1]]"
1752927174.4958,18.000051707029343,12805.821180100309,12805.821406769774,12816.461747496558,15865.460891638904,"[[1228, -1, -1], [1229, -1, -1], [1230, -1, -1], [1231, -1, -1], [1232, -1, -1], [1233, -1, -1], [1234, -1, -1], [1235, -1, -1], [1236, -1, -1], [1237, 1, 11074], [1237, 1, 11112], [1237, 1, 11303], [1237, -1, -1], [1238, -1, -1]]"
1752927174.6058,20.00005203485489,12805.821180100309,12805.821406769774,12816.461748981783,15865.460891638904,"[[1239, -1, -1], [1240, 1, 11299], [1240, 1, 11486], [1240, -1, -1], [1241, -1, -1], [1242, -1, -1], [1243, -1, -1], [1244, -1, -1], [1245, -1, -1], [1246, -1, -1], [1247, -1, -1], [1248, -1, -1], [1249, -1, -1]]"
1752927174.7158,22.000052362680435,12805.821230150714,12805.821416725066,12816.461748981783,15865.460891638904,"[[1250, -1, -1], [1251, -1, -1], [1252, -1, -1], [1253, -1, -1], [1254, -1, -1], [1255, -1, -1], [1256, -1, -1], [1257, -1, -1], [1258, -1, -1], [1259, -1, -1], [1260, 1, 10708], [1260, 1, 10907], [1260, -1, -1]]"
1752927174.8258,24.00005269050598,12805.821230150714,12805.821417459036,12816.46174804871,15865.460891638904,"[[1261, -1, -1], [1262, -1, -1], [1263, -1, -1], [1264, -1, -1], [1265, -1, -1], [1266, 1, 10024], [1266, 1, 10216], [1266, 1, 10432], [1266, 1, 10468], [1266, -1, -1], [1267, -1, -1], [1268, -1, -1], [1269, 1, 10832], [1269, 1, 11031], [1269, -1, -1], [1270, -1, -1], [1271, -1, -1]]"
1752927174.9368,26.000053018331528,12805.821205874074,12805.821417459036,12816.46174804871,15865.460891638904,"[[1272, -1, -1], [1273, -1, -1], [1274, -1, -1], [1275, -1, -1], [1276, -1, -1], [1277, -1, -1], [1278, -1, -1], [1279, -1, -1], [1280, -1, -1], [1281, -1, -1], [1282, -1, -1]]"
1752927175.0483,28.000053346157074,12805.821205874074,12805.821402931475,12816.461752761159,15865.460891638904,"[[1283, -1, -1], [1284, 1, 11962], [1284, 1, 12164], [1284, -1, -1], [1285, -1, -1], [1286, -1, -1], [1287, -1, -1], [1288, -1, -1], [1289, -1, -1], [1290, -1, -1], [1291, -1, -1], [1292, -1, -1], [1293, -1, -1]]"
1752927175.1573,30.00005367398262,12805.821138638685,12805.821402931475,12816.461752761159,15865.460891638904,"[[1295, -1, -1], [1296, -1, -1], [1297, -1, -1], [1298, -1, -1], [1299, -1, -1], [1300, -1, -1], [1301, -1, -1], [1302, -1, -1], [1303, -1, -1], [1304, -1, -1]]"
1752927175.2673,32.00005400180817,12805.821138638685,12805.821402737547,12816.461750388833,15865.460891638904,"[[1306, -1, -1], [1307, -1, -1], [1308, -1, -1], [1309, -1, -1], [1310, -1, -1], [1311, -1, -1], [1312, -1, -1], [1313, -1, -1], [1314, -1, -1], [1315, -1, -1]]"
1752927175.3773,34.00005432963371,12805.821129741293,12805.821402737547,12816.461750388833,15865.460891638904,"[[1317, -1, -1], [1318, -1, -1], [1319, -1, -1], [1320, -1, -1], [1321, -1, -1], [1322, -1, -1], [1323, -1, -1], [1324, -1, -1], [1325, -1, -1], [1326, -1, -1]]"
1752927175.4868,36.00005465745926,12805.821129741293,12805.821422489576,12816.461749395037,15865.460891638904,"[[1328, -1, -1], [1329, -1, -1], [1330, -1, -1], [1331, -1, -1], [1332, -1, -1], [1333, -1, -1], [1334, -1, -1], [1335, -1, -1], [1336, -1, -1], [1337, -1, -1]]"
1752927175.5968,38.000054985284805,12805.821261294848,12805.821422489576,12816.461749395037,15865.460891638904,"[[1338, -1, -1], [1339, -1, -1], [1340, -1, -1], [1341, 1, 11556], [1341, 1, 11759], [1341, 1, 11905], [1341, -1, -1], [1342, -1, -1], [1343, -1, -1], [1344, -1, -1], [1345, -1, -1], [1346, -1, -1], [1347, -1, -1], [1348, -1, -1]]"
1752927175.7068,40.00005531311035,12805.821261294848,12805.821419858425,12816.461741375479,15865.460891638904,"[[1349, -1, -1], [1350, -1, -1], [1351, -1, -1], [1352, -1, -1], [1353, -1, -1], [1354, -1, -1], [1355, -1, -1], [1356, -1, -1], [1357, -1, -1], [1358, -1, -1], [1359, -1, -1]]"
1752927175.8188,42.0000556409359,12805.82131388227,12805.821419858425,12816.461751631046,15865.460891638904,"[[1360, -1, -1], [1361, -1, -1], [1362, -1, -1], [1363, -1, -1], [1364, -1, -1], [1365, -1, -1], [1366, -1, -1], [1367, -1, -1], [1368, -1, -1], [1369, -1, -1], [1370, -1, -1], [1371, -1, -1]]"
1752927175.9283,44.000055968761444,12805.82131388227,12805.821421035822,12816.461751631046,15865.460891638904,"[[1372, -1, -1], [1373, -1, -1], [1374, -1, -1], [1375, -1, -1], [1376, -1, -1], [1377, -1, -1], [1378, -1, -1], [1379, -1, -1], [1380, -1, -1], [1381, -1, -1]]"
1752927176.0373,46.00005629658699,12805.821283283505,12805.821421035822,12816.461746163874,15865.460891638904,"[[1383, -1, -1], [1384, -1, -1], [1385, -1, -1], [1386, -1, -1], [1387, -1, -1], [1388, -1, -1], [1389, 1, 11692], [1389, 1, 11892], [1389, -1, -1], [1390, -1, -1], [1391, -1, -1], [1392, -1, -1]]"
1752927176.1473,48.00005662441254,12805.821283283505,12805.821417346026,12816.461746163874,15865.460891638904,"[[1394, -1, -1], [1395, -1, -1], [1396, -1, -1], [1397, -1, -1], [1398, -1, -1], [1399, -1, -1], [1400, -1, -1], [1401, -1, -1], [1402, -1, -1], [1403, 1, 10340], [1403, 1, 10548], [1403, -1, -1]]"
1752927176.2598,50.00005695223808,12805.821186727111,12805.821417346026,12816.461745702289,15865.460891638904,"[[1405, -1, -1], [1406, -1, -1], [1407, -1, -1], [1408, -1, -1], [1409, -1, -1], [1410, -1, -1], [1411, -1, -1], [1412, -1, -1], [1413, -1, -1], [1414, -1, -1], [1415, -1, -1]]"
1752927176.3699,52.00005728006363,12805.821186727111,12805.821421662176,12816.461745702289,15865.460891638904,"[[1416, -1, -1], [1417, -1, -1], [1418, -1, -1], [1419, -1, -1], [1420, -1, -1], [1421, -1, -1], [1422, -1, -1], [1423, -1, -1], [1424, -1, -1], [1425, -1, -1], [1426, -1, -1]]"
1752927176.4839,54.000057607889175,12805.821155188652,12805.821421662176,12816.461748046813,15865.460891638904,"[[1427, -1, -1], [1428, -1, -1], [1429, -1, -1], [1430, -1, -1], [1431, -1, -1], [1432, -1, -1], [1433, -1, -1], [1434, -1, -1], [1435, -1, -1], [1436, -1, -1], [1437, -1, -1]]"
1752927176.5938,56.00005793571472,12805.821155188652,12805.82141593864,12816.461748046813,15865.460891638904,"[[1438, -1, -1], [1439, -1, -1], [1440, -1, -1], [1441, -1, -1], [1442, -1, -1], [1443, -1, -1], [1444, -1, -1], [1445, 1, 9978], [1445, 1, 10161], [1445, -1, -1], [1446, -1, -1], [1447, -1, -1], [1448, -1, -1]]"
1752927176.7048,58.00005826354027,12805.821228979403,12805.82141593864,12816.46174092184,15865.460891638904,"[[1449, -1, -1], [1450, -1, -1], [1451, -1, -1], [1452, -1, -1], [1453, -1, -1], [1454, -1, -1], [1455, -1, -1], [1456, -1, -1], [1457, -1, -1], [1458, -1, -1], [1459, -1, -1]]"
1752927176.8168,60.000058591365814,12805.821228979403,12805.821419221684,12816.46174092184,15865.460891638904,"[[1460, -1, -1], [1461, -1, -1], [1462, -1, -1], [1463, -1, -1], [1464, -1, -1], [1465, -1, -1], [1466, -1, -1], [1467, -1, -1], [1468, -1, -1], [1469, -1, -1], [1470, -1, -1]]"
1752927176.9268,62.00005519390106,12805.821281499482,12805.821419221684,12816.461747141475,15865.460891638904,"[[1471, -1, -1], [1472, -1, -1], [1473, -1, -1], [1474, -1, -1], [1475, -1, -1], [1476, -1, -1], [1477, -1, -1], [1478, -1, -1], [1479, -1, -1], [1480, -1, -1], [1481, -1, -1]]"
1752927177.0367,64.00005179643631,12805.821281499482,12805.821403074882,12816.461747141475,15865.460891638904,"[[1482, -1, -1], [1483, 1, 11417], [1483, 1, 11451], [1483, 1, 11647], [1483, 1, 12165], [1483, -1, -1], [1484, -1, -1], [1485, -1, -1], [1486, -1, -1], [1487, -1, -1], [1488, -1, -1], [1489, -1, -1], [1490, -1, -1], [1491, -1, -1], [1492, -1, -1]]"
1752927177.1473,66.00004839897156,12805.821331649971,12805.821403074882,12816.461747587007,15865.460891638904,"[[1493, -1, -1], [1494, -1, -1], [1495, -1, -1], [1496, -1, -1], [1497, -1, -1], [1498, -1, -1], [1499, -1, -1], [1500, -1, -1], [1501, -1, -1], [1502, -1, -1], [1503, -1, -1]]"
1752927177.2573,68.0000450015068,12805.821222994047,12805.821403576396,12816.461747587007,15865.460891638904,"[[1505, -1, -1], [1506, -1, -1], [1507, -1, -1], [1508, -1, -1], [1509, -1, -1], [1510, -1, -1], [1511, -1, -1], [1512, -1, -1], [1513, -1, -1], [1514, -1, -1]]"
1752927177.3683,70.00004160404205,12805.821222994047,12805.821403576396,12816.46174257266,15865.460891638904,"[[1516, -1, -1], [1517, -1, -1], [1518, -1, -1], [1519, -1, -1], [1520, -1, -1], [1521, -1, -1], [1522, -1, -1], [1523, -1, -1], [1524, -1, -1], [1525, -1, -1]]"
1752927177.4783,72.0000382065773,12805.821169408864,12805.821415886136,12816.46174257266,15865.460891638904,"[[1527, -1, -1], [1528, -1, -1], [1529, -1, -1], [1530, -1, -1], [1531, -1, -1], [1532, -1, -1], [1533, -1, -1], [1534, -1, -1], [1535, -1, -1], [1536, -1, -1]]"
1752927177.5883,74.00003480911255,12805.821169408864,12805.821431601664,12816.46174362502,15865.460891638904,"[[1538, -1, -1], [1539, -1, -1], [1540, -1, -1], [1541, -1, -1], [1542, -1, -1], [1543, -1, -1], [1544, -1, -1], [1545, -1, -1], [1546, -1, -1], [1547, -1, -1]]"
1752927177.6973,76.0000314116478,12805.821200059356,12805.821431601664,12816.46174362502,15865.460891638904,"[[1549, -1, -1], [1550, -1, -1], [1551, -1, -1], [1552, -1, -1], [1553, -1, -1], [1554, -1, -1], [1555, -1, -1], [1556, -1, -1], [1557, -1, -1], [1558, -1, -1]]"
1752927177.8083,78.00002801418304,12805.821200059356,12805.821428209329,12816.461746344896,15865.460891638904,"[[1560, -1, -1], [1561, -1, -1], [1562, -1, -1], [1563, -1, -1], [1564, -1, -1], [1565, -1, -1], [1566, -1, -1], [1567, -1, -1], [1568, -1, -1], [1569, -1, -1]]"
1752927177.9173,80.00002461671829,12805.821257967606,12805.821428209329,12816.461746344896,15865.460891638904,"[[1571, -1, -1], [1572, -1, -1], [1573, -1, -1], [1574, -1, -1], [1575, -1, -1], [1576, -1, -1], [1577, -1, -1], [1578, -1, -1], [1579, -1, -1], [1580, -1, -1]]"
1752927178.0283,82.00002121925354,12805.821257967606,12805.821413577583,12816.461751323828,15865.460891638904,"[[1582, -1, -1], [1583, -1, -1], [1584, -1, -1], [1585, -1, -1], [1586, -1, -1], [1587, -1, -1], [1588, -1, -1], [1589, -1, -1], [1590, -1, -1], [1591, -1, -1]]"
1752927178.1383,84.00001782178879,12805.821279060972,12805.821413577583,12816.461751323828,15865.460891638904,"[[1593, -1, -1], [1594, -1, -1], [1595, -1, -1], [1596, -1, -1], [1597, -1, -1], [1598, -1, -1], [1599, -1, -1], [1600, -1, -1], [1601, -1, -1], [1602, 1, 23670], [1602, 1, 23855], [1602, -1, -1]]"
1752927178.2483,86.00001442432404,12805.821279060972,12805.82140463634,12816.461757945755,15865.460891638904,"[[1604, -1, -1], [1605, -1, -1], [1606, -1, -1], [1607, -1, -1], [1608, -1, -1], [1609, -1, -1], [1610, -1, -1], [1611, -1, -1], [1612, -1, -1], [1613, -1, -1]]"
1752927178.3589,88.00001102685928,12805.821156486041,12805.82140463634,12816.461757945755,15865.460891638904,"[[1615, -1, -1], [1616, -1, -1], [1617, -1, -1], [1618, -1, -1], [1619, -1, -1], [1620, -1, -1], [1621, -1, -1], [1622, -1, -1], [1623, -1, -1], [1624, -1, -1], [1625, -1, -1]]"
1752927178.4718,90.00000762939453,12805.821156486041,12805.821406410172,12816.461746332463,15865.460891638904,"[[1626, -1, -1], [1627, -1, -1], [1628, -1, -1], [1629, -1, -1], [1630, -1, -1], [1631, -1, -1], [1632, -1, -1], [1633, -1, -1], [1634, -1, -1], [1635, -1, -1], [1636, -1, -1]]"
1752927178.5828,92.00000423192978,12805.821121524177,12805.821406410172,12816.461744951528,15865.460891638904,"[[1637, -1, -1], [1638, -1, -1], [1639, -1, -1], [1640, -1, -1], [1641, -1, -1], [1642, -1, -1], [1643, -1, -1], [1644, -1, -1], [1645, -1, -1], [1646, -1, -1], [1647, -1, -1]]"
1752927178.6929,94.00000083446503,12805.821121524177,12805.82141533532,12816.461744951528,15865.460891638904,"[[1648, -1, -1], [1649, -1, -1], [1650, -1, -1], [1651, -1, -1], [1652, -1, -1], [1653, -1, -1], [1654, -1, -1], [1655, -1, -1], [1656, -1, -1], [1657, -1, -1], [1658, -1, -1]]"
1752927178.8038,95.99999743700027,12805.821158805142,12805.82141533532,12816.461743124679,15865.460891638904,"[[1659, -1, -1], [1660, -1, -1], [1661, -1, -1], [1662, -1, -1], [1663, -1, -1], [1664, -1, -1], [1665, -1, -1], [1666, -1, -1], [1667, -1, -1], [1668, -1, -1], [1669, -1, -1]]"
1752927178.9138,97.99999403953552,12805.821158805142,12805.821385574298,12816.461743124679,15865.460891638904,"[[1670, -1, -1], [1671, -1, -1], [1672, -1, -1], [1673, -1, -1], [1674, -1, -1], [1675, -1, -1], [1676, -1, -1], [1677, -1, -1], [1678, -1, -1], [1679, -1, -1], [1680, -1, -1]]"
1752927179.0228,99.99999064207077,12805.821174042088,12805.821385574298,12816.461743669424,15865.460891638904,"[[1681, -1, -1], [1682, -1, -1], [1683, -1, -1], [1684, -1, -1], [1685, -1, -1], [1686, -1, -1], [1687, -1, -1], [1688, -1, -1], [1689, -1, -1], [1690, -1, -1], [1691, -1, -1]]"
1752927179.1318,101.99998724460602,12805.821174042088,12805.821402405298,12816.461743669424,15865.460891638904,"[[1692, -1, -1], [1693, -1, -1], [1694, -1, -1], [1695, -1, -1], [1696, -1, -1], [1697, -1, -1], [1698, -1, -1], [1699, -1, -1], [1700, -1, -1], [1701, -1, -1], [1702, -1, -1]]"
1752927179.2418,103.99998384714127,12805.821158373934,12805.821402405298,12816.461755431697,15865.460891638904,"[[1703, -1, -1], [1704, -1, -1], [1705, -1, -1], [1706, -1, -1], [1707, -1, -1], [1708, -1, -1], [1709, -1, -1], [1710, -1, -1], [1711, -1, -1], [1712, -1, -1], [1713, -1, -1]]"
1752927179.3538,105.99998044967651,12805.821158373934,12805.82138824351,12816.461755431697,15865.460891638904,"[[1714, -1, -1], [1715, -1, -1], [1716, -1, -1], [1717, -1, -1], [1718, -1, -1], [1719, -1, -1], [1720, -1, -1], [1721, -1, -1], [1722, -1, -1], [1723, -1, -1], [1724, -1, -1]]"
1752927179.4628,107.99997705221176,12805.821136036633,12805.82138824351,12816.461745493747,15865.460891638904,"[[1725, -1, -1], [1726, -1, -1], [1727, -1, -1], [1728, -1, -1], [1729, -1, -1], [1730, -1, -1], [1731, -1, -1], [1732, -1, -1], [1733, -1, -1], [1734, -1, -1], [1735, -1, -1]]"
1752927179.5719,109.99997365474701,12805.821136036633,12805.821377078722,12816.461745493747,15865.460891638904,"[[1736, -1, -1], [1737, -1, -1], [1738, -1, -1], [1739, -1, -1], [1740, -1, -1], [1741, -1, -1], [1742, -1, -1], [1743, -1, -1], [1744, -1, -1], [1745, -1, -1], [1746, -1, -1]]"
1752927179.6859,111.99997025728226,12805.821073510731,12805.821377078722,12816.461751570196,15865.460891638904,"[[1747, 1, 9265], [1747, 1, 9468], [1747, 1, 13883], [1747, 1, 14068], [1747, -1, -1], [1748, -1, -1], [1749, -1, -1], [1750, -1, -1], [1751, -1, -1], [1752, -1, -1], [1753, -1, -1], [1754, -1, -1], [1755, -1, -1], [1756, -1, -1], [1757, -1, -1]]"
1752927179.7959,113.9999668598175,12805.82102113885,12805.821371976259,12816.461751570196,15865.460891638904,"[[1758, -1, -1], [1759, -1, -1], [1760, -1, -1], [1761, -1, -1], [1762, -1, -1], [1763, -1, -1], [1764, -1, -1], [1765, -1, -1], [1766, -1, -1], [1767, -1, -1], [1768, -1, -1]]"
1752927179.9069,115.99996346235275,12805.82102113885,12805.821371976259,12816.461746747915,15865.460891638904,"[[1769, -1, -1], [1770, -1, -1], [1771, -1, -1], [1772, -1, -1], [1773, -1, -1], [1774, -1, -1], [1775, -1, -1], [1776, -1, -1], [1777, -1, -1], [1778, -1, -1], [1779, -1, -1]]"
1752927180.0158,117.999960064888,12805.821141016031,12805.821370845393,12816.461746747915,15865.460891638904,"[[1780, -1, -1], [1781, -1, -1], [1782, -1, -1], [1783, -1, -1], [1784, -1, -1], [1785, -1, -1], [1786, -1, -1], [1787, -1, -1], [1788, -1, -1], [1789, -1, -1], [1790, -1, -1]]"
1752927180.1246,119.99995666742325,12805.821141016031,12805.821379237703,12816.461750158758,15865.460891638904,"[[1791, -1, -1], [1792, -1, -1], [1793, -1, -1], [1794, -1, -1], [1795, -1, -1], [1796, -1, -1], [1797, -1, -1], [1798, -1, -1], [1799, -1, -1], [1800, -1, -1], [1801, -1, -1]]"
1752927180.2348,121.9999532699585,12805.82113599942,12805.821379237703,12816.461750158758,15865.460891638904,"[[1802, -1, -1], [1803, -1, -1], [1804, -1, -1], [1805, -1, -1], [1806, -1, -1], [1807, -1, -1], [1808, -1, -1], [1809, -1, -1], [1810, -1, -1], [1811, -1, -1], [1812, -1, -1]]"
1752927180.3459,123.99995732307434,12805.82113599942,12805.82139370734,12816.46174748978,15865.460891638904,"[[1813, -1, -1], [1814, -1, -1], [1815, -1, -1], [1816, -1, -1], [1817, -1, -1], [1818, -1, -1], [1819, -1, -1], [1820, -1, -1], [1821, -1, -1], [1822, -1, -1], [1823, -1, -1]]"
1752927180.4568,125.99996137619019,12805.821197197889,12805.82139370734,12816.46174748978,15865.460891638904,"[[1824, -1, -1], [1825, -1, -1], [1826, -1, -1], [1827, -1, -1], [1828, -1, -1], [1829, -1, -1], [1830, -1, -1], [1831, -1, -1], [1832, -1, -1], [1833, -1, -1], [1834, -1, -1]]"
1752927180.5669,127.99996542930603,12805.821197197889,12805.821392762196,12816.461752573985,15865.460891638904,"[[1835, -1, -1], [1836, -1, -1], [1837, -1, -1], [1838, -1, -1], [1839, -1, -1], [1840, -1, -1], [1841, -1, -1], [1842, -1, -1], [1843, -1, -1], [1844, -1, -1], [1845, -1, -1]]"
1752927180.6769,129.99996948242188,12805.821118365067,12805.821392762196,12816.461752573985,15865.460891638904,"[[1846, -1, -1], [1847, -1, -1], [1848, -1, -1], [1849, -1, -1], [1850, -1, -1], [1851, -1, -1], [1852, -1, -1], [1853, -1, -1], [1854, -1, -1], [1855, -1, -1], [1856, -1, -1]]"
1752927180.7867,131.99997353553772,12805.821118365067,12805.821380274763,12816.461744825676,15865.460891638904,"[[1857, -1, -1], [1858, -1, -1], [1859, 1, 10952], [1859, 1, 11155], [1859, -1, -1], [1860, -1, -1], [1861, -1, -1], [1862, -1, -1], [1863, -1, -1], [1864, -1, -1], [1865, -1, -1], [1866, -1, -1], [1867, -1, -1]]"
1752927180.8973,133.99997758865356,12805.821025499246,12805.821380274763,12816.461744825676,15865.460891638904,"[[1868, -1, -1], [1869, -1, -1], [1870, -1, -1], [1871, -1, -1], [1872, -1, -1], [1873, -1, -1], [1874, -1, -1], [1875, -1, -1], [1876, -1, -1], [1877, -1, -1], [1878, -1, -1]]"
1752927181.0073,135.9999816417694,12805.821025499246,12805.821373382809,12816.46175642201,15865.460891638904,"[[1880, -1, -1], [1881, -1, -1], [1882, -1, -1], [1883, -1, -1], [1884, -1, -1], [1885, -1, -1], [1886, -1, -1], [1887, 1, 11360], [1887, 1, 11394], [1887, 1, 11590], [1887, -1, -1], [1888, -1, -1], [1889, -1, -1]]"
1752927181.1184,137.99998569488525,12805.82100783709,12805.821373382809,12816.46175034332,15865.460891638904,"[[1891, -1, -1], [1892, -1, -1], [1893, -1, -1], [1894, -1, -1], [1895, -1, -1], [1896, -1, -1], [1897, -1, -1], [1898, -1, -1], [1899, -1, -1], [1900, -1, -1]]"
1752927181.2288,139.9999897480011,12805.82100783709,12805.821370603291,12816.46175034332,15865.460891638904,"[[1902, -1, -1], [1903, -1, -1], [1904, -1, -1], [1905, -1, -1], [1906, -1, -1], [1907, -1, -1], [1908, -1, -1], [1909, -1, -1], [1910, -1, -1], [1911, -1, -1], [1912, -1, -1]]"
1752927181.3388,141.99999380111694,12805.82112875303,12805.821370603291,12816.46174637932,15865.460891638904,"[[1913, -1, -1], [1914, -1, -1], [1915, -1, -1], [1916, -1, -1], [1917, -1, -1], [1918, -1, -1], [1919, -1, -1], [1920, -1, -1], [1921, -1, -1], [1922, -1, -1], [1923, -1, -1]]"
1752927181.4488,143.9999978542328,12805.82112875303,12805.82142291505,12816.46174637932,15865.460891638904,"[[1924, -1, -1], [1925, -1, -1], [1926, -1, -1], [1927, -1, -1], [1928, -1, -1], [1929, -1, -1], [1930, -1, -1], [1931, -1, -1], [1932, -1, -1], [1933, -1, -1], [1934, -1, -1]]"
1752927181.5618,146.00000190734863,12805.821179822906,12805.82142291505,12816.461746751142,15865.460891638904,"[[1935, -1, -1], [1936, -1, -1], [1937, -1, -1], [1938, -1, -1], [1939, -1, -1], [1940, -1, -1], [1941, -1, -1], [1942, -1, -1], [1943, -1, -1], [1944, -1, -1], [1945, -1, -1]]"
1752927181.6719,148.00000596046448,12805.821179822906,12805.821407166111,12816.461746751142,15865.460891638904,"[[1946, -1, -1], [1947, -1, -1], [1948, -1, -1], [1949, -1, -1], [1950, -1, -1], [1951, -1, -1], [1952, -1, -1], [1953, -1, -1], [1954, -1, -1], [1955, -1, -1], [1956, -1, -1]]"
1752927181.7828,150.00001001358032,12805.821139389423,12805.821407166111,12816.461742884543,15865.460891638904,"[[1957, -1, -1], [1958, -1, -1], [1959, -1, -1], [1960, -1, -1], [1961, -1, -1], [1962, -1, -1], [1963, -1, -1], [1964, -1, -1], [1965, -1, -1], [1966, -1, -1], [1967, -1, -1]]"
1752927181.8938,152.00001406669617,12805.821139389423,12805.821414404189,12816.461742884543,15865.460891638904,"[[1968, -1, -1], [1969, -1, -1], [1970, -1, -1], [1971, -1, -1], [1972, -1, -1], [1973, -1, -1], [1974, -1, -1], [1975, -1, -1], [1976, -1, -1], [1977, -1, -1], [1978, -1, -1]]"
1752927182.0039,154.000018119812,12805.82104133756,12805.821414404189,12816.461738956925,15865.460891638904,"[[1979, -1, -1], [1980, -1, -1], [1981, -1, -1], [1982, -1, -1], [1983, -1, -1], [1984, -1, -1], [1985, -1, -1], [1986, -1, -1], [1987, -1, -1], [1988, -1, -1], [1989, -1, -1]]"
1752927182.1138,156.00002217292786,12805.82104133756,12805.821405634286,12816.461738956925,15865.460891638904,"[[1990, -1, -1], [1991, -1, -1], [1992, -1, -1], [1993, -1, -1], [1994, -1, -1], [1995, -1, -1], [1996, -1, -1], [1997, -1, -1], [1998, -1, -1], [1999, -1, -1], [2000, -1, -1]]"
1752927182.2239,158.0000262260437,12805.821045917106,12805.821405634286,12816.461751524961,15865.460891638904,"[[2001, -1, -1], [2002, -1, -1], [2003, -1, -1], [2004, -1, -1], [2005, -1, -1], [2006, -1, -1], [2007, -1, -1], [2008, -1, -1], [2009, -1, -1], [2010, -1, -1], [2011, -1, -1]]"
1752927182.3339,160.00003027915955,12805.821109981456,12805.82138672252,12816.461751524961,15865.460891638904,"[[2012, -1, -1], [2013, -1, -1], [2014, -1, -1], [2015, -1, -1], [2016, -1, -1], [2017, -1, -1], [2018, -1, -1], [2019, -1, -1], [2020, -1, -1], [2021, -1, -1], [2022, -1, -1]]"
1752927182.4468,162.0000343322754,12805.821109981456,12805.821401765616,12816.461756365254,15865.460891638904,"[[2023, -1, -1], [2024, -1, -1], [2025, -1, -1], [2026, -1, -1], [2027, -1, -1], [2028, -1, -1], [2029, -1, -1], [2030, -1, -1], [2031, -1, -1], [2032, -1, -1], [2033, -1, -1]]"
1752927182.5573,164.00003838539124,12805.821182851092,12805.821401765616,12816.461756365254,15865.460891638904,"[[2034, -1, -1], [2035, -1, -1], [2036, -1, -1], [2037, -1, -1], [2038, -1, -1], [2039, -1, -1], [2040, -1, -1], [2041, -1, -1], [2042, -1, -1], [2043, -1, -1], [2044, -1, -1]]"
1752927182.6683,166.00004243850708,12805.821182851092,12805.821406967332,12816.461742917549,15865.460891638904,"[[2046, 1, 10291], [2046, 1, 10493], [2046, -1, -1], [2047, -1, -1], [2048, -1, -1], [2049, -1, -1], [2050, -1, -1], [2051, -1, -1], [2052, -1, -1], [2053, -1, -1], [2054, -1, -1], [2055, -1, -1]]"
1752927182.7783,168.00004649162292,12805.82110820251,12805.821406967332,12816.461742917549,15865.460891638904,"[[2057, -1, -1], [2058, -1, -1], [2059, -1, -1], [2060, -1, -1], [2061, -1, -1], [2062, -1, -1], [2063, -1, -1], [2064, -1, -1], [2065, -1, -1], [2066, -1, -1]]"
1752927182.8898,170.00005054473877,12805.82110820251,12805.82140688829,12816.461744915974,15865.460891638904,"[[2068, -1, -1], [2069, -1, -1], [2070, -1, -1], [2071, -1, -1], [2072, -1, -1], [2073, -1, -1], [2074, -1, -1], [2075, -1, -1], [2076, -1, -1], [2077, -1, -1], [2078, -1, -1]]"
1752927182.9998,172.00005459785461,12805.820980713619,12805.82140688829,12816.461744915974,15865.460891638904,"[[2079, -1, -1], [2080, -1, -1], [2081, -1, -1], [2082, -1, -1], [2083, -1, -1], [2084, -1, -1], [2085, -1, -1], [2086, -1, -1], [2087, -1, -1], [2088, -1, -1], [2089, -1, -1]]"
1752927183.1093,174.00005865097046,12805.820980713619,12805.821399271428,12816.461746192104,15865.460891638904,"[[2090, -1, -1], [2091, -1, -1], [2092, -1, -1], [2093, -1, -1], [2094, -1, -1], [2095, -1, -1], [2096, -1, -1], [2097, -1, -1], [2098, -1, -1], [2099, -1, -1]]"
1752927183.2193,176.0000627040863,12805.82109450861,12805.821399271428,12816.461746192104,15865.460891638904,"[[2101, -1, -1], [2102, -1, -1], [2103, -1, -1], [2104, -1, -1], [2105, -1, -1], [2106, -1, -1], [2107, -1, -1], [2108, -1, -1], [2109, -1, -1], [2110, -1, -1]]"
1752927183.33,178.00006675720215,12805.82109450861,12805.821385425188,12816.461746396177,15865.460891638904,"[[2112, -1, -1], [2113, -1, -1], [2114, -1, -1], [2115, -1, -1], [2116, -1, -1], [2117, -1, -1], [2118, -1, -1], [2119, -1, -1], [2120, -1, -1], [2121, -1, -1], [2122, -1, -1]]"
1752927183.4418,180.000070810318,12805.821202079147,12805.821385425188,12816.461753256386,15865.460891638904,"[[2123, -1, -1], [2124, -1, -1], [2125, -1, -1], [2126, -1, -1], [2127, -1, -1], [2128, -1, -1], [2129, -1, -1], [2130, -1, -1], [2131, -1, -1], [2132, -1, -1], [2133, -1, -1]]"
1752927183.5518,182.00007486343384,12805.821202079147,12805.821380616233,12816.461753256386,15865.460891638904,"[[2134, -1, -1], [2135, -1, -1], [2136, -1, -1], [2137, -1, -1], [2138, -1, -1], [2139, -1, -1], [2140, -1, -1], [2141, -1, -1], [2142, -1, -1], [2143, -1, -1], [2144, -1, -1]]"
1752927183.6608,184.00007891654968,12805.821129243042,12805.821380616233,12816.461747404837,15865.460891638904,"[[2145, -1, -1], [2146, -1, -1], [2147, -1, -1], [2148, -1, -1], [2149, -1, -1], [2150, -1, -1], [2151, -1, -1], [2152, -1, -1], [2153, -1, -1], [2154, -1, -1], [2155, -1, -1]]"
1752927183.7699,186.00008296966553,12805.821129243042,12805.82136736998,12816.461747404837,15865.460891638904,"[[2156, -1, -1], [2157, -1, -1], [2158, -1, -1], [2159, -1, -1], [2160, -1, -1], [2161, -1, -1], [2162, -1, -1], [2163, -1, -1], [2164, -1, -1], [2165, -1, -1], [2166, -1, -1]]"
1752927183.8798,188.00008702278137,12805.821134887765,12805.82136736998,12816.461749446813,15865.460891638904,"[[2167, -1, -1], [2168, -1, -1], [2169, -1, -1], [2170, -1, -1], [2171, -1, -1], [2172, -1, -1], [2173, -1, -1], [2174, -1, -1], [2175, -1, -1], [2176, -1, -1], [2177, -1, -1]]"
1752927183.9918,190.00009107589722,12805.821134887765,12805.821371338365,12816.461749446813,15865.460891638904,"[[2178, -1, -1], [2179, -1, -1], [2180, -1, -1], [2181, -1, -1], [2182, -1, -1], [2183, -1, -1], [2184, -1, -1], [2185, -1, -1], [2186, -1, -1], [2187, -1, -1], [2188, -1, -1]]"
1752927184.1019,192.00009512901306,12805.821039950119,12805.821371338365,12816.461751300623,15865.460891638904,"[[2189, -1, -1], [2190, -1, -1], [2191, -1, -1], [2192, -1, -1], [2193, -1, -1], [2194, -1, -1], [2195, -1, -1], [2196, -1, -1], [2197, -1, -1], [2198, -1, -1], [2199, -1, -1]]"
1752927184.2108,194.0000991821289,12805.821039950119,12805.82138667761,12816.461751300623,15865.460891638904,"[[2200, -1, -1], [2201, 1, 9095], [2201, 1, 9298], [2201, -1, -1], [2202, -1, -1], [2203, -1, -1], [2204, -1, -1], [2205, -1, -1], [2206, -1, -1], [2207, -1, -1], [2208, -1, -1], [2209, -1, -1], [2210, -1, -1]]"
1752927184.3219,196.00010323524475,12805.821073774661,12805.82138667761,12816.461754715481,15865.460891638904,"[[2211, -1, -1], [2212, -1, -1], [2213, -1, -1], [2214, -1, -1], [2215, -1, -1], [2216, -1, -1], [2217, -1, -1], [2218, -1, -1], [2219, -1, -1], [2220, -1, -1], [2221, -1, -1]]"
1752927184.4448,-202.00000298023224,12805.821039052147,12805.821415754925,12816.461754715481,15865.460891638904,"[[2223, -1, -1], [2224, -1, -1], [2225, -1, -1], [2226, -1, -1], [2227, -1, -1], [2228, -1, -1], [2229, -1, -1], [2230, -1, -1], [2231, -1, -1], [2232, -1, -1], [2233, -1, -1]]"
1752927184.554,-199.9999989271164,12805.821039052147,12805.821415754925,12816.461750889704,15865.460891638904,"[[2234, -1, -1], [2235, -1, -1], [2236, -1, -1], [2237, -1, -1], [2238, -1, -1], [2239, -1, -1], [2240, -1, -1], [2241, -1, -1], [2242, -1, -1], [2243, -1, -1], [2244, -1, -1]]"
1752927184.6628,-197.99999487400055,12805.821121724633,12805.821390975489,12816.461750889704,15865.460891638904,"[[2245, -1, -1], [2246, -1, -1], [2247, -1, -1], [2248, -1, -1], [2249, -1, -1], [2250, -1, -1], [2251, -1, -1], [2252, 1, 11251], [2252, 1, 11435], [2252, 1, 11651], [2252, -1, -1], [2253, -1, -1], [2254, -1, -1], [2255, -1, -1]]"
1752927184.7738,-195.9999908208847,12805.821121724633,12805.82139952755,12816.46174911764,15865.460891638904,"[[2256, -1, -1], [2257, -1, -1], [2258, -1, -1], [2259, -1, -1], [2260, -1, -1], [2261, -1, -1], [2262, -1, -1], [2263, -1, -1], [2264, -1, -1], [2265, -1, -1], [2266, -1, -1]]"
1752927184.8858,-193.99998676776886,12805.82114190787,12805.82139952755,12816.46174911764,15865.460891638904,"[[2267, -1, -1], [2268, -1, -1], [2269, -1, -1], [2270, -1, -1], [2271, -1, -1], [2272, -1, -1], [2273, -1, -1], [2274, -1, -1], [2275, -1, -1], [2276, -1, -1], [2277, -1, -1]]"
1752927184.9948,-191.99998271465302,12805.82114190787,12805.821387949482,12816.461750479542,15865.460891638904,"[[2278, -1, -1], [2279, -1, -1], [2280, -1, -1], [2281, -1, -1], [2282, -1, -1], [2283, -1, -1], [2284, -1, -1], [2285, -1, -1], [2286, -1, -1], [2287, -1, -1], [2288, -1, -1]]"
1752927185.1038,-189.99997866153717,12805.82105032464,12805.821387949482,12816.461750479542,15865.460891638904,"[[2289, -1, -1], [2290, -1, -1], [2291, -1, -1], [2292, -1, -1], [2293, -1, -1], [2294, -1, -1], [2295, -1, -1], [2296, -1, -1], [2297, -1, -1], [2298, -1, -1], [2299, -1, -1]]"
1752927185.2158,-187.99997460842133,12805.82105032464,12805.821390856454,12816.461749250286,15865.460891638904,"[[2300, -1, -1], [2301, -1, -1], [2302, -1, -1], [2303, -1, -1], [2304, -1, -1], [2305, -1, -1], [2306, -1, -1], [2307, -1, -1], [2308, -1, -1], [2309, -1, -1], [2310, -1, -1]]"
1752927185.3274,-185.99997055530548,12805.821159204033,12805.821390856454,12816.461749250286,15865.460891638904,"[[2311, -1, -1], [2312, -1, -1], [2313, -1, -1], [2314, -1, -1], [2315, -1, -1], [2316, -1, -1], [2317, -1, -1], [2318, -1, -1], [2319, -1, -1], [2320, -1, -1], [2321, -1, -1]]"
1752927185.4383,-183.99996650218964,12805.821159204033,12805.821417182167,12816.461748320033,15865.460891638904,"[[2323, -1, -1], [2324, -1, -1], [2325, -1, -1], [2326, -1, -1], [2327, -1, -1], [2328, -1, -1], [2329, -1, -1], [2330, -1, -1], [2331, -1, -1], [2332, -1, -1]]"
1752927185.5483,-181.9999624490738,12805.821087314771,12805.821417182167,12816.461748320033,15865.460891638904,"[[2334, -1, -1], [2335, -1, -1], [2336, -1, -1], [2337, -1, -1], [2338, -1, -1], [2339, -1, -1], [2340, -1, -1], [2341, -1, -1], [2342, -1, -1], [2343, -1, -1]]"
1752927185.6583,-179.99995839595795,12805.821087314771,12805.82142182468,12816.461752479363,15865.460891638904,"[[2345, -1, -1], [2346, -1, -1], [2347, -1, -1], [2348, -1, -1], [2349, -1, -1], [2350, -1, -1], [2351, 1, 10040], [2351, 1, 10220], [2351, 1, 10478], [2351, -1, -1], [2352, -1, -1], [2353, -1, -1], [2354, -1, -1]]"
1752927185.7708,-177.9999543428421,12805.821116823196,12805.82142182468,12816.461751913088,15865.460891638904,"[[2356, -1, -1], [2357, -1, -1], [2358, -1, -1], [2359, -1, -1], [2360, -1, -1], [2361, -1, -1], [2362, -1, -1], [2363, -1, -1], [2364, -1, -1], [2365, -1, -1], [2366, -1, -1]]"
1752927185.8804,-175.99995028972626,12805.821116823196,12805.821418769221,12816.461751913088,15865.460891638904,"[[2367, -1, -1], [2368, -1, -1], [2369, -1, -1], [2370, -1, -1], [2371, -1, -1], [2372, -1, -1], [2373, -1, -1], [2374, -1, -1], [2375, -1, -1], [2376, -1, -1], [2377, -1, -1]]"
1752927185.9898,-173.9999462366104,12805.821165602745,12805.821418769221,12816.46174415092,15865.460891638904,"[[2378, -1, -1], [2379, -1, -1], [2380, -1, -1], [2381, -1, -1], [2382, -1, -1], [2383, -1, -1], [2384, -1, -1], [2385, -1, -1], [2386, -1, -1], [2387, -1, -1], [2388, -1, -1]]"
1752927186.1008,-171.99994218349457,12805.821165602745,12805.821410058436,12816.46174415092,15865.460891638904,"[[2389, -1, -1], [2390, -1, -1], [2391, -1, -1], [2392, -1, -1], [2393, -1, -1], [2394, -1, -1], [2395, -1, -1], [2396, -1, -1], [2397, -1, -1], [2398, -1, -1], [2399, -1, -1]]"
1752927186.2101,-169.99993813037872,12805.821215383436,12805.821410058436,12816.461744119177,15865.460891638904,"[[2400, -1, -1], [2401, -1, -1], [2402, -1, -1], [2403, -1, -1], [2404, -1, -1], [2405, -1, -1], [2406, -1, -1], [2407, 1, 9866], [2407, 1, 10069], [2407, -1, -1], [2408, -1, -1], [2409, -1, -1], [2410, -1, -1]]"
1752927186.3248,-167.99993407726288,12805.821215383436,12805.821420974156,12816.461744119177,15865.460891638904,"[[2411, 1, 10574], [2411, 1, 10777], [2411, -1, -1], [2412, -1, -1], [2413, -1, -1], [2414, -1, -1], [2415, 1, 11755], [2415, 1, 11789], [2415, 1, 11985], [2415, -1, -1], [2416, -1, -1], [2417, -1, -1], [2418, -1, -1], [2419, -1, -1], [2420, -1, -1], [2421, -1, -1]]"
1752927186.4358,-165.99993002414703,12805.821017282622,12805.821420974156,12816.461754509053,15865.460891638904,"[[2422, -1, -1], [2423, -1, -1], [2424, -1, -1], [2425, -1, -1], [2426, -1, -1], [2427, -1, -1], [2428, -1, -1], [2429, -1, -1], [2430, -1, -1], [2431, -1, -1], [2432, -1, -1]]"
1752927186.5458,-163.9999259710312,12805.821017282622,12805.821411681816,12816.461754509053,15865.460891638904,"[[2433, -1, -1], [2434, -1, -1], [2435, -1, -1], [2436, -1, -1], [2437, -1, -1], [2438, -1, -1], [2439, -1, -1], [2440, -1, -1], [2441, -1, -1], [2442, -1, -1], [2443, -1, -1]]"
1752927186.6558,-161.99992191791534,12805.821031548485,12805.821411681816,12816.461751092073,15865.460891638904,"[[2444, -1, -1], [2445, -1, -1], [2446, -1, -1], [2447, -1, -1], [2448, -1, -1], [2449, -1, -1], [2450, -1, -1], [2451, -1, -1], [2452, -1, -1], [2453, -1, -1], [2454, -1, -1]]"
1752927186.7658,-159.9999178647995,12805.821031548485,12805.821405749188,12816.461751092073,15865.460891638904,"[[2455, -1, -1], [2456, -1, -1], [2457, -1, -1], [2458, -1, -1], [2459, -1, -1], [2460, -1, -1], [2461, -1, -1], [2462, -1, -1], [2463, -1, -1], [2464, -1, -1], [2465, -1, -1]]"
1752927186.8758,-157.99991381168365,12805.821144389824,12805.821405749188,12816.461750292963,15865.460891638904,"[[2466, -1, -1], [2467, -1, -1], [2468, -1, -1], [2469, -1, -1], [2470, -1, -1], [2471, -1, -1], [2472, -1, -1], [2473, -1, -1], [2474, -1, -1], [2475, -1, -1], [2476, -1, -1]]"
1752927186.9868,-155.9999097585678,12805.821144389824,12805.821405905406,12816.461750292963,15865.460891638904,"[[2477, -1, -1], [2478, -1, -1], [2479, -1, -1], [2480, -1, -1], [2481, -1, -1], [2482, -1, -1], [2483, -1, -1], [2484, -1, -1], [2485, -1, -1], [2486, -1, -1], [2487, -1, -1]]"
1752927187.096,-153.99990570545197,12805.821169783994,12805.821405905406,12816.461751664905,15865.460891638904,"[[2488, -1, -1], [2489, -1, -1], [2490, -1, -1], [2491, -1, -1], [2492, -1, -1], [2493, -1, -1], [2494, -1, -1], [2495, -1, -1], [2496, -1, -1], [2497, -1, -1], [2498, -1, -1]]"
1752927187.2058,-151.99990165233612,12805.821169783994,12805.82140310429,12816.461751664905,15865.460891638904,"[[2499, -1, -1], [2500, -1, -1], [2501, -1, -1], [2502, -1, -1], [2503, -1, -1], [2504, -1, -1], [2505, -1, -1], [2506, -1, -1], [2507, -1, -1], [2508, -1, -1], [2509, -1, -1]]"
1752927187.3158,-149.99989759922028,12805.821131094352,12805.82140310429,12816.461751755964,15865.460891638904,"[[2510, -1, -1], [2511, -1, -1], [2512, -1, -1], [2513, -1, -1], [2514, -1, -1], [2515, -1, -1], [2516, -1, -1], [2517, -1, -1], [2518, -1, -1], [2519, 1, 35], [2519, -1, -1], [2520, -1, -1]]"
1752927187.4268,-147.99989354610443,12805.821096322898,12805.821399216182,12816.461751755964,15865.460891638904,"[[2521, -1, -1], [2522, -1, -1], [2523, -1, -1], [2524, -1, -1], [2525, -1, -1], [2526, -1, -1], [2527, -1, -1], [2528, -1, -1], [2529, -1, -1], [2530, -1, -1], [2531, -1, -1]]"
1752927187.5365,-145.9998894929886,12805.821096322898,12805.821399216182,12816.46175327167,15865.460891638904,"[[2532, -1, -1], [2533, -1, -1], [2534, -1, -1], [2535, -1, -1], [2536, -1, -1], [2537, -1, -1], [2538, -1, -1], [2539, -1, -1], [2540, -1, -1], [2541, -1, -1], [2542, -1, -1]]"
1752927187.6459,-143.99988543987274,12805.821103546485,12805.821396765452,12816.46175327167,15865.460891638904,"[[2543, -1, -1], [2544, -1, -1], [2545, -1, -1], [2546, -1, -1], [2547, -1, -1], [2548, -1, -1], [2549, -1, -1], [2550, -1, -1], [2551, -1, -1], [2552, -1, -1], [2553, -1, -1]]"
1752927187.7554,-141.9998813867569,12805.821103546485,12805.821396765452,12816.461746720885,15865.460891638904,"[[2554, -1, -1], [2555, -1, -1], [2556, -1, -1], [2557, -1, -1], [2558, -1, -1], [2559, -1, -1], [2560, -1, -1], [2561, -1, -1], [2562, -1, -1], [2563, -1, -1], [2564, -1, -1]]"
1752927187.8648,-139.99987733364105,12805.821137374598,12805.82141070807,12816.461746720885,15865.460891638904,"[[2565, -1, -1], [2566, -1, -1], [2567, -1, -1], [2568, -1, -1], [2569, -1, -1], [2570, -1, -1], [2571, -1, -1], [2572, -1, -1], [2573, -1, -1], [2574, -1, -1], [2575, -1, -1]]"
1752927187.9748,-137.9998732805252,12805.821137374598,12805.821415042585,12816.46174828701,15865.460891638904,"[[2576, -1, -1], [2577, -1, -1], [2578, -1, -1], [2579, -1, -1], [2580, -1, -1], [2581, -1, -1], [2582, -1, -1], [2583, -1, -1], [2584, -1, -1], [2585, -1, -1], [2586, -1, -1]]"
1752927188.0849,-135.99986922740936,12805.82128447704,12805.821415042585,12816.46174828701,15865.460891638904,"[[2587, -1, -1], [2588, -1, -1], [2589, -1, -1], [2590, -1, -1], [2591, -1, -1], [2592, -1, -1], [2593, -1, -1], [2594, -1, -1], [2595, -1, -1], [2596, -1, -1], [2597, -1, -1]]"
1752927188.1958,-133.99986517429352,12805.82128447704,12805.82140192173,12816.461752316958,15865.460891638904,"[[2598, -1, -1], [2599, -1, -1], [2600, -1, -1], [2601, -1, -1], [2602, -1, -1], [2603, -1, -1], [2604, -1, -1], [2605, -1, -1], [2606, -1, -1], [2607, -1, -1], [2608, -1, -1]]"
1752927188.3058,-131.99986112117767,12805.82115225018,12805.82140192173,12816.461752316958,15865.460891638904,"[[2609, -1, -1], [2610, -1, -1], [2611, -1, -1], [2612, -1, -1], [2613, -1, -1], [2614, -1, -1], [2615, -1, -1], [2616, -1, -1], [2617, -1, -1], [2618, -1, -1], [2619, -1, -1]]"
1752927188.4158,-129.99985706806183,12805.82115225018,12805.821380029625,12816.461751348937,15865.460891638904,"[[2620, -1, -1], [2621, -1, -1], [2622, -1, -1], [2623, -1, -1], [2624, -1, -1], [2625, -1, -1], [2626, -1, -1], [2627, -1, -1], [2628, -1, -1], [2629, -1, -1], [2630, -1, -1]]"
1752927188.5258,-127.99985301494598,12805.821052343244,12805.821380029625,12816.461751348937,15865.460891638904,"[[2631, -1, -1], [2632, -1, -1], [2633, -1, -1], [2634, -1, -1], [2635, -1, -1], [2636, -1, -1], [2637, -1, -1], [2638, -1, -1], [2639, -1, -1], [2640, -1, -1], [2641, -1, -1]]"
1752927188.6369,-125.99985641241074,12805.821052343244,12805.821403107684,12816.4617479185,15865.460891638904,"[[2642, -1, -1], [2643, -1, -1], [2644, -1, -1], [2645, -1, -1], [2646, -1, -1], [2647, -1, -1], [2648, -1, -1], [2649, -1, -1], [2650, -1, -1], [2651, -1, -1], [2652, -1, -1]]"
1752927188.7473,-123.99985980987549,12805.821073597519,12805.821403107684,12816.4617479185,15865.460891638904,"[[2653, -1, -1], [2654, -1, -1], [2655, -1, -1], [2656, -1, -1], [2657, -1, -1], [2658, -1, -1], [2659, -1, -1], [2660, -1, -1], [2661, -1, -1], [2662, -1, -1], [2663, -1, -1]]"
1752927188.8573,-121.99986320734024,12805.821073597519,12805.821410349794,12816.461748899133,15865.460891638904,"[[2665, -1, -1], [2666, -1, -1], [2667, 1, 11276], [2667, 1, 11479], [2667, -1, -1], [2668, -1, -1], [2669, -1, -1], [2670, -1, -1], [2671, -1, -1], [2672, 1, 16400], [2672, 1, 16603], [2672, -1, -1], [2673, -1, -1], [2674, 1, 11822], [2674, 1, 12024], [2674, -1, -1]]"
1752927188.9683,-119.99986660480499,12805.821118887618,12805.821410349794,12816.461748630587,15865.460891638904,"[[2676, -1, -1], [2677, -1, -1], [2678, -1, -1], [2679, -1, -1], [2680, -1, -1], [2681, -1, -1], [2682, -1, -1], [2683, -1, -1], [2684, -1, -1], [2685, -1, -1]]"
1752927189.0798,-117.99987000226974,12805.821118887618,12805.82140479125,12816.461748630587,15865.460891638904,"[[2687, -1, -1], [2688, -1, -1], [2689, -1, -1], [2690, -1, -1], [2691, -1, -1], [2692, -1, -1], [2693, -1, -1], [2694, -1, -1], [2695, -1, -1], [2696, -1, -1], [2697, -1, -1]]"
1752927189.1898,-115.9998733997345,12805.821212796023,12805.82140479125,12816.461748641432,15865.460891638904,"[[2698, -1, -1], [2699, -1, -1], [2700, -1, -1], [2701, -1, -1], [2702, -1, -1], [2703, -1, -1], [2704, -1, -1], [2705, -1, -1], [2706, -1, -1], [2707, -1, -1], [2708, -1, -1]]"
1752927189.2998,-113.99987679719925,12805.821212796023,12805.821413876341,12816.461748641432,15865.460891638904,"[[2709, -1, -1], [2710, -1, -1], [2711, -1, -1], [2712, -1, -1], [2713, -1, -1], [2714, -1, -1], [2715, -1, -1], [2716, -1, -1], [2717, -1, -1], [2718, -1, -1], [2719, -1, -1]]"
1752927189.4109,-111.999880194664,12805.821227773811,12805.821413876341,12816.461746659732,15865.460891638904,"[[2720, -1, -1], [2721, -1, -1], [2722, -1, -1], [2723, -1, -1], [2724, -1, -1], [2725, -1, -1], [2726, -1, -1], [2727, -1, -1], [2728, -1, -1], [2729, -1, -1], [2730, -1, -1]]"
1752927189.5208,-109.99988359212875,12805.821227773811,12805.82139282954,12816.461746659732,15865.460891638904,"[[2731, -1, -1], [2732, -1, -1], [2733, -1, -1], [2734, 1, 11240], [2734, 1, 11438], [2734, -1, -1], [2735, -1, -1], [2736, -1, -1], [2737, -1, -1], [2738, -1, -1], [2739, -1, -1], [2740, -1, -1], [2741, -1, -1]]"
1752927189.6306,-107.9998869895935,12805.821146464848,12805.82139282954,12816.461753448253,15865.460891638904,"[[2742, 1, 11323], [2742, 1, 11526], [2742, -1, -1], [2743, -1, -1], [2744, -1, -1], [2745, -1, -1], [2746, -1, -1], [2747, -1, -1], [2748, -1, -1], [2749, -1, -1], [2750, 1, 10228], [2750, 1, 10431], [2750, -1, -1], [2751, -1, -1], [2752, -1, -1]]"
1752927189.7408,-105.99989038705826,12805.821146464848,12805.821382568394,12816.461753448253,15865.460891638904,"[[2753, -1, -1], [2754, -1, -1], [2755, -1, -1], [2756, -1, -1], [2757, -1, -1], [2758, -1, -1], [2759, -1, -1], [2760, -1, -1], [2761, -1, -1], [2762, -1, -1], [2763, -1, -1]]"
1752927189.8498,-103.99989378452301,12805.821048551985,12805.821382568394,12816.46176137057,15865.460891638904,"[[2764, -1, -1], [2765, -1, -1], [2766, -1, -1], [2767, -1, -1], [2768, -1, -1], [2769, -1, -1], [2770, -1, -1], [2771, 1, 10194], [2771, 1, 10380], [2771, -1, -1], [2772, -1, -1], [2773, -1, -1], [2774, -1, -1]]"
1752927189.9598,-101.99989718198776,12805.821048551985,12805.821386987447,12816.46176137057,15865.460891638904,"[[2775, -1, -1], [2776, 1, 11224], [2776, 1, 11423], [2776, -1, -1], [2777, -1, -1], [2778, -1, -1], [2779, -1, -1], [2780, -1, -1], [2781, -1, -1], [2782, -1, -1], [2783, -1, -1], [2784, -1, -1], [2785, -1, -1]]"
1752927190.0699,-99.99990057945251,12805.821165970217,12805.821386987447,12816.461751265366,15865.460891638904,"[[2786, -1, -1], [2787, -1, -1], [2788, -1, -1], [2789, -1, -1], [2790, -1, -1], [2791, -1, -1], [2792, -1, -1], [2793, -1, -1], [2794, -1, -1], [2795, -1, -1], [2796, -1, -1]]"
1752927190.1798,-97.99990397691727,12805.821141227232,12805.821390859272,12816.461751265366,15865.460891638904,"[[2797, -1, -1], [2798, -1, -1], [2799, -1, -1], [2800, -1, -1], [2801, -1, -1], [2802, -1, -1], [2803, -1, -1], [2804, -1, -1], [2805, -1, -1], [2806, -1, -1], [2807, -1, -1]]"
1752927190.2898,-95.99990737438202,12805.821141227232,12805.821390859272,12816.46175015554,15865.460891638904,"[[2808, -1, -1], [2809, -1, -1], [2810, -1, -1], [2811, -1, -1], [2812, -1, -1], [2813, -1, -1], [2814, -1, -1], [2815, -1, -1], [2816, -1, -1], [2817, -1, -1], [2818, -1, -1]]"
1752927190.4008,-93.99991077184677,12805.821227002303,12805.821406130879,12816.46175015554,15865.460891638904,"[[2819, -1, -1], [2820, -1, -1], [2821, -1, -1], [2822, -1, -1], [2823, -1, -1], [2824, -1, -1], [2825, -1, -1], [2826, -1, -1], [2827, -1, -1], [2828, 1, 11695], [2828, 1, 11898], [2828, -1, -1], [2829, -1, -1]]"
1752927190.5119,-91.99991416931152,12805.821227002303,12805.82141724069,12816.461750005654,15865.460891638904,"[[2830, -1, -1], [2831, -1, -1], [2832, -1, -1], [2833, -1, -1], [2834, -1, -1], [2835, 1, 9116], [2835, 1, 9315], [2835, -1, -1], [2836, -1, -1], [2837, -1, -1], [2838, -1, -1], [2839, -1, -1], [2840, -1, -1]]"
1752927190.6259,-89.99991756677628,12805.821117757825,12805.82141724069,12816.461750005654,15865.460891638904,"[[2841, -1, -1], [2842, -1, -1], [2843, -1, -1], [2844, -1, -1], [2845, -1, -1], [2846, -1, -1], [2847, -1, -1], [2848, -1, -1], [2849, -1, -1], [2850, -1, -1], [2851, -1, -1]]"
1752927190.7358,-87.99992096424103,12805.821117757825,12805.82140428269,12816.461749261414,15865.460891638904,"[[2852, -1, -1], [2853, -1, -1], [2854, -1, -1], [2855, -1, -1], [2856, -1, -1], [2857, -1, -1], [2858, -1, -1], [2859, -1, -1], [2860, -1, -1], [2861, -1, -1], [2862, -1, -1]]"
1752927190.8458,-85.99992436170578,12805.82104795502,12805.82140428269,12816.461749261414,15865.460891638904,"[[2863, -1, -1], [2864, -1, -1], [2865, -1, -1], [2866, -1, -1], [2867, -1, -1], [2868, -1, -1], [2869, -1, -1], [2870, -1, -1], [2871, -1, -1], [2872, -1, -1], [2873, -1, -1]]"
1752927190.9561,-83.99992775917053,12805.82104795502,12805.82138273687,12816.461752844421,15865.460891638904,"[[2874, -1, -1], [2875, -1, -1], [2876, -1, -1], [2877, -1, -1], [2878, -1, -1], [2879, -1, -1], [2880, -1, -1], [2881, -1, -1], [2882, -1, -1], [2883, -1, -1], [2884, -1, -1]]"
1752927191.0673,-81.99993115663528,12805.821278390833,12805.82138273687,12816.461752844421,15865.460891638904,"[[2885, -1, -1], [2886, -1, -1], [2887, -1, -1], [2888, -1, -1], [2889, -1, -1], [2890, -1, -1], [2891, -1, -1], [2892, -1, -1], [2893, -1, -1], [2894, -1, -1], [2895, -1, -1]]"
1752927191.1768,-79.99993455410004,12805.821278390833,12805.821391800831,12816.461747178922,15865.460891638904,"[[2897, -1, -1], [2898, -1, -1], [2899, -1, -1], [2900, -1, -1], [2901, -1, -1], [2902, -1, -1], [2903, -1, -1], [2904, -1, -1], [2905, -1, -1], [2906, 1, 10518], [2906, 1, 10704], [2906, -1, -1]]"
1752927191.2858,-77.99993795156479,12805.821175962776,12805.821391800831,12816.461747178922,15865.460891638904,"[[2907, -1, -1], [2908, -1, -1], [2909, 1, 14969], [2909, 1, 15171], [2909, -1, -1], [2910, -1, -1], [2911, -1, -1], [2912, -1, -1], [2913, -1, -1], [2914, -1, -1], [2915, -1, -1], [2916, -1, -1], [2917, -1, -1]]"
1752927191.3958,-75.99994134902954,12805.821175962776,12805.821388764241,12816.461754468504,15865.460891638904,"[[2918, -1, -1], [2919, -1, -1], [2920, -1, -1], [2921, -1, -1], [2922, -1, -1], [2923, -1, -1], [2924, -1, -1], [2925, -1, -1], [2926, -1, -1], [2927, -1, -1], [2928, -1, -1]]"
1752927191.5068,-73.9999447464943,12805.82120727441,12805.821388764241,12816.461751308452,15865.460891638904,"[[2929, -1, -1], [2930, -1, -1], [2931, -1, -1], [2932, -1, -1], [2933, -1, -1], [2934, -1, -1], [2935, -1, -1], [2936, -1, -1], [2937, -1, -1], [2938, -1, -1], [2939, -1, -1]]"
1752927191.6168,-71.99994814395905,12805.82120727441,12805.821402649695,12816.461751308452,15865.460891638904,"[[2940, -1, -1], [2941, -1, -1], [2942, -1, -1], [2943, -1, -1], [2944, -1, -1], [2945, -1, -1], [2946, -1, -1], [2947, -1, -1], [2948, -1, -1], [2949, -1, -1], [2950, -1, -1]]"
1752927191.7268,-69.9999515414238,12805.821254053544,12805.821402649695,12816.46174333876,15865.460891638904,"[[2951, -1, -1], [2952, -1, -1], [2953, -1, -1], [2954, -1, -1], [2955, -1, -1], [2956, -1, -1], [2957, -1, -1], [2958, -1, -1], [2959, -1, -1], [2960, -1, -1], [2961, -1, -1]]"
1752927191.8368,-67.99995493888855,12805.821254053544,12805.821406481162,12816.46174333876,15865.460891638904,"[[2962, -1, -1], [2963, -1, -1], [2964, -1, -1], [2965, -1, -1], [2966, -1, -1], [2967, -1, -1], [2968, -1, -1], [2969, -1, -1], [2970, -1, -1], [2971, -1, -1], [2972, -1, -1]]"
1752927191.9468,-65.9999583363533,12805.821086925635,12805.821406481162,12816.461742530382,15865.460891638904,"[[2973, -1, -1], [2974, -1, -1], [2975, -1, -1], [2976, 1, 11410], [2976, 1, 11613], [2976, -1, -1], [2977, -1, -1], [2978, 1, 10435], [2978, -1, -1], [2979, -1, -1], [2980, -1, -1], [2981, -1, -1], [2982, -1, -1], [2983, -1, -1]]"
1752927192.0568,-63.999958008527756,12805.821086925635,12805.821404052833,12816.461742530382,15865.460891638904,"[[2984, -1, -1], [2985, -1, -1], [2986, -1, -1], [2987, -1, -1], [2988, -1, -1], [2989, -1, -1], [2990, -1, -1], [2991, -1, -1], [2992, -1, -1], [2993, -1, -1], [2994, -1, -1]]"
1752927192.1738,-61.99995768070221,12805.821046280653,12805.821404052833,12816.461757592344,15865.460891638904,"[[2995, -1, -1], [2996, -1, -1], [2997, -1, -1], [2998, -1, -1], [2999, -1, -1], [3000, -1, -1], [3001, -1, -1], [3002, -1, -1], [3003, 1, 11900], [3003, 1, 12103], [3003, -1, -1], [3004, 1, 11267], [3004, 1, 11466], [3004, 1, 11750], [3004, -1, -1], [3005, -1, -1], [3006, -1, -1]]"
1752927192.2849,-59.99995735287666,12805.821046280653,12805.821401198435,12816.461757592344,15865.460891638904,"[[3007, -1, -1], [3008, 1, 14590], [3008, 1, 14770], [3008, -1, -1], [3009, -1, -1], [3010, -1, -1], [3011, -1, -1], [3012, -1, -1], [3013, -1, -1], [3014, -1, -1], [3015, -1, -1], [3016, -1, -1], [3017, -1, -1]]"
1752927192.3949,-57.99995702505112,12805.821198625297,12805.821401198435,12816.46175356143,15865.460891638904,"[[3018, -1, -1], [3019, -1, -1], [3020, -1, -1], [3021, -1, -1], [3022, -1, -1], [3023, -1, -1], [3024, -1, -1], [3025, -1, -1], [3026, -1, -1], [3027, -1, -1], [3028, -1, -1]]"
1752927192.5048,-55.99995669722557,12805.821246862486,12805.821389633158,12816.46175356143,15865.460891638904,"[[3029, -1, -1], [3030, -1, -1], [3031, -1, -1], [3032, -1, -1], [3033, -1, -1], [3034, -1, -1], [3035, -1, -1], [3036, -1, -1], [3037, -1, -1], [3038, -1, -1], [3039, -1, -1]]"
1752927192.6139,-53.999956369400024,12805.821246862486,12805.821389633158,12816.461743237924,15865.460891638904,"[[3040, -1, -1], [3041, -1, -1], [3042, -1, -1], [3043, -1, -1], [3044, -1, -1], [3045, -1, -1], [3046, -1, -1], [3047, -1, -1], [3048, -1, -1], [3049, -1, -1], [3050, -1, -1]]"
1752927192.7238,-51.99995604157448,12805.821186180754,12805.821392767017,12816.461743237924,15865.460891638904,"[[3051, -1, -1], [3052, -1, -1], [3053, 1, 10479], [3053, 1, 10677], [3053, -1, -1], [3054, -1, -1], [3055, 1, 11204], [3055, 1, 11407], [3055, -1, -1], [3056, -1, -1], [3057, -1, -1], [3058, 1, 9596], [3058, 1, 9799], [3058, -1, -1], [3059, -1, -1], [3060, -1, -1], [3061, -1, -1]]"
1752927192.8328,-49.99995571374893,12805.821186180754,12805.821392767017,12816.461756408802,15865.460891638904,"[[3062, -1, -1], [3063, -1, -1], [3064, -1, -1], [3065, 1, 10569], [3065, 1, 10771], [3065, -1, -1], [3066, -1, -1], [3067, -1, -1], [3068, -1, -1], [3069, -1, -1], [3070, -1, -1], [3071, 1, 11673], [3071, 1, 11876], [3071, -1, -1], [3072, -1, -1]]"
1752927192.9438,-47.999955385923386,12805.821121475565,12805.821395548368,12816.461756408802,15865.460891638904,"[[3073, -1, -1], [3074, -1, -1], [3075, -1, -1], [3076, -1, -1], [3077, -1, -1], [3078, -1, -1], [3079, -1, -1], [3080, -1, -1], [3081, -1, -1], [3082, -1, -1], [3083, 1, 11268], [3083, 1, 11453], [3083, -1, -1]]"
1752927193.0548,-45.99995505809784,12805.821121475565,12805.82138988197,12816.461741193201,15865.460891638904,"[[3084, -1, -1], [3085, -1, -1], [3086, -1, -1], [3087, -1, -1], [3088, -1, -1], [3089, -1, -1], [3090, -1, -1], [3091, -1, -1], [3092, 1, 10781], [3092, 1, 10824], [3092, 1, 10926], [3092, 1, 11013], [3092, 1, 11132], [3092, 1, 11347], [3092, -1, -1], [3093, -1, -1], [3094, -1, -1]]"
1752927193.1648,-43.99995473027229,12805.821051828794,12805.82138988197,12816.461741193201,15865.460891638904,"[[3095, -1, -1], [3096, -1, -1], [3097, -1, -1], [3098, -1, -1], [3099, -1, -1], [3100, -1, -1], [3101, -1, -1], [3102, -1, -1], [3103, -1, -1], [3104, -1, -1], [3105, -1, -1]]"
1752927193.2738,-41.99995440244675,12805.821051828794,12805.821390578632,12816.461742632171,15865.460891638904,"[[3106, -1, -1], [3107, 1, 11088], [3107, 1, 11278], [3107, -1, -1], [3108, -1, -1], [3109, -1, -1], [3110, -1, -1], [3111, -1, -1], [3112, -1, -1], [3113, -1, -1], [3114, -1, -1], [3115, -1, -1], [3116, -1, -1]]"
1752927193.3848,-39.9999540746212,12805.821104418335,12805.821390578632,12816.461742632171,15865.460891638904,"[[3117, -1, -1], [3118, 1, 10147], [3118, 1, 10181], [3118, 1, 10377], [3118, 1, 10609], [3118, -1, -1], [3119, -1, -1], [3120, -1, -1], [3121, -1, -1], [3122, -1, -1], [3123, -1, -1], [3124, -1, -1], [3125, -1, -1], [3126, -1, -1], [3127, -1, -1]]"
1752927193.4958,-37.999953746795654,12805.821104418335,12805.821390944804,12816.461752344107,15865.460891638904,"[[3128, -1, -1], [3129, -1, -1], [3130, -1, -1], [3131, -1, -1], [3132, -1, -1], [3133, -1, -1], [3134, -1, -1], [3135, 1, 13469], [3135, 1, 13496], [3135, 1, 13699], [3135, -1, -1], [3136, -1, -1], [3137, -1, -1], [3138, -1, -1]]"
1752927193.6058,-35.99995341897011,12805.821169681445,12805.821390944804,12816.461752344107,15865.460891638904,"[[3139, -1, -1], [3140, -1, -1], [3141, -1, -1], [3142, -1, -1], [3143, -1, -1], [3144, -1, -1], [3145, -1, -1], [3146, -1, -1], [3147, -1, -1], [3148, -1, -1], [3149, -1, -1]]"
1752927193.7148,-33.99995309114456,12805.821169681445,12805.821380052601,12816.461748436803,15865.460891638904,"[[3150, -1, -1], [3151, -1, -1], [3152, -1, -1], [3153, -1, -1], [3154, -1, -1], [3155, -1, -1], [3156, -1, -1], [3157, -1, -1], [3158, -1, -1], [3159, -1, -1], [3160, 1, 10064], [3160, 1, 10099], [3160, 1, 10295], [3160, 1, 10901], [3160, 1, 10972], [3160, 1, 11135], [3160, 1, 11161], [3160, 1, 11224], [3160, 1, 11428], [3160, -1, -1]]"
1752927193.8249,-31.999952763319016,12805.821172374484,12805.821380052601,12816.461748436803,15865.460891638904,"[[3161, -1, -1], [3162, -1, -1], [3163, -1, -1], [3164, -1, -1], [3165, -1, -1], [3166, -1, -1], [3167, -1, -1], [3168, -1, -1], [3169, -1, -1], [3170, -1, -1], [3171, -1, -1]]"
1752927193.9348,-29.99995243549347,12805.821172374484,12805.821385919466,12816.46175520743,15865.460891638904,"[[3172, -1, -1], [3173, 1, 12360], [3173, 1, 12564], [3173, -1, -1], [3174, -1, -1], [3175, -1, -1], [3176, -1, -1], [3177, -1, -1], [3178, -1, -1], [3179, -1, -1], [3180, -1, -1], [3181, -1, -1], [3182, -1, -1]]"
1752927194.0448,-27.999952107667923,12805.821161041027,12805.821385919466,12816.461745249544,15865.460891638904,"[[3183, -1, -1], [3184, -1, -1], [3185, -1, -1], [3186, -1, -1], [3187, -1, -1], [3188, -1, -1], [3189, -1, -1], [3190, -1, -1], [3191, -1, -1], [3192, -1, -1], [3193, -1, -1]]"
1752927194.1538,-25.999951779842377,12805.821161041027,12805.821395085588,12816.461745249544,15865.460891638904,"[[3194, -1, -1], [3195, -1, -1], [3196, -1, -1], [3197, -1, -1], [3198, -1, -1], [3199, 1, 11349], [3199, 1, 11379], [3199, 1, 11579], [3199, -1, -1], [3200, -1, -1], [3201, 1, 10398], [3201, 1, 10601], [3201, -1, -1], [3202, -1, -1], [3203, -1, -1], [3204, -1, -1]]"
1752927194.2639,-23.99995145201683,12805.821161041027,12805.821395085588,12816.461747817526,15865.460891638904,"[[3205, -1, -1], [3206, 1, 10016], [3206, 1, 10215], [3206, 1, 11733], [3206, -1, -1], [3207, -1, -1], [3208, -1, -1], [3209, -1, -1], [3210, -1, -1], [3211, -1, -1], [3212, 1, 10589], [3212, 1, 10623], [3212, 1, 10819], [3212, 1, 11039], [3212, 1, 11085], [3212, 1, 11274], [3212, 1, 11506], [3212, 1, 11717], [3212, 1, 11773], [3212, 1, 11997], [3212, 1, 12125], [3212, 1, 12394], [3212, -1, -1], [3213, -1, -1], [3214, -1, -1], [3215, -1, -1]]"
1752927194.3728,-21.999951124191284,12805.821161041027,12805.82139623258,12816.461747817526,15865.460891638904,"[[3216, -1, -1], [3217, -1, -1], [3218, 1, 11046], [3218, 1, 11216], [3218, -1, -1], [3219, -1, -1], [3220, -1, -1], [3221, -1, -1], [3222, -1, -1], [3223, -1, -1], [3224, -1, -1], [3225, -1, -1], [3226, -1, -1]]"
1752927194.4818,-19.999950796365738,12805.821157760316,12805.82139623258,12816.46174745779,15865.460891638904,"[[3227, -1, -1], [3228, -1, -1], [3229, -1, -1], [3230, -1, -1], [3231, 1, 11531], [3231, 1, 11565], [3231, 1, 11761], [3231, -1, -1], [3232, -1, -1], [3233, -1, -1], [3234, -1, -1], [3235, -1, -1], [3236, -1, -1], [3237, -1, -1]]"
1752927194.5918,-17.99995046854019,12805.82115077839,12805.821396775289,12816.46174745779,15865.460891638904,"[[3238, -1, -1], [3239, 1, 9042], [3239, 1, 9075], [3239, 1, 9130], [3239, 1, 9271], [3239, 1, 11141], [3239, 1, 11325], [3239, -1, -1], [3240, -1, -1], [3241, -1, -1], [3242, -1, -1], [3243, -1, -1], [3244, -1, -1], [3245, -1, -1], [3246, -1, -1], [3247, -1, -1], [3248, -1, -1]]"
1752927194.7019,-15.999950140714647,12805.82115077839,12805.821396775289,12816.461753800195,15865.460891638904,"[[3249, 1, 11945], [3249, -1, -1], [3250, -1, -1], [3251, -1, -1], [3252, -1, -1], [3253, 1, 10699], [3253, 1, 10887], [3253, -1, -1], [3254, 1, 11218], [3254, 1, 11252], [3254, 1, 11448], [3254, 1, 11757], [3254, -1, -1], [3255, -1, -1], [3256, -1, -1], [3257, -1, -1], [3258, -1, -1], [3259, -1, -1]]"
1752927194.8119,-13.9999498128891,12805.821200023976,12805.821400529985,12816.461753800195,15865.460891638904,"[[3260, -1, -1], [3261, 1, 12017], [3261, 1, 12219], [3261, -1, -1], [3262, -1, -1], [3263, -1, -1], [3264, 1, 10711], [3264, 1, 10915], [3264, -1, -1], [3265, -1, -1], [3266, -1, -1], [3267, -1, -1], [3268, -1, -1], [3269, -1, -1], [3270, 1, 10699], [3270, 1, 10902], [3270, -1, -1]]"
1752927194.9218,-11.999949485063553,12805.821200023976,12805.821391761749,12816.461756820163,15865.460891638904,"[[3271, -1, -1], [3272, -1, -1], [3273, -1, -1], [3274, -1, -1], [3275, 1, 12574], [3275, 1, 12763], [3275, -1, -1], [3276, -1, -1], [3277, -1, -1], [3278, -1, -1], [3279, 1, 10063], [3279, 1, 10250], [3279, 1, 10336], [3279, -1, -1], [3280, -1, -1], [3281, -1, -1]]"
1752927195.0328,-9.999949157238007,12805.821194957478,12805.821391761749,12816.461756820163,15865.460891638904,"[[3282, 1, 10643], [3282, 1, 10834], [3282, -1, -1], [3283, -1, -1], [3284, -1, -1], [3285, -1, -1], [3286, -1, -1], [3287, -1, -1], [3288, -1, -1], [3289, -1, -1], [3290, -1, -1], [3291, -1, -1], [3292, -1, -1]]"
1752927195.1458,-7.999949295073748,12805.821194957478,12805.821378927436,12816.461752047057,15865.460891638904,"[[3293, 1, 11578], [3293, 1, 11780], [3293, -1, -1], [3294, 1, 11269], [3294, -1, -1], [3295, -1, -1], [3296, 1, 9912], [3296, 1, 10116], [3296, 1, 10341], [3296, -1, -1], [3297, -1, -1], [3298, -1, -1], [3299, -1, -1], [3300, 1, 10232], [3300, 1, 10272], [3300, 1, 10491], [3300, 1, 11014], [3300, 1, 11216], [3300, -1, -1], [3301, -1, -1], [3302, -1, -1], [3303, -1, -1]]"
1752927195.2558,-5.999949432909489,12805.821234291043,12805.821378927436,12816.461752047057,15865.460891638904,"[[3304, 1, 10109], [3304, 1, 10313], [3304, -1, -1], [3305, 1, 11823], [3305, 1, 12022], [3305, -1, -1], [3306, 1, 11307], [3306, 1, 11342], [3306, 1, 11537], [3306, -1, -1], [3307, -1, -1], [3308, 1, 10538], [3308, 1, 10738], [3308, -1, -1], [3309, -1, -1], [3310, -1, -1], [3311, 1, 10203], [3311, 1, 10391], [3311, 1, 10577], [3311, -1, -1], [3312, -1, -1], [3313, 1, 10457], [3313, 1, 10646], [3313, 1, 10768], [3313, 1, 10951], [3313, -1, -1], [3314, 1, 10572], [3314, 1, 10774], [3314, -1, -1]]"
1752927195.3648,-3.999949337914586,12805.821234291043,12805.821374492722,12816.461744972266,15865.460891638904,"[[3315, -1, -1], [3316, -1, -1], [3317, 1, 13996], [3317, 1, 14039], [3317, 1, 14228], [3317, 1, 14318], [3317, 1, 14506], [3317, -1, -1], [3318, 1, 9496], [3318, 1, 9684], [3318, -1, -1], [3319, 1, 11790], [3319, 1, 11994], [3319, 1, 12652], [3319, 1, 12860], [3319, -1, -1], [3320, 1, 14375], [3320, 1, 14561], [3320, -1, -1], [3321, 1, 11424], [3321, 1, 11522], [3321, 1, 11725], [3321, -1, -1], [3322, 1, 13442], [3322, 1, 13641], [3322, -1, -1], [3323, -1, -1], [3324, 1, 10136], [3324, 1, 10334], [3324, -1, -1], [3325, -1, -1]]"
1752927195.4738,-1.9999493379156945,12805.821226928303,12805.821374492722,12816.461744972266,15865.460891638904,"[[3326, 1, 10742], [3326, 1, 10777], [3326, 1, 10973], [3326, 1, 12015], [3326, 1, 12204], [3326, -1, -1], [3327, 1, 11285], [3327, 1, 11493], [3327, 1, 12251], [3327, 1, 12436], [3327, -1, -1], [3328, 1, 12208], [3328, 1, 12396], [3328, -1, -1], [3329, 1, 9944], [3329, 1, 9987], [3329, 1, 10174], [3329, 1, 10273], [3329, -1, -1], [3330, -1, -1], [3331, -1, -1], [3332, 1, 9895], [3332, 1, 10094], [3332, 1, 10246], [3332, 1, 10357], [3332, 1, 10421], [3332, -1, -1], [3333, 1, 10806], [3333, 1, 10992], [3333, -1, -1], [3334, -1, -1], [3335, 1, 10511], [3335, 1, 10710], [3335, 1, 11992], [3335, 1, 12195], [3335, -1, -1], [3336, 1, 10941], [3336, 1, 11145], [3336, 1, 12212], [3336, 1, 12247], [3336, 1, 12442], [3336, -1, -1]]"
1752927195.5848,5.0619244575458855e-05,12805.821226928303,12805.821405082568,12816.4617474722,15865.460891638904,"[[3337, 1, 10611], [3337, 1, 10810], [3337, -1, -1], [3338, -1, -1], [3339, -1, -1], [3340, 1, 12450], [3340, 1, 12641], [3340, 1, 13414], [3340, 1, 13449], [3340, 1, 13645], [3340, -1, -1], [3341, 1, 11655], [3341, 1, 11690], [3341, 1, 11887], [3341, -1, -1], [3342, 1, 9539], [3342, 1, 9737], [3342, 1, 13649], [3342, 1, 13686], [3342, 1, 13879], [3342, -1, -1], [3343, 1, 11443], [3343, -1, -1], [3344, 1, 11343], [3344, 1, 11547], [3344, -1, -1], [3345, 1, 11228], [3345, 1, 11414], [3345, -1, -1], [3346, 1, 10718], [3346, 1, 10904], [3346, -1, -1], [3347, 1, 10271], [3347, 1, 10459], [3347, 1, 10682], [3347, 1, 10922], [3347, 1, 11109], [3347, -1, -1]]"
1752927195.6948,2.0000504814088345,12805.82116494567,12805.821405082568,12816.4617474722,15865.460891638904,"[[3348, 1, 10652], [3348, -1, -1], [3349, 1, 9459], [3349, 1, 9658], [3349, 1, 10420], [3349, 1, 10605], [3349, 1, 10761], [3349, 1, 10926], [3349, -1, -1], [3350, 1, 10933], [3350, 1, 11006], [3350, 1, 11036], [3350, 1, 11117], [3350, 1, 11235], [3350, -1, -1], [3351, -1, -1], [3352, 1, 11982], [3352, 1, 12181], [3352, 1, 12292], [3352, -1, -1], [3353, 1, 10761], [3353, 1, 10964], [3353, 1, 11369], [3353, 1, 11572], [3353, -1, -1], [3354, 1, 10355], [3354, 1, 10542], [3354, -1, -1], [3355, 1, 10268], [3355, -1, -1], [3356, 1, 10963], [3356, 1, 11162], [3356, 1, 11362], [3356, -1, -1], [3357, 1, 10756], [3357, 1, 10793], [3357, 1, 10986], [3357, 1, 11291], [3357, 1, 12257], [3357, 1, 12456], [3357, 1, 12603], [3357, 1, 12709], [3357, 1, 12748], [3357, -1, -1], [3358, -1, -1]]"
1752927195.8028,4.000050343573093,12805.82116494567,12805.821400240835,12816.461747665082,15865.460891638904,"[[3359, 1, 9356], [3359, 1, 9541], [3359, 1, 10640], [3359, 1, 10684], [3359, 1, 10859], [3359, 1, 10983], [3359, 1, 11010], [3359, 1, 11055], [3359, 1, 11200], [3359, -1, -1], [3360, 1, 10313], [3360, 1, 10516], [3360, 1, 10554], [3360, 1, 10608], [3360, 1, 10750], [3360, 1, 10825], [3360, 1, 11034], [3360, 1, 11129], [3360, 1, 11237], [3360, 1, 11284], [3360, 1, 11316], [3360, 1, 11483], [3360, 1, 19082], [3360, 1, 19116], [3360, 1, 19313], [3360, -1, -1], [3361, 1, 10587], [3361, 1, 10615], [3361, 1, 10820], [3361, -1, -1], [3362, -1, -1], [3363, -1, -1], [3364, -1, -1], [3365, 1, 11431], [3365, 1, 11630], [3365, -1, -1], [3366, -1, -1], [3367, 1, 12615], [3367, 1, 12818], [3367, 1, 13611], [3367, 1, 13795], [3367, -1, -1], [3368, -1, -1], [3369, -1, -1]]"
1752927195.9128,6.00005067139864,12805.82123035711,12805.821400240835,12816.461748239171,15865.460891638904,"[[3370, -1, -1], [3371, -1, -1], [3372, 1, 12104], [3372, 1, 12289], [3372, -1, -1], [3373, 1, 11181], [3373, 1, 11384], [3373, -1, -1], [3374, 1, 9878], [3374, 1, 9912], [3374, 1, 10030], [3374, 1, 10149], [3374, 1, 10336], [3374, -1, -1], [3375, 1, 11085], [3375, 1, 11133], [3375, 1, 11303], [3375, 1, 11425], [3375, 1, 11519], [3375, -1, -1], [3376, 1, 10863], [3376, 1, 11051], [3376, 1, 11178], [3376, 1, 11361], [3376, -1, -1], [3377, 1, 11935], [3377, 1, 12105], [3377, -1, -1], [3378, 1, 11321], [3378, 1, 11347], [3378, 1, 11551], [3378, -1, -1], [3379, -1, -1], [3380, 1, 10054], [3380, 1, 10088], [3380, 1, 10210], [3380, 1, 10255], [3380, 1, 10296], [3380, 1, 10500], [3380, 1, 10809], [3380, 1, 11009], [3380, 1, 11215], [3380, 1, 11399], [3380, 1, 12404], [3380, 1, 12589], [3380, 1, 14016], [3380, 1, 14223], [3380, -1, -1]]"
1752927196.0248,8.000050999224186,12805.82123035711,12805.821398009562,12816.461748239171,15865.460891638904,"[[3381, 1, 9883], [3381, 1, 9921], [3381, 1, 10114], [3381, 1, 11742], [3381, 1, 11945], [3381, -1, -1], [3382, 1, 10374], [3382, 1, 10418], [3382, 1, 10612], [3382, 1, 10790], [3382, 1, 10910], [3382, -1, -1], [3383, 1, 10421], [3383, 1, 10606], [3383, -1, -1], [3384, 1, 10999], [3384, 1, 11026], [3384, 1, 11230], [3384, -1, -1], [3385, 1, 11380], [3385, 1, 11527], [3385, 1, 11601], [3385, 1, 11715], [3385, 1, 11807], [3385, 1, 11846], [3385, 1, 11883], [3385, -1, -1], [3386, -1, -1], [3387, -1, -1], [3388, 1, 11315], [3388, 1, 11524], [3388, 1, 12086], [3388, 1, 12120], [3388, 1, 12316], [3388, 1, 18755], [3388, 1, 18802], [3388, 1, 18992], [3388, 1, 19172], [3388, -1, -1], [3389, 1, 10482], [3389, 1, 10681], [3389, -1, -1], [3390, -1, -1], [3391, 1, 11358], [3391, 1, 11557], [3391, -1, -1]]"
1752927196.1348,10.000051327049732,12805.82123545336,12805.821398009562,12816.461745775334,15865.460891638904,"[[3392, 1, 11084], [3392, 1, 11287], [3392, -1, -1], [3393, -1, -1], [3394, 1, 11468], [3394, 1, 11654], [3394, 1, 11706], [3394, -1, -1], [3395, 1, 11618], [3395, 1, 11736], [3395, 1, 11806], [3395, 1, 11936], [3395, 1, 12263], [3395, -1, -1], [3396, 1, 10634], [3396, 1, 10834], [3396, 1, 11302], [3396, 1, 11505], [3396, -1, -1], [3397, 1, 11007], [3397, 1, 11033], [3397, 1, 11217], [3397, 1, 11678], [3397, 1, 11877], [3397, 1, 13120], [3397, 1, 13322], [3397, 1, 13790], [3397, -1, -1], [3398, 1, 10391], [3398, 1, 10435], [3398, 1, 10622], [3398, 1, 11065], [3398, 1, 11267], [3398, 1, 13302], [3398, 1, 13504], [3398, -1, -1], [3399, 1, 10135], [3399, 1, 10338], [3399, 1, 11282], [3399, 1, 11462], [3399, -1, -1], [3400, -1, -1], [3401, 1, 11327], [3401, 1, 11515], [3401, -1, -1], [3402, 1, 9866], [3402, 1, 10069], [3402, 1, 13944], [3402, 1, 13988], [3402, 1, 14177], [3402, -1, -1]]"
1752927196.2448,12.000051654875278,12805.82123545336,12805.82139341576,12816.461745775334,15865.460891638904,"[[3403, -1, -1], [3404, -1, -1], [3405, 1, 12692], [3405, 1, 12735], [3405, 1, 12929], [3405, 1, 13106], [3405, 1, 13218], [3405, -1, -1], [3406, 1, 12564], [3406, 1, 12749], [3406, -1, -1], [3407, 1, 9999], [3407, 1, 10202], [3407, 1, 10643], [3407, 1, 10689], [3407, 1, 10874], [3407, -1, -1], [3408, 1, 10874], [3408, 1, 10919], [3408, 1, 11104], [3408, 1, 12249], [3408, 1, 13093], [3408, 1, 13296], [3408, -1, -1], [3409, 1, 11199], [3409, 1, 11385], [3409, 1, 11587], [3409, 1, 13222], [3409, 1, 13412], [3409, -1, -1], [3410, -1, -1], [3411, -1, -1], [3412, 1, 9773], [3412, 1, 9962], [3412, 1, 11701], [3412, 1, 11743], [3412, 1, 11933], [3412, 1, 12136], [3412, 1, 12270], [3412, 1, 12524], [3412, -1, -1], [3413, -1, -1]]"
1752927196.3549,14.00005105137825,12805.821181386207,12805.82139341576,12816.461743911555,15865.460891638904,"[[3414, 1, 11256], [3414, 1, 11287], [3414, 1, 11486], [3414, 1, 11593], [3414, -1, -1], [3415, 1, 10223], [3415, 1, 10410], [3415, -1, -1], [3416, -1, -1], [3417, -1, -1], [3418, 1, 11663], [3418, 1, 11847], [3418, -1, -1], [3419, 1, 11154], [3419, 1, 11339], [3419, 1, 11478], [3419, 1, 11666], [3419, -1, -1], [3420, -1, -1], [3421, -1, -1], [3422, 1, 22998], [3422, 1, 23028], [3422, 1, 23228], [3422, -1, -1], [3423, 1, 10560], [3423, 1, 10594], [3423, 1, 10790], [3423, 1, 11074], [3423, 1, 11105], [3423, 1, 11304], [3423, 1, 11401], [3423, 1, 11478], [3423, -1, -1], [3424, 1, 11355], [3424, 1, 11546], [3424, -1, -1]]"
1752927196.4648,16.000051379203796,12805.821181386207,12805.821397661372,12816.461743911555,15865.460891638904,"[[3425, -1, -1], [3426, -1, -1], [3427, -1, -1], [3428, 1, 10042], [3428, 1, 10245], [3428, -1, -1], [3429, -1, -1], [3430, 1, 11254], [3430, 1, 11453], [3430, -1, -1], [3431, -1, -1], [3432, -1, -1], [3433, 1, 11329], [3433, 1, 11363], [3433, 1, 11559], [3433, 1, 11789], [3433, -1, -1], [3434, -1, -1], [3435, -1, -1]]"
1752927196.5768,18.000051707029343,12805.821078623478,12805.821397661372,12816.461753664991,15865.460891638904,"[[3436, -1, -1], [3437, -1, -1], [3438, -1, -1], [3439, -1, -1], [3440, -1, -1], [3441, -1, -1], [3442, -1, -1], [3443, -1, -1], [3444, -1, -1], [3445, 1, 10943], [3445, 1, 10977], [3445, 1, 11172], [3445, -1, -1], [3446, -1, -1]]"
1752927196.6868,20.00005203485489,12805.821078623478,12805.821371489079,12816.461753664991,15865.460891638904,"[[3447, -1, -1], [3448, 1, 11183], [3448, 1, 11217], [3448, 1, 11413], [3448, 1, 11591], [3448, -1, -1], [3449, 1, 10426], [3449, 1, 10630], [3449, -1, -1], [3450, -1, -1], [3451, -1, -1], [3452, -1, -1], [3453, -1, -1], [3454, -1, -1], [3455, -1, -1], [3456, -1, -1], [3457, -1, -1]]"
1752927196.7958,22.000052362680435,12805.821153617573,12805.821371489079,12816.461746294131,15865.460891638904,"[[3458, -1, -1], [3459, -1, -1], [3460, 1, 12271], [3460, 1, 12455], [3460, -1, -1], [3461, -1, -1], [3462, -1, -1], [3463, -1, -1], [3464, -1, -1], [3465, -1, -1], [3466, -1, -1], [3467, -1, -1], [3468, -1, -1]]"
1752927196.9068,24.00005269050598,12805.821153617573,12805.821387936434,12816.461746294131,15865.460891638904,"[[3469, -1, -1], [3470, -1, -1], [3471, -1, -1], [3472, -1, -1], [3473, -1, -1], [3474, -1, -1], [3475, -1, -1], [3476, -1, -1], [3477, -1, -1], [3478, -1, -1], [3479, -1, -1]]"
1752927197.0188,26.000053018331528,12805.821194474305,12805.821387936434,12816.461746294131,15865.460891638904,"[[3480, -1, -1], [3481, -1, -1], [3482, -1, -1], [3483, -1, -1], [3484, -1, -1], [3485, -1, -1], [3486, -1, -1], [3487, -1, -1], [3488, -1, -1], [3489, -1, -1], [3490, -1, -1], [3491, 1, 13411], [3491, 1, 13620], [3491, 1, 13730], [3491, -1, -1]]"
1752927197.1289,28.000053346157074,12805.821240572492,12805.82137799897,12816.461746294131,15865.460891638904,"[[3492, -1, -1], [3493, 1, 11085], [3493, 1, 11276], [3493, -1, -1], [3494, -1, -1], [3495, -1, -1], [3496, -1, -1], [3497, -1, -1], [3498, -1, -1], [3499, -1, -1], [3500, -1, -1], [3501, -1, -1], [3502, -1, -1]]"
1752927197.2384,30.00005367398262,12805.821240572492,12805.821396008585,12816.46175092117,15865.460891638904,"[[3503, -1, -1], [3504, -1, -1], [3505, -1, -1], [3506, -1, -1], [3507, -1, -1], [3508, -1, -1], [3509, -1, -1], [3510, 1, 10549], [3510, 1, 10583], [3510, 1, 10780], [3510, -1, -1], [3511, -1, -1], [3512, -1, -1]]"
1752927197.3483,32.00005400180817,12805.821168560848,12805.821396008585,12816.46175092117,15865.460891638904,"[[3514, -1, -1], [3515, -1, -1], [3516, 1, 13050], [3516, 1, 13097], [3516, 1, 13203], [3516, 1, 13280], [3516, 1, 13360], [3516, 1, 13392], [3516, -1, -1], [3517, -1, -1], [3518, -1, -1], [3519, -1, -1], [3520, -1, -1], [3521, -1, -1], [3522, 1, 11585], [3522, 1, 11621], [3522, 1, 11817], [3522, 1, 11929], [3522, -1, -1], [3523, -1, -1]]"
1752927197.4598,34.00005432963371,12805.821168560848,12805.821396008585,12816.461745860885,15865.460891638904,"[[3525, -1, -1], [3526, 1, 13739], [3526, 1, 13765], [3526, 1, 13970], [3526, -1, -1], [3527, -1, -1], [3528, -1, -1], [3529, -1, -1], [3530, -1, -1], [3531, -1, -1], [3532, -1, -1], [3533, -1, -1], [3534, 1, 11580], [3534, 1, 11765], [3534, -1, -1], [3535, -1, -1]]"
1752927197.5698,36.00005465745926,12805.821099278952,12805.821396008585,12816.461745860885,15865.460891638904,"[[3536, -1, -1], [3537, -1, -1], [3538, -1, -1], [3539, -1, -1], [3540, -1, -1], [3541, -1, -1], [3542, -1, -1], [3543, -1, -1], [3544, -1, -1], [3545, -1, -1], [3546, -1, -1]]"
1752927197.6783,38.000054985284805,12805.821099278952,12805.821397002266,12816.461751520977,15865.460891638904,"[[3547, -1, -1], [3548, -1, -1], [3549, -1, -1], [3550, -1, -1], [3551, -1, -1], [3552, -1, -1], [3553, -1, -1], [3554, 1, 10280], [3554, 1, 10465], [3554, -1, -1], [3555, -1, -1], [3556, -1, -1]]"
1752927197.7883,40.00005531311035,12805.821169364459,12805.821397002266,12816.461751520977,15865.460891638904,"[[3558, -1, -1], [3559, -1, -1], [3560, -1, -1], [3561, -1, -1], [3562, -1, -1], [3563, -1, -1], [3564, -1, -1], [3565, -1, -1], [3566, -1, -1], [3567, -1, -1]]"
1752927197.8998,42.0000556409359,12805.821169364459,12805.821373292541,12816.461751110042,15865.460891638904,"[[3569, -1, -1], [3570, 1, 12520], [3570, 1, 12554], [3570, 1, 12750], [3570, 1, 12993], [3570, -1, -1], [3571, -1, -1], [3572, -1, -1], [3573, -1, -1], [3574, -1, -1], [3575, -1, -1], [3576, -1, -1], [3577, -1, -1], [3578, -1, -1], [3579, -1, -1]]"
1752927198.0098,44.000055968761444,12805.821110891107,12805.821373292541,12816.461751110042,15865.460891638904,"[[3580, -1, -1], [3581, 1, 12031], [3581, 1, 12234], [3581, -1, -1], [3582, -1, -1], [3583, -1, -1], [3584, -1, -1], [3585, -1, -1], [3586, -1, -1], [3587, -1, -1], [3588, -1, -1], [3589, -1, -1], [3590, -1, -1]]"
1752927198.121,46.00005629658699,12805.821110891107,12805.821370926666,12816.461744983842,15865.460891638904,"[[3591, 1, 12172], [3591, 1, 12375], [3591, -1, -1], [3592, -1, -1], [3593, -1, -1], [3594, -1, -1], [3595, -1, -1], [3596, -1, -1], [3597, -1, -1], [3598, -1, -1], [3599, -1, -1], [3600, -1, -1], [3601, -1, -1]]"
1752927198.2308,48.00005662441254,12805.821251471856,12805.821370926666,12816.461753338537,15865.460891638904,"[[3602, -1, -1], [3603, -1, -1], [3604, -1, -1], [3605, -1, -1], [3606, -1, -1], [3607, -1, -1], [3608, -1, -1], [3609, -1, -1], [3610, -1, -1], [3611, -1, -1], [3612, -1, -1]]"
1752927198.3428,50.00005695223808,12805.821251471856,12805.821378426728,12816.461753338537,15865.460891638904,"[[3613, -1, -1], [3614, -1, -1], [3615, 1, 13355], [3615, 1, 13554], [3615, 1, 13844], [3615, -1, -1], [3616, -1, -1], [3617, -1, -1], [3618, -1, -1], [3619, -1, -1], [3620, -1, -1], [3621, -1, -1], [3622, -1, -1], [3623, -1, -1]]"
1752927198.4518,52.00005728006363,12805.821205401005,12805.821378426728,12816.461745027907,15865.460891638904,"[[3624, -1, -1], [3625, -1, -1], [3626, -1, -1], [3627, -1, -1], [3628, -1, -1], [3629, -1, -1], [3630, -1, -1], [3631, -1, -1], [3632, -1, -1], [3633, -1, -1], [3634, -1, -1]]"
1752927198.5628,54.000057607889175,12805.821205401005,12805.821399438024,12816.461745027907,15865.460891638904,"[[3635, -1, -1], [3636, -1, -1], [3637, -1, -1], [3638, -1, -1], [3639, -1, -1], [3640, -1, -1], [3641, -1, -1], [3642, -1, -1], [3643, -1, -1], [3644, -1, -1], [3645, -1, -1]]"
1752927198.6728,56.00005793571472,12805.821237596016,12805.821399438024,12816.46175385687,15865.460891638904,"[[3646, -1, -1], [3647, -1, -1], [3648, -1, -1], [3649, -1, -1], [3650, -1, -1], [3651, -1, -1], [3652, -1, -1], [3653, -1, -1], [3654, -1, -1], [3655, -1, -1], [3656, -1, -1]]"
1752927198.7849,58.00005826354027,12805.821237596016,12805.82137573702,12816.46175385687,15865.460891638904,"[[3657, 1, 12328], [3657, 1, 12363], [3657, 1, 12558], [3657, -1, -1], [3658, -1, -1], [3659, -1, -1], [3660, 1, 12766], [3660, 1, 12955], [3660, -1, -1], [3661, -1, -1], [3662, -1, -1], [3663, -1, -1], [3664, -1, -1], [3665, -1, -1], [3666, -1, -1], [3667, -1, -1]]"
1752927198.8948,60.000058591365814,12805.82113728454,12805.82137573702,12816.461755457554,15865.460891638904,"[[3668, -1, -1], [3669, -1, -1], [3670, -1, -1], [3671, -1, -1], [3672, -1, -1], [3673, -1, -1], [3674, -1, -1], [3675, -1, -1], [3676, -1, -1], [3677, -1, -1], [3678, -1, -1]]"
1752927199.0048,62.00005519390106,12805.821318595408,12805.821371219374,12816.461755457554,15865.460891638904,"[[3679, -1, -1], [3680, -1, -1], [3681, -1, -1], [3682, -1, -1], [3683, -1, -1], [3684, -1, -1], [3685, -1, -1], [3686, -1, -1], [3687, -1, -1], [3688, -1, -1], [3689, -1, -1]]"
1752927199.1158,64.00005179643631,12805.821318595408,12805.821371219374,12816.461745960547,15865.460891638904,"[[3690, -1, -1], [3691, -1, -1], [3692, -1, -1], [3693, -1, -1], [3694, -1, -1], [3695, -1, -1], [3696, -1, -1], [3697, -1, -1], [3698, 1, 13048], [3698, 1, 13232], [3698, -1, -1], [3699, -1, -1], [3700, -1, -1]]"
1752927199.2258,66.00004839897156,12805.821216872435,12805.821376856857,12816.461745960547,15865.460891638904,"[[3701, -1, -1], [3702, -1, -1], [3703, -1, -1], [3704, -1, -1], [3705, -1, -1], [3706, -1, -1], [3707, -1, -1], [3708, -1, -1], [3709, -1, -1], [3710, -1, -1], [3711, -1, -1]]"
1752927199.3383,68.0000450015068,12805.821216872435,12805.821408109734,12816.461756289109,15865.460891638904,"[[3712, -1, -1], [3713, -1, -1], [3714, 1, 13107], [3714, 1, 13141], [3714, 1, 13337], [3714, -1, -1], [3715, -1, -1], [3716, -1, -1], [3717, -1, -1], [3718, -1, -1], [3719, -1, -1], [3720, -1, -1], [3721, -1, -1], [3722, -1, -1]]"
1752927199.4488,70.00004160404205,12805.821244043687,12805.821408109734,12816.461756289109,15865.460891638904,"[[3724, -1, -1], [3725, -1, -1], [3726, -1, -1], [3727, -1, -1], [3728, -1, -1], [3729, -1, -1], [3730, -1, -1], [3731, -1, -1], [3732, -1, -1], [3733, -1, -1], [3734, -1, -1]]"
1752927199.5583,72.0000382065773,12805.821244043687,12805.82142330133,12816.46174922177,15865.460891638904,"[[3735, -1, -1], [3736, -1, -1], [3737, -1, -1], [3738, -1, -1], [3739, -1, -1], [3740, -1, -1], [3741, -1, -1], [3742, -1, -1], [3743, -1, -1], [3744, -1, -1]]"
1752927199.6688,74.00003480911255,12805.821141478747,12805.82142330133,12816.46174922177,15865.460891638904,"[[3746, -1, -1], [3747, -1, -1], [3748, -1, -1], [3749, -1, -1], [3750, -1, -1], [3751, -1, -1], [3752, -1, -1], [3753, -1, -1], [3754, -1, -1], [3755, -1, -1], [3756, -1, -1]]"
1752927199.7808,76.0000314116478,12805.821141478747,12805.82142330133,12816.461749720134,15865.460891638904,"[[3757, -1, -1], [3758, -1, -1], [3759, -1, -1], [3760, -1, -1], [3761, -1, -1], [3762, -1, -1], [3763, -1, -1], [3764, -1, -1], [3765, -1, -1], [3766, -1, -1], [3767, -1, -1]]"
1752927199.8908,78.00002801418304,12805.821170013676,12805.821410563789,12816.461749720134,15865.460891638904,"[[3768, -1, -1], [3769, -1, -1], [3770, -1, -1], [3771, -1, -1], [3772, -1, -1], [3773, -1, -1], [3774, -1, -1], [3775, -1, -1], [3776, -1, -1], [3777, -1, -1], [3778, -1, -1]]"
1752927200.0008,80.00002461671829,12805.821170013676,12805.821422430656,12816.461743034168,15865.460891638904,"[[3779, -1, -1], [3780, -1, -1], [3781, -1, -1], [3782, -1, -1], [3783, -1, -1], [3784, -1, -1], [3785, -1, -1], [3786, -1, -1], [3787, -1, -1], [3788, -1, -1], [3789, -1, -1]]"
1752927200.1119,82.00002121925354,12805.82117809815,12805.821422430656,12816.461743034168,15865.460891638904,"[[3790, -1, -1], [3791, -1, -1], [3792, -1, -1], [3793, -1, -1], [3794, -1, -1], [3795, -1, -1], [3796, -1, -1], [3797, -1, -1], [3798, -1, -1], [3799, -1, -1], [3800, -1, -1]]"
1752927200.2249,84.00001782178879,12805.82117809815,12805.821422430656,12816.461754053664,15865.460891638904,"[[3801, -1, -1], [3802, -1, -1], [3803, -1, -1], [3804, -1, -1], [3805, -1, -1], [3806, -1, -1], [3807, -1, -1], [3808, -1, -1], [3809, -1, -1], [3810, -1, -1], [3811, -1, -1]]"
1752927200.3358,86.00001442432404,12805.821215051494,12805.821416228455,12816.461754053664,15865.460891638904,"[[3812, -1, -1], [3813, -1, -1], [3814, -1, -1], [3815, -1, -1], [3816, -1, -1], [3817, -1, -1], [3818, -1, -1], [3819, -1, -1], [3820, -1, -1], [3821, -1, -1], [3822, -1, -1]]"
1752927200.4448,88.00001102685928,12805.821215051494,12805.821410415403,12816.461757696381,15865.460891638904,"[[3823, -1, -1], [3824, -1, -1], [3825, -1, -1], [3826, -1, -1], [3827, -1, -1], [3828, -1, -1], [3829, -1, -1], [3830, -1, -1], [3831, -1, -1], [3832, -1, -1], [3833, -1, -1]]"
1752927200.5538,90.00000762939453,12805.821225452955,12805.821410415403,12816.461757696381,15865.460891638904,"[[3834, -1, -1], [3835, -1, -1], [3836, -1, -1], [3837, -1, -1], [3838, -1, -1], [3839, -1, -1], [3840, -1, -1], [3841, -1, -1], [3842, -1, -1], [3843, -1, -1], [3844, -1, -1]]"
1752927200.6638,92.00000423192978,12805.821225452955,12805.82142244719,12816.461745034361,15865.460891638904,"[[3845, -1, -1], [3846, -1, -1], [3847, -1, -1], [3848, -1, -1], [3849, -1, -1], [3850, -1, -1], [3851, -1, -1], [3852, -1, -1], [3853, -1, -1], [3854, -1, -1], [3855, -1, -1]]"
1752927200.7754,94.00000083446503,12805.82112328971,12805.82142244719,12816.461745034361,15865.460891638904,"[[3856, -1, -1], [3857, -1, -1], [3858, -1, -1], [3859, -1, -1], [3860, -1, -1], [3861, -1, -1], [3862, -1, -1], [3863, 1, 12747], [3863, 1, 12950], [3863, 1, 13463], [3863, -1, -1], [3864, -1, -1], [3865, -1, -1], [3866, -1, -1]]"
1752927200.8848,95.99999743700027,12805.82112328971,12805.821422338424,12816.461748841703,15865.460891638904,"[[3867, -1, -1], [3868, -1, -1], [3869, -1, -1], [3870, -1, -1], [3871, -1, -1], [3872, -1, -1], [3873, -1, -1], [3874, -1, -1], [3875, -1, -1], [3876, -1, -1], [3877, -1, -1]]"
1752927200.9938,97.99999403953552,12805.82115089793,12805.821422338424,12816.461748841703,15865.460891638904,"[[3878, -1, -1], [3879, -1, -1], [3880, -1, -1], [3881, -1, -1], [3882, -1, -1], [3883, -1, -1], [3884, -1, -1], [3885, -1, -1], [3886, -1, -1], [3887, -1, -1], [3888, -1, -1]]"
1752927201.1028,99.99999064207077,12805.82115089793,12805.821429332005,12816.461751485294,15865.460891638904,"[[3889, -1, -1], [3890, -1, -1], [3891, -1, -1], [3892, -1, -1], [3893, -1, -1], [3894, -1, -1], [3895, -1, -1], [3896, -1, -1], [3897, -1, -1], [3898, -1, -1], [3899, -1, -1]]"
1752927201.2138,101.99998724460602,12805.821181015366,12805.821429332005,12816.461751485294,15865.460891638904,"[[3900, -1, -1], [3901, -1, -1], [3902, -1, -1], [3903, -1, -1], [3904, -1, -1], [3905, -1, -1], [3906, -1, -1], [3907, -1, -1], [3908, -1, -1], [3909, -1, -1], [3910, -1, -1]]"
1752927201.3228,103.99998384714127,12805.821181015366,12805.82144122457,12816.461754576854,15865.460891638904,"[[3911, -1, -1], [3912, -1, -1], [3913, -1, -1], [3914, -1, -1], [3915, -1, -1], [3916, -1, -1], [3917, -1, -1], [3918, -1, -1], [3919, -1, -1], [3920, -1, -1], [3921, -1, -1]]"
1752927201.4328,105.99998044967651,12805.821268832127,12805.82144122457,12816.461754576854,15865.460891638904,"[[3922, -1, -1], [3923, -1, -1], [3924, -1, -1], [3925, -1, -1], [3926, -1, -1], [3927, -1, -1], [3928, -1, -1], [3929, -1, -1], [3930, -1, -1], [3931, -1, -1], [3932, -1, -1]]"
1752927201.5428,107.99997705221176,12805.821268832127,12805.821434066607,12816.461751573217,15865.460891638904,"[[3933, -1, -1], [3934, -1, -1], [3935, -1, -1], [3936, -1, -1], [3937, -1, -1], [3938, -1, -1], [3939, -1, -1], [3940, -1, -1], [3941, -1, -1], [3942, -1, -1], [3943, -1, -1]]"
1752927201.6558,109.99997365474701,12805.821216072849,12805.821434066607,12816.461745712393,15865.460891638904,"[[3944, -1, -1], [3945, -1, -1], [3946, -1, -1], [3947, -1, -1], [3948, -1, -1], [3949, -1, -1], [3950, -1, -1], [3951, -1, -1], [3952, -1, -1], [3953, -1, -1], [3954, -1, -1]]"
1752927201.7648,111.99997025728226,12805.821216072849,12805.821426689386,12816.461745712393,15865.460891638904,"[[3955, -1, -1], [3956, -1, -1], [3957, -1, -1], [3958, -1, -1], [3959, -1, -1], [3960, -1, -1], [3961, -1, -1], [3962, -1, -1], [3963, -1, -1], [3964, -1, -1], [3965, -1, -1]]"
1752927201.8759,113.9999668598175,12805.821185488525,12805.821426689386,12816.461747527459,15865.460891638904,"[[3966, -1, -1], [3967, -1, -1], [3968, -1, -1], [3969, -1, -1], [3970, -1, -1], [3971, -1, -1], [3972, -1, -1], [3973, 1, 11090], [3973, 1, 11125], [3973, 1, 11321], [3973, -1, -1], [3974, -1, -1], [3975, -1, -1], [3976, -1, -1]]"
1752927201.9848,115.99996346235275,12805.821185488525,12805.821397411586,12816.461747527459,15865.460891638904,"[[3977, -1, -1], [3978, -1, -1], [3979, -1, -1], [3980, -1, -1], [3981, -1, -1], [3982, -1, -1], [3983, 1, 319429], [3983, -1, -1], [3984, -1, -1], [3985, -1, -1], [3986, -1, -1], [3987, -1, -1]]"
1752927202.0989,117.999960064888,12805.821116738405,12805.821397411586,12816.461745269065,15865.460891638904,"[[3988, -1, -1], [3989, -1, -1], [3990, -1, -1], [3991, -1, -1], [3992, -1, -1], [3993, -1, -1], [3994, -1, -1], [3995, -1, -1], [3996, -1, -1], [3997, -1, -1], [3998, -1, -1], [3999, -1, -1]]"
1752927202.2088,119.99995666742325,12805.821116738405,12805.82141020038,12816.461745269065,15865.460891638904,"[[4000, -1, -1], [4001, -1, -1], [4002, -1, -1], [4003, -1, -1], [4004, -1, -1], [4005, -1, -1], [4006, -1, -1], [4007, -1, -1], [4008, -1, -1], [4009, -1, -1], [4010, -1, -1]]"
1752927202.3208,121.9999532699585,12805.821157067323,12805.82141020038,12816.461744938633,15865.460891638904,"[[4011, -1, -1], [4012, -1, -1], [4013, -1, -1], [4014, -1, -1], [4015, -1, -1], [4016, -1, -1], [4017, -1, -1], [4018, -1, -1], [4019, -1, -1], [4020, -1, -1], [4021, -1, -1]]"
1752927202.4308,123.99995732307434,12805.821157067323,12805.8214163536,12816.461744938633,15865.460891638904,"[[4022, -1, -1], [4023, -1, -1], [4024, -1, -1], [4025, -1, -1], [4026, -1, -1], [4027, -1, -1], [4028, -1, -1], [4029, -1, -1], [4030, -1, -1], [4031, -1, -1], [4032, 1, 350146], [4032, -1, -1]]"
1752927202.5408,125.99996137619019,12805.821224979485,12805.8214163536,12816.46174323493,15865.460891638904,"[[4033, -1, -1], [4034, -1, -1], [4035, -1, -1], [4036, -1, -1], [4037, -1, -1], [4038, -1, -1], [4039, -1, -1], [4040, -1, -1], [4041, -1, -1], [4042, 1, 351579], [4042, -1, -1], [4043, -1, -1]]"
1752927202.6518,127.99996542930603,12805.82127095936,12805.821415074493,12816.46174323493,15865.460891638904,"[[4044, -1, -1], [4045, -1, -1], [4046, -1, -1], [4047, -1, -1], [4048, -1, -1], [4049, -1, -1], [4050, -1, -1], [4051, -1, -1], [4052, -1, -1], [4053, -1, -1], [4054, -1, -1]]"
1752927202.7618,129.99996948242188,12805.82127095936,12805.821415074493,12816.461747666655,15865.460891638904,"[[4055, -1, -1], [4056, -1, -1], [4057, -1, -1], [4058, -1, -1], [4059, -1, -1], [4060, -1, -1], [4061, -1, -1], [4062, -1, -1], [4063, -1, -1], [4064, -1, -1], [4065, -1, -1]]"
1752927202.8708,131.99997353553772,12805.821211150875,12805.82141410323,12816.461747666655,15865.460891638904,"[[4066, -1, -1], [4067, -1, -1], [4068, -1, -1], [4069, -1, -1], [4070, -1, -1], [4071, -1, -1], [4072, -1, -1], [4073, -1, -1], [4074, -1, -1], [4075, -1, -1], [4076, -1, -1]]"
1752927202.9798,133.99997758865356,12805.821211150875,12805.82141410323,12816.461753237227,15865.460891638904,"[[4077, -1, -1], [4078, -1, -1], [4079, -1, -1], [4080, -1, -1], [4081, -1, -1], [4082, -1, -1], [4083, -1, -1], [4084, -1, -1], [4085, -1, -1], [4086, -1, -1], [4087, -1, -1]]"
1752927203.0908,135.9999816417694,12805.821146325734,12805.821402911086,12816.461753237227,15865.460891638904,"[[4088, -1, -1], [4089, -1, -1], [4090, -1, -1], [4091, -1, -1], [4092, -1, -1], [4093, -1, -1], [4094, -1, -1], [4095, -1, -1], [4096, -1, -1], [4097, -1, -1], [4098, -1, -1]]"
1752927203.2018,137.99998569488525,12805.821146325734,12805.821387431593,12816.461754698175,15865.460891638904,"[[4099, -1, -1], [4100, -1, -1], [4101, -1, -1], [4102, -1, -1], [4103, -1, -1], [4104, -1, -1], [4105, -1, -1], [4106, -1, -1], [4107, -1, -1], [4108, -1, -1], [4109, -1, -1]]"
1752927203.3118,139.9999897480011,12805.821126126268,12805.821387431593,12816.461754698175,15865.460891638904,"[[4110, -1, -1], [4111, -1, -1], [4112, -1, -1], [4113, -1, -1], [4114, -1, -1], [4115, -1, -1], [4116, -1, -1], [4117, -1, -1], [4118, -1, -1], [4119, -1, -1], [4120, -1, -1]]"
1752927203.4218,141.99999380111694,12805.821126126268,12805.821386203543,12816.461745003311,15865.460891638904,"[[4121, -1, -1], [4122, -1, -1], [4123, -1, -1], [4124, -1, -1], [4125, -1, -1], [4126, -1, -1], [4127, -1, -1], [4128, -1, -1], [4129, -1, -1], [4130, -1, -1], [4131, -1, -1]]"
1752927203.5328,143.9999978542328,12805.821210510905,12805.821386203543,12816.461745003311,15865.460891638904,"[[4132, -1, -1], [4133, -1, -1], [4134, -1, -1], [4135, -1, -1], [4136, -1, -1], [4137, -1, -1], [4138, -1, -1], [4139, -1, -1], [4140, -1, -1], [4141, -1, -1], [4142, -1, -1]]"
1752927203.6438,146.00000190734863,12805.821210510905,12805.821383754756,12816.461745273315,15865.460891638904,"[[4143, -1, -1], [4144, -1, -1], [4145, -1, -1], [4146, -1, -1], [4147, -1, -1], [4148, -1, -1], [4149, -1, -1], [4150, -1, -1], [4151, -1, -1], [4152, -1, -1], [4153, -1, -1]]"
1752927203.7539,148.00000596046448,12805.82124318383,12805.821383754756,12816.461745273315,15865.460891638904,"[[4154, -1, -1], [4155, -1, -1], [4156, -1, -1], [4157, -1, -1], [4158, -1, -1], [4159, -1, -1], [4160, -1, -1], [4161, -1, -1], [4162, -1, -1], [4163, -1, -1], [4164, -1, -1]]"
1752927203.8638,150.00001001358032,12805.82124318383,12805.821389587818,12816.461756870005,15865.460891638904,"[[4165, -1, -1], [4166, -1, -1], [4167, -1, -1], [4168, -1, -1], [4169, -1, -1], [4170, -1, -1], [4171, -1, -1], [4172, -1, -1], [4173, -1, -1], [4174, -1, -1], [4175, -1, -1]]"
1752927203.9738,152.00001406669617,12805.821202121622,12805.821389587818,12816.461742178377,15865.460891638904,"[[4176, -1, -1], [4177, -1, -1], [4178, -1, -1], [4179, -1, -1], [4180, -1, -1], [4181, -1, -1], [4182, -1, -1], [4183, -1, -1], [4184, -1, -1], [4185, -1, -1], [4186, -1, -1]]"
1752927204.0858,154.000018119812,12805.821202121622,12805.821378453062,12816.461742178377,15865.460891638904,"[[4187, -1, -1], [4188, -1, -1], [4189, -1, -1], [4190, -1, -1], [4191, -1, -1], [4192, -1, -1], [4193, -1, -1], [4194, -1, -1], [4195, -1, -1], [4196, -1, -1], [4197, -1, -1]]"
1752927204.1978,156.00002217292786,12805.821201228355,12805.821378453062,12816.461742178377,15865.460891638904,"[[4198, -1, -1], [4199, -1, -1], [4200, -1, -1], [4201, -1, -1], [4202, -1, -1], [4203, -1, -1], [4204, -1, -1], [4205, -1, -1], [4206, -1, -1], [4207, -1, -1], [4208, -1, -1]]"
1752927204.3068,158.0000262260437,12805.821201228355,12805.821377982576,12816.461753429532,15865.460891638904,"[[4209, -1, -1], [4210, -1, -1], [4211, -1, -1], [4212, -1, -1], [4213, -1, -1], [4214, -1, -1], [4215, 1, 10886], [4215, 1, 10916], [4215, 1, 11095], [4215, -1, -1], [4216, -1, -1], [4217, -1, -1], [4218, -1, -1], [4219, -1, -1]]"
1752927204.4178,160.00003027915955,12805.821065788907,12805.821377982576,12816.461753429532,15865.460891638904,"[[4220, -1, -1], [4221, -1, -1], [4222, -1, -1], [4223, -1, -1], [4224, -1, -1], [4225, -1, -1], [4226, -1, -1], [4227, -1, -1], [4228, -1, -1], [4229, -1, -1], [4230, -1, -1]]"
1752927204.5278,162.0000343322754,12805.821065788907,12805.821376083724,12816.461748039614,15865.460891638904,"[[4231, -1, -1], [4232, -1, -1], [4233, -1, -1], [4234, -1, -1], [4235, -1, -1], [4236, -1, -1], [4237, 1, 10438], [4237, 1, 10637], [4237, -1, -1], [4238, -1, -1], [4239, -1, -1], [4240, 1, 10154], [4240, 1, 10337], [4240, -1, -1], [4241, -1, -1]]"
1752927204.6378,164.00003838539124,12805.821103531038,12805.821376083724,12816.461748039614,15865.460891638904,"[[4242, -1, -1], [4243, -1, -1], [4244, -1, -1], [4245, -1, -1], [4246, -1, -1], [4247, -1, -1], [4248, -1, -1], [4249, -1, -1], [4250, -1, -1], [4251, -1, -1], [4252, -1, -1]]"
1752927204.7478,166.00004243850708,12805.821103531038,12805.821371876376,12816.461756880828,15865.460891638904,"[[4253, -1, -1], [4254, -1, -1], [4255, -1, -1], [4256, -1, -1], [4257, -1, -1], [4258, -1, -1], [4259, -1, -1], [4260, -1, -1], [4261, -1, -1], [4262, -1, -1], [4263, -1, -1]]"
1752927204.8593,168.00004649162292,12805.821210453178,12805.821371876376,12816.461756880828,15865.460891638904,"[[4264, -1, -1], [4265, -1, -1], [4266, -1, -1], [4267, -1, -1], [4268, -1, -1], [4269, -1, -1], [4270, -1, -1], [4271, -1, -1], [4272, -1, -1], [4273, -1, -1], [4274, -1, -1]]"
1752927204.9728,170.00005054473877,12805.821210453178,12805.821369619394,12816.46175774951,15865.460891638904,"[[4276, -1, -1], [4277, -1, -1], [4278, -1, -1], [4279, -1, -1], [4280, -1, -1], [4281, -1, -1], [4282, -1, -1], [4283, -1, -1], [4284, -1, -1], [4285, -1, -1], [4286, -1, -1]]"
1752927205.0818,172.00005459785461,12805.821240204765,12805.821369619394,12816.461752573094,15865.460891638904,"[[4287, -1, -1], [4288, -1, -1], [4289, -1, -1], [4290, -1, -1], [4291, -1, -1], [4292, -1, -1], [4293, -1, -1], [4294, -1, -1], [4295, -1, -1], [4296, -1, -1], [4297, -1, -1]]"
1752927205.1928,174.00005865097046,12805.821240204765,12805.821377708156,12816.461752573094,15865.460891638904,"[[4298, -1, -1], [4299, -1, -1], [4300, -1, -1], [4301, -1, -1], [4302, -1, -1], [4303, -1, -1], [4304, -1, -1], [4305, -1, -1], [4306, -1, -1], [4307, -1, -1], [4308, -1, -1]]"
1752927205.3028,176.0000627040863,12805.821047937558,12805.821377708156,12816.461747048226,15865.460891638904,"[[4309, -1, -1], [4310, -1, -1], [4311, -1, -1], [4312, -1, -1], [4313, -1, -1], [4314, -1, -1], [4315, -1, -1], [4316, -1, -1], [4317, -1, -1], [4318, -1, -1], [4319, -1, -1]]"
1752927205.4138,178.00006675720215,12805.821047937558,12805.821388358876,12816.461747048226,15865.460891638904,"[[4320, -1, -1], [4321, -1, -1], [4322, -1, -1], [4323, -1, -1], [4324, -1, -1], [4325, -1, -1], [4326, -1, -1], [4327, -1, -1], [4328, -1, -1], [4329, -1, -1], [4330, -1, -1]]"
1752927205.5238,180.000070810318,12805.821138899797,12805.821388358876,12816.461754426919,15865.460891638904,"[[4331, -1, -1], [4332, -1, -1], [4333, -1, -1], [4334, -1, -1], [4335, -1, -1], [4336, -1, -1], [4337, -1, -1], [4338, -1, -1], [4339, -1, -1], [4340, -1, -1], [4341, -1, -1]]"
1752927205.6338,182.00007486343384,12805.821138899797,12805.821391601825,12816.461754426919,15865.460891638904,"[[4342, -1, -1], [4343, -1, -1], [4344, -1, -1], [4345, -1, -1], [4346, -1, -1], [4347, -1, -1], [4348, -1, -1], [4349, -1, -1], [4350, -1, -1], [4351, -1, -1], [4352, -1, -1]]"
1752927205.7459,184.00007891654968,12805.821081061895,12805.821391601825,12816.461750837083,15865.460891638904,"[[4353, -1, -1], [4354, -1, -1], [4355, -1, -1], [4356, -1, -1], [4357, -1, -1], [4358, -1, -1], [4359, -1, -1], [4360, -1, -1], [4361, -1, -1], [4362, -1, -1], [4363, -1, -1]]"
1752927205.8558,186.00008296966553,12805.821081061895,12805.821396698928,12816.461750837083,15865.460891638904,"[[4364, -1, -1], [4365, -1, -1], [4366, -1, -1], [4367, -1, -1], [4368, -1, -1], [4369, -1, -1], [4370, -1, -1], [4371, -1, -1], [4372, -1, -1], [4373, -1, -1], [4374, 1, 10386], [4374, 1, 10570], [4374, -1, -1]]"
1752927205.9658,188.00008702278137,12805.821204589587,12805.821396698928,12816.461753186495,15865.460891638904,"[[4375, -1, -1], [4376, -1, -1], [4377, -1, -1], [4378, -1, -1], [4379, -1, -1], [4380, -1, -1], [4381, -1, -1], [4382, -1, -1], [4383, -1, -1], [4384, -1, -1], [4385, -1, -1]]"
1752927206.0758,190.00009107589722,12805.821204589587,12805.821387957294,12816.461753186495,15865.460891638904,"[[4386, -1, -1], [4387, -1, -1], [4388, -1, -1], [4389, -1, -1], [4390, -1, -1], [4391, -1, -1], [4392, -1, -1], [4393, -1, -1], [4394, -1, -1], [4395, -1, -1], [4396, -1, -1]]"
1752927206.1859,192.00009512901306,12805.821205774942,12805.821387957294,12816.461745492485,15865.460891638904,"[[4397, -1, -1], [4398, -1, -1], [4399, -1, -1], [4400, -1, -1], [4401, -1, -1], [4402, -1, -1], [4403, -1, -1], [4404, -1, -1], [4405, -1, -1], [4406, -1, -1], [4407, -1, -1]]"
1752927206.2958,194.0000991821289,12805.821114581808,12805.821374363368,12816.461745492485,15865.460891638904,"[[4408, -1, -1], [4409, -1, -1], [4410, -1, -1], [4411, -1, -1], [4412, -1, -1], [4413, -1, -1], [4414, -1, -1], [4415, -1, -1], [4416, -1, -1], [4417, -1, -1], [4418, -1, -1]]"
1752927206.4048,196.00010323524475,12805.821114581808,12805.821374363368,12816.461749953625,15865.460891638904,"[[4419, -1, -1], [4420, -1, -1], [4421, -1, -1], [4422, -1, -1], [4423, -1, -1], [4424, -1, -1], [4425, -1, -1], [4426, -1, -1], [4427, -1, -1], [4428, -1, -1], [4429, -1, -1]]"
1752927206.5268,-202.00000298023224,12805.821025390796,12805.821371078182,12816.461749953625,15865.460891638904,"[[4431, -1, -1], [4432, -1, -1], [4433, -1, -1], [4434, -1, -1], [4435, -1, -1], [4436, -1, -1], [4437, -1, -1], [4438, -1, -1], [4439, -1, -1], [4440, -1, -1], [4441, -1, -1]]"
1752927206.6368,-199.9999989271164,12805.821025390796,12805.821368361909,12816.461750181881,15865.460891638904,"[[4442, -1, -1], [4443, -1, -1], [4444, -1, -1], [4445, -1, -1], [4446, -1, -1], [4447, -1, -1], [4448, -1, -1], [4449, -1, -1], [4450, -1, -1], [4451, -1, -1], [4452, -1, -1]]"
1752927206.7478,-197.99999487400055,12805.821037733245,12805.821368361909,12816.461750181881,15865.460891638904,"[[4453, -1, -1], [4454, -1, -1], [4455, -1, -1], [4456, -1, -1], [4457, -1, -1], [4458, -1, -1], [4459, -1, -1], [4460, -1, -1], [4461, -1, -1], [4462, -1, -1], [4463, -1, -1]]"
1752927206.8578,-195.9999908208847,12805.821037733245,12805.821387817683,12816.461750459526,15865.460891638904,"[[4464, -1, -1], [4465, -1, -1], [4466, -1, -1], [4467, -1, -1], [4468, -1, -1], [4469, -1, -1], [4470, -1, -1], [4471, -1, -1], [4472, -1, -1], [4473, -1, -1], [4474, -1, -1]]"
1752927206.9678,-193.99998676776886,12805.821240318073,12805.821387817683,12816.461750459526,15865.460891638904,"[[4475, -1, -1], [4476, -1, -1], [4477, -1, -1], [4478, -1, -1], [4479, -1, -1], [4480, -1, -1], [4481, -1, -1], [4482, -1, -1], [4483, -1, -1], [4484, -1, -1], [4485, -1, -1]]"
1752927207.0778,-191.99998271465302,12805.821240318073,12805.821395008208,12816.461748839585,15865.460891638904,"[[4486, -1, -1], [4487, -1, -1], [4488, -1, -1], [4489, -1, -1], [4490, -1, -1], [4491, -1, -1], [4492, -1, -1], [4493, -1, -1], [4494, -1, -1], [4495, -1, -1], [4496, -1, -1]]"
1752927207.1909,-189.99997866153717,12805.821233186305,12805.821395008208,12816.461748839585,15865.460891638904,"[[4497, -1, -1], [4498, -1, -1], [4499, -1, -1], [4500, -1, -1], [4501, -1, -1], [4502, -1, -1], [4503, -1, -1], [4504, -1, -1], [4505, -1, -1], [4506, -1, -1], [4507, -1, -1], [4508, -1, -1]]"
1752927207.3008,-187.99997460842133,12805.821233186305,12805.82141536837,12816.46175047172,15865.460891638904,"[[4509, -1, -1], [4510, -1, -1], [4511, -1, -1], [4512, -1, -1], [4513, -1, -1], [4514, -1, -1], [4515, -1, -1], [4516, -1, -1], [4517, -1, -1], [4518, -1, -1], [4519, -1, -1]]"
1752927207.4098,-185.99997055530548,12805.82113914567,12805.82141536837,12816.461753631203,15865.460891638904,"[[4520, -1, -1], [4521, -1, -1], [4522, -1, -1], [4523, -1, -1], [4524, -1, -1], [4525, -1, -1], [4526, -1, -1], [4527, -1, -1], [4528, -1, -1], [4529, -1, -1], [4530, -1, -1]]"
1752927207.5193,-183.99996650218964,12805.82113914567,12805.821408190828,12816.461753631203,15865.460891638904,"[[4531, -1, -1], [4532, -1, -1], [4533, -1, -1], [4534, -1, -1], [4535, -1, -1], [4536, -1, -1], [4537, 1, 10030], [4537, 1, 10217], [4537, -1, -1], [4538, -1, -1], [4539, -1, -1], [4540, -1, -1]]"
1752927207.6298,-181.9999624490738,12805.821089058592,12805.821408190828,12816.461743183405,15865.460891638904,"[[4542, -1, -1], [4543, -1, -1], [4544, -1, -1], [4545, -1, -1], [4546, -1, -1], [4547, 1, 10836], [4547, -1, -1], [4548, -1, -1], [4549, 1, 9921], [4549, 1, 9959], [4549, 1, 10151], [4549, -1, -1], [4550, -1, -1], [4551, -1, -1], [4552, -1, -1]]"
1752927207.7388,-179.99995839595795,12805.821089058592,12805.821407699568,12816.461743183405,15865.460891638904,"[[4553, -1, -1], [4554, -1, -1], [4555, -1, -1], [4556, -1, -1], [4557, -1, -1], [4558, -1, -1], [4559, -1, -1], [4560, -1, -1], [4561, -1, -1], [4562, -1, -1], [4563, -1, -1]]"
1752927207.8478,-177.9999543428421,12805.821073757563,12805.821407699568,12816.461749114473,15865.460891638904,"[[4564, -1, -1], [4565, -1, -1], [4566, -1, -1], [4567, -1, -1], [4568, -1, -1], [4569, -1, -1], [4570, -1, -1], [4571, -1, -1], [4572, -1, -1], [4573, -1, -1]]"
1752927207.9578,-175.99995028972626,12805.821073757563,12805.821404542678,12816.461749114473,15865.460891638904,"[[4574, -1, -1], [4575, -1, -1], [4576, -1, -1], [4577, -1, -1], [4578, -1, -1], [4579, -1, -1], [4580, -1, -1], [4581, -1, -1], [4582, -1, -1], [4583, -1, -1], [4584, -1, -1]]"
1752927208.0683,-173.9999462366104,12805.821180251303,12805.821404542678,12816.461749568807,15865.460891638904,"[[4585, -1, -1], [4586, -1, -1], [4587, -1, -1], [4588, -1, -1], [4589, -1, -1], [4590, -1, -1], [4591, -1, -1], [4592, -1, -1], [4593, -1, -1], [4594, -1, -1], [4595, -1, -1]]"
1752927208.1783,-171.99994218349457,12805.821180251303,12805.821416852865,12816.461749568807,15865.460891638904,"[[4597, -1, -1], [4598, -1, -1], [4599, -1, -1], [4600, -1, -1], [4601, -1, -1], [4602, -1, -1], [4603, -1, -1], [4604, -1, -1], [4605, -1, -1], [4606, -1, -1]]"
1752927208.2883,-169.99993813037872,12805.821207949244,12805.821416852865,12816.461744019496,15865.460891638904,"[[4608, -1, -1], [4609, -1, -1], [4610, -1, -1], [4611, -1, -1], [4612, -1, -1], [4613, -1, -1], [4614, -1, -1], [4615, -1, -1], [4616, -1, -1], [4617, -1, -1]]"
1752927208.3983,-167.99993407726288,12805.821207949244,12805.821423683403,12816.461744019496,15865.460891638904,"[[4619, -1, -1], [4620, -1, -1], [4621, -1, -1], [4622, -1, -1], [4623, -1, -1], [4624, -1, -1], [4625, 1, 9448], [4625, 1, 9633], [4625, -1, -1], [4626, -1, -1], [4627, -1, -1], [4628, -1, -1]]"
1752927208.5078,-165.99993002414703,12805.821130732782,12805.821423683403,12816.461749932623,15865.460891638904,"[[4630, -1, -1], [4631, -1, -1], [4632, -1, -1], [4633, -1, -1], [4634, -1, -1], [4635, -1, -1], [4636, -1, -1], [4637, -1, -1], [4638, -1, -1], [4639, -1, -1]]"
1752927208.6169,-163.9999259710312,12805.821130732782,12805.821430799577,12816.461749932623,15865.460891638904,"[[4640, -1, -1], [4641, -1, -1], [4642, -1, -1], [4643, -1, -1], [4644, 1, 11341], [4644, 1, 11544], [4644, -1, -1], [4645, -1, -1], [4646, -1, -1], [4647, -1, -1], [4648, -1, -1], [4649, -1, -1], [4650, -1, -1]]"
1752927208.7268,-161.99992191791534,12805.821133740388,12805.821430799577,12816.461748442583,15865.460891638904,"[[4651, -1, -1], [4652, -1, -1], [4653, 1, 11606], [4653, 1, 11809], [4653, -1, -1], [4654, -1, -1], [4655, -1, -1], [4656, -1, -1], [4657, -1, -1], [4658, -1, -1], [4659, -1, -1], [4660, -1, -1], [4661, -1, -1]]"
1752927208.8368,-159.9999178647995,12805.821133740388,12805.82142655761,12816.461748442583,15865.460891638904,"[[4662, -1, -1], [4663, -1, -1], [4664, -1, -1], [4665, -1, -1], [4666, -1, -1], [4667, -1, -1], [4668, -1, -1], [4669, -1, -1], [4670, -1, -1], [4671, -1, -1], [4672, -1, -1]]"
1752927208.9469,-157.99991381168365,12805.821133740388,12805.821424177493,12816.461744973361,15865.460891638904,"[[4673, -1, -1], [4674, -1, -1], [4675, -1, -1], [4676, -1, -1], [4677, -1, -1], [4678, -1, -1], [4679, -1, -1], [4680, -1, -1], [4681, -1, -1], [4682, -1, -1], [4683, -1, -1]]"
1752927209.0568,-155.9999097585678,12805.82108621085,12805.821424177493,12816.461744973361,15865.460891638904,"[[4684, -1, -1], [4685, -1, -1], [4686, -1, -1], [4687, -1, -1], [4688, -1, -1], [4689, 1, 13283], [4689, 1, 13486], [4689, 1, 13840], [4689, -1, -1], [4690, -1, -1], [4691, -1, -1], [4692, -1, -1], [4693, -1, -1], [4694, -1, -1]]"
1752927209.1658,-153.99990570545197,12805.82108621085,12805.821420527054,12816.461748726402,15865.460891638904,"[[4695, -1, -1], [4696, -1, -1], [4697, -1, -1], [4698, 1, 11844], [4698, 1, 11875], [4698, 1, 12075], [4698, -1, -1], [4699, -1, -1], [4700, -1, -1], [4701, -1, -1], [4702, -1, -1], [4703, -1, -1], [4704, -1, -1], [4705, -1, -1]]"
1752927209.2768,-151.99990165233612,12805.82113939711,12805.821420527054,12816.461748726402,15865.460891638904,"[[4706, -1, -1], [4707, -1, -1], [4708, -1, -1], [4709, -1, -1], [4710, -1, -1], [4711, -1, -1], [4712, -1, -1], [4713, -1, -1], [4714, -1, -1], [4715, -1, -1], [4716, -1, -1]]"
1752927209.3858,-149.99989759922028,12805.82113939711,12805.821407958016,12816.461752893503,15865.460891638904,"[[4717, -1, -1], [4718, -1, -1], [4719, -1, -1], [4720, -1, -1], [4721, -1, -1], [4722, -1, -1], [4723, -1, -1], [4724, -1, -1], [4725, -1, -1], [4726, -1, -1], [4727, -1, -1]]"
1752927209.4969,-147.99989354610443,12805.821126920053,12805.821407958016,12816.461752893503,15865.460891638904,"[[4728, -1, -1], [4729, -1, -1], [4730, -1, -1], [4731, -1, -1], [4732, -1, -1], [4733, -1, -1], [4734, -1, -1], [4735, -1, -1], [4736, -1, -1], [4737, -1, -1], [4738, -1, -1]]"
1752927209.6068,-145.9998894929886,12805.821126920053,12805.821413563846,12816.461752001482,15865.460891638904,"[[4739, -1, -1], [4740, -1, -1], [4741, -1, -1], [4742, -1, -1], [4743, -1, -1], [4744, -1, -1], [4745, -1, -1], [4746, -1, -1], [4747, -1, -1], [4748, -1, -1], [4749, -1, -1]]"
1752927209.7178,-143.99988543987274,12805.821104619794,12805.821413563846,12816.461748190783,15865.460891638904,"[[4750, -1, -1], [4751, -1, -1], [4752, -1, -1], [4753, -1, -1], [4754, -1, -1], [4755, -1, -1], [4756, -1, -1], [4757, -1, -1], [4758, -1, -1], [4759, -1, -1], [4760, -1, -1]]"
1752927209.8278,-141.9998813867569,12805.821104619794,12805.821429866308,12816.461748190783,15865.460891638904,"[[4761, -1, -1], [4762, -1, -1], [4763, -1, -1], [4764, -1, -1], [4765, -1, -1], [4766, -1, -1], [4767, 1, 9554], [4767, 1, 9757], [4767, -1, -1], [4768, -1, -1], [4769, -1, -1], [4770, -1, -1], [4771, -1, -1]]"
1752927209.9378,-139.99987733364105,12805.821130871218,12805.821429866308,12816.46174546057,15865.460891638904,"[[4772, -1, -1], [4773, -1, -1], [4774, -1, -1], [4775, -1, -1], [4776, -1, -1], [4777, -1, -1], [4778, -1, -1], [4779, -1, -1], [4780, -1, -1], [4781, -1, -1], [4782, -1, -1]]"
1752927210.0483,-137.9998732805252,12805.821130871218,12805.821431208986,12816.46174546057,15865.460891638904,"[[4783, -1, -1], [4784, -1, -1], [4785, -1, -1], [4786, -1, -1], [4787, -1, -1], [4788, -1, -1], [4789, -1, -1], [4790, -1, -1], [4791, -1, -1], [4792, -1, -1], [4793, -1, -1]]"
1752927210.1578,-135.99986922740936,12805.821116680843,12805.821431208986,12816.461747482232,15865.460891638904,"[[4795, -1, -1], [4796, -1, -1], [4797, -1, -1], [4798, -1, -1], [4799, -1, -1], [4800, -1, -1], [4801, -1, -1], [4802, -1, -1], [4803, -1, -1], [4804, -1, -1]]"
1752927210.2683,-133.99986517429352,12805.821116680843,12805.821405535444,12816.461747482232,15865.460891638904,"[[4805, -1, -1], [4806, -1, -1], [4807, -1, -1], [4808, -1, -1], [4809, -1, -1], [4810, -1, -1], [4811, -1, -1], [4812, -1, -1], [4813, -1, -1], [4814, -1, -1], [4815, -1, -1]]"
1752927210.3783,-131.99986112117767,12805.82111203903,12805.821405535444,12816.461747836616,15865.460891638904,"[[4817, -1, -1], [4818, -1, -1], [4819, -1, -1], [4820, -1, -1], [4821, -1, -1], [4822, -1, -1], [4823, -1, -1], [4824, -1, -1], [4825, -1, -1], [4826, -1, -1]]"
1752927210.4878,-129.99985706806183,12805.82111203903,12805.821406406656,12816.461747836616,15865.460891638904,"[[4828, -1, -1], [4829, -1, -1], [4830, -1, -1], [4831, -1, -1], [4832, -1, -1], [4833, -1, -1], [4834, -1, -1], [4835, -1, -1], [4836, -1, -1], [4837, -1, -1]]"
1752927210.5978,-127.99985301494598,12805.821218609333,12805.821406406656,12816.461750180422,15865.460891638904,"[[4838, -1, -1], [4839, -1, -1], [4840, -1, -1], [4841, -1, -1], [4842, -1, -1], [4843, -1, -1], [4844, -1, -1], [4845, -1, -1], [4846, -1, -1], [4847, -1, -1], [4848, -1, -1]]"
1752927210.7083,-125.99985641241074,12805.82110459518,12805.821402140917,12816.461750180422,15865.460891638904,"[[4849, -1, -1], [4850, -1, -1], [4851, -1, -1], [4852, -1, -1], [4853, -1, -1], [4854, -1, -1], [4855, -1, -1], [4856, -1, -1], [4857, -1, -1], [4858, -1, -1], [4859, -1, -1]]"
1752927210.8198,-123.99985980987549,12805.82110459518,12805.821402140917,12816.461749540611,15865.460891638904,"[[4861, -1, -1], [4862, -1, -1], [4863, -1, -1], [4864, -1, -1], [4865, -1, -1], [4866, -1, -1], [4867, -1, -1], [4868, -1, -1], [4869, -1, -1], [4870, -1, -1], [4871, -1, -1]]"
1752927210.9284,-121.99986320734024,12805.821077852457,12805.821410791517,12816.461749540611,15865.460891638904,"[[4872, -1, -1], [4873, -1, -1], [4874, -1, -1], [4875, -1, -1], [4876, -1, -1], [4877, -1, -1], [4878, -1, -1], [4879, -1, -1], [4880, -1, -1], [4881, -1, -1]]"
1752927211.0383,-119.99986660480499,12805.821077852457,12805.821402573138,12816.461743687325,15865.460891638904,"[[4883, -1, -1], [4884, -1, -1], [4885, -1, -1], [4886, -1, -1], [4887, -1, -1], [4888, -1, -1], [4889, -1, -1], [4890, -1, -1], [4891, -1, -1], [4892, -1, -1]]"
1752927211.1483,-117.99987000226974,12805.821053466725,12805.821402573138,12816.461743687325,15865.460891638904,"[[4894, -1, -1], [4895, -1, -1], [4896, -1, -1], [4897, -1, -1], [4898, -1, -1], [4899, -1, -1], [4900, -1, -1], [4901, -1, -1], [4902, -1, -1], [4903, -1, -1]]"
1752927211.2583,-115.9998733997345,12805.821053466725,12805.8214046245,12816.46175100473,15865.460891638904,"[[4905, -1, -1], [4906, -1, -1], [4907, -1, -1], [4908, -1, -1], [4909, -1, -1], [4910, -1, -1], [4911, -1, -1], [4912, -1, -1], [4913, -1, -1], [4914, -1, -1]]"
1752927211.3683,-113.99987679719925,12805.821161085627,12805.8214046245,12816.46175100473,15865.460891638904,"[[4916, -1, -1], [4917, -1, -1], [4918, -1, -1], [4919, -1, -1], [4920, -1, -1], [4921, -1, -1], [4922, 1, 20779], [4922, -1, -1], [4923, -1, -1], [4924, -1, -1], [4925, -1, -1]]"
1752927211.4788,-111.999880194664,12805.821161085627,12805.821423253208,12816.461748740348,15865.460891638904,"[[4927, -1, -1], [4928, -1, -1], [4929, -1, -1], [4930, -1, -1], [4931, 1, 9986], [4931, 1, 10171], [4931, -1, -1], [4932, -1, -1], [4933, -1, -1], [4934, -1, -1], [4935, -1, -1], [4936, -1, -1], [4937, -1, -1]]"
1752927211.5878,-109.99988359212875,12805.821203185993,12805.821423253208,12816.461748740348,15865.460891638904,"[[4938, -1, -1], [4939, -1, -1], [4940, -1, -1], [4941, -1, -1], [4942, -1, -1], [4943, -1, -1], [4944, -1, -1], [4945, -1, -1], [4946, -1, -1], [4947, -1, -1]]"
1752927211.6983,-107.9998869895935,12805.821203185993,12805.821409003467,12816.461749912292,15865.460891638904,"[[4948, -1, -1], [4949, -1, -1], [4950, -1, -1], [4951, -1, -1], [4952, -1, -1], [4953, -1, -1], [4954, -1, -1], [4955, -1, -1], [4956, -1, -1], [4957, -1, -1], [4958, -1, -1]]"
1752927211.8109,-105.99989038705826,12805.821170899713,12805.821409003467,12816.461749912292,15865.460891638904,"[[4960, -1, -1], [4961, -1, -1], [4962, 1, 10263], [4962, 1, 10466], [4962, -1, -1], [4963, -1, -1], [4964, -1, -1], [4965, -1, -1], [4966, -1, -1], [4967, -1, -1], [4968, -1, -1], [4969, -1, -1], [4970, -1, -1]]"
1752927211.9208,-103.99989378452301,12805.821170899713,12805.821415854225,12816.461750913744,15865.460891638904,"[[4971, -1, -1], [4972, -1, -1], [4973, -1, -1], [4974, -1, -1], [4975, -1, -1], [4976, -1, -1], [4977, -1, -1], [4978, -1, -1], [4979, -1, -1], [4980, -1, -1], [4981, -1, -1]]"
1752927212.0318,-101.99989718198776,12805.821168369197,12805.821415854225,12816.461749477474,15865.460891638904,"[[4982, -1, -1], [4983, -1, -1], [4984, -1, -1], [4985, -1, -1], [4986, -1, -1], [4987, -1, -1], [4988, -1, -1], [4989, -1, -1], [4990, -1, -1], [4991, -1, -1], [4992, -1, -1]]"
1752927212.1418,-99.99990057945251,12805.821168369197,12805.82141829989,12816.461749477474,15865.460891638904,"[[4993, -1, -1], [4994, 1, 11118], [4994, 1, 11304], [4994, -1, -1], [4995, -1, -1], [4996, -1, -1], [4997, -1, -1], [4998, -1, -1], [4999, -1, -1], [5000, -1, -1], [5001, -1, -1], [5002, -1, -1], [5003, -1, -1]]"
1752927212.2548,-97.99990397691727,12805.82104099537,12805.82141829989,12816.461744534496,15865.460891638904,"[[5004, -1, -1], [5005, -1, -1], [5006, -1, -1], [5007, -1, -1], [5008, -1, -1], [5009, -1, -1], [5010, -1, -1], [5011, -1, -1], [5012, -1, -1], [5013, -1, -1], [5014, -1, -1]]"
1752927212.3648,-95.99990737438202,12805.82104099537,12805.82140307622,12816.461744534496,15865.460891638904,"[[5015, -1, -1], [5016, -1, -1], [5017, -1, -1], [5018, -1, -1], [5019, -1, -1], [5020, -1, -1], [5021, -1, -1], [5022, -1, -1], [5023, -1, -1], [5024, -1, -1], [5025, -1, -1]]"
1752927212.4758,-93.99991077184677,12805.821124620585,12805.82140307622,12816.461742472708,15865.460891638904,"[[5026, -1, -1], [5027, -1, -1], [5028, -1, -1], [5029, -1, -1], [5030, -1, -1], [5031, -1, -1], [5032, -1, -1], [5033, -1, -1], [5034, -1, -1], [5035, -1, -1], [5036, -1, -1]]"
1752927212.5868,-91.99991416931152,12805.821124620585,12805.821395706094,12816.461742472708,15865.460891638904,"[[5037, -1, -1], [5038, -1, -1], [5039, -1, -1], [5040, -1, -1], [5041, -1, -1], [5042, -1, -1], [5043, -1, -1], [5044, -1, -1], [5045, -1, -1], [5046, -1, -1], [5047, -1, -1]]"
1752927212.6978,-89.99991756677628,12805.821179739552,12805.821395706094,12816.461749205877,15865.460891638904,"[[5048, -1, -1], [5049, -1, -1], [5050, -1, -1], [5051, -1, -1], [5052, -1, -1], [5053, -1, -1], [5054, -1, -1], [5055, -1, -1], [5056, -1, -1], [5057, -1, -1], [5058, -1, -1]]"
1752927212.8083,-87.99992096424103,12805.821179739552,12805.821390014857,12816.461749205877,15865.460891638904,"[[5059, -1, -1], [5060, -1, -1], [5061, -1, -1], [5062, -1, -1], [5063, -1, -1], [5064, -1, -1], [5065, -1, -1], [5066, -1, -1], [5067, -1, -1], [5068, -1, -1], [5069, -1, -1]]"
1752927212.9183,-85.99992436170578,12805.821158365346,12805.821390014857,12816.461751541234,15865.460891638904,"[[5071, -1, -1], [5072, -1, -1], [5073, -1, -1], [5074, -1, -1], [5075, -1, -1], [5076, -1, -1], [5077, -1, -1], [5078, -1, -1], [5079, -1, -1], [5080, -1, -1]]"
1752927213.0283,-83.99992775917053,12805.821158365346,12805.821393027169,12816.461751541234,15865.460891638904,"[[5082, -1, -1], [5083, -1, -1], [5084, -1, -1], [5085, -1, -1], [5086, -1, -1], [5087, -1, -1], [5088, -1, -1], [5089, -1, -1], [5090, -1, -1], [5091, -1, -1]]"
1752927213.1383,-81.99993115663528,12805.82107872869,12805.821393027169,12816.46175254711,15865.460891638904,"[[5093, -1, -1], [5094, -1, -1], [5095, -1, -1], [5096, -1, -1], [5097, -1, -1], [5098, -1, -1], [5099, -1, -1], [5100, -1, -1], [5101, -1, -1], [5102, -1, -1]]"
1752927213.2488,-79.99993455410004,12805.821005337255,12805.82140223727,12816.46175254711,15865.460891638904,"[[5104, -1, -1], [5105, -1, -1], [5106, -1, -1], [5107, -1, -1], [5108, -1, -1], [5109, -1, -1], [5110, -1, -1], [5111, -1, -1], [5112, -1, -1], [5113, -1, -1], [5114, -1, -1]]"
1752927213.3593,-77.99993795156479,12805.821005337255,12805.82140223727,12816.46175408678,15865.460891638904,"[[5115, -1, -1], [5116, -1, -1], [5117, -1, -1], [5118, -1, -1], [5119, -1, -1], [5120, -1, -1], [5121, -1, -1], [5122, -1, -1], [5123, 1, 11394], [5123, 1, 11592], [5123, 1, 11780], [5123, -1, -1], [5124, -1, -1]]"
1752927213.4688,-75.99994134902954,12805.821081040003,12805.821396407046,12816.46175408678,15865.460891638904,"[[5126, -1, -1], [5127, -1, -1], [5128, -1, -1], [5129, -1, -1], [5130, -1, -1], [5131, -1, -1], [5132, -1, -1], [5133, -1, -1], [5134, -1, -1], [5135, -1, -1], [5136, -1, -1]]"
1752927213.5808,-73.9999447464943,12805.821081040003,12805.821394610957,12816.461745065306,15865.460891638904,"[[5137, -1, -1], [5138, -1, -1], [5139, -1, -1], [5140, -1, -1], [5141, -1, -1], [5142, -1, -1], [5143, -1, -1], [5144, -1, -1], [5145, -1, -1], [5146, -1, -1], [5147, -1, -1]]"
1752927213.6909,-71.99994814395905,12805.821189623266,12805.821394610957,12816.461745065306,15865.460891638904,"[[5148, -1, -1], [5149, -1, -1], [5150, -1, -1], [5151, -1, -1], [5152, -1, -1], [5153, -1, -1], [5154, -1, -1], [5155, -1, -1], [5156, -1, -1], [5157, -1, -1], [5158, -1, -1]]"
1752927213.8009,-69.9999515414238,12805.821189623266,12805.821380440268,12816.461744556289,15865.460891638904,"[[5159, -1, -1], [5160, -1, -1], [5161, -1, -1], [5162, -1, -1], [5163, -1, -1], [5164, -1, -1], [5165, 1, 9703], [5165, 1, 9889], [5165, -1, -1], [5166, -1, -1], [5167, -1, -1], [5168, -1, -1], [5169, -1, -1]]"
1752927213.9108,-67.99995493888855,12805.82121189132,12805.821380440268,12816.461744556289,15865.460891638904,"[[5170, -1, -1], [5171, -1, -1], [5172, -1, -1], [5173, -1, -1], [5174, -1, -1], [5175, -1, -1], [5176, -1, -1], [5177, -1, -1], [5178, -1, -1], [5179, -1, -1], [5180, -1, -1]]"
1752927214.0198,-65.9999583363533,12805.82121189132,12805.821372535513,12816.461754461063,15865.460891638904,"[[5181, -1, -1], [5182, -1, -1], [5183, -1, -1], [5184, -1, -1], [5185, -1, -1], [5186, -1, -1], [5187, -1, -1], [5188, -1, -1], [5189, -1, -1], [5190, -1, -1], [5191, -1, -1]]"
1752927214.1298,-63.999958008527756,12805.821145264938,12805.821372535513,12816.461754461063,15865.460891638904,"[[5192, -1, -1], [5193, -1, -1], [5194, -1, -1], [5195, -1, -1], [5196, -1, -1], [5197, -1, -1], [5198, -1, -1], [5199, -1, -1], [5200, -1, -1], [5201, -1, -1], [5202, -1, -1]]"
1752927214.2393,-61.99995768070221,12805.821145264938,12805.82137101904,12816.461746812205,15865.460891638904,"[[5203, -1, -1], [5204, 1, 12813], [5204, 1, 13016], [5204, -1, -1], [5205, -1, -1], [5206, 1, 11834], [5206, 1, 11868], [5206, 1, 12064], [5206, -1, -1], [5207, -1, -1], [5208, -1, -1], [5209, -1, -1], [5210, -1, -1], [5211, -1, -1], [5212, -1, -1]]"
1752927214.3498,-59.99995735287666,12805.821123130036,12805.82137101904,12816.461746812205,15865.460891638904,"[[5214, -1, -1], [5215, 1, 11128], [5215, 1, 11327], [5215, -1, -1], [5216, -1, -1], [5217, -1, -1], [5218, -1, -1], [5219, -1, -1], [5220, -1, -1], [5221, -1, -1], [5222, -1, -1], [5223, -1, -1], [5224, -1, -1]]"
1752927214.4588,-57.99995702505112,12805.821123130036,12805.82137042103,12816.461752334115,15865.460891638904,"[[5225, -1, -1], [5226, -1, -1], [5227, -1, -1], [5228, -1, -1], [5229, -1, -1], [5230, -1, -1], [5231, -1, -1], [5232, -1, -1], [5233, -1, -1], [5234, -1, -1], [5235, -1, -1]]"
1752927214.5698,-55.99995669722557,12805.821124234371,12805.82137042103,12816.461745859868,15865.460891638904,"[[5236, -1, -1], [5237, -1, -1], [5238, -1, -1], [5239, -1, -1], [5240, -1, -1], [5241, 1, 11778], [5241, 1, 11970], [5241, -1, -1], [5242, 1, 10354], [5242, 1, 10557], [5242, -1, -1], [5243, -1, -1], [5244, -1, -1], [5245, -1, -1], [5246, 1, 10754], [5246, 1, 10953], [5246, -1, -1]]"
1752927214.6788,-53.999956369400024,12805.821124234371,12805.821382175363,12816.461745859868,15865.460891638904,"[[5247, -1, -1], [5248, -1, -1], [5249, -1, -1], [5250, -1, -1], [5251, -1, -1], [5252, -1, -1], [5253, -1, -1], [5254, -1, -1], [5255, -1, -1], [5256, -1, -1], [5257, -1, -1]]"
1752927214.7888,-51.99995604157448,12805.821098931428,12805.821382175363,12816.461749660964,15865.460891638904,"[[5258, -1, -1], [5259, -1, -1], [5260, -1, -1], [5261, -1, -1], [5262, -1, -1], [5263, -1, -1], [5264, -1, -1], [5265, -1, -1], [5266, -1, -1], [5267, -1, -1], [5268, -1, -1]]"
1752927214.8983,-49.99995571374893,12805.821098931428,12805.821393504326,12816.461749660964,15865.460891638904,"[[5269, -1, -1], [5270, 1, 12426], [5270, 1, 12463], [5270, 1, 12656], [5270, 1, 12734], [5270, -1, -1], [5271, -1, -1], [5272, -1, -1], [5273, -1, -1], [5274, -1, -1], [5275, -1, -1], [5276, -1, -1], [5277, -1, -1], [5278, -1, -1]]"
1752927215.0078,-47.999955385923386,12805.821206710432,12805.821393504326,12816.461750343693,15865.460891638904,"[[5280, -1, -1], [5281, -1, -1], [5282, -1, -1], [5283, -1, -1], [5284, -1, -1], [5285, -1, -1], [5286, -1, -1], [5287, -1, -1], [5288, -1, -1], [5289, -1, -1]]"
1752927215.1183,-45.99995505809784,12805.821206710432,12805.821383712344,12816.461750343693,15865.460891638904,"[[5290, -1, -1], [5291, -1, -1], [5292, -1, -1], [5293, -1, -1], [5294, -1, -1], [5295, 1, 10328], [5295, 1, 10517], [5295, -1, -1], [5296, -1, -1], [5297, -1, -1], [5298, -1, -1], [5299, -1, -1], [5300, -1, -1]]"
1752927215.2283,-43.99995473027229,12805.821189296827,12805.821383712344,12816.46174845163,15865.460891638904,"[[5302, -1, -1], [5303, -1, -1], [5304, -1, -1], [5305, -1, -1], [5306, -1, -1], [5307, -1, -1], [5308, -1, -1], [5309, -1, -1], [5310, -1, -1], [5311, -1, -1]]"
1752927215.3398,-41.99995440244675,12805.821189296827,12805.821382204926,12816.46174845163,15865.460891638904,"[[5313, -1, -1], [5314, -1, -1], [5315, -1, -1], [5316, 1, 10260], [5316, 1, 10294], [5316, 1, 10490], [5316, 1, 10778], [5316, 1, 10850], [5316, 1, 10898], [5316, 1, 11182], [5316, 1, 11366], [5316, -1, -1], [5317, -1, -1], [5318, -1, -1], [5319, -1, -1], [5320, -1, -1], [5321, -1, -1], [5322, -1, -1], [5323, -1, -1]]"
1752927215.4508,-39.9999540746212,12805.82110966113,12805.821382204926,12816.461741785111,15865.460891638904,"[[5324, -1, -1], [5325, -1, -1], [5326, -1, -1], [5327, -1, -1], [5328, -1, -1], [5329, -1, -1], [5330, -1, -1], [5331, 1, 11136], [5331, 1, 11345], [5331, -1, -1], [5332, -1, -1], [5333, -1, -1], [5334, -1, -1]]"
1752927215.5608,-37.999953746795654,12805.82110966113,12805.821375451671,12816.461741785111,15865.460891638904,"[[5335, -1, -1], [5336, -1, -1], [5337, -1, -1], [5338, -1, -1], [5339, -1, -1], [5340, -1, -1], [5341, -1, -1], [5342, -1, -1], [5343, -1, -1], [5344, -1, -1], [5345, -1, -1]]"
1752927215.6708,-35.99995341897011,12805.821088454843,12805.821375451671,12816.46174694994,15865.460891638904,"[[5346, -1, -1], [5347, -1, -1], [5348, -1, -1], [5349, -1, -1], [5350, -1, -1], [5351, 1, 11326], [5351, 1, 11525], [5351, -1, -1], [5352, -1, -1], [5353, -1, -1], [5354, -1, -1], [5355, -1, -1], [5356, -1, -1]]"
1752927215.7818,-33.99995309114456,12805.821177340356,12805.821370790656,12816.46174694994,15865.460891638904,"[[5357, -1, -1], [5358, -1, -1], [5359, -1, -1], [5360, -1, -1], [5361, -1, -1], [5362, -1, -1], [5363, -1, -1], [5364, -1, -1], [5365, -1, -1], [5366, -1, -1], [5367, -1, -1]]"
1752927215.8939,-31.999952763319016,12805.821177340356,12805.821370790656,12816.461752118836,15865.460891638904,"[[5368, -1, -1], [5369, -1, -1], [5370, -1, -1], [5371, -1, -1], [5372, -1, -1], [5373, 1, 10725], [5373, 1, 10909], [5373, 1, 12445], [5373, -1, -1], [5374, -1, -1], [5375, -1, -1], [5376, -1, -1], [5377, -1, -1], [5378, -1, -1]]"
1752927216.0038,-29.99995243549347,12805.82125793507,12805.82137234204,12816.461752118836,15865.460891638904,"[[5379, -1, -1], [5380, -1, -1], [5381, -1, -1], [5382, -1, -1], [5383, -1, -1], [5384, -1, -1], [5385, -1, -1], [5386, -1, -1], [5387, -1, -1], [5388, -1, -1], [5389, -1, -1]]"
1752927216.1138,-27.999952107667923,12805.82125793507,12805.821380884663,12816.461751448396,15865.460891638904,"[[5390, -1, -1], [5391, -1, -1], [5392, -1, -1], [5393, -1, -1], [5394, -1, -1], [5395, -1, -1], [5396, -1, -1], [5397, -1, -1], [5398, -1, -1], [5399, -1, -1], [5400, -1, -1]]"
1752927216.2238,-25.999951779842377,12805.821237566219,12805.821380884663,12816.461751448396,15865.460891638904,"[[5401, -1, -1], [5402, -1, -1], [5403, -1, -1], [5404, 1, 16874], [5404, 1, 17060], [5404, -1, -1], [5405, -1, -1], [5406, -1, -1], [5407, -1, -1], [5408, -1, -1], [5409, -1, -1], [5410, -1, -1], [5411, -1, -1]]"
1752927216.3368,-23.99995145201683,12805.821237566219,12805.8213873528,12816.461755145794,15865.460891638904,"[[5412, -1, -1], [5413, -1, -1], [5414, -1, -1], [5415, -1, -1], [5416, -1, -1], [5417, -1, -1], [5418, -1, -1], [5419, 1, 10168], [5419, 1, 10212], [5419, 1, 10400], [5419, 1, 13146], [5419, 1, 13180], [5419, 1, 13376], [5419, 1, 13608], [5419, 1, 14822], [5419, 1, 15021], [5419, -1, -1], [5420, -1, -1], [5421, -1, -1], [5422, -1, -1]]"
1752927216.4458,-21.999951124191284,12805.821120425528,12805.8213873528,12816.461755145794,15865.460891638904,"[[5423, 1, 11376], [5423, 1, 11421], [5423, 1, 11615], [5423, 1, 11791], [5423, 1, 11826], [5423, -1, -1], [5424, -1, -1], [5425, -1, -1], [5426, -1, -1], [5427, -1, -1], [5428, -1, -1], [5429, -1, -1], [5430, -1, -1], [5431, -1, -1], [5432, -1, -1], [5433, -1, -1]]"
1752927216.5558,-19.999950796365738,12805.821120425528,12805.82139217965,12816.461740621395,15865.460891638904,"[[5434, -1, -1], [5435, -1, -1], [5436, -1, -1], [5437, -1, -1], [5438, -1, -1], [5439, -1, -1], [5440, -1, -1], [5441, -1, -1], [5442, -1, -1], [5443, 1, 11685], [5443, 1, 11870], [5443, -1, -1], [5444, -1, -1]]"
1752927216.6648,-17.99995046854019,12805.821088414104,12805.82139217965,12816.461740621395,15865.460891638904,"[[5445, 1, 10695], [5445, 1, 10897], [5445, -1, -1], [5446, -1, -1], [5447, -1, -1], [5448, 1, 9384], [5448, -1, -1], [5449, -1, -1], [5450, -1, -1], [5451, -1, -1], [5452, -1, -1], [5453, -1, -1], [5454, -1, -1], [5455, -1, -1]]"
1752927216.7748,-15.999950140714647,12805.821088414104,12805.821385079422,12816.46174948937,15865.460891638904,"[[5456, -1, -1], [5457, -1, -1], [5458, -1, -1], [5459, -1, -1], [5460, 1, 13316], [5460, 1, 13342], [5460, 1, 13545], [5460, 1, 13715], [5460, -1, -1], [5461, 1, 10840], [5461, 1, 11031], [5461, -1, -1], [5462, -1, -1], [5463, -1, -1], [5464, -1, -1], [5465, -1, -1], [5466, 1, 10613], [5466, 1, 10813], [5466, 1, 12224], [5466, 1, 12409], [5466, -1, -1]]"
1752927216.8848,-13.9999498128891,12805.821139256386,12805.821385079422,12816.46174948937,15865.460891638904,"[[5467, -1, -1], [5468, -1, -1], [5469, -1, -1], [5470, -1, -1], [5471, 1, 10845], [5471, 1, 11032], [5471, -1, -1], [5472, -1, -1], [5473, -1, -1], [5474, -1, -1], [5475, -1, -1], [5476, -1, -1], [5477, -1, -1]]"
1752927216.9938,-11.999949485063553,12805.821139256386,12805.821380334792,12816.461745364702,15865.460891638904,"[[5478, 1, 10620], [5478, 1, 10809], [5478, -1, -1], [5479, 1, 11103], [5479, 1, 11253], [5479, 1, 11306], [5479, -1, -1], [5480, -1, -1], [5481, -1, -1], [5482, -1, -1], [5483, -1, -1], [5484, -1, -1], [5485, -1, -1], [5486, -1, -1], [5487, -1, -1], [5488, -1, -1]]"
1752927217.1028,-9.999949157238007,12805.821234725876,12805.821380334792,12816.461745364702,15865.460891638904,"[[5489, 1, 12746], [5489, 1, 12779], [5489, 1, 12977], [5489, -1, -1], [5490, -1, -1], [5491, -1, -1], [5492, -1, -1], [5493, 1, 10873], [5493, 1, 11072], [5493, -1, -1], [5494, -1, -1], [5495, 1, 10821], [5495, 1, 11024], [5495, -1, -1], [5496, -1, -1], [5497, 1, 10666], [5497, 1, 10866], [5497, 1, 11006], [5497, 1, 11195], [5497, -1, -1], [5498, -1, -1], [5499, -1, -1]]"
1752927217.2119,-7.999949295073748,12805.821234725876,12805.821369298557,12816.461749466785,15865.460891638904,"[[5500, -1, -1], [5501, 1, 14344], [5501, 1, 14543], [5501, -1, -1], [5502, 1, 11610], [5502, 1, 11809], [5502, -1, -1], [5503, -1, -1], [5504, -1, -1], [5505, -1, -1], [5506, -1, -1], [5507, -1, -1], [5508, -1, -1], [5509, -1, -1], [5510, 1, 11636], [5510, 1, 11865], [5510, -1, -1]]"
1752927217.3248,-5.999949432909489,12805.821278349777,12805.821369298557,12816.461745361597,15865.460891638904,"[[5511, -1, -1], [5512, -1, -1], [5513, -1, -1], [5514, 1, 13158], [5514, 1, 13360], [5514, -1, -1], [5515, 1, 12622], [5515, 1, 12656], [5515, 1, 12852], [5515, -1, -1], [5516, -1, -1], [5517, -1, -1], [5518, 1, 10906], [5518, 1, 10945], [5518, 1, 11136], [5518, 1, 11241], [5518, -1, -1], [5519, 1, 11915], [5519, 1, 12114], [5519, 1, 12363], [5519, -1, -1], [5520, -1, -1], [5521, 1, 13173], [5521, 1, 13371], [5521, -1, -1]]"
1752927217.4348,-3.999949337914586,12805.821278349777,12805.821362088502,12816.461745361597,15865.460891638904,"[[5522, -1, -1], [5523, -1, -1], [5524, -1, -1], [5525, 1, 11714], [5525, 1, 11749], [5525, 1, 11945], [5525, -1, -1], [5526, -1, -1], [5527, 1, 10317], [5527, -1, -1], [5528, -1, -1], [5529, 1, 12285], [5529, 1, 12472], [5529, -1, -1], [5530, 1, 9802], [5530, 1, 10005], [5530, 1, 11687], [5530, 1, 11887], [5530, 1, 12079], [5530, -1, -1], [5531, -1, -1], [5532, -1, -1]]"
1752927217.5438,-1.9999493379156945,12805.821144471036,12805.821362088502,12816.461753384277,15865.460891638904,"[[5533, 1, 10548], [5533, 1, 10747], [5533, -1, -1], [5534, -1, -1], [5535, -1, -1], [5536, -1, -1], [5537, -1, -1], [5538, 1, 10749], [5538, 1, 10784], [5538, 1, 10979], [5538, -1, -1], [5539, 1, 10273], [5539, 1, 10473], [5539, 1, 10756], [5539, 1, 10946], [5539, -1, -1], [5540, 1, 10765], [5540, -1, -1], [5541, 1, 10749], [5541, 1, 10779], [5541, 1, 10979], [5541, -1, -1], [5542, 1, 10299], [5542, 1, 10498], [5542, 1, 11060], [5542, 1, 11260], [5542, -1, -1], [5543, 1, 10181], [5543, 1, 10372], [5543, -1, -1]]"
1752927217.6528,5.0619244575458855e-05,12805.821144471036,12805.821376583111,12816.461753384277,15865.460891638904,"[[5544, 1, 10700], [5544, 1, 10899], [5544, 1, 11164], [5544, -1, -1], [5545, 1, 11689], [5545, 1, 11888], [5545, -1, -1], [5546, 1, 10263], [5546, 1, 10466], [5546, -1, -1], [5547, 1, 11313], [5547, 1, 11501], [5547, 1, 11666], [5547, -1, -1], [5548, -1, -1], [5549, -1, -1], [5550, 1, 10090], [5550, 1, 10289], [5550, 1, 10688], [5550, 1, 12089], [5550, -1, -1], [5551, 1, 11235], [5551, 1, 11419], [5551, -1, -1], [5552, 1, 9424], [5552, 1, 9628], [5552, 1, 10230], [5552, 1, 10415], [5552, 1, 12677], [5552, 1, 12860], [5552, -1, -1], [5553, -1, -1], [5554, 1, 11511], [5554, 1, 11696], [5554, -1, -1]]"
1752927217.7658,2.0000504814088345,12805.821148541381,12805.821376583111,12816.461746622164,15865.460891638904,"[[5555, -1, -1], [5556, 1, 12724], [5556, 1, 12927], [5556, -1, -1], [5557, 1, 9841], [5557, 1, 9948], [5557, 1, 10026], [5557, 1, 10132], [5557, 1, 11077], [5557, 1, 11280], [5557, 1, 11439], [5557, 1, 11873], [5557, 1, 12058], [5557, -1, -1], [5558, -1, -1], [5559, -1, -1], [5560, 1, 10580], [5560, 1, 10784], [5560, -1, -1], [5561, 1, 10882], [5561, 1, 11085], [5561, 1, 11154], [5561, 1, 12077], [5561, 1, 12280], [5561, -1, -1], [5562, 1, 9746], [5562, 1, 9949], [5562, 1, 10393], [5562, 1, 10577], [5562, -1, -1], [5563, 1, 11426], [5563, 1, 11610], [5563, 1, 11848], [5563, 1, 12033], [5563, -1, -1], [5564, 1, 9366], [5564, 1, 9551], [5564, 1, 11603], [5564, 1, 11788], [5564, 1, 12814], [5564, 1, 13022], [5564, -1, -1], [5565, 1, 10241], [5565, 1, 10429], [5565, 1, 11691], [5565, 1, 11890], [5565, 1, 12044], [5565, 1, 12247], [5565, -1, -1]]"
1752927217.8758,4.000050343573093,12805.821148541381,12805.821418360778,12816.461746622164,15865.460891638904,"[[5566, 1, 11262], [5566, 1, 11296], [5566, 1, 11492], [5566, -1, -1], [5567, 1, 10599], [5567, 1, 10785], [5567, 1, 10907], [5567, 1, 11106], [5567, -1, -1], [5568, -1, -1], [5569, 1, 11389], [5569, 1, 11573], [5569, 1, 12120], [5569, 1, 12329], [5569, 1, 13307], [5569, -1, -1], [5570, 1, 9480], [5570, 1, 9670], [5570, 1, 11123], [5570, 1, 11254], [5570, 1, 11331], [5570, 1, 11993], [5570, 1, 12200], [5570, 1, 12454], [5570, -1, -1], [5571, 1, 12254], [5571, 1, 12453], [5571, 1, 13524], [5571, -1, -1], [5572, -1, -1], [5573, 1, 10878], [5573, 1, 11076], [5573, 1, 11256], [5573, 1, 11289], [5573, 1, 11488], [5573, 1, 11709], [5573, -1, -1], [5574, 1, 12060], [5574, 1, 12258], [5574, 1, 12613], [5574, 1, 12802], [5574, -1, -1], [5575, 1, 10641], [5575, 1, 10840], [5575, -1, -1], [5576, 1, 10568], [5576, 1, 10602], [5576, 1, 10798], [5576, 1, 10932], [5576, -1, -1]]"
1752927217.9848,6.00005067139864,12805.821155181216,12805.821418360778,12816.461748784544,15865.460891638904,"[[5577, 1, 10544], [5577, 1, 10746], [5577, 1, 11538], [5577, 1, 11877], [5577, 1, 12085], [5577, 1, 12867], [5577, 1, 12920], [5577, 1, 13054], [5577, 1, 13122], [5577, 1, 13409], [5577, -1, -1], [5578, 1, 12124], [5578, 1, 12309], [5578, 1, 14353], [5578, -1, -1], [5579, 1, 10848], [5579, 1, 10882], [5579, 1, 11093], [5579, 1, 11145], [5579, 1, 11364], [5579, -1, -1], [5580, 1, 14404], [5580, 1, 14435], [5580, 1, 14635], [5580, -1, -1], [5581, -1, -1], [5582, 1, 9964], [5582, 1, 10167], [5582, 1, 10200], [5582, 1, 10400], [5582, 1, 10819], [5582, 1, 11003], [5582, 1, 11520], [5582, 1, 11693], [5582, 1, 11718], [5582, 1, 11906], [5582, -1, -1], [5583, 1, 9968], [5583, 1, 10167], [5583, 1, 10369], [5583, 1, 12382], [5583, 1, 12573], [5583, -1, -1], [5584, 1, 11772], [5584, 1, 11803], [5584, 1, 12008], [5584, -1, -1], [5585, 1, 10256], [5585, 1, 10442], [5585, 1, 10708], [5585, 1, 10912], [5585, 1, 11514], [5585, 1, 11703], [5585, -1, -1], [5586, -1, -1], [5587, 1, 9541], [5587, 1, 9726], [5587, 1, 9955], [5587, 1, 10128], [5587, 1, 10161], [5587, 1, 10276], [5587, 1, 10312], [5587, 1, 10350], [5587, 1, 10437], [5587, 1, 10509], [5587, 1, 10621], [5587, -1, -1]]"
1752927218.0948,8.000050999224186,12805.821155181216,12805.821417499508,12816.461748784544,15865.460891638904,"[[5588, -1, -1], [5589, 1, 13983], [5589, 1, 14168], [5589, -1, -1], [5590, 1, 9798], [5590, 1, 9866], [5590, 1, 9997], [5590, -1, -1], [5591, 1, 11324], [5591, 1, 11509], [5591, 1, 11943], [5591, 1, 11977], [5591, 1, 12173], [5591, 1, 12408], [5591, 1, 12498], [5591, -1, -1], [5592, -1, -1], [5593, 1, 11770], [5593, 1, 11962], [5593, -1, -1], [5594, -1, -1], [5595, 1, 9922], [5595, 1, 10108], [5595, -1, -1], [5596, -1, -1], [5597, -1, -1], [5598, 1, 11538], [5598, 1, 11737], [5598, 1, 12218], [5598, 1, 13340], [5598, 1, 13539], [5598, -1, -1]]"
1752927218.2093,10.000051327049732,12805.821258075915,12805.821417499508,12816.46175158649,15865.460891638904,"[[5599, 1, 11406], [5599, 1, 11605], [5599, 1, 12447], [5599, -1, -1], [5600, -1, -1], [5601, -1, -1], [5602, -1, -1], [5603, -1, -1], [5604, -1, -1], [5605, -1, -1], [5606, 1, 11257], [5606, 1, 11443], [5606, 1, 12473], [5606, 1, 12657], [5606, -1, -1], [5607, 1, 11325], [5607, 1, 11514], [5607, -1, -1], [5608, -1, -1], [5609, 1, 10808], [5609, 1, 11012], [5609, -1, -1]]"
1752927218.3198,12.000051654875278,12805.821273064485,12805.821424619831,12816.46175158649,15865.460891638904,"[[5611, 1, 10592], [5611, 1, 10777], [5611, 1, 11083], [5611, 1, 11122], [5611, 1, 11314], [5611, -1, -1], [5612, -1, -1], [5613, 1, 10364], [5613, 1, 10563], [5613, -1, -1], [5614, -1, -1], [5615, -1, -1], [5616, 1, 9998], [5616, 1, 10036], [5616, 1, 10228], [5616, 1, 10400], [5616, -1, -1], [5617, 1, 9897], [5617, 1, 9938], [5617, 1, 10128], [5617, -1, -1], [5618, -1, -1], [5619, -1, -1], [5620, 1, 10621], [5620, 1, 10808], [5620, -1, -1], [5621, 1, 10944], [5621, 1, 11143], [5621, 1, 11358], [5621, 1, 12086], [5621, -1, -1]]"
1752927218.4288,14.00005105137825,12805.821273064485,12805.821424619831,12816.461741990146,15865.460891638904,"[[5622, 1, 10849], [5622, 1, 11048], [5622, 1, 13115], [5622, 1, 13323], [5622, 1, 15269], [5622, 1, 15303], [5622, 1, 15498], [5622, -1, -1], [5623, -1, -1], [5624, -1, -1], [5625, -1, -1], [5626, -1, -1], [5627, -1, -1], [5628, -1, -1], [5629, 1, 12285], [5629, 1, 12473], [5629, 1, 13014], [5629, -1, -1], [5630, -1, -1], [5631, -1, -1], [5632, -1, -1]]"
1752927218.5384,16.000051379203796,12805.821209184309,12805.821413710304,12816.461741990146,15865.460891638904,"[[5633, -1, -1], [5634, -1, -1], [5635, -1, -1], [5636, -1, -1], [5637, -1, -1], [5638, -1, -1], [5639, -1, -1], [5640, -1, -1], [5641, -1, -1], [5642, -1, -1]]"
1752927218.6483,18.000051707029343,12805.821209184309,12805.821413710304,12816.46174527765,15865.460891638904,"[[5644, -1, -1], [5645, -1, -1], [5646, -1, -1], [5647, 1, 11468], [5647, 1, 11653], [5647, -1, -1], [5648, -1, -1], [5649, -1, -1], [5650, -1, -1], [5651, -1, -1], [5652, -1, -1], [5653, -1, -1]]"
1752927218.7598,20.00005203485489,12805.821137167606,12805.821406133278,12816.46174527765,15865.460891638904,"[[5655, -1, -1], [5656, -1, -1], [5657, -1, -1], [5658, -1, -1], [5659, -1, -1], [5660, -1, -1], [5661, -1, -1], [5662, -1, -1], [5663, 1, 12222], [5663, 1, 12411], [5663, -1, -1], [5664, -1, -1], [5665, -1, -1]]"
1752927218.8708,22.000052362680435,12805.821137167606,12805.82139680996,12816.46175829911,15865.460891638904,"[[5666, -1, -1], [5667, -1, -1], [5668, -1, -1], [5669, -1, -1], [5670, -1, -1], [5671, -1, -1], [5672, -1, -1], [5673, -1, -1], [5674, 1, 11534], [5674, 1, 11720], [5674, -1, -1], [5675, -1, -1], [5676, -1, -1]]"
1752927218.9798,24.00005269050598,12805.821208114841,12805.82139680996,12816.46175829911,15865.460891638904,"[[5677, -1, -1], [5678, -1, -1], [5679, -1, -1], [5680, 1, 10242], [5680, 1, 10428], [5680, -1, -1], [5681, -1, -1], [5682, -1, -1], [5683, -1, -1], [5684, -1, -1], [5685, -1, -1], [5686, 1, 11429], [5686, 1, 11617], [5686, -1, -1], [5687, -1, -1]]"
1752927219.0898,26.000053018331528,12805.821208114841,12805.821408639626,12816.461741566887,15865.460891638904,"[[5688, -1, -1], [5689, -1, -1], [5690, -1, -1], [5691, -1, -1], [5692, -1, -1], [5693, -1, -1], [5694, -1, -1], [5695, -1, -1], [5696, -1, -1], [5697, -1, -1], [5698, -1, -1]]"
1752927219.2008,28.000053346157074,12805.8212561079,12805.821408639626,12816.461741566887,15865.460891638904,"[[5699, -1, -1], [5700, -1, -1], [5701, -1, -1], [5702, -1, -1], [5703, -1, -1], [5704, -1, -1], [5705, -1, -1], [5706, -1, -1], [5707, -1, -1], [5708, -1, -1], [5709, -1, -1]]"
1752927219.3108,30.00005367398262,12805.8212561079,12805.821417628846,12816.461748842254,15865.460891638904,"[[5710, -1, -1], [5711, -1, -1], [5712, -1, -1], [5713, -1, -1], [5714, -1, -1], [5715, -1, -1], [5716, -1, -1], [5717, -1, -1], [5718, -1, -1], [5719, -1, -1], [5720, -1, -1]]"
1752927219.4208,32.00005400180817,12805.821271037987,12805.821417628846,12816.461748842254,15865.460891638904,"[[5721, -1, -1], [5722, -1, -1], [5723, -1, -1], [5724, -1, -1], [5725, -1, -1], [5726, -1, -1], [5727, -1, -1], [5728, -1, -1], [5729, -1, -1], [5730, -1, -1], [5731, -1, -1]]"
1752927219.5308,34.00005432963371,12805.821271037987,12805.821420388223,12816.461749585385,15865.460891638904,"[[5732, -1, -1], [5733, -1, -1], [5734, -1, -1], [5735, -1, -1], [5736, -1, -1], [5737, -1, -1], [5738, -1, -1], [5739, -1, -1], [5740, -1, -1], [5741, -1, -1], [5742, -1, -1]]"
1752927219.6428,36.00005465745926,12805.821240642123,12805.821420388223,12816.461743611077,15865.460891638904,"[[5743, -1, -1], [5744, -1, -1], [5745, -1, -1], [5746, -1, -1], [5747, -1, -1], [5748, -1, -1], [5749, -1, -1], [5750, -1, -1], [5751, -1, -1], [5752, -1, -1], [5753, -1, -1]]"
1752927219.7539,38.000054985284805,12805.821240642123,12805.821425926379,12816.461743611077,15865.460891638904,"[[5754, -1, -1], [5755, -1, -1], [5756, -1, -1], [5757, 1, 10294], [5757, 1, 10340], [5757, 1, 10525], [5757, 1, 10670], [5757, -1, -1], [5758, -1, -1], [5759, -1, -1], [5760, -1, -1], [5761, -1, -1], [5762, -1, -1], [5763, -1, -1], [5764, -1, -1]]"
1752927219.8649,40.00005531311035,12805.821231314892,12805.821425926379,12816.461746760619,15865.460891638904,"[[5765, -1, -1], [5766, -1, -1], [5767, -1, -1], [5768, -1, -1], [5769, -1, -1], [5770, -1, -1], [5771, -1, -1], [5772, -1, -1], [5773, -1, -1], [5774, -1, -1], [5775, -1, -1]]"
1752927219.9744,42.0000556409359,12805.821231314892,12805.821427623468,12816.461746760619,15865.460891638904,"[[5776, -1, -1], [5777, -1, -1], [5778, -1, -1], [5779, -1, -1], [5780, -1, -1], [5781, 1, 10670], [5781, 1, 10868], [5781, 1, 11130], [5781, -1, -1], [5782, -1, -1], [5783, -1, -1], [5784, -1, -1], [5785, -1, -1], [5786, -1, -1]]"
1752927220.0858,44.000055968761444,12805.821175016114,12805.821427623468,12816.461747903666,15865.460891638904,"[[5787, -1, -1], [5788, -1, -1], [5789, -1, -1], [5790, -1, -1], [5791, -1, -1], [5792, -1, -1], [5793, -1, -1], [5794, -1, -1], [5795, -1, -1], [5796, -1, -1], [5797, -1, -1]]"
1752927220.1969,46.00005629658699,12805.821175016114,12805.821433627787,12816.461747903666,15865.460891638904,"[[5798, -1, -1], [5799, -1, -1], [5800, -1, -1], [5801, -1, -1], [5802, -1, -1], [5803, -1, -1], [5804, -1, -1], [5805, -1, -1], [5806, -1, -1], [5807, -1, -1], [5808, -1, -1]]"
1752927220.3078,48.00005662441254,12805.8212527689,12805.821433627787,12816.4617505349,15865.460891638904,"[[5809, -1, -1], [5810, -1, -1], [5811, -1, -1], [5812, -1, -1], [5813, -1, -1], [5814, -1, -1], [5815, -1, -1], [5816, -1, -1], [5817, -1, -1], [5818, -1, -1], [5819, -1, -1]]"
1752927220.4178,50.00005695223808,12805.8212527689,12805.821419860105,12816.4617505349,15865.460891638904,"[[5820, -1, -1], [5821, -1, -1], [5822, -1, -1], [5823, -1, -1], [5824, -1, -1], [5825, -1, -1], [5826, -1, -1], [5827, -1, -1], [5828, -1, -1], [5829, -1, -1], [5830, -1, -1]]"
1752927220.5298,52.00005728006363,12805.821235944175,12805.821419860105,12816.461751798202,15865.460891638904,"[[5831, -1, -1], [5832, -1, -1], [5833, -1, -1], [5834, -1, -1], [5835, -1, -1], [5836, -1, -1], [5837, -1, -1], [5838, -1, -1], [5839, -1, -1], [5840, -1, -1], [5841, -1, -1], [5842, -1, -1]]"
1752927220.6408,54.000057607889175,12805.821235944175,12805.821436216998,12816.461751798202,15865.460891638904,"[[5843, -1, -1], [5844, -1, -1], [5845, -1, -1], [5846, -1, -1], [5847, -1, -1], [5848, -1, -1], [5849, -1, -1], [5850, -1, -1], [5851, -1, -1], [5852, -1, -1], [5853, -1, -1]]"
1752927220.7498,56.00005793571472,12805.821266806699,12805.821436216998,12816.461749053879,15865.460891638904,"[[5854, -1, -1], [5855, -1, -1], [5856, -1, -1], [5857, -1, -1], [5858, -1, -1], [5859, -1, -1], [5860, -1, -1], [5861, -1, -1], [5862, -1, -1], [5863, -1, -1], [5864, -1, -1]]"
1752927220.8608,58.00005826354027,12805.821266806699,12805.821434748106,12816.461749053879,15865.460891638904,"[[5865, -1, -1], [5866, -1, -1], [5867, -1, -1], [5868, -1, -1], [5869, -1, -1], [5870, -1, -1], [5871, -1, -1], [5872, -1, -1], [5873, -1, -1], [5874, -1, -1], [5875, -1, -1]]"
1752927220.9738,60.000058591365814,12805.821147148657,12805.821434748106,12816.461746924047,15865.460891638904,"[[5876, -1, -1], [5877, -1, -1], [5878, -1, -1], [5879, -1, -1], [5880, -1, -1], [5881, -1, -1], [5882, -1, -1], [5883, -1, -1], [5884, -1, -1], [5885, -1, -1], [5886, -1, -1]]"
1752927221.0838,62.00005519390106,12805.821129945623,12805.82143902416,12816.461746924047,15865.460891638904,"[[5887, -1, -1], [5888, -1, -1], [5889, -1, -1], [5890, -1, -1], [5891, -1, -1], [5892, -1, -1], [5893, -1, -1], [5894, -1, -1], [5895, -1, -1], [5896, -1, -1], [5897, -1, -1]]"
1752927221.1938,64.00005179643631,12805.821129945623,12805.82143902416,12816.461749480197,15865.460891638904,"[[5898, -1, -1], [5899, -1, -1], [5900, -1, -1], [5901, -1, -1], [5902, -1, -1], [5903, -1, -1], [5904, -1, -1], [5905, -1, -1], [5906, -1, -1], [5907, -1, -1], [5908, -1, -1]]"
1752927221.3028,66.00004839897156,12805.821164912828,12805.821400873147,12816.461749480197,15865.460891638904,"[[5909, -1, -1], [5910, -1, -1], [5911, -1, -1], [5912, -1, -1], [5913, -1, -1], [5914, -1, -1], [5915, -1, -1], [5916, -1, -1], [5917, -1, -1], [5918, -1, -1], [5919, -1, -1]]"
1752927221.4138,68.0000450015068,12805.821164912828,12805.821400873147,12816.461748146281,15865.460891638904,"[[5920, -1, -1], [5921, -1, -1], [5922, -1, -1], [5923, -1, -1], [5924, -1, -1], [5925, -1, -1], [5926, -1, -1], [5927, -1, -1], [5928, -1, -1], [5929, -1, -1], [5930, -1, -1]]"
1752927221.5258,70.00004160404205,12805.82120745796,12805.82140313201,12816.461748146281,15865.460891638904,"[[5931, -1, -1], [5932, -1, -1], [5933, -1, -1], [5934, -1, -1], [5935, -1, -1], [5936, 1, 11822], [5936, 1, 12025], [5936, -1, -1], [5937, -1, -1], [5938, -1, -1], [5939, -1, -1], [5940, -1, -1], [5941, -1, -1]]"
1752927221.6358,72.0000382065773,12805.82120745796,12805.82139920272,12816.46175021424,15865.460891638904,"[[5942, -1, -1], [5943, -1, -1], [5944, -1, -1], [5945, -1, -1], [5946, -1, -1], [5947, -1, -1], [5948, -1, -1], [5949, -1, -1], [5950, -1, -1], [5951, -1, -1], [5952, -1, -1]]"
1752927221.7478,74.00003480911255,12805.821254749468,12805.82139920272,12816.46175021424,15865.460891638904,"[[5953, -1, -1], [5954, -1, -1], [5955, -1, -1], [5956, -1, -1], [5957, -1, -1], [5958, -1, -1], [5959, -1, -1], [5960, -1, -1], [5961, -1, -1], [5962, -1, -1], [5963, -1, -1]]"
1752927221.8578,76.0000314116478,12805.821254749468,12805.821408912236,12816.461740689952,15865.460891638904,"[[5964, 1, 10440], [5964, 1, 10639], [5964, -1, -1], [5965, -1, -1], [5966, -1, -1], [5967, -1, -1], [5968, -1, -1], [5969, -1, -1], [5970, -1, -1], [5971, -1, -1], [5972, -1, -1], [5973, -1, -1], [5974, -1, -1]]"
1752927221.9678,78.00002801418304,12805.821143582194,12805.821408912236,12816.461740689952,15865.460891638904,"[[5975, -1, -1], [5976, -1, -1], [5977, -1, -1], [5978, -1, -1], [5979, -1, -1], [5980, -1, -1], [5981, -1, -1], [5982, -1, -1], [5983, -1, -1], [5984, -1, -1], [5985, -1, -1]]"
1752927222.0778,80.00002461671829,12805.821143582194,12805.821412495563,12816.461752618081,15865.460891638904,"[[5986, -1, -1], [5987, -1, -1], [5988, -1, -1], [5989, -1, -1], [5990, -1, -1], [5991, -1, -1], [5992, -1, -1], [5993, -1, -1], [5994, -1, -1], [5995, -1, -1], [5996, -1, -1]]"
1752927222.1868,82.00002121925354,12805.821131331764,12805.821412495563,12816.461752618081,15865.460891638904,"[[5997, -1, -1], [5998, -1, -1], [5999, -1, -1], [6000, -1, -1], [6001, -1, -1], [6002, -1, -1], [6003, 1, 11241], [6003, 1, 11440], [6003, -1, -1], [6004, -1, -1], [6005, -1, -1], [6006, -1, -1], [6007, -1, -1]]"
1752927222.2958,84.00001782178879,12805.821131331764,12805.82141713092,12816.461753267797,15865.460891638904,"[[6008, -1, -1], [6009, -1, -1], [6010, -1, -1], [6011, -1, -1], [6012, -1, -1], [6013, -1, -1], [6014, -1, -1], [6015, -1, -1], [6016, -1, -1], [6017, -1, -1], [6018, -1, -1]]"
1752927222.4083,86.00001442432404,12805.82111884848,12805.82141713092,12816.461753267797,15865.460891638904,"[[6019, -1, -1], [6020, -1, -1], [6021, -1, -1], [6022, -1, -1], [6023, -1, -1], [6024, -1, -1], [6025, -1, -1], [6026, -1, -1], [6027, -1, -1], [6028, -1, -1], [6029, -1, -1]]"
1752927222.5193,88.00001102685928,12805.82111884848,12805.821405822722,12816.461749326452,15865.460891638904,"[[6031, -1, -1], [6032, -1, -1], [6033, -1, -1], [6034, -1, -1], [6035, -1, -1], [6036, -1, -1], [6037, -1, -1], [6038, -1, -1], [6039, -1, -1], [6040, -1, -1]]"
1752927222.6293,90.00000762939453,12805.82115742521,12805.821405822722,12816.461752598281,15865.460891638904,"[[6042, -1, -1], [6043, -1, -1], [6044, -1, -1], [6045, -1, -1], [6046, -1, -1], [6047, -1, -1], [6048, -1, -1], [6049, -1, -1], [6050, -1, -1], [6051, -1, -1]]"
1752927222.7398,92.00000423192978,12805.82115742521,12805.821390073934,12816.461752598281,15865.460891638904,"[[6053, -1, -1], [6054, -1, -1], [6055, -1, -1], [6056, -1, -1], [6057, -1, -1], [6058, -1, -1], [6059, -1, -1], [6060, -1, -1], [6061, -1, -1], [6062, -1, -1], [6063, -1, -1]]"
1752927222.8498,94.00000083446503,12805.821189878612,12805.821390073934,12816.46175525594,15865.460891638904,"[[6064, -1, -1], [6065, -1, -1], [6066, -1, -1], [6067, -1, -1], [6068, -1, -1], [6069, -1, -1], [6070, -1, -1], [6071, -1, -1], [6072, -1, -1], [6073, -1, -1], [6074, -1, -1]]"
1752927222.9598,95.99999743700027,12805.821189878612,12805.821401099149,12816.46175525594,15865.460891638904,"[[6075, -1, -1], [6076, -1, -1], [6077, -1, -1], [6078, -1, -1], [6079, -1, -1], [6080, -1, -1], [6081, -1, -1], [6082, -1, -1], [6083, -1, -1], [6084, -1, -1], [6085, -1, -1]]"
1752927223.0688,97.99999403953552,12805.821163308623,12805.821401099149,12816.461757313247,15865.460891638904,"[[6086, -1, -1], [6087, -1, -1], [6088, -1, -1], [6089, -1, -1], [6090, -1, -1], [6091, -1, -1], [6092, -1, -1], [6093, -1, -1], [6094, -1, -1], [6095, -1, -1], [6096, -1, -1]]"
1752927223.1784,99.99999064207077,12805.821163308623,12805.821400793833,12816.461757313247,15865.460891638904,"[[6097, -1, -1], [6098, -1, -1], [6099, -1, -1], [6100, -1, -1], [6101, -1, -1], [6102, -1, -1], [6103, -1, -1], [6104, -1, -1], [6105, -1, -1], [6106, -1, -1]]"
1752927223.2883,101.99998724460602,12805.821075991327,12805.821400793833,12816.461753296726,15865.460891638904,"[[6108, -1, -1], [6109, -1, -1], [6110, -1, -1], [6111, -1, -1], [6112, -1, -1], [6113, -1, -1], [6114, -1, -1], [6115, -1, -1], [6116, -1, -1], [6117, -1, -1]]"
1752927223.3993,103.99998384714127,12805.821075991327,12805.821399756373,12816.461753296726,15865.460891638904,"[[6119, -1, -1], [6120, -1, -1], [6121, -1, -1], [6122, -1, -1], [6123, -1, -1], [6124, -1, -1], [6125, -1, -1], [6126, -1, -1], [6127, -1, -1], [6128, -1, -1]]"
1752927223.5083,105.99998044967651,12805.82111802811,12805.821399756373,12816.46174935705,15865.460891638904,"[[6130, -1, -1], [6131, -1, -1], [6132, -1, -1], [6133, -1, -1], [6134, -1, -1], [6135, -1, -1], [6136, -1, -1], [6137, -1, -1], [6138, -1, -1], [6139, -1, -1]]"
1752927223.6188,107.99997705221176,12805.821129996682,12805.821399756373,12816.46174935705,15865.460891638904,"[[6141, -1, -1], [6142, -1, -1], [6143, -1, -1], [6144, -1, -1], [6145, -1, -1], [6146, -1, -1], [6147, -1, -1], [6148, -1, -1], [6149, -1, -1], [6150, -1, -1], [6151, -1, -1]]"
1752927223.7283,109.99997365474701,12805.821129996682,12805.821399756373,12816.461754479786,15865.460891638904,"[[6152, -1, -1], [6153, -1, -1], [6154, -1, -1], [6155, -1, -1], [6156, -1, -1], [6157, -1, -1], [6158, 1, 10891], [6158, 1, 11094], [6158, -1, -1], [6159, -1, -1], [6160, -1, -1], [6161, -1, -1]]"
1752927223.8383,111.99997025728226,12805.821129996682,12805.821410750676,12816.461754479786,15865.460891638904,"[[6163, -1, -1], [6164, -1, -1], [6165, -1, -1], [6166, 1, 11064], [6166, 1, 11252], [6166, -1, -1], [6167, -1, -1], [6168, -1, -1], [6169, -1, -1], [6170, -1, -1], [6171, -1, -1], [6172, -1, -1]]"
1752927223.9493,113.9999668598175,12805.821189767685,12805.821407077055,12816.461747641264,15865.460891638904,"[[6174, -1, -1], [6175, -1, -1], [6176, -1, -1], [6177, -1, -1], [6178, -1, -1], [6179, -1, -1], [6180, -1, -1], [6181, -1, -1], [6182, -1, -1], [6183, -1, -1]]"
1752927224.0583,115.99996346235275,12805.82112485039,12805.821407077055,12816.461747641264,15865.460891638904,"[[6185, -1, -1], [6186, -1, -1], [6187, 1, 11847], [6187, 1, 12037], [6187, -1, -1], [6188, -1, -1], [6189, -1, -1], [6190, -1, -1], [6191, -1, -1], [6192, -1, -1], [6193, -1, -1], [6194, -1, -1]]"
1752927224.1678,117.999960064888,12805.82112485039,12805.821398071645,12816.461744921804,15865.460891638904,"[[6196, -1, -1], [6197, -1, -1], [6198, -1, -1], [6199, -1, -1], [6200, -1, -1], [6201, -1, -1], [6202, -1, -1], [6203, -1, -1], [6204, -1, -1], [6205, -1, -1]]"
1752927224.2779,119.99995666742325,12805.821059770225,12805.821398071645,12816.461744921804,15865.460891638904,"[[6206, -1, -1], [6207, -1, -1], [6208, -1, -1], [6209, -1, -1], [6210, -1, -1], [6211, -1, -1], [6212, -1, -1], [6213, -1, -1], [6214, -1, -1], [6215, -1, -1], [6216, -1, -1]]"
1752927224.3899,121.9999532699585,12805.821059770225,12805.82138712152,12816.46174906507,15865.460891638904,"[[6217, -1, -1], [6218, -1, -1], [6219, -1, -1], [6220, -1, -1], [6221, -1, -1], [6222, -1, -1], [6223, -1, -1], [6224, -1, -1], [6225, -1, -1], [6226, -1, -1], [6227, -1, -1], [6228, -1, -1]]"
1752927224.4998,123.99995732307434,12805.821052512301,12805.82138712152,12816.46174906507,15865.460891638904,"[[6229, -1, -1], [6230, -1, -1], [6231, -1, -1], [6232, -1, -1], [6233, -1, -1], [6234, -1, -1], [6235, -1, -1], [6236, -1, -1], [6237, -1, -1], [6238, -1, -1], [6239, -1, -1]]"
1752927224.6098,125.99996137619019,12805.821052512301,12805.821387080809,12816.461752566878,15865.460891638904,"[[6240, -1, -1], [6241, -1, -1], [6242, -1, -1], [6243, -1, -1], [6244, -1, -1], [6245, -1, -1], [6246, -1, -1], [6247, -1, -1], [6248, -1, -1], [6249, -1, -1], [6250, -1, -1]]"
1752927224.7208,127.99996542930603,12805.821082689632,12805.821387080809,12816.461752566878,15865.460891638904,"[[6251, -1, -1], [6252, -1, -1], [6253, -1, -1], [6254, -1, -1], [6255, -1, -1], [6256, -1, -1], [6257, -1, -1], [6258, -1, -1], [6259, -1, -1], [6260, -1, -1], [6261, -1, -1]]"
1752927224.8308,129.99996948242188,12805.821082689632,12805.821408979855,12816.461746746052,15865.460891638904,"[[6262, -1, -1], [6263, -1, -1], [6264, -1, -1], [6265, -1, -1], [6266, -1, -1], [6267, -1, -1], [6268, -1, -1], [6269, -1, -1], [6270, -1, -1], [6271, -1, -1], [6272, -1, -1]]"
1752927224.9409,131.99997353553772,12805.82118126588,12805.821408979855,12816.461746746052,15865.460891638904,"[[6273, -1, -1], [6274, -1, -1], [6275, -1, -1], [6276, -1, -1], [6277, -1, -1], [6278, -1, -1], [6279, -1, -1], [6280, -1, -1], [6281, -1, -1], [6282, -1, -1], [6283, -1, -1]]"
1752927225.0498,133.99997758865356,12805.82118126588,12805.8213870891,12816.461758664058,15865.460891638904,"[[6284, -1, -1], [6285, -1, -1], [6286, -1, -1], [6287, -1, -1], [6288, -1, -1], [6289, -1, -1], [6290, -1, -1], [6291, -1, -1], [6292, -1, -1], [6293, -1, -1], [6294, -1, -1]]"
1752927225.1608,135.9999816417694,12805.821203304382,12805.8213870891,12816.461758664058,15865.460891638904,"[[6295, -1, -1], [6296, -1, -1], [6297, -1, -1], [6298, -1, -1], [6299, -1, -1], [6300, -1, -1], [6301, -1, -1], [6302, -1, -1], [6303, -1, -1], [6304, -1, -1], [6305, -1, -1]]"
1752927225.2699,137.99998569488525,12805.821203304382,12805.821374779895,12816.461748308093,15865.460891638904,"[[6306, -1, -1], [6307, -1, -1], [6308, -1, -1], [6309, -1, -1], [6310, -1, -1], [6311, -1, -1], [6312, -1, -1], [6313, -1, -1], [6314, -1, -1], [6315, -1, -1], [6316, -1, -1]]"
1752927225.3788,139.9999897480011,12805.821042543042,12805.821374779895,12816.461748308093,15865.460891638904,"[[6317, -1, -1], [6318, -1, -1], [6319, -1, -1], [6320, -1, -1], [6321, -1, -1], [6322, -1, -1], [6323, -1, -1], [6324, -1, -1], [6325, -1, -1], [6326, -1, -1], [6327, -1, -1]]"
1752927225.4898,141.99999380111694,12805.821042543042,12805.821380480449,12816.461758317972,15865.460891638904,"[[6328, -1, -1], [6329, -1, -1], [6330, -1, -1], [6331, -1, -1], [6332, -1, -1], [6333, -1, -1], [6334, -1, -1], [6335, -1, -1], [6336, -1, -1], [6337, -1, -1], [6338, -1, -1]]"
1752927225.5998,143.9999978542328,12805.820978619902,12805.821380480449,12816.461750627292,15865.460891638904,"[[6339, -1, -1], [6340, -1, -1], [6341, -1, -1], [6342, -1, -1], [6343, -1, -1], [6344, -1, -1], [6345, -1, -1], [6346, -1, -1], [6347, -1, -1], [6348, -1, -1], [6349, -1, -1]]"
1752927225.7098,146.00000190734863,12805.820978619902,12805.821388934693,12816.461750627292,15865.460891638904,"[[6350, -1, -1], [6351, -1, -1], [6352, -1, -1], [6353, -1, -1], [6354, -1, -1], [6355, -1, -1], [6356, -1, -1], [6357, -1, -1], [6358, -1, -1], [6359, -1, -1], [6360, -1, -1]]"
1752927225.8188,148.00000596046448,12805.821010523732,12805.821388934693,12816.461752588822,15865.460891638904,"[[6361, -1, -1], [6362, -1, -1], [6363, -1, -1], [6364, -1, -1], [6365, -1, -1], [6366, -1, -1], [6367, -1, -1], [6368, -1, -1], [6369, -1, -1], [6370, -1, -1], [6371, -1, -1]]"
1752927225.9298,150.00001001358032,12805.821010523732,12805.821392544593,12816.461752588822,15865.460891638904,"[[6372, -1, -1], [6373, -1, -1], [6374, -1, -1], [6375, -1, -1], [6376, -1, -1], [6377, -1, -1], [6378, -1, -1], [6379, -1, -1], [6380, -1, -1], [6381, -1, -1], [6382, -1, -1]]"
1752927226.0398,152.00001406669617,12805.821246602522,12805.821392544593,12816.461750243592,15865.460891638904,"[[6383, -1, -1], [6384, -1, -1], [6385, -1, -1], [6386, -1, -1], [6387, -1, -1], [6388, -1, -1], [6389, -1, -1], [6390, -1, -1], [6391, -1, -1], [6392, -1, -1], [6393, -1, -1]]"
1752927226.1498,154.000018119812,12805.821246602522,12805.82139098938,12816.461750243592,15865.460891638904,"[[6394, -1, -1], [6395, -1, -1], [6396, -1, -1], [6397, -1, -1], [6398, -1, -1], [6399, -1, -1], [6400, -1, -1], [6401, -1, -1], [6402, -1, -1], [6403, -1, -1], [6404, -1, -1]]"
1752927226.2598,156.00002217292786,12805.821142705865,12805.82139098938,12816.461744253902,15865.460891638904,"[[6405, -1, -1], [6406, -1, -1], [6407, -1, -1], [6408, -1, -1], [6409, -1, -1], [6410, -1, -1], [6411, -1, -1], [6412, -1, -1], [6413, -1, -1], [6414, -1, -1], [6415, -1, -1]]"
1752927226.3698,158.0000262260437,12805.821142705865,12805.82139130842,12816.461744253902,15865.460891638904,"[[6416, -1, -1], [6417, -1, -1], [6418, -1, -1], [6419, -1, -1], [6420, -1, -1], [6421, -1, -1], [6422, -1, -1], [6423, -1, -1], [6424, -1, -1], [6425, -1, -1], [6426, -1, -1]]"
1752927226.4819,160.00003027915955,12805.821071379669,12805.82139130842,12816.461745835033,15865.460891638904,"[[6427, -1, -1], [6428, -1, -1], [6429, -1, -1], [6430, -1, -1], [6431, -1, -1], [6432, -1, -1], [6433, -1, -1], [6434, -1, -1], [6435, -1, -1], [6436, -1, -1], [6437, -1, -1]]"
1752927226.5928,162.0000343322754,12805.821071379669,12805.821370831545,12816.461745835033,15865.460891638904,"[[6438, -1, -1], [6439, -1, -1], [6440, -1, -1], [6441, -1, -1], [6442, -1, -1], [6443, -1, -1], [6444, -1, -1], [6445, -1, -1], [6446, -1, -1], [6447, -1, -1], [6448, -1, -1]]"
1752927226.7038,164.00003838539124,12805.820961379442,12805.821370831545,12816.46175574965,15865.460891638904,"[[6449, -1, -1], [6450, -1, -1], [6451, -1, -1], [6452, -1, -1], [6453, -1, -1], [6454, -1, -1], [6455, -1, -1], [6456, -1, -1], [6457, -1, -1], [6458, -1, -1], [6459, -1, -1]]"
1752927226.8148,166.00004243850708,12805.821004538493,12805.82135590515,12816.46175574965,15865.460891638904,"[[6460, -1, -1], [6461, -1, -1], [6462, -1, -1], [6463, -1, -1], [6464, -1, -1], [6465, -1, -1], [6466, -1, -1], [6467, -1, -1], [6468, -1, -1], [6469, -1, -1], [6470, -1, -1]]"
1752927226.9249,168.00004649162292,12805.821004538493,12805.82135590515,12816.461747433961,15865.460891638904,"[[6471, -1, -1], [6472, -1, -1], [6473, -1, -1], [6474, -1, -1], [6475, -1, -1], [6476, -1, -1], [6477, -1, -1], [6478, -1, -1], [6479, -1, -1], [6480, -1, -1], [6481, -1, -1]]"
1752927227.0348,170.00005054473877,12805.821073571213,12805.821365583563,12816.461747433961,15865.460891638904,"[[6482, -1, -1], [6483, -1, -1], [6484, -1, -1], [6485, -1, -1], [6486, -1, -1], [6487, -1, -1], [6488, -1, -1], [6489, -1, -1], [6490, -1, -1], [6491, -1, -1], [6492, -1, -1]]"
1752927227.1439,172.00005459785461,12805.821073571213,12805.821385285579,12816.46174312452,15865.460891638904,"[[6493, -1, -1], [6494, -1, -1], [6495, -1, -1], [6496, -1, -1], [6497, -1, -1], [6498, -1, -1], [6499, -1, -1], [6500, -1, -1], [6501, -1, -1], [6502, -1, -1], [6503, -1, -1]]"
1752927227.2538,174.00005865097046,12805.821177704514,12805.821385285579,12816.46174312452,15865.460891638904,"[[6504, -1, -1], [6505, -1, -1], [6506, -1, -1], [6507, -1, -1], [6508, -1, -1], [6509, -1, -1], [6510, -1, -1], [6511, -1, -1], [6512, -1, -1], [6513, -1, -1], [6514, -1, -1]]"
1752927227.3649,176.0000627040863,12805.821177704514,12805.82138288695,12816.461746822468,15865.460891638904,"[[6515, -1, -1], [6516, -1, -1], [6517, -1, -1], [6518, -1, -1], [6519, -1, -1], [6520, -1, -1], [6521, -1, -1], [6522, -1, -1], [6523, -1, -1], [6524, -1, -1], [6525, -1, -1]]"
1752927227.4749,178.00006675720215,12805.82109918424,12805.82138288695,12816.461746822468,15865.460891638904,"[[6526, -1, -1], [6527, -1, -1], [6528, -1, -1], [6529, -1, -1], [6530, -1, -1], [6531, -1, -1], [6532, -1, -1], [6533, -1, -1], [6534, -1, -1], [6535, -1, -1], [6536, -1, -1]]"
1752927227.5848,180.000070810318,12805.82109918424,12805.82138087494,12816.461745033874,15865.460891638904,"[[6537, -1, -1], [6538, -1, -1], [6539, -1, -1], [6540, -1, -1], [6541, -1, -1], [6542, -1, -1], [6543, -1, -1], [6544, -1, -1], [6545, -1, -1], [6546, -1, -1], [6547, -1, -1]]"
1752927227.6959,182.00007486343384,12805.821015046242,12805.82138087494,12816.461745033874,15865.460891638904,"[[6548, -1, -1], [6549, -1, -1], [6550, -1, -1], [6551, -1, -1], [6552, -1, -1], [6553, -1, -1], [6554, -1, -1], [6555, -1, -1], [6556, -1, -1], [6557, -1, -1], [6558, -1, -1]]"
1752927227.8079,184.00007891654968,12805.821015046242,12805.821387207023,12816.461750629049,15865.460891638904,"[[6559, -1, -1], [6560, -1, -1], [6561, -1, -1], [6562, -1, -1], [6563, -1, -1], [6564, -1, -1], [6565, -1, -1], [6566, -1, -1], [6567, -1, -1], [6568, -1, -1], [6569, -1, -1]]"
1752927227.9183,186.00008296966553,12805.821032139287,12805.821387207023,12816.461750629049,15865.460891638904,"[[6570, -1, -1], [6571, -1, -1], [6572, -1, -1], [6573, -1, -1], [6574, -1, -1], [6575, -1, -1], [6576, -1, -1], [6577, -1, -1], [6578, -1, -1], [6579, -1, -1], [6580, -1, -1]]"
1752927228.0283,188.00008702278137,12805.821032139287,12805.821383618113,12816.461746733215,15865.460891638904,"[[6582, -1, -1], [6583, -1, -1], [6584, -1, -1], [6585, -1, -1], [6586, -1, -1], [6587, -1, -1], [6588, -1, -1], [6589, -1, -1], [6590, -1, -1], [6591, -1, -1]]"
1752927228.1393,190.00009107589722,12805.821075199794,12805.821383618113,12816.461746733215,15865.460891638904,"[[6593, -1, -1], [6594, -1, -1], [6595, -1, -1], [6596, -1, -1], [6597, -1, -1], [6598, -1, -1], [6599, -1, -1], [6600, -1, -1], [6601, -1, -1], [6602, -1, -1]]"
1752927228.2509,192.00009512901306,12805.821075199794,12805.821384240182,12816.461751028732,15865.460891638904,"[[6604, -1, -1], [6605, -1, -1], [6606, -1, -1], [6607, -1, -1], [6608, -1, -1], [6609, -1, -1], [6610, -1, -1], [6611, -1, -1], [6612, -1, -1], [6613, -1, -1], [6614, -1, -1]]"
1752927228.3619,194.0000991821289,12805.82124538662,12805.821384240182,12816.461745381072,15865.460891638904,"[[6615, -1, -1], [6616, -1, -1], [6617, -1, -1], [6618, -1, -1], [6619, -1, -1], [6620, -1, -1], [6621, -1, -1], [6622, -1, -1], [6623, -1, -1], [6624, -1, -1], [6625, -1, -1]]"
1752927228.4738,196.00010323524475,12805.82124538662,12805.82138427114,12816.461745381072,15865.460891638904,"[[6626, -1, -1], [6627, -1, -1], [6628, -1, -1], [6629, -1, -1], [6630, -1, -1], [6631, -1, -1], [6632, -1, -1], [6633, -1, -1], [6634, -1, -1], [6635, -1, -1], [6636, -1, -1]]"
1752927228.5968,-202.00000298023224,12805.821142763314,12805.82138427114,12816.461739691094,15865.460891638904,"[[6638, -1, -1], [6639, -1, -1], [6640, -1, -1], [6641, -1, -1], [6642, -1, -1], [6643, -1, -1], [6644, -1, -1], [6645, -1, -1], [6646, -1, -1], [6647, -1, -1], [6648, -1, -1]]"
1752927228.7068,-199.9999989271164,12805.821142763314,12805.821385818504,12816.461739691094,15865.460891638904,"[[6649, -1, -1], [6650, -1, -1], [6651, -1, -1], [6652, -1, -1], [6653, -1, -1], [6654, -1, -1], [6655, -1, -1], [6656, -1, -1], [6657, -1, -1], [6658, -1, -1], [6659, -1, -1]]"
1752927228.8185,-197.99999487400055,12805.821000210954,12805.821385818504,12816.461750969314,15865.460891638904,"[[6660, -1, -1], [6661, -1, -1], [6662, -1, -1], [6663, -1, -1], [6664, -1, -1], [6665, -1, -1], [6666, -1, -1], [6667, -1, -1], [6668, -1, -1], [6669, -1, -1], [6670, -1, -1]]"
1752927228.9293,-195.9999908208847,12805.821000210954,12805.821367759032,12816.461750969314,15865.460891638904,"[[6671, -1, -1], [6672, -1, -1], [6673, -1, -1], [6674, -1, -1], [6675, -1, -1], [6676, -1, -1], [6677, -1, -1], [6678, -1, -1], [6679, -1, -1], [6680, -1, -1], [6681, -1, -1]]"
1752927229.0383,-193.99998676776886,12805.821095485891,12805.821367759032,12816.461748173791,15865.460891638904,"[[6683, -1, -1], [6684, -1, -1], [6685, -1, -1], [6686, -1, -1], [6687, -1, -1], [6688, -1, -1], [6689, -1, -1], [6690, -1, -1], [6691, -1, -1], [6692, -1, -1]]"
1752927229.1483,-191.99998271465302,12805.82114405274,12805.82137205387,12816.461748173791,15865.460891638904,"[[6694, -1, -1], [6695, -1, -1], [6696, -1, -1], [6697, -1, -1], [6698, -1, -1], [6699, -1, -1], [6700, -1, -1], [6701, -1, -1], [6702, -1, -1], [6703, -1, -1]]"
1752927229.2598,-189.99997866153717,12805.82114405274,12805.82137205387,12816.46174318431,15865.460891638904,"[[6705, -1, -1], [6706, -1, -1], [6707, -1, -1], [6708, -1, -1], [6709, -1, -1], [6710, -1, -1], [6711, -1, -1], [6712, -1, -1], [6713, -1, -1], [6714, -1, -1], [6715, -1, -1]]"
1752927229.3698,-187.99997460842133,12805.821193945121,12805.821375654941,12816.46174318431,15865.460891638904,"[[6716, -1, -1], [6717, -1, -1], [6718, -1, -1], [6719, -1, -1], [6720, -1, -1], [6721, -1, -1], [6722, -1, -1], [6723, -1, -1], [6724, -1, -1], [6725, -1, -1], [6726, -1, -1]]"
1752927229.4808,-185.99997055530548,12805.821193945121,12805.821419264304,12816.461740508368,15865.460891638904,"[[6727, -1, -1], [6728, -1, -1], [6729, -1, -1], [6730, -1, -1], [6731, -1, -1], [6732, -1, -1], [6733, -1, -1], [6734, -1, -1], [6735, -1, -1], [6736, -1, -1], [6737, -1, -1]]"
1752927229.5908,-183.99996650218964,12805.821196137951,12805.821419264304,12816.461740508368,15865.460891638904,"[[6738, -1, -1], [6739, -1, -1], [6740, -1, -1], [6741, -1, -1], [6742, -1, -1], [6743, -1, -1], [6744, -1, -1], [6745, -1, -1], [6746, -1, -1], [6747, -1, -1], [6748, -1, -1]]"
1752927229.7008,-181.9999624490738,12805.821196137951,12805.821427814128,12816.461740749912,15865.460891638904,"[[6749, -1, -1], [6750, -1, -1], [6751, -1, -1], [6752, -1, -1], [6753, -1, -1], [6754, -1, -1], [6755, -1, -1], [6756, -1, -1], [6757, -1, -1], [6758, -1, -1], [6759, -1, -1]]"
1752927229.8108,-179.99995839595795,12805.821156818702,12805.821427814128,12816.461740749912,15865.460891638904,"[[6760, -1, -1], [6761, -1, -1], [6762, -1, -1], [6763, -1, -1], [6764, -1, -1], [6765, -1, -1], [6766, -1, -1], [6767, -1, -1], [6768, -1, -1], [6769, -1, -1], [6770, -1, -1]]"
1752927229.9208,-177.9999543428421,12805.821156818702,12805.821441147646,12816.461751238752,15865.460891638904,"[[6771, -1, -1], [6772, -1, -1], [6773, -1, -1], [6774, -1, -1], [6775, -1, -1], [6776, -1, -1], [6777, -1, -1], [6778, -1, -1], [6779, -1, -1], [6780, -1, -1], [6781, -1, -1]]"
1752927230.0328,-175.99995028972626,12805.821101124662,12805.821441147646,12816.461751238752,15865.460891638904,"[[6782, -1, -1], [6783, 1, 9931], [6783, 1, 10121], [6783, -1, -1], [6784, -1, -1], [6785, -1, -1], [6786, -1, -1], [6787, -1, -1], [6788, -1, -1], [6789, -1, -1], [6790, 1, 10670], [6790, 1, 10854], [6790, 1, 187537], [6790, 1, 187728], [6790, -1, -1], [6791, -1, -1], [6792, -1, -1]]"
1752927230.1428,-173.9999462366104,12805.821101124662,12805.821441462991,12816.46174937246,15865.460891638904,"[[6793, -1, -1], [6794, -1, -1], [6795, -1, -1], [6796, -1, -1], [6797, -1, -1], [6798, -1, -1], [6799, -1, -1], [6800, -1, -1], [6801, -1, -1], [6802, -1, -1], [6803, -1, -1]]"
1752927230.2538,-171.99994218349457,12805.821138825066,12805.821441462991,12816.46174937246,15865.460891638904,"[[6804, -1, -1], [6805, -1, -1], [6806, -1, -1], [6807, -1, -1], [6808, -1, -1], [6809, -1, -1], [6810, -1, -1], [6811, -1, -1], [6812, -1, -1], [6813, -1, -1], [6814, -1, -1]]"
1752927230.3658,-169.99993813037872,12805.821138825066,12805.821413219759,12816.461745305347,15865.460891638904,"[[6815, -1, -1], [6816, -1, -1], [6817, -1, -1], [6818, -1, -1], [6819, -1, -1], [6820, -1, -1], [6821, -1, -1], [6822, -1, -1], [6823, -1, -1], [6824, -1, -1], [6825, -1, -1]]"
1752927230.4768,-167.99993407726288,12805.821248679427,12805.821413219759,12816.46174799105,15865.460891638904,"[[6826, -1, -1], [6827, -1, -1], [6828, -1, -1], [6829, -1, -1], [6830, -1, -1], [6831, -1, -1], [6832, -1, -1], [6833, -1, -1], [6834, -1, -1], [6835, -1, -1], [6836, -1, -1]]"
1752927230.5868,-165.99993002414703,12805.821248679427,12805.821417544774,12816.46174799105,15865.460891638904,"[[6837, -1, -1], [6838, -1, -1], [6839, -1, -1], [6840, -1, -1], [6841, -1, -1], [6842, -1, -1], [6843, -1, -1], [6844, -1, -1], [6845, -1, -1], [6846, -1, -1], [6847, -1, -1]]"
1752927230.6978,-163.9999259710312,12805.821326020823,12805.821417544774,12816.461754392702,15865.460891638904,"[[6848, -1, -1], [6849, -1, -1], [6850, -1, -1], [6851, -1, -1], [6852, -1, -1], [6853, -1, -1], [6854, -1, -1], [6855, -1, -1], [6856, -1, -1], [6857, -1, -1], [6858, -1, -1]]"
1752927230.8078,-161.99992191791534,12805.821326020823,12805.821410110597,12816.461754392702,15865.460891638904,"[[6859, -1, -1], [6860, -1, -1], [6861, -1, -1], [6862, -1, -1], [6863, -1, -1], [6864, -1, -1], [6865, -1, -1], [6866, -1, -1], [6867, -1, -1], [6868, -1, -1], [6869, -1, -1]]"
1752927230.9178,-159.9999178647995,12805.8211703213,12805.821410110597,12816.461748519974,15865.460891638904,"[[6870, -1, -1], [6871, -1, -1], [6872, -1, -1], [6873, -1, -1], [6874, -1, -1], [6875, -1, -1], [6876, -1, -1], [6877, -1, -1], [6878, -1, -1], [6879, -1, -1], [6880, -1, -1]]"
1752927231.0283,-157.99991381168365,12805.8211703213,12805.821423843476,12816.461748519974,15865.460891638904,"[[6881, -1, -1], [6882, -1, -1], [6883, 1, 13428], [6883, -1, -1], [6884, -1, -1], [6885, -1, -1], [6886, -1, -1], [6887, -1, -1], [6888, -1, -1], [6889, -1, -1], [6890, -1, -1], [6891, -1, -1]]"
1752927231.1383,-155.9999097585678,12805.82115334359,12805.821423843476,12816.461750144543,15865.460891638904,"[[6893, -1, -1], [6894, -1, -1], [6895, -1, -1], [6896, -1, -1], [6897, -1, -1], [6898, -1, -1], [6899, -1, -1], [6900, -1, -1], [6901, -1, -1], [6902, -1, -1]]"
1752927231.2488,-153.99990570545197,12805.82115334359,12805.821427712468,12816.461750144543,15865.460891638904,"[[6904, -1, -1], [6905, -1, -1], [6906, 1, 12496], [6906, 1, 12680], [6906, -1, -1], [6907, -1, -1], [6908, -1, -1], [6909, -1, -1], [6910, -1, -1], [6911, -1, -1], [6912, -1, -1], [6913, -1, -1], [6914, -1, -1]]"
1752927231.3588,-151.99990165233612,12805.821157046024,12805.821427712468,12816.461749409596,15865.460891638904,"[[6915, -1, -1], [6916, -1, -1], [6917, -1, -1], [6918, -1, -1], [6919, -1, -1], [6920, -1, -1], [6921, -1, -1], [6922, -1, -1], [6923, -1, -1], [6924, -1, -1], [6925, -1, -1]]"
1752927231.4698,-149.99989759922028,12805.821157046024,12805.821437835146,12816.461749409596,15865.460891638904,"[[6926, -1, -1], [6927, -1, -1], [6928, -1, -1], [6929, -1, -1], [6930, -1, -1], [6931, -1, -1], [6932, -1, -1], [6933, -1, -1], [6934, -1, -1], [6935, -1, -1], [6936, -1, -1]]"
1752927231.5798,-147.99989354610443,12805.821204671978,12805.821437835146,12816.461748418025,15865.460891638904,"[[6937, -1, -1], [6938, -1, -1], [6939, -1, -1], [6940, -1, -1], [6941, -1, -1], [6942, -1, -1], [6943, -1, -1], [6944, -1, -1], [6945, -1, -1], [6946, -1, -1], [6947, -1, -1]]"
1752927231.6918,-145.9998894929886,12805.821299637404,12805.821428818665,12816.461748418025,15865.460891638904,"[[6948, -1, -1], [6949, -1, -1], [6950, -1, -1], [6951, -1, -1], [6952, -1, -1], [6953, -1, -1], [6954, -1, -1], [6955, -1, -1], [6956, -1, -1], [6957, -1, -1], [6958, -1, -1]]"
1752927231.8028,-143.99988543987274,12805.821299637404,12805.821428818665,12816.461754488922,15865.460891638904,"[[6959, -1, -1], [6960, -1, -1], [6961, -1, -1], [6962, -1, -1], [6963, -1, -1], [6964, -1, -1], [6965, -1, -1], [6966, -1, -1], [6967, -1, -1], [6968, -1, -1], [6969, -1, -1]]"
1752927231.9128,-141.9998813867569,12805.82124856101,12805.821428806199,12816.461754488922,15865.460891638904,"[[6970, -1, -1], [6971, -1, -1], [6972, -1, -1], [6973, -1, -1], [6974, -1, -1], [6975, -1, -1], [6976, -1, -1], [6977, -1, -1], [6978, -1, -1], [6979, -1, -1], [6980, -1, -1]]"
1752927232.0238,-139.99987733364105,12805.82124856101,12805.821421451388,12816.461750853448,15865.460891638904,"[[6981, -1, -1], [6982, -1, -1], [6983, -1, -1], [6984, -1, -1], [6985, -1, -1], [6986, -1, -1], [6987, -1, -1], [6988, -1, -1], [6989, -1, -1], [6990, -1, -1], [6991, -1, -1]]"
1752927232.1348,-137.9998732805252,12805.821189413768,12805.821421451388,12816.461750853448,15865.460891638904,"[[6992, -1, -1], [6993, -1, -1], [6994, 1, 35662], [6994, 1, 35849], [6994, -1, -1], [6995, -1, -1], [6996, -1, -1], [6997, -1, -1], [6998, -1, -1], [6999, -1, -1], [7000, -1, -1], [7001, -1, -1], [7002, -1, -1]]"
1752927232.2448,-135.99986922740936,12805.821189413768,12805.821397200601,12816.461746644667,15865.460891638904,"[[7003, -1, -1], [7004, -1, -1], [7005, -1, -1], [7006, -1, -1], [7007, -1, -1], [7008, -1, -1], [7009, -1, -1], [7010, -1, -1], [7011, -1, -1], [7012, -1, -1], [7013, -1, -1]]"
1752927232.3548,-133.99986517429352,12805.821183783848,12805.821397200601,12816.461746644667,15865.460891638904,"[[7014, -1, -1], [7015, -1, -1], [7016, -1, -1], [7017, -1, -1], [7018, -1, -1], [7019, -1, -1], [7020, -1, -1], [7021, -1, -1], [7022, -1, -1], [7023, -1, -1], [7024, -1, -1]]"
1752927232.4648,-131.99986112117767,12805.821183783848,12805.821403891276,12816.461752087342,15865.460891638904,"[[7025, -1, -1], [7026, -1, -1], [7027, -1, -1], [7028, -1, -1], [7029, -1, -1], [7030, -1, -1], [7031, -1, -1], [7032, -1, -1], [7033, -1, -1], [7034, -1, -1], [7035, -1, -1]]"
1752927232.5769,-129.99985706806183,12805.821222430532,12805.821403891276,12816.461752087342,15865.460891638904,"[[7036, -1, -1], [7037, -1, -1], [7038, -1, -1], [7039, -1, -1], [7040, -1, -1], [7041, -1, -1], [7042, -1, -1], [7043, -1, -1], [7044, -1, -1], [7045, -1, -1], [7046, -1, -1]]"
1752927232.6878,-127.99985301494598,12805.821222430532,12805.821398850156,12816.461749925067,15865.460891638904,"[[7047, -1, -1], [7048, -1, -1], [7049, -1, -1], [7050, -1, -1], [7051, -1, -1], [7052, -1, -1], [7053, -1, -1], [7054, -1, -1], [7055, -1, -1], [7056, -1, -1], [7057, -1, -1]]"
1752927232.7978,-125.99985641241074,12805.82123051503,12805.821398850156,12816.461749925067,15865.460891638904,"[[7058, -1, -1], [7059, -1, -1], [7060, -1, -1], [7061, -1, -1], [7062, -1, -1], [7063, -1, -1], [7064, -1, -1], [7065, -1, -1], [7066, -1, -1], [7067, -1, -1], [7068, -1, -1]]"
1752927232.9078,-123.99985980987549,12805.82123051503,12805.821407743657,12816.461741943665,15865.460891638904,"[[7069, -1, -1], [7070, -1, -1], [7071, -1, -1], [7072, -1, -1], [7073, -1, -1], [7074, -1, -1], [7075, -1, -1], [7076, -1, -1], [7077, -1, -1], [7078, -1, -1], [7079, -1, -1]]"
1752927233.0189,-121.99986320734024,12805.821227696757,12805.821407743657,12816.461747652984,15865.460891638904,"[[7080, -1, -1], [7081, -1, -1], [7082, -1, -1], [7083, -1, -1], [7084, -1, -1], [7085, -1, -1], [7086, -1, -1], [7087, -1, -1], [7088, -1, -1], [7089, -1, -1], [7090, -1, -1], [7091, -1, -1]]"
1752927233.1293,-119.99986660480499,12805.821227696757,12805.82140582537,12816.461747652984,15865.460891638904,"[[7092, -1, -1], [7093, -1, -1], [7094, -1, -1], [7095, -1, -1], [7096, -1, -1], [7097, -1, -1], [7098, -1, -1], [7099, -1, -1], [7100, -1, -1], [7101, -1, -1]]"
1752927233.2408,-117.99987000226974,12805.821198022615,12805.82140582537,12816.461756209299,15865.460891638904,"[[7103, -1, -1], [7104, -1, -1], [7105, -1, -1], [7106, -1, -1], [7107, -1, -1], [7108, -1, -1], [7109, -1, -1], [7110, -1, -1], [7111, -1, -1], [7112, -1, -1], [7113, -1, -1]]"
1752927233.3508,-115.9998733997345,12805.821198022615,12805.821394527859,12816.461756209299,15865.460891638904,"[[7114, -1, -1], [7115, -1, -1], [7116, -1, -1], [7117, -1, -1], [7118, -1, -1], [7119, -1, -1], [7120, -1, -1], [7121, -1, -1], [7122, -1, -1], [7123, -1, -1], [7124, -1, -1]]"
1752927233.4608,-113.99987679719925,12805.821190116978,12805.821394527859,12816.461748219052,15865.460891638904,"[[7125, -1, -1], [7126, -1, -1], [7127, -1, -1], [7128, -1, -1], [7129, -1, -1], [7130, -1, -1], [7131, -1, -1], [7132, -1, -1], [7133, -1, -1], [7134, -1, -1], [7135, -1, -1]]"
1752927233.5718,-111.999880194664,12805.821190116978,12805.821388882845,12816.461748219052,15865.460891638904,"[[7136, -1, -1], [7137, -1, -1], [7138, -1, -1], [7139, -1, -1], [7140, -1, -1], [7141, -1, -1], [7142, -1, -1], [7143, -1, -1], [7144, -1, -1], [7145, -1, -1], [7146, -1, -1]]"
1752927233.6818,-109.99988359212875,12805.821232569891,12805.821388882845,12816.461746324634,15865.460891638904,"[[7147, -1, -1], [7148, -1, -1], [7149, -1, -1], [7150, -1, -1], [7151, -1, -1], [7152, -1, -1], [7153, -1, -1], [7154, -1, -1], [7155, -1, -1], [7156, -1, -1], [7157, -1, -1]]"
1752927233.7918,-107.9998869895935,12805.821232569891,12805.8213890347,12816.461746324634,15865.460891638904,"[[7158, -1, -1], [7159, 1, 11570], [7159, 1, 11754], [7159, -1, -1], [7160, -1, -1], [7161, -1, -1], [7162, -1, -1], [7163, -1, -1], [7164, -1, -1], [7165, -1, -1], [7166, -1, -1], [7167, -1, -1], [7168, -1, -1]]"
1752927233.9008,-105.99989038705826,12805.821263393416,12805.8213890347,12816.46174628644,15865.460891638904,"[[7169, -1, -1], [7170, -1, -1], [7171, -1, -1], [7172, -1, -1], [7173, -1, -1], [7174, -1, -1], [7175, -1, -1], [7176, -1, -1], [7177, -1, -1], [7178, -1, -1], [7179, -1, -1]]"
1752927234.0128,-103.99989378452301,12805.821263393416,12805.821372501898,12816.46174628644,15865.460891638904,"[[7180, -1, -1], [7181, -1, -1], [7182, -1, -1], [7183, -1, -1], [7184, -1, -1], [7185, -1, -1], [7186, -1, -1], [7187, -1, -1], [7188, -1, -1], [7189, -1, -1], [7190, -1, -1]]"
1752927234.1218,-101.99989718198776,12805.821261697918,12805.821372501898,12816.46175070759,15865.460891638904,"[[7191, -1, -1], [7192, -1, -1], [7193, -1, -1], [7194, -1, -1], [7195, -1, -1], [7196, -1, -1], [7197, -1, -1], [7198, -1, -1], [7199, -1, -1], [7200, -1, -1], [7201, -1, -1]]"
1752927234.2318,-99.99990057945251,12805.821144559248,12805.821385970405,12816.46175070759,15865.460891638904,"[[7202, -1, -1], [7203, -1, -1], [7204, -1, -1], [7205, -1, -1], [7206, -1, -1], [7207, -1, -1], [7208, -1, -1], [7209, -1, -1], [7210, -1, -1], [7211, -1, -1], [7212, -1, -1]]"
1752927234.3418,-97.99990397691727,12805.821144559248,12805.821385970405,12816.46174175063,15865.460891638904,"[[7213, -1, -1], [7214, -1, -1], [7215, -1, -1], [7216, -1, -1], [7217, -1, -1], [7218, -1, -1], [7219, -1, -1], [7220, -1, -1], [7221, -1, -1], [7222, -1, -1], [7223, -1, -1]]"
1752927234.4528,-95.99990737438202,12805.821141263277,12805.821392919692,12816.46174175063,15865.460891638904,"[[7224, -1, -1], [7225, -1, -1], [7226, -1, -1], [7227, -1, -1], [7228, -1, -1], [7229, -1, -1], [7230, -1, -1], [7231, -1, -1], [7232, -1, -1], [7233, -1, -1], [7234, -1, -1]]"
1752927234.5758,-93.99991077184677,12805.821141263277,12805.821403173042,12816.461748030979,15865.460891638904,"[[7235, -1, -1], [7236, -1, -1], [7237, -1, -1], [7238, -1, -1], [7239, -1, -1], [7240, -1, -1], [7241, -1, -1], [7242, -1, -1], [7243, 1, 10030], [7243, 1, 10230], [7243, 1, 10481], [7243, 1, 10696], [7243, -1, -1], [7244, -1, -1], [7245, -1, -1], [7246, -1, -1]]"
1752927234.6858,-91.99991416931152,12805.821149236477,12805.821403173042,12816.461748030979,15865.460891638904,"[[7247, -1, -1], [7248, -1, -1], [7249, -1, -1], [7250, -1, -1], [7251, 1, 10934], [7251, 1, 11134], [7251, -1, -1], [7252, 1, 10514], [7252, 1, 10704], [7252, -1, -1], [7253, -1, -1], [7254, 1, 10047], [7254, -1, -1], [7255, -1, -1], [7256, -1, -1], [7257, -1, -1]]"
1752927234.7958,-89.99991756677628,12805.821149236477,12805.821401267842,12816.461752012137,15865.460891638904,"[[7258, -1, -1], [7259, -1, -1], [7260, -1, -1], [7261, -1, -1], [7262, -1, -1], [7263, 1, 12669], [7263, 1, 12855], [7263, -1, -1], [7264, -1, -1], [7265, -1, -1], [7266, -1, -1], [7267, -1, -1], [7268, -1, -1]]"
1752927234.9058,-87.99992096424103,12805.821270597884,12805.821401267842,12816.461752012137,15865.460891638904,"[[7269, -1, -1], [7270, -1, -1], [7271, -1, -1], [7272, -1, -1], [7273, -1, -1], [7274, -1, -1], [7275, -1, -1], [7276, -1, -1], [7277, -1, -1], [7278, -1, -1], [7279, -1, -1]]"
1752927235.0168,-85.99992436170578,12805.821270597884,12805.82139888132,12816.46175000529,15865.460891638904,"[[7280, -1, -1], [7281, -1, -1], [7282, 1, 11956], [7282, 1, 12142], [7282, -1, -1], [7283, -1, -1], [7284, -1, -1], [7285, -1, -1], [7286, -1, -1], [7287, -1, -1], [7288, -1, -1], [7289, -1, -1], [7290, -1, -1]]"
1752927235.1268,-83.99992775917053,12805.821319443236,12805.82139888132,12816.461751593992,15865.460891638904,"[[7291, -1, -1], [7292, -1, -1], [7293, -1, -1], [7294, -1, -1], [7295, -1, -1], [7296, -1, -1], [7297, -1, -1], [7298, -1, -1], [7299, -1, -1], [7300, -1, -1], [7301, -1, -1]]"
1752927235.2368,-81.99993115663528,12805.821319443236,12805.821391014768,12816.461751593992,15865.460891638904,"[[7302, -1, -1], [7303, 1, 11508], [7303, 1, 11711], [7303, -1, -1], [7304, -1, -1], [7305, -1, -1], [7306, -1, -1], [7307, -1, -1], [7308, -1, -1], [7309, -1, -1], [7310, -1, -1], [7311, -1, -1], [7312, -1, -1]]"
1752927235.3479,-79.99993455410004,12805.821277844576,12805.821391014768,12816.461756822933,15865.460891638904,"[[7313, -1, -1], [7314, -1, -1], [7315, -1, -1], [7316, -1, -1], [7317, -1, -1], [7318, -1, -1], [7319, -1, -1], [7320, -1, -1], [7321, -1, -1], [7322, -1, -1], [7323, -1, -1]]"
1752927235.4578,-77.99993795156479,12805.821277844576,12805.821379974437,12816.461756822933,15865.460891638904,"[[7324, -1, -1], [7325, -1, -1], [7326, -1, -1], [7327, -1, -1], [7328, -1, -1], [7329, -1, -1], [7330, -1, -1], [7331, 1, 10698], [7331, 1, 10885], [7331, -1, -1], [7332, -1, -1], [7333, -1, -1], [7334, -1, -1]]"
1752927235.5683,-75.99994134902954,12805.821142970208,12805.821379974437,12816.461748612093,15865.460891638904,"[[7335, -1, -1], [7336, -1, -1], [7337, -1, -1], [7338, -1, -1], [7339, -1, -1], [7340, 1, 12269], [7340, 1, 12471], [7340, -1, -1], [7341, -1, -1], [7342, -1, -1], [7343, -1, -1], [7344, -1, -1], [7345, -1, -1]]"
1752927235.6783,-73.9999447464943,12805.821142970208,12805.82138417026,12816.461748612093,15865.460891638904,"[[7347, -1, -1], [7348, -1, -1], [7349, -1, -1], [7350, -1, -1], [7351, -1, -1], [7352, -1, -1], [7353, -1, -1], [7354, -1, -1], [7355, -1, -1], [7356, -1, -1]]"
1752927235.7883,-71.99994814395905,12805.821148484614,12805.82138417026,12816.46175062011,15865.460891638904,"[[7358, -1, -1], [7359, -1, -1], [7360, -1, -1], [7361, -1, -1], [7362, -1, -1], [7363, -1, -1], [7364, -1, -1], [7365, 1, 11785], [7365, 1, 11819], [7365, 1, 12015], [7365, -1, -1], [7366, -1, -1], [7367, -1, -1]]"
1752927235.8984,-69.9999515414238,12805.821148484614,12805.821396447482,12816.46175062011,15865.460891638904,"[[7369, -1, -1], [7370, -1, -1], [7371, -1, -1], [7372, -1, -1], [7373, -1, -1], [7374, -1, -1], [7375, -1, -1], [7376, -1, -1], [7377, -1, -1], [7378, -1, -1]]"
1752927236.0083,-67.99995493888855,12805.8212192384,12805.821396447482,12816.46175059537,15865.460891638904,"[[7380, -1, -1], [7381, -1, -1], [7382, -1, -1], [7383, -1, -1], [7384, -1, -1], [7385, -1, -1], [7386, -1, -1], [7387, -1, -1], [7388, 1, 11387], [7388, 1, 11586], [7388, -1, -1], [7389, -1, -1]]"
1752927236.1193,-65.9999583363533,12805.8212192384,12805.821395669542,12816.46175059537,15865.460891638904,"[[7391, -1, -1], [7392, -1, -1], [7393, -1, -1], [7394, -1, -1], [7395, -1, -1], [7396, -1, -1], [7397, -1, -1], [7398, -1, -1], [7399, -1, -1], [7400, -1, -1]]"
1752927236.2288,-63.999958008527756,12805.82122190413,12805.821395669542,12816.461750386345,15865.460891638904,"[[7402, -1, -1], [7403, -1, -1], [7404, -1, -1], [7405, -1, -1], [7406, -1, -1], [7407, -1, -1], [7408, -1, -1], [7409, -1, -1], [7410, -1, -1], [7411, -1, -1], [7412, -1, -1]]"
1752927236.3398,-61.99995768070221,12805.821248497612,12805.821399352002,12816.461750386345,15865.460891638904,"[[7413, -1, -1], [7414, 1, 11029], [7414, 1, 11064], [7414, 1, 11260], [7414, 1, 11287], [7414, 1, 11325], [7414, -1, -1], [7415, -1, -1], [7416, -1, -1], [7417, -1, -1], [7418, -1, -1], [7419, -1, -1], [7420, -1, -1], [7421, -1, -1], [7422, -1, -1], [7423, -1, -1]]"
1752927236.4498,-59.99995735287666,12805.821248497612,12805.821399352002,12816.46175301896,15865.460891638904,"[[7424, -1, -1], [7425, -1, -1], [7426, -1, -1], [7427, -1, -1], [7428, -1, -1], [7429, 1, 11812], [7429, -1, -1], [7430, -1, -1], [7431, -1, -1], [7432, -1, -1], [7433, -1, -1], [7434, -1, -1]]"
1752927236.5608,-57.99995702505112,12805.821101736214,12805.821394812992,12816.46175301896,15865.460891638904,"[[7435, -1, -1], [7436, -1, -1], [7437, -1, -1], [7438, -1, -1], [7439, -1, -1], [7440, -1, -1], [7441, -1, -1], [7442, -1, -1], [7443, -1, -1], [7444, -1, -1], [7445, -1, -1]]"
1752927236.6699,-55.99995669722557,12805.821101736214,12805.821382295577,12816.461746558787,15865.460891638904,"[[7446, -1, -1], [7447, -1, -1], [7448, -1, -1], [7449, -1, -1], [7450, 1, 10865], [7450, 1, 11064], [7450, 1, 11955], [7450, -1, -1], [7451, -1, -1], [7452, -1, -1], [7453, -1, -1], [7454, -1, -1], [7455, -1, -1], [7456, -1, -1]]"
1752927236.7808,-53.999956369400024,12805.821086630529,12805.821382295577,12816.461746558787,15865.460891638904,"[[7457, 1, 11705], [7457, 1, 11908], [7457, 1, 12001], [7457, -1, -1], [7458, 1, 10877], [7458, 1, 11080], [7458, -1, -1], [7459, -1, -1], [7460, -1, -1], [7461, -1, -1], [7462, 1, 11016], [7462, 1, 11215], [7462, 1, 11613], [7462, -1, -1], [7463, -1, -1], [7464, -1, -1], [7465, -1, -1], [7466, -1, -1], [7467, -1, -1]]"
1752927236.8918,-51.99995604157448,12805.821086630529,12805.821374605997,12816.46174685407,15865.460891638904,"[[7468, -1, -1], [7469, -1, -1], [7470, 1, 12166], [7470, 1, 12357], [7470, -1, -1], [7471, 1, 10618], [7471, 1, 10821], [7471, -1, -1], [7472, -1, -1], [7473, -1, -1], [7474, -1, -1], [7475, -1, -1], [7476, -1, -1], [7477, -1, -1], [7478, -1, -1]]"
1752927237.0018,-49.99995571374893,12805.821276720799,12805.821374605997,12816.46174685407,15865.460891638904,"[[7479, -1, -1], [7480, -1, -1], [7481, -1, -1], [7482, -1, -1], [7483, -1, -1], [7484, -1, -1], [7485, -1, -1], [7486, -1, -1], [7487, -1, -1], [7488, -1, -1], [7489, -1, -1]]"
1752927237.1118,-47.999955385923386,12805.821276720799,12805.821381286873,12816.461743376385,15865.460891638904,"[[7490, -1, -1], [7491, -1, -1], [7492, -1, -1], [7493, -1, -1], [7494, 1, 11065], [7494, 1, 11235], [7494, -1, -1], [7495, -1, -1], [7496, -1, -1], [7497, -1, -1], [7498, -1, -1], [7499, -1, -1], [7500, -1, -1]]"
1752927237.2228,-45.99995505809784,12805.821247556472,12805.821381286873,12816.461743376385,15865.460891638904,"[[7501, -1, -1], [7502, -1, -1], [7503, -1, -1], [7504, -1, -1], [7505, -1, -1], [7506, -1, -1], [7507, -1, -1], [7508, -1, -1], [7509, -1, -1], [7510, -1, -1], [7511, -1, -1]]"
1752927237.3338,-43.99995473027229,12805.821247556472,12805.821383928422,12816.461751071154,15865.460891638904,"[[7512, -1, -1], [7513, -1, -1], [7514, -1, -1], [7515, -1, -1], [7516, -1, -1], [7517, -1, -1], [7518, -1, -1], [7519, -1, -1], [7520, 1, 10859], [7520, 1, 11046], [7520, -1, -1], [7521, -1, -1], [7522, -1, -1]]"
1752927237.4448,-41.99995440244675,12805.821149794936,12805.821383928422,12816.461751071154,15865.460891638904,"[[7523, -1, -1], [7524, -1, -1], [7525, 1, 10228], [7525, 1, 10436], [7525, 1, 10654], [7525, 1, 10728], [7525, 1, 10762], [7525, 1, 10958], [7525, -1, -1], [7526, 1, 10580], [7526, 1, 10784], [7526, -1, -1], [7527, -1, -1], [7528, -1, -1], [7529, 1, 10618], [7529, 1, 10665], [7529, 1, 10850], [7529, 1, 11505], [7529, 1, 11713], [7529, -1, -1], [7530, -1, -1], [7531, -1, -1], [7532, -1, -1], [7533, 1, 12734], [7533, 1, 12938], [7533, -1, -1]]"
1752927237.5558,-39.9999540746212,12805.821149794936,12805.821393938133,12816.461746650479,15865.460891638904,"[[7534, -1, -1], [7535, -1, -1], [7536, -1, -1], [7537, -1, -1], [7538, -1, -1], [7539, -1, -1], [7540, -1, -1], [7541, -1, -1], [7542, -1, -1], [7543, -1, -1], [7544, -1, -1]]"
1752927237.6658,-37.999953746795654,12805.821148748333,12805.821393938133,12816.46175689698,15865.460891638904,"[[7545, -1, -1], [7546, -1, -1], [7547, -1, -1], [7548, -1, -1], [7549, -1, -1], [7550, -1, -1], [7551, -1, -1], [7552, -1, -1], [7553, -1, -1], [7554, -1, -1], [7555, -1, -1]]"
1752927237.7768,-35.99995341897011,12805.821148748333,12805.82138754792,12816.46175689698,15865.460891638904,"[[7556, -1, -1], [7557, 1, 10330], [7557, 1, 10533], [7557, 1, 10752], [7557, -1, -1], [7558, 1, 11101], [7558, 1, 11139], [7558, 1, 11331], [7558, -1, -1], [7559, -1, -1], [7560, -1, -1], [7561, -1, -1], [7562, -1, -1], [7563, -1, -1], [7564, -1, -1], [7565, 1, 10161], [7565, 1, 10346], [7565, -1, -1], [7566, -1, -1]]"
1752927237.8868,-33.99995309114456,12805.821097587708,12805.82138754792,12816.461749868113,15865.460891638904,"[[7567, -1, -1], [7568, -1, -1], [7569, -1, -1], [7570, -1, -1], [7571, -1, -1], [7572, -1, -1], [7573, -1, -1], [7574, -1, -1], [7575, -1, -1], [7576, -1, -1], [7577, 1, 10155], [7577, 1, 10340], [7577, 1, 10650], [7577, 1, 11319], [7577, 1, 11503], [7577, -1, -1]]"
1752927237.9968,-31.999952763319016,12805.821097587708,12805.82139877928,12816.461749868113,15865.460891638904,"[[7578, 1, 10273], [7578, 1, 10321], [7578, 1, 10507], [7578, -1, -1], [7579, -1, -1], [7580, -1, -1], [7581, -1, -1], [7582, 1, 10618], [7582, 1, 10806], [7582, -1, -1], [7583, -1, -1], [7584, 1, 12493], [7584, 1, 12692], [7584, -1, -1], [7585, -1, -1], [7586, -1, -1], [7587, -1, -1], [7588, -1, -1]]"
1752927238.1068,-29.99995243549347,12805.821097827717,12805.82139877928,12816.461742648191,15865.460891638904,"[[7589, -1, -1], [7590, -1, -1], [7591, -1, -1], [7592, -1, -1], [7593, -1, -1], [7594, -1, -1], [7595, -1, -1], [7596, -1, -1], [7597, -1, -1], [7598, 1, 11043], [7598, 1, 11078], [7598, 1, 11274], [7598, 1, 11411], [7598, -1, -1], [7599, -1, -1]]"
1752927238.2178,-27.999952107667923,12805.821097827717,12805.821392180636,12816.461742648191,15865.460891638904,"[[7600, -1, -1], [7601, -1, -1], [7602, -1, -1], [7603, 1, 11165], [7603, 1, 11335], [7603, -1, -1], [7604, -1, -1], [7605, 1, 11040], [7605, 1, 11195], [7605, 1, 11224], [7605, -1, -1], [7606, -1, -1], [7607, -1, -1], [7608, -1, -1], [7609, -1, -1], [7610, -1, -1]]"
1752927238.3278,-25.999951779842377,12805.821261941453,12805.821392180636,12816.461751237872,15865.460891638904,"[[7611, -1, -1], [7612, -1, -1], [7613, -1, -1], [7614, -1, -1], [7615, -1, -1], [7616, -1, -1], [7617, -1, -1], [7618, -1, -1], [7619, -1, -1], [7620, -1, -1], [7621, -1, -1]]"
1752927238.4378,-23.99995145201683,12805.821261941453,12805.821375100939,12816.461751237872,15865.460891638904,"[[7622, -1, -1], [7623, -1, -1], [7624, 1, 11634], [7624, -1, -1], [7625, -1, -1], [7626, -1, -1], [7627, -1, -1], [7628, -1, -1], [7629, -1, -1], [7630, -1, -1], [7631, -1, -1], [7632, -1, -1]]"
1752927238.5484,-21.999951124191284,12805.82120480008,12805.821375100939,12816.461747350879,15865.460891638904,"[[7633, -1, -1], [7634, -1, -1], [7635, -1, -1], [7636, -1, -1], [7637, -1, -1], [7638, -1, -1], [7639, -1, -1], [7640, -1, -1], [7641, -1, -1], [7642, -1, -1], [7643, -1, -1]]"
1752927238.6593,-19.999950796365738,12805.82120480008,12805.821403390373,12816.461747350879,15865.460891638904,"[[7645, -1, -1], [7646, -1, -1], [7647, -1, -1], [7648, -1, -1], [7649, -1, -1], [7650, -1, -1], [7651, -1, -1], [7652, -1, -1], [7653, -1, -1], [7654, 1, 11994], [7654, 1, 12179], [7654, -1, -1]]"
1752927238.7698,-17.99995046854019,12805.821105678833,12805.821403390373,12816.461751002751,15865.460891638904,"[[7656, -1, -1], [7657, 1, 11119], [7657, 1, 11309], [7657, 1, 11738], [7657, 1, 11780], [7657, 1, 11974], [7657, 1, 12074], [7657, 1, 12152], [7657, -1, -1], [7658, -1, -1], [7659, -1, -1], [7660, -1, -1], [7661, -1, -1], [7662, 1, 11307], [7662, 1, 11455], [7662, 1, 11495], [7662, -1, -1], [7663, -1, -1], [7664, 1, 10526], [7664, 1, 10684], [7664, 1, 10887], [7664, -1, -1], [7665, 1, 10827], [7665, 1, 10865], [7665, 1, 11057], [7665, 1, 11262], [7665, -1, -1], [7666, -1, -1]]"
1752927238.8806,-15.999950140714647,12805.82105119506,12805.821405568418,12816.461751002751,15865.460891638904,"[[7667, -1, -1], [7668, -1, -1], [7669, -1, -1], [7670, -1, -1], [7671, -1, -1], [7672, -1, -1], [7673, 1, 12316], [7673, 1, 12515], [7673, -1, -1], [7674, 1, 10995], [7674, 1, 11198], [7674, -1, -1], [7675, -1, -1], [7676, -1, -1], [7677, 1, 9846], [7677, 1, 9877], [7677, 1, 10077], [7677, -1, -1]]"
1752927238.9908,-13.9999498128891,12805.82105119506,12805.821405568418,12816.461747174773,15865.460891638904,"[[7678, 1, 12133], [7678, 1, 12336], [7678, -1, -1], [7679, -1, -1], [7680, -1, -1], [7681, 1, 9683], [7681, 1, 9882], [7681, -1, -1], [7682, -1, -1], [7683, 1, 11047], [7683, 1, 11149], [7683, 1, 11352], [7683, -1, -1], [7684, -1, -1], [7685, 1, 10539], [7685, 1, 10741], [7685, 1, 11409], [7685, 1, 11613], [7685, 1, 11817], [7685, 1, 12444], [7685, -1, -1], [7686, -1, -1], [7687, 1, 10697], [7687, 1, 10896], [7687, -1, -1], [7688, -1, -1]]"
1752927239.1049,-11.999949485063553,12805.821150281437,12805.821412730273,12816.461747174773,15865.460891638904,"[[7689, -1, -1], [7690, -1, -1], [7691, -1, -1], [7692, 1, 12086], [7692, 1, 12270], [7692, -1, -1], [7693, 1, 11881], [7693, 1, 12071], [7693, -1, -1], [7694, 1, 10616], [7694, -1, -1], [7695, -1, -1], [7696, -1, -1], [7697, -1, -1], [7698, 1, 11962], [7698, 1, 12126], [7698, 1, 12193], [7698, 1, 12233], [7698, 1, 12427], [7698, -1, -1], [7699, -1, -1]]"
1752927239.2148,-9.999949157238007,12805.821150281437,12805.821416905108,12816.461753923302,15865.460891638904,"[[7700, -1, -1], [7701, -1, -1], [7702, -1, -1], [7703, -1, -1], [7704, -1, -1], [7705, -1, -1], [7706, 1, 9937], [7706, 1, 9967], [7706, 1, 10167], [7706, -1, -1], [7707, 1, 10885], [7707, 1, 11084], [7707, 1, 11461], [7707, -1, -1], [7708, -1, -1], [7709, 1, 12719], [7709, -1, -1], [7710, -1, -1]]"
1752927239.3248,-7.999949295073748,12805.821165208466,12805.821416905108,12816.461753923302,15865.460891638904,"[[7711, -1, -1], [7712, -1, -1], [7713, -1, -1], [7714, 1, 10516], [7714, 1, 10707], [7714, 1, 11707], [7714, 1, 11970], [7714, 1, 12183], [7714, -1, -1], [7715, 1, 11139], [7715, 1, 11824], [7715, 1, 12009], [7715, -1, -1], [7716, -1, -1], [7717, -1, -1], [7718, -1, -1], [7719, 1, 11198], [7719, 1, 11386], [7719, -1, -1], [7720, 1, 10718], [7720, 1, 10825], [7720, 1, 10874], [7720, 1, 11060], [7720, 1, 11271], [7720, 1, 11367], [7720, 1, 11708], [7720, -1, -1], [7721, -1, -1]]"
1752927239.4358,-5.999949432909489,12805.821165208466,12805.821408418791,12816.461747963225,15865.460891638904,"[[7722, 1, 11300], [7722, 1, 11499], [7722, -1, -1], [7723, -1, -1], [7724, -1, -1], [7725, -1, -1], [7726, 1, 11436], [7726, 1, 11639], [7726, -1, -1], [7727, 1, 10538], [7727, 1, 10724], [7727, 1, 10981], [7727, 1, 11185], [7727, 1, 11402], [7727, 1, 11591], [7727, -1, -1], [7728, -1, -1], [7729, -1, -1], [7730, -1, -1], [7731, -1, -1], [7732, 1, 10963], [7732, 1, 11163], [7732, -1, -1]]"
1752927239.5478,-3.999949337914586,12805.821195073384,12805.821408418791,12816.461747963225,15865.460891638904,"[[7733, -1, -1], [7734, 1, 10924], [7734, 1, 11123], [7734, -1, -1], [7735, -1, -1], [7736, -1, -1], [7737, -1, -1], [7738, 1, 11250], [7738, 1, 11453], [7738, -1, -1], [7739, 1, 10383], [7739, 1, 10421], [7739, 1, 10613], [7739, -1, -1], [7740, 1, 10733], [7740, 1, 10932], [7740, -1, -1], [7741, -1, -1], [7742, -1, -1], [7743, 1, 12254], [7743, 1, 12287], [7743, 1, 12486], [7743, -1, -1]]"
1752927239.6583,-1.9999493379156945,12805.821195073384,12805.821410924205,12816.461739321121,15865.460891638904,"[[7744, -1, -1], [7745, -1, -1], [7746, 1, 13007], [7746, 1, 13045], [7746, 1, 13237], [7746, -1, -1], [7747, -1, -1], [7748, 1, 11927], [7748, 1, 12126], [7748, -1, -1], [7749, -1, -1], [7750, 1, 11077], [7750, 1, 11120], [7750, 1, 11307], [7750, 1, 11917], [7750, 1, 12107], [7750, -1, -1], [7751, 1, 10495], [7751, 1, 10683], [7751, 1, 10884], [7751, 1, 11287], [7751, 1, 11472], [7751, -1, -1], [7752, -1, -1], [7753, 1, 11508], [7753, 1, 11693], [7753, -1, -1], [7754, -1, -1]]"
1752927239.7683,5.0619244575458855e-05,12805.821102729828,12805.821410924205,12816.461739321121,15865.460891638904,"[[7756, 1, 10784], [7756, 1, 10971], [7756, 1, 13321], [7756, 1, 13356], [7756, 1, 13551], [7756, -1, -1], [7757, 1, 11039], [7757, 1, 11226], [7757, 1, 11563], [7757, 1, 11691], [7757, 1, 11762], [7757, 1, 12125], [7757, 1, 12591], [7757, 1, 12799], [7757, -1, -1], [7758, 1, 9105], [7758, 1, 9293], [7758, 1, 9693], [7758, 1, 9892], [7758, 1, 10046], [7758, 1, 10106], [7758, 1, 10308], [7758, 1, 11055], [7758, 1, 11243], [7758, -1, -1], [7759, 1, 12564], [7759, 1, 12752], [7759, 1, 12898], [7759, -1, -1], [7760, 1, 11386], [7760, 1, 11584], [7760, -1, -1], [7761, 1, 9900], [7761, 1, 10099], [7761, -1, -1], [7762, 1, 10413], [7762, 1, 10616], [7762, 1, 10923], [7762, 1, 11110], [7762, -1, -1], [7763, -1, -1], [7764, -1, -1], [7765, 1, 10771], [7765, 1, 10970], [7765, -1, -1]]"
1752927239.8783,2.0000504814088345,12805.821102729828,12805.821411670124,12816.461739321121,15865.460891638904,"[[7767, 1, 10943], [7767, 1, 11125], [7767, 1, 11948], [7767, 1, 12147], [7767, 1, 12303], [7767, 1, 12429], [7767, 1, 12501], [7767, 1, 12646], [7767, -1, -1], [7768, 1, 11022], [7768, 1, 11204], [7768, -1, -1], [7769, 1, 9721], [7769, 1, 9755], [7769, 1, 9951], [7769, 1, 12256], [7769, 1, 12456], [7769, 1, 12780], [7769, 1, 13377], [7769, -1, -1], [7770, -1, -1], [7771, 1, 10563], [7771, 1, 10751], [7771, -1, -1], [7772, 1, 9958], [7772, 1, 10144], [7772, 1, 12532], [7772, 1, 12716], [7772, -1, -1], [7773, 1, 9781], [7773, 1, 9967], [7773, -1, -1], [7774, -1, -1], [7775, 1, 9918], [7775, 1, 9960], [7775, 1, 10154], [7775, 1, 10332], [7775, 1, 11040], [7775, 1, 11074], [7775, 1, 11272], [7775, 1, 11486], [7775, 1, 11674], [7775, 1, 11775], [7775, 1, 11982], [7775, -1, -1], [7776, -1, -1]]"
1752927239.9883,4.000050343573093,12805.821071307273,12805.821411670124,12816.461753065643,15865.460891638904,"[[7778, -1, -1], [7779, 1, 10134], [7779, 1, 11292], [7779, 1, 11495], [7779, 1, 11799], [7779, 1, 11828], [7779, 1, 11866], [7779, 1, 11986], [7779, 1, 12063], [7779, 1, 12247], [7779, -1, -1], [7780, -1, -1], [7781, 1, 13326], [7781, 1, 13524], [7781, -1, -1], [7782, -1, -1], [7783, 1, 10289], [7783, 1, 10327], [7783, 1, 10519], [7783, 1, 11494], [7783, 1, 11693], [7783, 1, 11755], [7783, 1, 11943], [7783, -1, -1], [7784, 1, 11192], [7784, 1, 11391], [7784, -1, -1], [7785, 1, 12255], [7785, 1, 12286], [7785, 1, 12486], [7785, -1, -1], [7786, 1, 11893], [7786, 1, 12096], [7786, -1, -1], [7787, -1, -1]]"
1752927240.0983,6.00005067139864,12805.821071307273,12805.821416272747,12816.461753065643,15865.460891638904,"[[7789, 1, 11123], [7789, 1, 11327], [7789, 1, 13383], [7789, 1, 13558], [7789, 1, 13790], [7789, -1, -1], [7790, 1, 11446], [7790, 1, 11481], [7790, 1, 11676], [7790, -1, -1], [7791, -1, -1], [7792, -1, -1], [7793, -1, -1], [7794, 1, 10138], [7794, 1, 10343], [7794, 1, 10653], [7794, 1, 12708], [7794, 1, 12892], [7794, -1, -1], [7795, -1, -1], [7796, 1, 12347], [7796, 1, 12546], [7796, -1, -1], [7797, -1, -1], [7798, -1, -1]]"
1752927240.2093,8.000050999224186,12805.821037201595,12805.821416272747,12816.46174506038,15865.460891638904,"[[7800, -1, -1], [7801, -1, -1], [7802, -1, -1], [7803, 1, 10197], [7803, 1, 10397], [7803, 1, 10718], [7803, 1, 10917], [7803, -1, -1], [7804, -1, -1], [7805, -1, -1], [7806, 1, 12060], [7806, 1, 12269], [7806, 1, 12778], [7806, 1, 12977], [7806, -1, -1], [7807, -1, -1], [7808, 1, 10196], [7808, 1, 10380], [7808, 1, 10408], [7808, 1, 10612], [7808, 1, 12062], [7808, 1, 12099], [7808, 1, 12292], [7808, -1, -1], [7809, 1, 10223], [7809, -1, -1]]"
1752927240.3198,10.000051327049732,12805.821037201595,12805.821419521439,12816.46174506038,15865.460891638904,"[[7811, 1, 10763], [7811, 1, 10948], [7811, 1, 12965], [7811, 1, 13149], [7811, -1, -1], [7812, -1, -1], [7813, 1, 10075], [7813, 1, 10264], [7813, 1, 10924], [7813, -1, -1], [7814, 1, 12948], [7814, 1, 13134], [7814, 1, 14752], [7814, 1, 14936], [7814, -1, -1], [7815, 1, 11826], [7815, 1, 12011], [7815, -1, -1], [7816, 1, 10748], [7816, 1, 10782], [7816, 1, 10978], [7816, -1, -1], [7817, -1, -1], [7818, 1, 12725], [7818, 1, 12763], [7818, 1, 12955], [7818, -1, -1], [7819, -1, -1], [7820, -1, -1], [7821, -1, -1]]"
1752927240.4318,12.000051654875278,12805.821129853452,12805.821419521439,12816.461751367526,15865.460891638904,"[[7822, 1, 10736], [7822, 1, 10939], [7822, -1, -1], [7823, -1, -1], [7824, -1, -1], [7825, 1, 11595], [7825, 1, 11797], [7825, -1, -1], [7826, -1, -1], [7827, -1, -1], [7828, 1, 11315], [7828, 1, 11514], [7828, 1, 11722], [7828, 1, 12190], [7828, 1, 12392], [7828, 1, 12674], [7828, -1, -1], [7829, 1, 10618], [7829, 1, 10822], [7829, 1, 10944], [7829, -1, -1], [7830, 1, 10609], [7830, 1, 10812], [7830, 1, 11358], [7830, 1, 11543], [7830, -1, -1], [7831, -1, -1], [7832, 1, 10830], [7832, 1, 11015], [7832, -1, -1]]"
1752927240.5418,14.00005105137825,12805.821213748926,12805.821407480134,12816.461751367526,15865.460891638904,"[[7833, -1, -1], [7834, -1, -1], [7835, -1, -1], [7836, 1, 16420], [7836, 1, 16465], [7836, 1, 16668], [7836, -1, -1], [7837, -1, -1], [7838, -1, -1], [7839, -1, -1], [7840, 1, 11364], [7840, 1, 11567], [7840, -1, -1], [7841, -1, -1], [7842, -1, -1], [7843, -1, -1]]"
1752927240.6528,16.000051379203796,12805.821213748926,12805.821407480134,12816.461748239979,15865.460891638904,"[[7844, -1, -1], [7845, -1, -1], [7846, -1, -1], [7847, -1, -1], [7848, 1, 12272], [7848, 1, 12476], [7848, 1, 12658], [7848, -1, -1], [7849, -1, -1], [7850, 1, 11841], [7850, 1, 12045], [7850, -1, -1], [7851, -1, -1], [7852, -1, -1], [7853, -1, -1], [7854, -1, -1]]"
1752927240.7628,18.000051707029343,12805.821166723796,12805.821418185169,12816.461748239979,15865.460891638904,"[[7855, -1, -1], [7856, -1, -1], [7857, 1, 11221], [7857, 1, 11406], [7857, -1, -1], [7858, -1, -1], [7859, -1, -1], [7860, -1, -1], [7861, -1, -1], [7862, -1, -1], [7863, -1, -1], [7864, -1, -1], [7865, -1, -1]]"
1752927240.8768,20.00005203485489,12805.821166723796,12805.821407461743,12816.461750132054,15865.460891638904,"[[7866, -1, -1], [7867, -1, -1], [7868, 1, 10656], [7868, 1, 10859], [7868, -1, -1], [7869, -1, -1], [7870, -1, -1], [7871, -1, -1], [7872, -1, -1], [7873, -1, -1], [7874, -1, -1], [7875, -1, -1], [7876, -1, -1]]"
1752927240.9868,22.000052362680435,12805.821017584292,12805.821407461743,12816.461750132054,15865.460891638904,"[[7877, -1, -1], [7878, -1, -1], [7879, -1, -1], [7880, -1, -1], [7881, -1, -1], [7882, -1, -1], [7883, -1, -1], [7884, -1, -1], [7885, -1, -1], [7886, -1, -1], [7887, -1, -1]]"
1752927241.0993,24.00005269050598,12805.821017584292,12805.821419718974,12816.461752006726,15865.460891638904,"[[7888, -1, -1], [7889, -1, -1], [7890, -1, -1], [7891, -1, -1], [7892, -1, -1], [7893, -1, -1], [7894, -1, -1], [7895, 1, 10210], [7895, 1, 10413], [7895, -1, -1], [7896, -1, -1], [7897, -1, -1], [7898, -1, -1]]"
1752927241.2108,26.000053018331528,12805.821067000305,12805.821419718974,12816.461752006726,15865.460891638904,"[[7900, -1, -1], [7901, -1, -1], [7902, -1, -1], [7903, -1, -1], [7904, -1, -1], [7905, -1, -1], [7906, -1, -1], [7907, -1, -1], [7908, -1, -1], [7909, -1, -1], [7910, -1, -1]]"
1752927241.3238,28.000053346157074,12805.821067000305,12805.82142518636,12816.46174712877,15865.460891638904,"[[7911, -1, -1], [7912, -1, -1], [7913, -1, -1], [7914, -1, -1], [7915, -1, -1], [7916, -1, -1], [7917, -1, -1], [7918, -1, -1], [7919, -1, -1], [7920, -1, -1], [7921, -1, -1]]"
1752927241.4338,30.00005367398262,12805.821118004951,12805.82142518636,12816.46174712877,15865.460891638904,"[[7922, -1, -1], [7923, -1, -1], [7924, -1, -1], [7925, -1, -1], [7926, -1, -1], [7927, -1, -1], [7928, -1, -1], [7929, -1, -1], [7930, -1, -1], [7931, -1, -1], [7932, -1, -1]]"
1752927241.5448,32.00005400180817,12805.821118004951,12805.821428191217,12816.461747097643,15865.460891638904,"[[7933, -1, -1], [7934, -1, -1], [7935, -1, -1], [7936, -1, -1], [7937, -1, -1], [7938, -1, -1], [7939, -1, -1], [7940, -1, -1], [7941, -1, -1], [7942, -1, -1], [7943, -1, -1]]"
1752927241.6558,34.00005432963371,12805.82116817466,12805.821428191217,12816.461747097643,15865.460891638904,"[[7944, -1, -1], [7945, -1, -1], [7946, -1, -1], [7947, -1, -1], [7948, -1, -1], [7949, -1, -1], [7950, -1, -1], [7951, -1, -1], [7952, -1, -1], [7953, -1, -1], [7954, -1, -1]]"
1752927241.7684,36.00005465745926,12805.82116817466,12805.821404712748,12816.461746803809,15865.460891638904,"[[7955, -1, -1], [7956, -1, -1], [7957, -1, -1], [7958, -1, -1], [7959, -1, -1], [7960, -1, -1], [7961, -1, -1], [7962, -1, -1], [7963, -1, -1], [7964, -1, -1], [7965, -1, -1]]"
1752927241.8798,38.000054985284805,12805.821151434237,12805.821404712748,12816.461750566672,15865.460891638904,"[[7967, -1, -1], [7968, -1, -1], [7969, 1, 11103], [7969, 1, 11302], [7969, -1, -1], [7970, -1, -1], [7971, -1, -1], [7972, -1, -1], [7973, -1, -1], [7974, -1, -1], [7975, -1, -1], [7976, -1, -1], [7977, -1, -1]]"
1752927241.9908,40.00005531311035,12805.821151434237,12805.821399665174,12816.461750566672,15865.460891638904,"[[7978, -1, -1], [7979, -1, -1], [7980, -1, -1], [7981, -1, -1], [7982, -1, -1], [7983, -1, -1], [7984, -1, -1], [7985, -1, -1], [7986, -1, -1], [7987, -1, -1], [7988, -1, -1]]"
1752927242.1018,42.0000556409359,12805.82101760182,12805.821399665174,12816.461751842955,15865.460891638904,"[[7989, -1, -1], [7990, -1, -1], [7991, -1, -1], [7992, -1, -1], [7993, -1, -1], [7994, -1, -1], [7995, -1, -1], [7996, -1, -1], [7997, -1, -1], [7998, -1, -1], [7999, -1, -1]]"
1752927242.216,44.000055968761444,12805.82101760182,12805.8213858295,12816.461751842955,15865.460891638904,"[[8000, -1, -1], [8001, -1, -1], [8002, 1, 10794], [8002, 1, 10997], [8002, -1, -1], [8003, -1, -1], [8004, -1, -1], [8005, -1, -1], [8006, -1, -1], [8007, -1, -1], [8008, -1, -1], [8009, -1, -1], [8010, -1, -1]]"
1752927242.3268,46.00005629658699,12805.821024152496,12805.8213858295,12816.46175038562,15865.460891638904,"[[8011, -1, -1], [8012, -1, -1], [8013, -1, -1], [8014, -1, -1], [8015, -1, -1], [8016, -1, -1], [8017, -1, -1], [8018, -1, -1], [8019, -1, -1], [8020, -1, -1], [8021, -1, -1]]"
1752927242.4378,48.00005662441254,12805.821024152496,12805.821368648296,12816.46175038562,15865.460891638904,"[[8022, -1, -1], [8023, -1, -1], [8024, -1, -1], [8025, -1, -1], [8026, -1, -1], [8027, -1, -1], [8028, -1, -1], [8029, -1, -1], [8030, -1, -1], [8031, -1, -1], [8032, -1, -1]]"
1752927242.5483,50.00005695223808,12805.821113415997,12805.821368648296,12816.461745312748,15865.460891638904,"[[8033, -1, -1], [8034, -1, -1], [8035, -1, -1], [8036, -1, -1], [8037, -1, -1], [8038, -1, -1], [8039, -1, -1], [8040, -1, -1], [8041, -1, -1], [8042, -1, -1], [8043, -1, -1]]"
1752927242.6588,52.00005728006363,12805.821113415997,12805.821371974089,12816.461745312748,15865.460891638904,"[[8045, -1, -1], [8046, -1, -1], [8047, -1, -1], [8048, -1, -1], [8049, -1, -1], [8050, -1, -1], [8051, -1, -1], [8052, -1, -1], [8053, -1, -1], [8054, 1, 12677], [8054, 1, 12863], [8054, -1, -1], [8055, -1, -1]]"
1752927242.7708,54.000057607889175,12805.82112100008,12805.821371974089,12816.461748352887,15865.460891638904,"[[8056, -1, -1], [8057, -1, -1], [8058, 1, 9316], [8058, 1, 9347], [8058, 1, 9547], [8058, 1, 9887], [8058, 1, 10176], [8058, -1, -1], [8059, -1, -1], [8060, -1, -1], [8061, -1, -1], [8062, -1, -1], [8063, -1, -1], [8064, -1, -1], [8065, -1, -1], [8066, -1, -1]]"
1752927242.8818,56.00005793571472,12805.821087691496,12805.821384161552,12816.461748352887,15865.460891638904,"[[8067, -1, -1], [8068, -1, -1], [8069, -1, -1], [8070, -1, -1], [8071, -1, -1], [8072, -1, -1], [8073, -1, -1], [8074, -1, -1], [8075, -1, -1], [8076, -1, -1], [8077, -1, -1]]"
1752927242.9938,58.00005826354027,12805.821087691496,12805.821382569922,12816.461757764668,15865.460891638904,"[[8078, -1, -1], [8079, -1, -1], [8080, -1, -1], [8081, -1, -1], [8082, -1, -1], [8083, -1, -1], [8084, -1, -1], [8085, -1, -1], [8086, -1, -1], [8087, -1, -1], [8088, -1, -1]]"
1752927243.1038,60.000058591365814,12805.82105160053,12805.821382569922,12816.461757764668,15865.460891638904,"[[8089, -1, -1], [8090, -1, -1], [8091, -1, -1], [8092, -1, -1], [8093, -1, -1], [8094, -1, -1], [8095, -1, -1], [8096, -1, -1], [8097, -1, -1], [8098, -1, -1], [8099, -1, -1]]"
1752927243.2138,62.00005519390106,12805.82105160053,12805.821384208479,12816.461746061306,15865.460891638904,"[[8100, -1, -1], [8101, -1, -1], [8102, -1, -1], [8103, -1, -1], [8104, -1, -1], [8105, -1, -1], [8106, -1, -1], [8107, -1, -1], [8108, -1, -1], [8109, -1, -1], [8110, -1, -1]]"
1752927243.3248,64.00005179643631,12805.821070667771,12805.821384208479,12816.461746061306,15865.460891638904,"[[8111, -1, -1], [8112, -1, -1], [8113, -1, -1], [8114, -1, -1], [8115, -1, -1], [8116, -1, -1], [8117, -1, -1], [8118, -1, -1], [8119, -1, -1], [8120, -1, -1], [8121, -1, -1]]"
1752927243.4348,66.00004839897156,12805.821070667771,12805.821389943316,12816.461750810347,15865.460891638904,"[[8122, -1, -1], [8123, -1, -1], [8124, -1, -1], [8125, -1, -1], [8126, -1, -1], [8127, -1, -1], [8128, -1, -1], [8129, -1, -1], [8130, -1, -1], [8131, -1, -1], [8132, -1, -1]]"
1752927243.5466,68.0000450015068,12805.820994179596,12805.821389943316,12816.461750810347,15865.460891638904,"[[8133, -1, -1], [8134, -1, -1], [8135, -1, -1], [8136, -1, -1], [8137, -1, -1], [8138, -1, -1], [8139, -1, -1], [8140, -1, -1], [8141, -1, -1], [8142, -1, -1], [8143, -1, -1]]"
1752927243.6593,70.00004160404205,12805.820994179596,12805.821387997044,12816.461743240123,15865.460891638904,"[[8144, -1, -1], [8145, -1, -1], [8146, -1, -1], [8147, -1, -1], [8148, -1, -1], [8149, -1, -1], [8150, -1, -1], [8151, -1, -1], [8152, -1, -1], [8153, -1, -1], [8154, -1, -1]]"
1752927243.7708,72.0000382065773,12805.820996400034,12805.821387997044,12816.461743240123,15865.460891638904,"[[8156, -1, -1], [8157, -1, -1], [8158, -1, -1], [8159, -1, -1], [8160, -1, -1], [8161, -1, -1], [8162, -1, -1], [8163, -1, -1], [8164, -1, -1], [8165, -1, -1], [8166, -1, -1]]"
1752927243.8818,74.00003480911255,12805.820996400034,12805.821387807364,12816.461755753431,15865.460891638904,"[[8167, -1, -1], [8168, -1, -1], [8169, -1, -1], [8170, -1, -1], [8171, -1, -1], [8172, -1, -1], [8173, -1, -1], [8174, -1, -1], [8175, -1, -1], [8176, -1, -1], [8177, -1, -1]]"
1752927243.9918,76.0000314116478,12805.821142226696,12805.821387807364,12816.461755753431,15865.460891638904,"[[8178, -1, -1], [8179, -1, -1], [8180, -1, -1], [8181, -1, -1], [8182, -1, -1], [8183, -1, -1], [8184, -1, -1], [8185, -1, -1], [8186, -1, -1], [8187, -1, -1], [8188, -1, -1]]"
1752927244.1048,78.00002801418304,12805.821142226696,12805.821387399297,12816.461748044272,15865.460891638904,"[[8189, -1, -1], [8190, -1, -1], [8191, -1, -1], [8192, -1, -1], [8193, -1, -1], [8194, -1, -1], [8195, -1, -1], [8196, -1, -1], [8197, -1, -1], [8198, -1, -1], [8199, 1, 11526], [8199, 1, 11729], [8199, -1, -1]]"
1752927244.2159,80.00002461671829,12805.821135660133,12805.821387399297,12816.461748044272,15865.460891638904,"[[8200, -1, -1], [8201, -1, -1], [8202, -1, -1], [8203, -1, -1], [8204, -1, -1], [8205, -1, -1], [8206, -1, -1], [8207, -1, -1], [8208, -1, -1], [8209, -1, -1], [8210, -1, -1]]"
1752927244.3258,82.00002121925354,12805.821135660133,12805.821383892875,12816.461743125295,15865.460891638904,"[[8211, -1, -1], [8212, -1, -1], [8213, -1, -1], [8214, -1, -1], [8215, -1, -1], [8216, -1, -1], [8217, -1, -1], [8218, -1, -1], [8219, -1, -1], [8220, -1, -1], [8221, -1, -1]]"
1752927244.4358,84.00001782178879,12805.82117870642,12805.821383892875,12816.461740278817,15865.460891638904,"[[8222, 1, 12007], [8222, 1, 12207], [8222, -1, -1], [8223, -1, -1], [8224, -1, -1], [8225, -1, -1], [8226, -1, -1], [8227, -1, -1], [8228, -1, -1], [8229, -1, -1], [8230, -1, -1], [8231, -1, -1], [8232, 1, 11071], [8232, 1, 11270], [8232, -1, -1]]"
1752927244.5458,86.00001442432404,12805.82117870642,12805.821375382291,12816.461740278817,15865.460891638904,"[[8233, -1, -1], [8234, -1, -1], [8235, -1, -1], [8236, -1, -1], [8237, -1, -1], [8238, -1, -1], [8239, -1, -1], [8240, -1, -1], [8241, -1, -1], [8242, -1, -1], [8243, -1, -1]]"
1752927244.6565,88.00001102685928,12805.821046024093,12805.821375382291,12816.461756148608,15865.460891638904,"[[8244, -1, -1], [8245, -1, -1], [8246, -1, -1], [8247, -1, -1], [8248, -1, -1], [8249, -1, -1], [8250, -1, -1], [8251, -1, -1], [8252, -1, -1], [8253, -1, -1], [8254, -1, -1]]"
1752927244.7678,90.00000762939453,12805.821046024093,12805.821372494167,12816.461756148608,15865.460891638904,"[[8255, -1, -1], [8256, -1, -1], [8257, -1, -1], [8258, -1, -1], [8259, 1, 11455], [8259, 1, 11659], [8259, -1, -1], [8260, -1, -1], [8261, -1, -1], [8262, -1, -1], [8263, -1, -1], [8264, -1, -1], [8265, -1, -1]]"
1752927244.8778,92.00000423192978,12805.821120605826,12805.821372494167,12816.461749611692,15865.460891638904,"[[8266, -1, -1], [8267, -1, -1], [8268, -1, -1], [8269, -1, -1], [8270, -1, -1], [8271, -1, -1], [8272, -1, -1], [8273, -1, -1], [8274, -1, -1], [8275, -1, -1], [8276, -1, -1]]"
1752927244.9878,94.00000083446503,12805.821120605826,12805.82140017597,12816.461749611692,15865.460891638904,"[[8277, -1, -1], [8278, -1, -1], [8279, -1, -1], [8280, -1, -1], [8281, -1, -1], [8282, -1, -1], [8283, -1, -1], [8284, -1, -1], [8285, -1, -1], [8286, -1, -1], [8287, -1, -1]]"
1752927245.0958,95.99999743700027,12805.821206485047,12805.82140017597,12816.461743564385,15865.460891638904,"[[8288, -1, -1], [8289, -1, -1], [8290, -1, -1], [8291, -1, -1], [8292, -1, -1], [8293, -1, -1], [8294, -1, -1], [8295, -1, -1], [8296, -1, -1], [8297, -1, -1], [8298, -1, -1]]"
1752927245.2069,97.99999403953552,12805.821206485047,12805.821409979138,12816.461743564385,15865.460891638904,"[[8299, -1, -1], [8300, -1, -1], [8301, -1, -1], [8302, -1, -1], [8303, -1, -1], [8304, -1, -1], [8305, -1, -1], [8306, -1, -1], [8307, -1, -1], [8308, -1, -1], [8309, -1, -1]]"
1752927245.3168,99.99999064207077,12805.8211738813,12805.821409979138,12816.461741351408,15865.460891638904,"[[8310, -1, -1], [8311, -1, -1], [8312, -1, -1], [8313, -1, -1], [8314, -1, -1], [8315, -1, -1], [8316, -1, -1], [8317, -1, -1], [8318, -1, -1], [8319, -1, -1], [8320, -1, -1]]"
1752927245.4258,101.99998724460602,12805.8211738813,12805.821414852218,12816.461741351408,15865.460891638904,"[[8321, -1, -1], [8322, -1, -1], [8323, -1, -1], [8324, -1, -1], [8325, -1, -1], [8326, -1, -1], [8327, -1, -1], [8328, -1, -1], [8329, -1, -1], [8330, -1, -1], [8331, -1, -1]]"
1752927245.5378,103.99998384714127,12805.821126943394,12805.821414852218,12816.461754614966,15865.460891638904,"[[8332, -1, -1], [8333, -1, -1], [8334, -1, -1], [8335, -1, -1], [8336, -1, -1], [8337, -1, -1], [8338, -1, -1], [8339, -1, -1], [8340, -1, -1], [8341, -1, -1], [8342, -1, -1]]"
1752927245.6483,105.99998044967651,12805.821126943394,12805.821407880368,12816.461754614966,15865.460891638904,"[[8343, -1, -1], [8344, -1, -1], [8345, -1, -1], [8346, -1, -1], [8347, -1, -1], [8348, -1, -1], [8349, -1, -1], [8350, -1, -1], [8351, -1, -1], [8352, -1, -1], [8353, -1, -1]]"
1752927245.7578,107.99997705221176,12805.821050189543,12805.821407880368,12816.461751329261,15865.460891638904,"[[8355, -1, -1], [8356, -1, -1], [8357, -1, -1], [8358, -1, -1], [8359, -1, -1], [8360, -1, -1], [8361, -1, -1], [8362, -1, -1], [8363, -1, -1], [8364, -1, -1]]"
1752927245.8678,109.99997365474701,12805.821187954283,12805.8213890629,12816.461751329261,15865.460891638904,"[[8365, -1, -1], [8366, -1, -1], [8367, -1, -1], [8368, -1, -1], [8369, -1, -1], [8370, -1, -1], [8371, -1, -1], [8372, -1, -1], [8373, -1, -1], [8374, -1, -1], [8375, -1, -1]]"
1752927245.9793,111.99997025728226,12805.821187954283,12805.8213890629,12816.461742732175,15865.460891638904,"[[8376, -1, -1], [8377, -1, -1], [8378, -1, -1], [8379, -1, -1], [8380, -1, -1], [8381, -1, -1], [8382, -1, -1], [8383, -1, -1], [8384, -1, -1], [8385, -1, -1], [8386, -1, -1]]"
1752927246.0898,113.9999668598175,12805.82121208317,12805.821379656541,12816.461742732175,15865.460891638904,"[[8388, -1, -1], [8389, -1, -1], [8390, -1, -1], [8391, -1, -1], [8392, -1, -1], [8393, -1, -1], [8394, -1, -1], [8395, -1, -1], [8396, -1, -1], [8397, -1, -1], [8398, -1, -1]]"
1752927246.2009,115.99996346235275,12805.82121208317,12805.821379884022,12816.461748788479,15865.460891638904,"[[8399, -1, -1], [8400, -1, -1], [8401, -1, -1], [8402, -1, -1], [8403, -1, -1], [8404, -1, -1], [8405, -1, -1], [8406, -1, -1], [8407, -1, -1], [8408, -1, -1], [8409, -1, -1]]"
1752927246.3108,117.999960064888,12805.821179334003,12805.821379884022,12816.461748788479,15865.460891638904,"[[8410, -1, -1], [8411, -1, -1], [8412, -1, -1], [8413, -1, -1], [8414, -1, -1], [8415, -1, -1], [8416, -1, -1], [8417, -1, -1], [8418, -1, -1], [8419, -1, -1], [8420, -1, -1]]"
1752927246.4238,119.99995666742325,12805.821179334003,12805.821392418466,12816.461743652262,15865.460891638904,"[[8421, -1, -1], [8422, -1, -1], [8423, -1, -1], [8424, -1, -1], [8425, -1, -1], [8426, -1, -1], [8427, -1, -1], [8428, -1, -1], [8429, -1, -1], [8430, -1, -1], [8431, -1, -1]]"
1752927246.5338,121.9999532699585,12805.821122731859,12805.821392418466,12816.461743652262,15865.460891638904,"[[8432, -1, -1], [8433, -1, -1], [8434, -1, -1], [8435, -1, -1], [8436, -1, -1], [8437, -1, -1], [8438, -1, -1], [8439, -1, -1], [8440, 1, 14311], [8440, 1, 14514], [8440, -1, -1], [8441, -1, -1], [8442, -1, -1]]"
1752927246.6434,123.99995732307434,12805.821122731859,12805.821396848876,12816.46175795805,15865.460891638904,"[[8443, -1, -1], [8444, -1, -1], [8445, -1, -1], [8446, -1, -1], [8447, -1, -1], [8448, -1, -1], [8449, -1, -1], [8450, -1, -1], [8451, -1, -1], [8452, -1, -1], [8453, -1, -1]]"
1752927246.7549,125.99996137619019,12805.821028809038,12805.821396848876,12816.46175795805,15865.460891638904,"[[8454, -1, -1], [8455, -1, -1], [8456, -1, -1], [8457, -1, -1], [8458, -1, -1], [8459, -1, -1], [8460, -1, -1], [8461, -1, -1], [8462, -1, -1], [8463, -1, -1], [8464, -1, -1]]"
1752927246.8658,127.99996542930603,12805.821028809038,12805.821406585286,12816.461748438624,15865.460891638904,"[[8465, -1, -1], [8466, -1, -1], [8467, -1, -1], [8468, -1, -1], [8469, -1, -1], [8470, -1, -1], [8471, -1, -1], [8472, -1, -1], [8473, -1, -1], [8474, -1, -1], [8475, -1, -1]]"
1752927246.9748,129.99996948242188,12805.821115777439,12805.821406585286,12816.461748438624,15865.460891638904,"[[8476, -1, -1], [8477, -1, -1], [8478, -1, -1], [8479, -1, -1], [8480, -1, -1], [8481, -1, -1], [8482, -1, -1], [8483, -1, -1], [8484, -1, -1], [8485, -1, -1], [8486, -1, -1]]"
1752927247.0848,131.99997353553772,12805.821115777439,12805.821410669072,12816.461739429456,15865.460891638904,"[[8487, -1, -1], [8488, -1, -1], [8489, -1, -1], [8490, -1, -1], [8491, -1, -1], [8492, -1, -1], [8493, -1, -1], [8494, -1, -1], [8495, -1, -1], [8496, -1, -1], [8497, -1, -1]]"
1752927247.1948,133.99997758865356,12805.821193106725,12805.821410669072,12816.461743952774,15865.460891638904,"[[8498, -1, -1], [8499, -1, -1], [8500, -1, -1], [8501, -1, -1], [8502, -1, -1], [8503, -1, -1], [8504, -1, -1], [8505, -1, -1], [8506, -1, -1], [8507, -1, -1], [8508, -1, -1]]"
1752927247.3048,135.9999816417694,12805.821193106725,12805.82140121026,12816.461743952774,15865.460891638904,"[[8509, -1, -1], [8510, -1, -1], [8511, -1, -1], [8512, -1, -1], [8513, -1, -1], [8514, -1, -1], [8515, -1, -1], [8516, -1, -1], [8517, -1, -1], [8518, -1, -1], [8519, -1, -1]]"
1752927247.4138,137.99998569488525,12805.82123495209,12805.82140121026,12816.461744865568,15865.460891638904,"[[8520, -1, -1], [8521, -1, -1], [8522, -1, -1], [8523, -1, -1], [8524, -1, -1], [8525, -1, -1], [8526, -1, -1], [8527, -1, -1], [8528, -1, -1], [8529, -1, -1], [8530, -1, -1]]"
1752927247.5238,139.9999897480011,12805.82123495209,12805.82138575321,12816.461744865568,15865.460891638904,"[[8531, -1, -1], [8532, -1, -1], [8533, -1, -1], [8534, -1, -1], [8535, -1, -1], [8536, -1, -1], [8537, -1, -1], [8538, -1, -1], [8539, -1, -1], [8540, -1, -1], [8541, -1, -1]]"
1752927247.6338,141.99999380111694,12805.821092090666,12805.82138575321,12816.461745077017,15865.460891638904,"[[8542, -1, -1], [8543, -1, -1], [8544, -1, -1], [8545, -1, -1], [8546, -1, -1], [8547, -1, -1], [8548, -1, -1], [8549, -1, -1], [8550, -1, -1], [8551, -1, -1], [8552, -1, -1]]"
1752927247.7448,143.9999978542328,12805.821092090666,12805.821389091914,12816.461745077017,15865.460891638904,"[[8553, -1, -1], [8554, -1, -1], [8555, -1, -1], [8556, -1, -1], [8557, -1, -1], [8558, -1, -1], [8559, -1, -1], [8560, -1, -1], [8561, -1, -1], [8562, -1, -1], [8563, -1, -1]]"
1752927247.8539,146.00000190734863,12805.82110924367,12805.821389091914,12816.46174769024,15865.460891638904,"[[8564, -1, -1], [8565, -1, -1], [8566, -1, -1], [8567, 1, 11700], [8567, 1, 11731], [8567, 1, 11931], [8567, 1, 13044], [8567, -1, -1], [8568, -1, -1], [8569, -1, -1], [8570, -1, -1], [8571, -1, -1], [8572, -1, -1], [8573, -1, -1], [8574, -1, -1]]"
1752927247.9628,148.00000596046448,12805.82110924367,12805.821386854095,12816.46174769024,15865.460891638904,"[[8575, -1, -1], [8576, -1, -1], [8577, -1, -1], [8578, -1, -1], [8579, -1, -1], [8580, -1, -1], [8581, -1, -1], [8582, -1, -1], [8583, -1, -1], [8584, -1, -1], [8585, -1, -1]]"
1752927248.0729,150.00001001358032,12805.821042342124,12805.821386854095,12816.461747523543,15865.460891638904,"[[8586, -1, -1], [8587, -1, -1], [8588, -1, -1], [8589, -1, -1], [8590, -1, -1], [8591, -1, -1], [8592, -1, -1], [8593, -1, -1], [8594, -1, -1], [8595, -1, -1], [8596, -1, -1]]"
1752927248.1848,152.00001406669617,12805.821042342124,12805.82139381521,12816.461747523543,15865.460891638904,"[[8597, -1, -1], [8598, -1, -1], [8599, -1, -1], [8600, -1, -1], [8601, -1, -1], [8602, -1, -1], [8603, -1, -1], [8604, -1, -1], [8605, -1, -1], [8606, -1, -1], [8607, -1, -1]]"
1752927248.2949,154.000018119812,12805.821192861584,12805.82139381521,12816.461750958768,15865.460891638904,"[[8608, -1, -1], [8609, -1, -1], [8610, -1, -1], [8611, -1, -1], [8612, -1, -1], [8613, -1, -1], [8614, -1, -1], [8615, -1, -1], [8616, -1, -1], [8617, -1, -1], [8618, -1, -1]]"
1752927248.4058,156.00002217292786,12805.821243420965,12805.821404018876,12816.461750958768,15865.460891638904,"[[8619, -1, -1], [8620, -1, -1], [8621, -1, -1], [8622, -1, -1], [8623, -1, -1], [8624, -1, -1], [8625, -1, -1], [8626, -1, -1], [8627, -1, -1], [8628, -1, -1], [8629, -1, -1]]"
1752927248.5158,158.0000262260437,12805.821243420965,12805.821404018876,12816.461745875384,15865.460891638904,"[[8630, -1, -1], [8631, -1, -1], [8632, -1, -1], [8633, -1, -1], [8634, -1, -1], [8635, -1, -1], [8636, -1, -1], [8637, -1, -1], [8638, -1, -1], [8639, -1, -1], [8640, -1, -1]]"
1752927248.6269,160.00003027915955,12805.82131679486,12805.821397883568,12816.461745875384,15865.460891638904,"[[8641, -1, -1], [8642, -1, -1], [8643, -1, -1], [8644, -1, -1], [8645, -1, -1], [8646, -1, -1], [8647, -1, -1], [8648, -1, -1], [8649, -1, -1], [8650, -1, -1], [8651, -1, -1]]"
1752927248.7378,162.0000343322754,12805.82131679486,12805.821390659114,12816.461755574996,15865.460891638904,"[[8652, -1, -1], [8653, -1, -1], [8654, -1, -1], [8655, -1, -1], [8656, -1, -1], [8657, -1, -1], [8658, -1, -1], [8659, -1, -1], [8660, -1, -1], [8661, -1, -1], [8662, -1, -1]]"
1752927248.8478,164.00003838539124,12805.82131679486,12805.821390659114,12816.461755574996,15865.460891638904,"[[8663, -1, -1], [8664, -1, -1], [8665, -1, -1], [8666, -1, -1], [8667, -1, -1], [8668, -1, -1], [8669, -1, -1], [8670, -1, -1], [8671, -1, -1], [8672, -1, -1], [8673, -1, -1]]"
1752927248.9568,166.00004243850708,12805.821073831177,12805.821383502423,12816.461749343973,15865.460891638904,"[[8674, -1, -1], [8675, -1, -1], [8676, -1, -1], [8677, -1, -1], [8678, -1, -1], [8679, -1, -1], [8680, -1, -1], [8681, -1, -1], [8682, -1, -1], [8683, -1, -1], [8684, -1, -1]]"
1752927249.0677,168.00004649162292,12805.821074614503,12805.821383502423,12816.461749343973,15865.460891638904,"[[8685, -1, -1], [8686, -1, -1], [8687, -1, -1], [8688, -1, -1], [8689, -1, -1], [8690, -1, -1], [8691, -1, -1], [8692, -1, -1], [8693, -1, -1], [8694, -1, -1], [8695, -1, -1]]"
1752927249.1783,170.00005054473877,12805.821074614503,12805.821400402523,12816.46175246356,15865.460891638904,"[[8696, -1, -1], [8697, -1, -1], [8698, -1, -1], [8699, -1, -1], [8700, -1, -1], [8701, -1, -1], [8702, -1, -1], [8703, -1, -1], [8704, -1, -1], [8705, -1, -1], [8706, -1, -1]]"
1752927249.2893,172.00005459785461,12805.821095439818,12805.821400402523,12816.46175246356,15865.460891638904,"[[8708, -1, -1], [8709, -1, -1], [8710, -1, -1], [8711, -1, -1], [8712, -1, -1], [8713, -1, -1], [8714, -1, -1], [8715, -1, -1], [8716, -1, -1], [8717, -1, -1]]"
1752927249.3998,174.00005865097046,12805.821095439818,12805.821397054973,12816.461749506885,15865.460891638904,"[[8719, -1, -1], [8720, -1, -1], [8721, -1, -1], [8722, -1, -1], [8723, -1, -1], [8724, -1, -1], [8725, -1, -1], [8726, -1, -1], [8727, -1, -1], [8728, -1, -1], [8729, -1, -1]]"
1752927249.5108,176.0000627040863,12805.821262935277,12805.821397054973,12816.461749506885,15865.460891638904,"[[8730, -1, -1], [8731, -1, -1], [8732, -1, -1], [8733, -1, -1], [8734, -1, -1], [8735, -1, -1], [8736, -1, -1], [8737, -1, -1], [8738, -1, -1], [8739, -1, -1], [8740, -1, -1]]"
1752927249.6238,178.00006675720215,12805.821262935277,12805.821411650142,12816.461749788505,15865.460891638904,"[[8741, -1, -1], [8742, -1, -1], [8743, -1, -1], [8744, -1, -1], [8745, -1, -1], [8746, -1, -1], [8747, -1, -1], [8748, -1, -1], [8749, -1, -1], [8750, -1, -1], [8751, -1, -1]]"
1752927249.7348,180.000070810318,12805.821205669845,12805.821411650142,12816.461757058707,15865.460891638904,"[[8752, -1, -1], [8753, -1, -1], [8754, -1, -1], [8755, -1, -1], [8756, -1, -1], [8757, -1, -1], [8758, -1, -1], [8759, -1, -1], [8760, -1, -1], [8761, -1, -1], [8762, -1, -1]]"
1752927249.8458,182.00007486343384,12805.821205669845,12805.82141797258,12816.461757058707,15865.460891638904,"[[8763, -1, -1], [8764, -1, -1], [8765, -1, -1], [8766, -1, -1], [8767, -1, -1], [8768, -1, -1], [8769, -1, -1], [8770, -1, -1], [8771, -1, -1], [8772, -1, -1], [8773, -1, -1]]"
1752927249.9558,184.00007891654968,12805.821096732905,12805.82141797258,12816.461757058707,15865.460891638904,"[[8774, -1, -1], [8775, -1, -1], [8776, -1, -1], [8777, -1, -1], [8778, -1, -1], [8779, -1, -1], [8780, -1, -1], [8781, -1, -1], [8782, -1, -1], [8783, -1, -1], [8784, -1, -1]]"
1752927250.0658,186.00008296966553,12805.821096732905,12805.82141797258,12816.461754510949,15865.460891638904,"[[8785, -1, -1], [8786, -1, -1], [8787, -1, -1], [8788, -1, -1], [8789, -1, -1], [8790, -1, -1], [8791, -1, -1], [8792, -1, -1], [8793, -1, -1], [8794, -1, -1], [8795, -1, -1]]"
1752927250.177,188.00008702278137,12805.821096732905,12805.821408250638,12816.461754510949,15865.460891638904,"[[8796, -1, -1], [8797, -1, -1], [8798, -1, -1], [8799, -1, -1], [8800, -1, -1], [8801, -1, -1], [8802, -1, -1], [8803, -1, -1], [8804, -1, -1], [8805, -1, -1], [8806, -1, -1]]"
1752927250.2878,190.00009107589722,12805.821195222672,12805.821408250638,12816.461754510949,15865.460891638904,"[[8807, -1, -1], [8808, -1, -1], [8809, -1, -1], [8810, -1, -1], [8811, -1, -1], [8812, -1, -1], [8813, 1, 10604], [8813, 1, 10790], [8813, 1, 11028], [8813, -1, -1], [8814, -1, -1], [8815, -1, -1], [8816, -1, -1], [8817, -1, -1]]"
1752927250.3983,192.00009512901306,12805.821195222672,12805.821408250638,12816.461747976176,15865.460891638904,"[[8818, -1, -1], [8819, -1, -1], [8820, -1, -1], [8821, -1, -1], [8822, -1, -1], [8823, -1, -1], [8824, -1, -1], [8825, -1, -1], [8826, -1, -1], [8827, -1, -1], [8828, -1, -1]]"
1752927250.5119,194.0000991821289,12805.821195222672,12805.82142038617,12816.461747976176,15865.460891638904,"[[8830, -1, -1], [8831, -1, -1], [8832, -1, -1], [8833, -1, -1], [8834, -1, -1], [8835, -1, -1], [8836, -1, -1], [8837, -1, -1], [8838, -1, -1], [8839, -1, -1], [8840, -1, -1]]"
1752927250.6238,196.00010323524475,12805.821205118358,12805.82142038617,12816.461747976176,15865.460891638904,"[[8841, -1, -1], [8842, -1, -1], [8843, -1, -1], [8844, -1, -1], [8845, -1, -1], [8846, -1, -1], [8847, -1, -1], [8848, -1, -1], [8849, -1, -1], [8850, -1, -1], [8851, -1, -1]]"
1752927250.7458,-202.00000298023224,12805.821205118358,12805.821411666537,12816.461753482537,15865.460891638904,"[[8853, -1, -1], [8854, -1, -1], [8855, -1, -1], [8856, -1, -1], [8857, -1, -1], [8858, -1, -1], [8859, -1, -1], [8860, -1, -1], [8861, -1, -1], [8862, -1, -1], [8863, -1, -1]]"
1752927250.8558,-199.9999989271164,12805.82119622181,12805.821411666537,12816.461753482537,15865.460891638904,"[[8864, -1, -1], [8865, -1, -1], [8866, -1, -1], [8867, -1, -1], [8868, -1, -1], [8869, -1, -1], [8870, -1, -1], [8871, -1, -1], [8872, -1, -1], [8873, -1, -1], [8874, -1, -1]]"
1752927250.9678,-197.99999487400055,12805.82119622181,12805.821411666537,12816.461753482537,15865.460891638904,"[[8875, -1, -1], [8876, -1, -1], [8877, -1, -1], [8878, -1, -1], [8879, -1, -1], [8880, -1, -1], [8881, -1, -1], [8882, -1, -1], [8883, -1, -1], [8884, -1, -1], [8885, -1, -1]]"
1752927251.0778,-195.9999908208847,12805.82119622181,12805.821413748652,12816.461756186023,15865.460891638904,"[[8886, -1, -1], [8887, -1, -1], [8888, -1, -1], [8889, -1, -1], [8890, -1, -1], [8891, -1, -1], [8892, -1, -1], [8893, -1, -1], [8894, -1, -1], [8895, -1, -1], [8896, -1, -1]]"
1752927251.1878,-193.99998676776886,12805.821134756023,12805.821413748652,12816.461756186023,15865.460891638904,"[[8897, -1, -1], [8898, -1, -1], [8899, -1, -1], [8900, -1, -1], [8901, -1, -1], [8902, -1, -1], [8903, -1, -1], [8904, -1, -1], [8905, -1, -1], [8906, -1, -1], [8907, -1, -1]]"
1752927251.2993,-191.99998271465302,12805.821134756023,12805.82143096295,12816.461742563592,15865.460891638904,"[[8908, -1, -1], [8909, -1, -1], [8910, -1, -1], [8911, -1, -1], [8912, -1, -1], [8913, -1, -1], [8914, -1, -1], [8915, -1, -1], [8916, -1, -1], [8917, -1, -1], [8918, -1, -1]]"
1752927251.4098,-189.99997866153717,12805.82116662139,12805.82143096295,12816.461754405658,15865.460891638904,"[[8920, -1, -1], [8921, -1, -1], [8922, -1, -1], [8923, -1, -1], [8924, -1, -1], [8925, -1, -1], [8926, -1, -1], [8927, -1, -1], [8928, -1, -1], [8929, -1, -1], [8930, -1, -1]]"
1752927251.5208,-187.99997460842133,12805.82116662139,12805.821441920696,12816.461754405658,15865.460891638904,"[[8931, -1, -1], [8932, -1, -1], [8933, -1, -1], [8934, -1, -1], [8935, -1, -1], [8936, -1, -1], [8937, -1, -1], [8938, -1, -1], [8939, -1, -1], [8940, -1, -1], [8941, -1, -1]]"
1752927251.6298,-185.99997055530548,12805.821260322347,12805.821441920696,12816.461752869844,15865.460891638904,"[[8942, -1, -1], [8943, -1, -1], [8944, -1, -1], [8945, -1, -1], [8946, -1, -1], [8947, -1, -1], [8948, -1, -1], [8949, -1, -1], [8950, -1, -1], [8951, -1, -1], [8952, -1, -1]]"
1752927251.7393,-183.99996650218964,12805.821260322347,12805.821441395154,12816.461752869844,15865.460891638904,"[[8953, -1, -1], [8954, -1, -1], [8955, -1, -1], [8956, -1, -1], [8957, -1, -1], [8958, -1, -1], [8959, -1, -1], [8960, -1, -1], [8961, -1, -1], [8962, -1, -1]]"
1752927251.8494,-181.9999624490738,12805.821283396326,12805.821441395154,12816.461751041914,15865.460891638904,"[[8964, -1, -1], [8965, -1, -1], [8966, -1, -1], [8967, -1, -1], [8968, -1, -1], [8969, -1, -1], [8970, -1, -1], [8971, -1, -1], [8972, -1, -1], [8973, -1, -1], [8974, -1, -1]]"
1752927251.9598,-179.99995839595795,12805.821283396326,12805.82142692937,12816.461751041914,15865.460891638904,"[[8975, -1, -1], [8976, -1, -1], [8977, -1, -1], [8978, -1, -1], [8979, -1, -1], [8980, -1, -1], [8981, -1, -1], [8982, -1, -1], [8983, -1, -1], [8984, -1, -1], [8985, -1, -1]]"
1752927252.0698,-177.9999543428421,12805.821209689555,12805.82142692937,12816.461750000126,15865.460891638904,"[[8986, -1, -1], [8987, -1, -1], [8988, -1, -1], [8989, -1, -1], [8990, -1, -1], [8991, -1, -1], [8992, -1, -1], [8993, -1, -1], [8994, -1, -1], [8995, -1, -1], [8996, -1, -1]]"
1752927252.1793,-175.99995028972626,12805.821209689555,12805.821414909557,12816.461750000126,15865.460891638904,"[[8997, -1, -1], [8998, -1, -1], [8999, -1, -1], [9000, -1, -1], [9001, -1, -1], [9002, -1, -1], [9003, -1, -1], [9004, -1, -1], [9005, -1, -1], [9006, -1, -1]]"
1752927252.2898,-173.9999462366104,12805.821190386137,12805.821414909557,12816.461744061242,15865.460891638904,"[[9008, -1, -1], [9009, -1, -1], [9010, -1, -1], [9011, -1, -1], [9012, 1, 10983], [9012, -1, -1], [9013, -1, -1], [9014, -1, -1], [9015, -1, -1], [9016, -1, -1], [9017, -1, -1], [9018, -1, -1]]"
1752927252.3993,-171.99994218349457,12805.821190386137,12805.821403647631,12816.461744061242,15865.460891638904,"[[9019, -1, -1], [9020, -1, -1], [9021, 1, 12158], [9021, -1, -1], [9022, -1, -1], [9023, -1, -1], [9024, -1, -1], [9025, -1, -1], [9026, -1, -1], [9027, -1, -1], [9028, -1, -1]]"
1752927252.5108,-169.99993813037872,12805.821192011641,12805.821403647631,12816.461750957389,15865.460891638904,"[[9030, -1, -1], [9031, -1, -1], [9032, -1, -1], [9033, -1, -1], [9034, -1, -1], [9035, -1, -1], [9036, -1, -1], [9037, -1, -1], [9038, -1, -1], [9039, -1, -1], [9040, -1, -1]]"
1752927252.6198,-167.99993407726288,12805.821262625248,12805.821414419815,12816.461750957389,15865.460891638904,"[[9041, -1, -1], [9042, -1, -1], [9043, 1, 11402], [9043, 1, 11585], [9043, -1, -1], [9044, -1, -1], [9045, -1, -1], [9046, -1, -1], [9047, -1, -1], [9048, -1, -1], [9049, -1, -1], [9050, -1, -1], [9051, -1, -1]]"
1752927252.7338,-165.99993002414703,12805.821262625248,12805.821406206149,12816.46174679673,15865.460891638904,"[[9052, -1, -1], [9053, -1, -1], [9054, -1, -1], [9055, -1, -1], [9056, -1, -1], [9057, -1, -1], [9058, -1, -1], [9059, -1, -1], [9060, -1, -1], [9061, -1, -1], [9062, -1, -1]]"
1752927252.8438,-163.9999259710312,12805.821276733528,12805.821406206149,12816.46174679673,15865.460891638904,"[[9063, -1, -1], [9064, -1, -1], [9065, -1, -1], [9066, -1, -1], [9067, -1, -1], [9068, -1, -1], [9069, -1, -1], [9070, -1, -1], [9071, -1, -1], [9072, -1, -1], [9073, -1, -1]]"
1752927252.9529,-161.99992191791534,12805.821276733528,12805.821421780736,12816.461750807506,15865.460891638904,"[[9074, 1, 11772], [9074, -1, -1], [9075, -1, -1], [9076, -1, -1], [9077, -1, -1], [9078, -1, -1], [9079, -1, -1], [9080, -1, -1], [9081, -1, -1], [9082, -1, -1], [9083, -1, -1], [9084, -1, -1]]"
1752927253.0638,-159.9999178647995,12805.82128441938,12805.821421780736,12816.461750807506,15865.460891638904,"[[9085, -1, -1], [9086, -1, -1], [9087, -1, -1], [9088, -1, -1], [9089, -1, -1], [9090, -1, -1], [9091, -1, -1], [9092, -1, -1], [9093, -1, -1], [9094, -1, -1], [9095, -1, -1]]"
1752927253.173,-157.99991381168365,12805.82128441938,12805.821408000314,12816.461759869728,15865.460891638904,"[[9096, -1, -1], [9097, -1, -1], [9098, -1, -1], [9099, -1, -1], [9100, -1, -1], [9101, -1, -1], [9102, -1, -1], [9103, -1, -1], [9104, -1, -1], [9105, -1, -1], [9106, -1, -1]]"
1752927253.2838,-155.9999097585678,12805.821170462978,12805.821408000314,12816.461759869728,15865.460891638904,"[[9107, -1, -1], [9108, -1, -1], [9109, -1, -1], [9110, -1, -1], [9111, -1, -1], [9112, -1, -1], [9113, -1, -1], [9114, -1, -1], [9115, -1, -1], [9116, -1, -1], [9117, -1, -1]]"
1752927253.3938,-153.99990570545197,12805.821170462978,12805.821387286192,12816.461748133608,15865.460891638904,"[[9118, -1, -1], [9119, -1, -1], [9120, -1, -1], [9121, -1, -1], [9122, -1, -1], [9123, -1, -1], [9124, -1, -1], [9125, -1, -1], [9126, -1, -1], [9127, -1, -1], [9128, -1, -1]]"
1752927253.5038,-151.99990165233612,12805.82112921984,12805.821387286192,12816.461748133608,15865.460891638904,"[[9129, -1, -1], [9130, -1, -1], [9131, -1, -1], [9132, -1, -1], [9133, -1, -1], [9134, -1, -1], [9135, -1, -1], [9136, -1, -1], [9137, -1, -1], [9138, -1, -1], [9139, 1, 354783], [9139, -1, -1]]"
1752927253.6128,-149.99989759922028,12805.82112921984,12805.821378963046,12816.461742794156,15865.460891638904,"[[9140, -1, -1], [9141, -1, -1], [9142, -1, -1], [9143, -1, -1], [9144, -1, -1], [9145, -1, -1], [9146, -1, -1], [9147, -1, -1], [9148, -1, -1], [9149, -1, -1], [9150, -1, -1]]"
1752927253.7218,-147.99989354610443,12805.821213780502,12805.821378963046,12816.461742794156,15865.460891638904,"[[9151, -1, -1], [9152, -1, -1], [9153, -1, -1], [9154, -1, -1], [9155, -1, -1], [9156, -1, -1], [9157, -1, -1], [9158, -1, -1], [9159, -1, -1], [9160, -1, -1], [9161, -1, -1]]"
1752927253.8328,-145.9998894929886,12805.821213780502,12805.821374657817,12816.461754989925,15865.460891638904,"[[9162, -1, -1], [9163, -1, -1], [9164, -1, -1], [9165, -1, -1], [9166, -1, -1], [9167, -1, -1], [9168, -1, -1], [9169, -1, -1], [9170, -1, -1], [9171, -1, -1], [9172, -1, -1]]"
1752927253.9431,-143.99988543987274,12805.821294025473,12805.821374657817,12816.461748455587,15865.460891638904,"[[9173, -1, -1], [9174, -1, -1], [9175, -1, -1], [9176, -1, -1], [9177, -1, -1], [9178, -1, -1], [9179, -1, -1], [9180, -1, -1], [9181, -1, -1], [9182, -1, -1], [9183, -1, -1]]"
1752927254.0528,-141.9998813867569,12805.821294025473,12805.821362936476,12816.461748455587,15865.460891638904,"[[9184, -1, -1], [9185, -1, -1], [9186, -1, -1], [9187, -1, -1], [9188, -1, -1], [9189, -1, -1], [9190, -1, -1], [9191, -1, -1], [9192, -1, -1], [9193, -1, -1], [9194, -1, -1]]"
1752927254.1628,-139.99987733364105,12805.821224517078,12805.821362936476,12816.461751684054,15865.460891638904,"[[9195, -1, -1], [9196, -1, -1], [9197, -1, -1], [9198, -1, -1], [9199, -1, -1], [9200, 1, 364836], [9200, 1, 364871], [9200, 1, 365066], [9200, 1, 365222], [9200, -1, -1], [9201, -1, -1], [9202, -1, -1], [9203, -1, -1], [9204, -1, -1], [9205, -1, -1]]"
1752927254.2758,-137.9998732805252,12805.821224517078,12805.821364684849,12816.461751684054,15865.460891638904,"[[9206, -1, -1], [9207, -1, -1], [9208, -1, -1], [9209, -1, -1], [9210, -1, -1], [9211, -1, -1], [9212, -1, -1], [9213, -1, -1], [9214, -1, -1], [9215, -1, -1], [9216, -1, -1]]"
1752927254.3858,-135.99986922740936,12805.821147818464,12805.821364684849,12816.461751466233,15865.460891638904,"[[9217, -1, -1], [9218, -1, -1], [9219, -1, -1], [9220, -1, -1], [9221, -1, -1], [9222, -1, -1], [9223, -1, -1], [9224, -1, -1], [9225, -1, -1], [9226, -1, -1], [9227, -1, -1]]"
1752927254.4958,-133.99986517429352,12805.821147818464,12805.821367226807,12816.461751466233,15865.460891638904,"[[9228, -1, -1], [9229, -1, -1], [9230, -1, -1], [9231, -1, -1], [9232, -1, -1], [9233, -1, -1], [9234, -1, -1], [9235, -1, -1], [9236, -1, -1], [9237, -1, -1], [9238, -1, -1]]"
1752927254.6048,-131.99986112117767,12805.821082258404,12805.821367226807,12816.461746327699,15865.460891638904,"[[9239, 1, 10744], [9239, -1, -1], [9240, -1, -1], [9241, -1, -1], [9242, -1, -1], [9243, 1, 10801], [9243, 1, 10989], [9243, -1, -1], [9244, -1, -1], [9245, -1, -1], [9246, -1, -1], [9247, -1, -1], [9248, -1, -1], [9249, -1, -1]]"
1752927254.7158,-129.99985706806183,12805.821082258404,12805.821365344284,12816.461746327699,15865.460891638904,"[[9250, -1, -1], [9251, -1, -1], [9252, -1, -1], [9253, -1, -1], [9254, -1, -1], [9255, -1, -1], [9256, -1, -1], [9257, -1, -1], [9258, -1, -1], [9259, -1, -1], [9260, -1, -1]]"
1752927254.8268,-127.99985301494598,12805.821097912049,12805.821365344284,12816.461749297734,15865.460891638904,"[[9261, -1, -1], [9262, -1, -1], [9263, -1, -1], [9264, -1, -1], [9265, -1, -1], [9266, -1, -1], [9267, -1, -1], [9268, -1, -1], [9269, -1, -1], [9270, -1, -1], [9271, -1, -1]]"
1752927254.9358,-125.99985641241074,12805.821097912049,12805.821373850878,12816.461749297734,15865.460891638904,"[[9272, -1, -1], [9273, -1, -1], [9274, -1, -1], [9275, -1, -1], [9276, -1, -1], [9277, -1, -1], [9278, -1, -1], [9279, -1, -1], [9280, -1, -1], [9281, -1, -1], [9282, -1, -1]]"
1752927255.0458,-123.99985980987549,12805.821188456692,12805.821373850878,12816.461756708635,15865.460891638904,"[[9283, -1, -1], [9284, -1, -1], [9285, -1, -1], [9286, -1, -1], [9287, -1, -1], [9288, -1, -1], [9289, -1, -1], [9290, -1, -1], [9291, -1, -1], [9292, -1, -1], [9293, -1, -1]]"
1752927255.1558,-121.99986320734024,12805.821246145453,12805.821370888165,12816.461756708635,15865.460891638904,"[[9294, -1, -1], [9295, -1, -1], [9296, -1, -1], [9297, -1, -1], [9298, -1, -1], [9299, -1, -1], [9300, -1, -1], [9301, -1, -1], [9302, -1, -1], [9303, -1, -1], [9304, -1, -1]]"
1752927255.2683,-119.99986660480499,12805.821246145453,12805.821360216747,12816.46175455694,15865.460891638904,"[[9305, -1, -1], [9306, -1, -1], [9307, -1, -1], [9308, -1, -1], [9309, -1, -1], [9310, -1, -1], [9311, -1, -1], [9312, -1, -1], [9313, -1, -1], [9314, -1, -1], [9315, -1, -1]]"
1752927255.3778,-117.99987000226974,12805.82119498093,12805.821360216747,12816.46175455694,15865.460891638904,"[[9317, -1, -1], [9318, -1, -1], [9319, -1, -1], [9320, -1, -1], [9321, -1, -1], [9322, -1, -1], [9323, -1, -1], [9324, -1, -1], [9325, -1, -1], [9326, -1, -1]]"
1752927255.4868,-115.9998733997345,12805.82119498093,12805.821351263841,12816.461747395126,15865.460891638904,"[[9327, -1, -1], [9328, -1, -1], [9329, -1, -1], [9330, -1, -1], [9331, -1, -1], [9332, -1, -1], [9333, -1, -1], [9334, -1, -1], [9335, -1, -1], [9336, -1, -1], [9337, -1, -1]]"
1752927255.5958,-113.99987679719925,12805.821111136327,12805.821351263841,12816.461747395126,15865.460891638904,"[[9338, -1, -1], [9339, -1, -1], [9340, -1, -1], [9341, -1, -1], [9342, -1, -1], [9343, -1, -1], [9344, -1, -1], [9345, -1, -1], [9346, -1, -1], [9347, -1, -1], [9348, -1, -1]]"
1752927255.7058,-111.999880194664,12805.821111136327,12805.821379406436,12816.46175387752,15865.460891638904,"[[9349, -1, -1], [9350, -1, -1], [9351, -1, -1], [9352, -1, -1], [9353, -1, -1], [9354, -1, -1], [9355, -1, -1], [9356, -1, -1], [9357, -1, -1], [9358, -1, -1], [9359, -1, -1]]"
1752927255.8158,-109.99988359212875,12805.82115905195,12805.821379406436,12816.46175387752,15865.460891638904,"[[9360, -1, -1], [9361, -1, -1], [9362, -1, -1], [9363, -1, -1], [9364, -1, -1], [9365, -1, -1], [9366, -1, -1], [9367, -1, -1], [9368, 1, 11222], [9368, -1, -1], [9369, -1, -1], [9370, -1, -1]]"
1752927255.9259,-107.9998869895935,12805.82115905195,12805.821397302634,12816.461750290542,15865.460891638904,"[[9371, -1, -1], [9372, -1, -1], [9373, -1, -1], [9374, -1, -1], [9375, -1, -1], [9376, -1, -1], [9377, -1, -1], [9378, -1, -1], [9379, -1, -1], [9380, -1, -1], [9381, -1, -1]]"
1752927256.0358,-105.99989038705826,12805.821168180966,12805.821397302634,12816.461750290542,15865.460891638904,"[[9382, -1, -1], [9383, -1, -1], [9384, -1, -1], [9385, -1, -1], [9386, -1, -1], [9387, -1, -1], [9388, -1, -1], [9389, -1, -1], [9390, -1, -1], [9391, -1, -1], [9392, -1, -1]]"
1752927256.1478,-103.99989378452301,12805.821168180966,12805.82139897846,12816.461748656928,15865.460891638904,"[[9393, -1, -1], [9394, -1, -1], [9395, -1, -1], [9396, -1, -1], [9397, -1, -1], [9398, -1, -1], [9399, -1, -1], [9400, -1, -1], [9401, -1, -1], [9402, -1, -1], [9403, -1, -1]]"
1752927256.2582,-101.99989718198776,12805.821191903618,12805.82139897846,12816.461748656928,15865.460891638904,"[[9404, -1, -1], [9405, -1, -1], [9406, -1, -1], [9407, -1, -1], [9408, -1, -1], [9409, -1, -1], [9410, 1, 11164], [9410, 1, 11203], [9410, 1, 11394], [9410, -1, -1], [9411, -1, -1], [9412, -1, -1], [9413, -1, -1], [9414, -1, -1]]"
1752927256.3678,-99.99990057945251,12805.821191903618,12805.821403657645,12816.461749492413,15865.460891638904,"[[9416, -1, -1], [9417, -1, -1], [9418, -1, -1], [9419, -1, -1], [9420, -1, -1], [9421, -1, -1], [9422, -1, -1], [9423, -1, -1], [9424, -1, -1], [9425, -1, -1]]"
1752927256.4768,-97.99990397691727,12805.82122943122,12805.821403657645,12816.4617463234,15865.460891638904,"[[9426, -1, -1], [9427, -1, -1], [9428, -1, -1], [9429, -1, -1], [9430, -1, -1], [9431, -1, -1], [9432, -1, -1], [9433, -1, -1], [9434, -1, -1], [9435, -1, -1], [9436, -1, -1]]"
1752927256.5884,-95.99990737438202,12805.82122943122,12805.82139688227,12816.4617463234,15865.460891638904,"[[9437, -1, -1], [9438, -1, -1], [9439, -1, -1], [9440, -1, -1], [9441, -1, -1], [9442, -1, -1], [9443, -1, -1], [9444, -1, -1], [9445, -1, -1], [9446, -1, -1], [9447, -1, -1]]"
1752927256.6978,-93.99991077184677,12805.821154093346,12805.82139688227,12816.461748079384,15865.460891638904,"[[9449, -1, -1], [9450, -1, -1], [9451, -1, -1], [9452, -1, -1], [9453, 1, 12135], [9453, -1, -1], [9454, -1, -1], [9455, -1, -1], [9456, -1, -1], [9457, -1, -1], [9458, -1, -1]]"
1752927256.8078,-91.99991416931152,12805.821154093346,12805.821385303027,12816.461748079384,15865.460891638904,"[[9459, -1, -1], [9460, -1, -1], [9461, -1, -1], [9462, -1, -1], [9463, -1, -1], [9464, -1, -1], [9465, -1, -1], [9466, -1, -1], [9467, -1, -1], [9468, -1, -1], [9469, -1, -1]]"
1752927256.9178,-89.99991756677628,12805.821055198852,12805.821385303027,12816.461752240131,15865.460891638904,"[[9470, -1, -1], [9471, 1, 12541], [9471, 1, 12575], [9471, 1, 12770], [9471, 1, 12927], [9471, -1, -1], [9472, -1, -1], [9473, -1, -1], [9474, -1, -1], [9475, -1, -1], [9476, -1, -1], [9477, -1, -1], [9478, -1, -1], [9479, -1, -1], [9480, -1, -1]]"
1752927257.0283,-87.99992096424103,12805.821055198852,12805.821373801951,12816.461752240131,15865.460891638904,"[[9481, -1, -1], [9482, -1, -1], [9483, -1, -1], [9484, -1, -1], [9485, -1, -1], [9486, -1, -1], [9487, -1, -1], [9488, -1, -1], [9489, -1, -1], [9490, -1, -1], [9491, -1, -1]]"
1752927257.1383,-85.99992436170578,12805.821114879178,12805.821373801951,12816.461741069852,15865.460891638904,"[[9493, -1, -1], [9494, -1, -1], [9495, -1, -1], [9496, -1, -1], [9497, -1, -1], [9498, -1, -1], [9499, -1, -1], [9500, -1, -1], [9501, -1, -1], [9502, -1, -1]]"
1752927257.2483,-83.99992775917053,12805.821114879178,12805.821380964517,12816.461741069852,15865.460891638904,"[[9504, -1, -1], [9505, -1, -1], [9506, -1, -1], [9507, -1, -1], [9508, -1, -1], [9509, -1, -1], [9510, -1, -1], [9511, -1, -1], [9512, -1, -1], [9513, -1, -1]]"
1752927257.3593,-81.99993115663528,12805.821186886766,12805.821380964517,12816.461738805736,15865.460891638904,"[[9515, -1, -1], [9516, -1, -1], [9517, -1, -1], [9518, -1, -1], [9519, -1, -1], [9520, -1, -1], [9521, -1, -1], [9522, -1, -1], [9523, -1, -1], [9524, -1, -1]]"
1752927257.4708,-79.99993455410004,12805.821186886766,12805.821396018664,12816.461738805736,15865.460891638904,"[[9526, -1, -1], [9527, -1, -1], [9528, -1, -1], [9529, -1, -1], [9530, -1, -1], [9531, 1, 11858], [9531, 1, 12057], [9531, -1, -1], [9532, -1, -1], [9533, -1, -1], [9534, -1, -1], [9535, -1, -1], [9536, -1, -1]]"
1752927257.5808,-77.99993795156479,12805.821181155618,12805.821396018664,12816.46174708995,15865.460891638904,"[[9537, -1, -1], [9538, -1, -1], [9539, -1, -1], [9540, -1, -1], [9541, -1, -1], [9542, -1, -1], [9543, -1, -1], [9544, -1, -1], [9545, -1, -1], [9546, -1, -1], [9547, -1, -1]]"
1752927257.6898,-75.99994134902954,12805.82107555121,12805.82138668601,12816.46174708995,15865.460891638904,"[[9548, -1, -1], [9549, -1, -1], [9550, -1, -1], [9551, -1, -1], [9552, -1, -1], [9553, -1, -1], [9554, -1, -1], [9555, -1, -1], [9556, -1, -1], [9557, -1, -1], [9558, -1, -1]]"
1752927257.8008,-73.9999447464943,12805.82107555121,12805.82138668601,12816.461747502508,15865.460891638904,"[[9559, 1, 11443], [9559, 1, 11642], [9559, 1, 11759], [9559, -1, -1], [9560, -1, -1], [9561, -1, -1], [9562, -1, -1], [9563, 1, 11398], [9563, 1, 11434], [9563, 1, 11630], [9563, -1, -1], [9564, -1, -1], [9565, -1, -1], [9566, -1, -1], [9567, 1, 11981], [9567, 1, 12184], [9567, -1, -1], [9568, -1, -1], [9569, -1, -1]]"
1752927257.9116,-71.99994814395905,12805.821001261404,12805.82139821889,12816.461747502508,15865.460891638904,"[[9570, -1, -1], [9571, -1, -1], [9572, -1, -1], [9573, -1, -1], [9574, -1, -1], [9575, -1, -1], [9576, -1, -1], [9577, 1, 12096], [9577, 1, 12295], [9577, -1, -1], [9578, -1, -1], [9579, -1, -1], [9580, -1, -1]]"
1752927258.0218,-69.9999515414238,12805.821001261404,12805.821396390102,12816.461751971561,15865.460891638904,"[[9581, -1, -1], [9582, -1, -1], [9583, -1, -1], [9584, -1, -1], [9585, -1, -1], [9586, -1, -1], [9587, -1, -1], [9588, -1, -1], [9589, -1, -1], [9590, -1, -1], [9591, -1, -1]]"
1752927258.1318,-67.99995493888855,12805.82103373776,12805.821396390102,12816.461751971561,15865.460891638904,"[[9592, -1, -1], [9593, 1, 12396], [9593, 1, 12599], [9593, 1, 12741], [9593, -1, -1], [9594, -1, -1], [9595, -1, -1], [9596, -1, -1], [9597, -1, -1], [9598, -1, -1], [9599, -1, -1], [9600, -1, -1], [9601, -1, -1], [9602, -1, -1]]"
1752927258.2409,-65.9999583363533,12805.82103373776,12805.821396814945,12816.461751666897,15865.460891638904,"[[9603, -1, -1], [9604, -1, -1], [9605, -1, -1], [9606, -1, -1], [9607, -1, -1], [9608, -1, -1], [9609, -1, -1], [9610, -1, -1], [9611, -1, -1], [9612, -1, -1], [9613, -1, -1]]"
1752927258.3538,-63.999958008527756,12805.821186383282,12805.821396814945,12816.461751666897,15865.460891638904,"[[9614, -1, -1], [9615, -1, -1], [9616, -1, -1], [9617, -1, -1], [9618, -1, -1], [9619, -1, -1], [9620, -1, -1], [9621, -1, -1], [9622, -1, -1], [9623, -1, -1], [9624, -1, -1]]"
1752927258.4643,-61.99995768070221,12805.821186383282,12805.82139288766,12816.461747350786,15865.460891638904,"[[9625, -1, -1], [9626, -1, -1], [9627, -1, -1], [9628, -1, -1], [9629, -1, -1], [9630, -1, -1], [9631, -1, -1], [9632, -1, -1], [9633, -1, -1], [9634, -1, -1], [9635, -1, -1]]"
1752927258.5738,-59.99995735287666,12805.821213204146,12805.82139288766,12816.461747350786,15865.460891638904,"[[9636, -1, -1], [9637, -1, -1], [9638, -1, -1], [9639, -1, -1], [9640, -1, -1], [9641, -1, -1], [9642, -1, -1], [9643, -1, -1], [9644, -1, -1], [9645, -1, -1], [9646, -1, -1]]"
1752927258.6828,-57.99995702505112,12805.821213204146,12805.821389842851,12816.461746950024,15865.460891638904,"[[9647, -1, -1], [9648, -1, -1], [9649, -1, -1], [9650, -1, -1], [9651, -1, -1], [9652, -1, -1], [9653, -1, -1], [9654, -1, -1], [9655, -1, -1], [9656, -1, -1], [9657, -1, -1]]"
1752927258.7928,-55.99995669722557,12805.821088477674,12805.821389842851,12816.461746950024,15865.460891638904,"[[9658, -1, -1], [9659, -1, -1], [9660, -1, -1], [9661, -1, -1], [9662, -1, -1], [9663, -1, -1], [9664, -1, -1], [9665, -1, -1], [9666, -1, -1], [9667, 1, 10710], [9667, 1, 10909], [9667, 1, 11162], [9667, -1, -1], [9668, -1, -1]]"
1752927258.9048,-53.999956369400024,12805.821088477674,12805.821388711822,12816.461751958046,15865.460891638904,"[[9669, -1, -1], [9670, -1, -1], [9671, -1, -1], [9672, -1, -1], [9673, -1, -1], [9674, -1, -1], [9675, -1, -1], [9676, -1, -1], [9677, -1, -1], [9678, -1, -1], [9679, -1, -1]]"
1752927259.0148,-51.99995604157448,12805.82103997935,12805.821388711822,12816.461747681587,15865.460891638904,"[[9680, -1, -1], [9681, -1, -1], [9682, -1, -1], [9683, -1, -1], [9684, -1, -1], [9685, -1, -1], [9686, -1, -1], [9687, -1, -1], [9688, -1, -1], [9689, -1, -1], [9690, -1, -1]]"
1752927259.1248,-49.99995571374893,12805.82103997935,12805.821390266941,12816.461747681587,15865.460891638904,"[[9691, -1, -1], [9692, -1, -1], [9693, -1, -1], [9694, -1, -1], [9695, -1, -1], [9696, -1, -1], [9697, -1, -1], [9698, -1, -1], [9699, 1, 10448], [9699, 1, 10647], [9699, 1, 10897], [9699, 1, 11065], [9699, 1, 11096], [9699, 1, 11296], [9699, 1, 11478], [9699, -1, -1], [9700, -1, -1], [9701, -1, -1]]"
1752927259.2339,-47.999955385923386,12805.821000109743,12805.821390266941,12816.461749617905,15865.460891638904,"[[9702, -1, -1], [9703, -1, -1], [9704, -1, -1], [9705, -1, -1], [9706, -1, -1], [9707, -1, -1], [9708, -1, -1], [9709, -1, -1], [9710, -1, -1], [9711, -1, -1], [9712, -1, -1]]"
1752927259.3458,-45.99995505809784,12805.821000109743,12805.821409412067,12816.461749617905,15865.460891638904,"[[9713, 1, 10821], [9713, 1, 11007], [9713, -1, -1], [9714, -1, -1], [9715, 1, 9935], [9715, 1, 10134], [9715, -1, -1], [9716, -1, -1], [9717, -1, -1], [9718, -1, -1], [9719, -1, -1], [9720, -1, -1], [9721, -1, -1], [9722, -1, -1], [9723, -1, -1]]"
1752927259.4558,-43.99995473027229,12805.82120082201,12805.821409412067,12816.46174673365,15865.460891638904,"[[9724, -1, -1], [9725, -1, -1], [9726, -1, -1], [9727, -1, -1], [9728, -1, -1], [9729, -1, -1], [9730, -1, -1], [9731, -1, -1], [9732, -1, -1], [9733, -1, -1], [9734, -1, -1]]"
1752927259.5648,-41.99995440244675,12805.82120082201,12805.821416527411,12816.46174673365,15865.460891638904,"[[9735, -1, -1], [9736, -1, -1], [9737, -1, -1], [9738, -1, -1], [9739, -1, -1], [9740, -1, -1], [9741, 1, 10305], [9741, 1, 10348], [9741, 1, 10540], [9741, 1, 10747], [9741, -1, -1], [9742, -1, -1], [9743, -1, -1], [9744, -1, -1], [9745, -1, -1]]"
1752927259.6739,-39.9999540746212,12805.82113268998,12805.821416527411,12816.46174586098,15865.460891638904,"[[9746, -1, -1], [9747, -1, -1], [9748, -1, -1], [9749, -1, -1], [9750, -1, -1], [9751, -1, -1], [9752, -1, -1], [9753, -1, -1], [9754, -1, -1], [9755, -1, -1], [9756, -1, -1]]"
1752927259.7848,-37.999953746795654,12805.82113268998,12805.821423788098,12816.46174586098,15865.460891638904,"[[9757, -1, -1], [9758, -1, -1], [9759, 1, 11443], [9759, 1, 11629], [9759, -1, -1], [9760, -1, -1], [9761, -1, -1], [9762, -1, -1], [9763, -1, -1], [9764, -1, -1], [9765, -1, -1], [9766, -1, -1], [9767, -1, -1]]"
1752927259.8949,-35.99995341897011,12805.821116254523,12805.821423788098,12816.461757934914,15865.460891638904,"[[9768, -1, -1], [9769, -1, -1], [9770, -1, -1], [9771, -1, -1], [9772, -1, -1], [9773, -1, -1], [9774, -1, -1], [9775, -1, -1], [9776, 1, 10108], [9776, 1, 10312], [9776, -1, -1], [9777, -1, -1], [9778, -1, -1]]"
1752927260.0048,-33.99995309114456,12805.821116254523,12805.821426161512,12816.461757934914,15865.460891638904,"[[9779, -1, -1], [9780, -1, -1], [9781, -1, -1], [9782, 1, 10912], [9782, 1, 11115], [9782, -1, -1], [9783, -1, -1], [9784, -1, -1], [9785, -1, -1], [9786, 1, 9563], [9786, 1, 9605], [9786, 1, 9793], [9786, -1, -1], [9787, -1, -1], [9788, -1, -1], [9789, -1, -1]]"
1752927260.1138,-31.999952763319016,12805.821078451,12805.821426161512,12816.461749861532,15865.460891638904,"[[9790, -1, -1], [9791, -1, -1], [9792, -1, -1], [9793, -1, -1], [9794, -1, -1], [9795, -1, -1], [9796, -1, -1], [9797, 1, 12449], [9797, 1, 12648], [9797, -1, -1], [9798, -1, -1], [9799, -1, -1], [9800, -1, -1]]"
1752927260.2248,-29.99995243549347,12805.821078451,12805.821424089163,12816.461749861532,15865.460891638904,"[[9801, -1, -1], [9802, 1, 10854], [9802, 1, 12187], [9802, 1, 12389], [9802, 1, 14650], [9802, -1, -1], [9803, 1, 10253], [9803, 1, 10455], [9803, -1, -1], [9804, -1, -1], [9805, -1, -1], [9806, -1, -1], [9807, -1, -1], [9808, -1, -1], [9809, -1, -1], [9810, -1, -1], [9811, -1, -1]]"
1752927260.3358,-27.999952107667923,12805.821124905337,12805.821424089163,12816.46174442913,15865.460891638904,"[[9812, -1, -1], [9813, -1, -1], [9814, -1, -1], [9815, -1, -1], [9816, -1, -1], [9817, -1, -1], [9818, -1, -1], [9819, -1, -1], [9820, -1, -1], [9821, -1, -1], [9822, -1, -1]]"
1752927260.4458,-25.999951779842377,12805.821139955091,12805.821409034472,12816.46174442913,15865.460891638904,"[[9823, -1, -1], [9824, -1, -1], [9825, -1, -1], [9826, -1, -1], [9827, -1, -1], [9828, -1, -1], [9829, -1, -1], [9830, -1, -1], [9831, -1, -1], [9832, -1, -1], [9833, -1, -1]]"
1752927260.5568,-23.99995145201683,12805.821139955091,12805.821409034472,12816.46174442913,15865.460891638904,"[[9834, -1, -1], [9835, -1, -1], [9836, -1, -1], [9837, -1, -1], [9838, 1, 10714], [9838, 1, 10914], [9838, -1, -1], [9839, -1, -1], [9840, -1, -1], [9841, -1, -1], [9842, -1, -1], [9843, -1, -1], [9844, -1, -1]]"
1752927260.6658,-21.999951124191284,12805.821139955091,12805.821438434778,12816.461752763067,15865.460891638904,"[[9845, -1, -1], [9846, -1, -1], [9847, -1, -1], [9848, -1, -1], [9849, -1, -1], [9850, -1, -1], [9851, -1, -1], [9852, -1, -1], [9853, -1, -1], [9854, -1, -1], [9855, -1, -1]]"
1752927260.7768,-19.999950796365738,12805.82118421294,12805.821438434778,12816.461752763067,15865.460891638904,"[[9856, -1, -1], [9857, -1, -1], [9858, -1, -1], [9859, 1, 10426], [9859, 1, 10629], [9859, 1, 10747], [9859, -1, -1], [9860, -1, -1], [9861, -1, -1], [9862, -1, -1], [9863, -1, -1], [9864, -1, -1], [9865, -1, -1], [9866, -1, -1]]"
1752927260.8883,-17.99995046854019,12805.82118421294,12805.821421186592,12816.461748117854,15865.460891638904,"[[9867, -1, -1], [9868, 1, 11170], [9868, 1, 11369], [9868, -1, -1], [9869, -1, -1], [9870, -1, -1], [9871, -1, -1], [9872, -1, -1], [9873, -1, -1], [9874, -1, -1], [9875, -1, -1], [9876, -1, -1], [9877, -1, -1]]"
1752927261.0,-15.999950140714647,12805.821122477206,12805.821421186592,12816.461748117854,15865.460891638904,"[[9879, -1, -1], [9880, -1, -1], [9881, -1, -1], [9882, -1, -1], [9883, -1, -1], [9884, -1, -1], [9885, -1, -1], [9886, -1, -1], [9887, -1, -1], [9888, 1, 10379], [9888, 1, 10577], [9888, 1, 10743], [9888, -1, -1], [9889, -1, -1]]"
1752927261.1098,-13.9999498128891,12805.821122477206,12805.821421186592,12816.461752734056,15865.460891638904,"[[9890, 1, 10645], [9890, 1, 10848], [9890, -1, -1], [9891, 1, 10468], [9891, 1, 10666], [9891, -1, -1], [9892, -1, -1], [9893, -1, -1], [9894, -1, -1], [9895, -1, -1], [9896, -1, -1], [9897, -1, -1], [9898, 1, 10782], [9898, 1, 10984], [9898, 1, 11093], [9898, 1, 11282], [9898, -1, -1], [9899, -1, -1], [9900, 1, 11951], [9900, 1, 12135], [9900, -1, -1]]"
1752927261.2208,-11.999949485063553,12805.821122477206,12805.821412300418,12816.461752734056,15865.460891638904,"[[9901, 1, 10814], [9901, 1, 11017], [9901, -1, -1], [9902, -1, -1], [9903, 1, 10545], [9903, 1, 10732], [9903, -1, -1], [9904, -1, -1], [9905, -1, -1], [9906, -1, -1], [9907, -1, -1], [9908, -1, -1], [9909, -1, -1], [9910, -1, -1], [9911, 1, 10841], [9911, 1, 11041], [9911, -1, -1]]"
1752927261.3318,-9.999949157238007,12805.821068280657,12805.821412300418,12816.461751392932,15865.460891638904,"[[9912, 1, 11807], [9912, 1, 11993], [9912, -1, -1], [9913, 1, 10569], [9913, 1, 10755], [9913, -1, -1], [9914, 1, 10364], [9914, 1, 10563], [9914, -1, -1], [9915, 1, 13484], [9915, 1, 13657], [9915, -1, -1], [9916, -1, -1], [9917, -1, -1], [9918, -1, -1], [9919, -1, -1], [9920, 1, 11278], [9920, 1, 11481], [9920, -1, -1], [9921, -1, -1], [9922, -1, -1]]"
1752927261.4418,-7.999949295073748,12805.821068280657,12805.821412681444,12816.461751392932,15865.460891638904,"[[9923, -1, -1], [9924, 1, 11026], [9924, -1, -1], [9925, -1, -1], [9926, -1, -1], [9927, -1, -1], [9928, 1, 10066], [9928, 1, 10698], [9928, 1, 12430], [9928, 1, 12621], [9928, -1, -1], [9929, -1, -1], [9930, -1, -1], [9931, -1, -1], [9932, -1, -1], [9933, 1, 10346], [9933, 1, 10549], [9933, 1, 10705], [9933, -1, -1]]"
1752927261.5528,-5.999949432909489,12805.821086883932,12805.821412681444,12816.461751392932,15865.460891638904,"[[9934, -1, -1], [9935, 1, 13764], [9935, 1, 13798], [9935, 1, 13994], [9935, 1, 14456], [9935, -1, -1], [9936, 1, 10574], [9936, 1, 10763], [9936, -1, -1], [9937, -1, -1], [9938, 1, 10089], [9938, 1, 10272], [9938, 1, 11808], [9938, 1, 12008], [9938, -1, -1], [9939, -1, -1], [9940, -1, -1], [9941, -1, -1], [9942, -1, -1], [9943, -1, -1], [9944, -1, -1]]"
1752927261.6648,-3.999949337914586,12805.821086883932,12805.821412681444,12816.461752641435,15865.460891638904,"[[9945, -1, -1], [9946, -1, -1], [9947, 1, 10958], [9947, 1, 10992], [9947, 1, 11188], [9947, 1, 12181], [9947, 1, 12383], [9947, -1, -1], [9948, 1, 11180], [9948, 1, 11206], [9948, 1, 11410], [9948, -1, -1], [9949, 1, 13616], [9949, 1, 13785], [9949, -1, -1], [9950, 1, 10018], [9950, 1, 10217], [9950, 1, 11357], [9950, 1, 11541], [9950, -1, -1], [9951, -1, -1], [9952, 1, 9910], [9952, 1, 10113], [9952, -1, -1], [9953, -1, -1], [9954, 1, 9850], [9954, 1, 9884], [9954, 1, 10080], [9954, -1, -1], [9955, -1, -1]]"
1752927261.7738,-1.9999493379156945,12805.821086883932,12805.821411430497,12816.461752641435,15865.460891638904,"[[9956, 1, 10404], [9956, 1, 10442], [9956, 1, 10635], [9956, 1, 11339], [9956, -1, -1], [9957, -1, -1], [9958, 1, 14895], [9958, 1, 15082], [9958, 1, 15421], [9958, -1, -1], [9959, 1, 10814], [9959, 1, 11003], [9959, 1, 12431], [9959, 1, 12634], [9959, -1, -1], [9960, -1, -1], [9961, -1, -1], [9962, -1, -1], [9963, -1, -1], [9964, 1, 10124], [9964, 1, 10327], [9964, 1, 12533], [9964, -1, -1], [9965, -1, -1], [9966, 1, 11175], [9966, 1, 11358], [9966, 1, 11646], [9966, -1, -1]]"
1752927261.8848,5.0619244575458855e-05,12805.821086883932,12805.821425411803,12816.461752623894,15865.460891638904,"[[9967, -1, -1], [9968, 1, 10333], [9968, 1, 10532], [9968, 1, 11011], [9968, -1, -1], [9969, 1, 11587], [9969, 1, 11786], [9969, 1, 11940], [9969, -1, -1], [9970, 1, 11643], [9970, 1, 11827], [9970, -1, -1], [9971, 1, 11502], [9971, 1, 11688], [9971, -1, -1], [9972, 1, 10665], [9972, 1, 10864], [9972, 1, 10959], [9972, 1, 11061], [9972, 1, 11166], [9972, 1, 11264], [9972, 1, 11652], [9972, 1, 11939], [9972, 1, 12122], [9972, -1, -1], [9973, 1, 11054], [9973, 1, 11084], [9973, 1, 11284], [9973, -1, -1], [9974, 1, 11142], [9974, 1, 11341], [9974, 1, 11631], [9974, 1, 11908], [9974, -1, -1], [9975, -1, -1], [9976, 1, 10760], [9976, 1, 10789], [9976, 1, 10995], [9976, 1, 11081], [9976, 1, 11110], [9976, 1, 11310], [9976, -1, -1], [9977, -1, -1]]"
1752927261.9948,2.0000504814088345,12805.821165363803,12805.821425411803,12816.461752623894,15865.460891638904,"[[9978, 1, 10050], [9978, 1, 10085], [9978, 1, 10281], [9978, -1, -1], [9979, -1, -1], [9980, 1, 10205], [9980, 1, 10238], [9980, 1, 10436], [9980, -1, -1], [9981, 1, 10621], [9981, 1, 10807], [9981, -1, -1], [9982, -1, -1], [9983, 1, 9976], [9983, 1, 10161], [9983, -1, -1], [9984, 1, 9687], [9984, 1, 9722], [9984, 1, 9917], [9984, 1, 10181], [9984, 1, 10232], [9984, 1, 10529], [9984, 1, 10575], [9984, 1, 10764], [9984, 1, 11383], [9984, 1, 11420], [9984, 1, 11613], [9984, -1, -1], [9985, 1, 10361], [9985, 1, 10560], [9985, -1, -1], [9986, 1, 9851], [9986, 1, 10040], [9986, 1, 12912], [9986, 1, 13111], [9986, -1, -1], [9987, 1, 7844], [9987, 1, 8044], [9987, 1, 12703], [9987, 1, 12887], [9987, -1, -1], [9988, 1, 10626], [9988, 1, 10677], [9988, 1, 10861], [9988, 1, 10990], [9988, 1, 11025], [9988, -1, -1]]"
1752927262.1038,4.000050343573093,12805.821165363803,12805.82141213962,12816.461754463502,15865.460891638904,"[[9989, 1, 10204], [9989, 1, 10403], [9989, -1, -1], [9990, 1, 11878], [9990, 1, 12081], [9990, -1, -1], [9991, 1, 11090], [9991, 1, 11293], [9991, -1, -1], [9992, -1, -1], [9993, -1, -1], [9994, 1, 10658], [9994, 1, 10844], [9994, -1, -1], [9995, -1, -1], [9996, 1, 10050], [9996, 1, 10237], [9996, 1, 10381], [9996, 1, 10424], [9996, 1, 10616], [9996, 1, 10764], [9996, 1, 10965], [9996, 1, 12102], [9996, 1, 12304], [9996, -1, -1], [9997, -1, -1], [9998, -1, -1], [9999, 1, 12189], [9999, 1, 12388], [9999, 1, 12672], [9999, 1, 12732], [9999, -1, -1]]"
1752927262.2148,6.00005067139864,12805.82103826113,12805.82141213962,12816.461746546674,15865.460891638904,"[[10000, 1, 10904], [10000, 1, 10938], [10000, 1, 11134], [10000, 1, 11298], [10000, 1, 11482], [10000, -1, -1], [10001, 1, 10783], [10001, 1, 10988], [10001, 1, 11043], [10001, -1, -1], [10002, 1, 9716], [10002, 1, 9903], [10002, -1, -1], [10003, 1, 10663], [10003, 1, 10862], [10003, 1, 13694], [10003, 1, 13894], [10003, 1, 14053], [10003, -1, -1], [10004, 1, 11636], [10004, 1, 11839], [10004, 1, 12144], [10004, -1, -1], [10005, 1, 9933], [10005, 1, 10120], [10005, 1, 11091], [10005, 1, 11126], [10005, 1, 11322], [10005, 1, 11683], [10005, 1, 11883], [10005, -1, -1], [10006, -1, -1], [10007, 1, 11349], [10007, 1, 11552], [10007, -1, -1], [10008, 1, 11459], [10008, 1, 11658], [10008, 1, 12772], [10008, 1, 12956], [10008, -1, -1], [10009, 1, 11390], [10009, 1, 11429], [10009, 1, 11620], [10009, -1, -1], [10010, -1, -1]]"
1752927262.3248,8.000050999224186,12805.82103826113,12805.821412368037,12816.461746546674,15865.460891638904,"[[10011, 1, 9150], [10011, 1, 9334], [10011, -1, -1], [10012, 1, 14154], [10012, 1, 14353], [10012, -1, -1], [10013, 1, 10412], [10013, 1, 10615], [10013, -1, -1], [10014, 1, 10001], [10014, 1, 10207], [10014, 1, 11084], [10014, 1, 11288], [10014, -1, -1], [10015, -1, -1], [10016, -1, -1], [10017, -1, -1], [10018, 1, 11017], [10018, 1, 11052], [10018, 1, 11248], [10018, 1, 11360], [10018, -1, -1], [10019, -1, -1], [10020, 1, 9842], [10020, 1, 10046], [10020, 1, 10230], [10020, 1, 10416], [10020, -1, -1], [10021, -1, -1]]"
1752927262.4348,10.000051327049732,12805.821046765439,12805.821412368037,12816.4617569865,15865.460891638904,"[[10022, 1, 10786], [10022, 1, 10976], [10022, 1, 11209], [10022, 1, 11415], [10022, -1, -1], [10023, -1, -1], [10024, 1, 11260], [10024, 1, 11463], [10024, -1, -1], [10025, -1, -1], [10026, -1, -1], [10027, -1, -1], [10028, -1, -1], [10029, 1, 12665], [10029, 1, 12850], [10029, -1, -1], [10030, -1, -1], [10031, -1, -1], [10032, -1, -1]]"
1752927262.5438,12.000051654875278,12805.821046765439,12805.821400512117,12816.4617569865,15865.460891638904,"[[10033, 1, 12676], [10033, 1, 12713], [10033, 1, 12906], [10033, -1, -1], [10034, 1, 12188], [10034, 1, 12388], [10034, -1, -1], [10035, -1, -1], [10036, -1, -1], [10037, 1, 11774], [10037, 1, 11961], [10037, -1, -1], [10038, 1, 14286], [10038, 1, 14473], [10038, -1, -1], [10039, -1, -1], [10040, 1, 11213], [10040, 1, 11400], [10040, 1, 11462], [10040, 1, 11662], [10040, 1, 11857], [10040, 1, 14457], [10040, 1, 14660], [10040, 1, 14814], [10040, -1, -1], [10041, 1, 11483], [10041, 1, 11686], [10041, 1, 12205], [10041, 1, 12388], [10041, -1, -1], [10042, -1, -1], [10043, -1, -1]]"
1752927262.6539,14.00005105137825,12805.821101656365,12805.821400512117,12816.461755776738,15865.460891638904,"[[10044, -1, -1], [10045, -1, -1], [10046, -1, -1], [10047, -1, -1], [10048, -1, -1], [10049, 1, 13248], [10049, 1, 13436], [10049, -1, -1], [10050, -1, -1], [10051, -1, -1], [10052, -1, -1], [10053, -1, -1], [10054, -1, -1]]"
1752927262.7648,16.000051379203796,12805.821101656365,12805.821390544965,12816.461755776738,15865.460891638904,"[[10055, -1, -1], [10056, -1, -1], [10057, -1, -1], [10058, 1, 9987], [10058, 1, 10174], [10058, -1, -1], [10059, -1, -1], [10060, -1, -1], [10061, -1, -1], [10062, -1, -1], [10063, -1, -1], [10064, -1, -1], [10065, -1, -1]]"
1752927262.8748,18.000051707029343,12805.821187206684,12805.821390544965,12816.461753446749,15865.460891638904,"[[10066, -1, -1], [10067, -1, -1], [10068, -1, -1], [10069, -1, -1], [10070, -1, -1], [10071, -1, -1], [10072, -1, -1], [10073, -1, -1], [10074, -1, -1], [10075, -1, -1], [10076, -1, -1]]"
1752927262.9838,20.00005203485489,12805.821187206684,12805.821386580867,12816.461753446749,15865.460891638904,"[[10077, -1, -1], [10078, -1, -1], [10079, -1, -1], [10080, -1, -1], [10081, -1, -1], [10082, -1, -1], [10083, -1, -1], [10084, -1, -1], [10085, -1, -1], [10086, -1, -1], [10087, -1, -1]]"
1752927263.0938,22.000052362680435,12805.821214221969,12805.821386580867,12816.461751226929,15865.460891638904,"[[10088, -1, -1], [10089, -1, -1], [10090, -1, -1], [10091, -1, -1], [10092, 1, 11313], [10092, 1, 11516], [10092, -1, -1], [10093, -1, -1], [10094, -1, -1], [10095, -1, -1], [10096, 1, 10420], [10096, 1, 10619], [10096, -1, -1], [10097, -1, -1], [10098, -1, -1]]"
1752927263.2048,24.00005269050598,12805.821214221969,12805.821399507382,12816.461751226929,15865.460891638904,"[[10099, -1, -1], [10100, -1, -1], [10101, -1, -1], [10102, -1, -1], [10103, -1, -1], [10104, -1, -1], [10105, -1, -1], [10106, -1, -1], [10107, -1, -1], [10108, -1, -1], [10109, -1, -1]]"
1752927263.3148,26.000053018331528,12805.821138944444,12805.821399507382,12816.461752564976,15865.460891638904,"[[10110, -1, -1], [10111, -1, -1], [10112, -1, -1], [10113, -1, -1], [10114, -1, -1], [10115, -1, -1], [10116, -1, -1], [10117, -1, -1], [10118, -1, -1], [10119, -1, -1], [10120, -1, -1]]"
1752927263.4248,28.000053346157074,12805.821126694289,12805.821405070525,12816.461752564976,15865.460891638904,"[[10121, -1, -1], [10122, -1, -1], [10123, -1, -1], [10124, -1, -1], [10125, -1, -1], [10126, -1, -1], [10127, -1, -1], [10128, -1, -1], [10129, -1, -1], [10130, -1, -1], [10131, -1, -1]]"
1752927263.5358,30.00005367398262,12805.821126694289,12805.821405070525,12816.461751528212,15865.460891638904,"[[10132, -1, -1], [10133, -1, -1], [10134, -1, -1], [10135, -1, -1], [10136, -1, -1], [10137, -1, -1], [10138, -1, -1], [10139, -1, -1], [10140, -1, -1], [10141, -1, -1], [10142, -1, -1]]"
1752927263.6458,32.00005400180817,12805.82110230485,12805.821418622643,12816.461751528212,15865.460891638904,"[[10143, -1, -1], [10144, -1, -1], [10145, -1, -1], [10146, -1, -1], [10147, -1, -1], [10148, -1, -1], [10149, -1, -1], [10150, -1, -1], [10151, -1, -1], [10152, -1, -1], [10153, -1, -1]]"
1752927263.7568,34.00005432963371,12805.82110230485,12805.821421110328,12816.461749965061,15865.460891638904,"[[10154, -1, -1], [10155, -1, -1], [10156, -1, -1], [10157, -1, -1], [10158, -1, -1], [10159, -1, -1], [10160, -1, -1], [10161, -1, -1], [10162, -1, -1], [10163, -1, -1], [10164, -1, -1]]"
1752927263.8677,36.00005465745926,12805.821171955295,12805.821421110328,12816.461749965061,15865.460891638904,"[[10165, -1, -1], [10166, -1, -1], [10167, -1, -1], [10168, -1, -1], [10169, -1, -1], [10170, -1, -1], [10171, -1, -1], [10172, -1, -1], [10173, -1, -1], [10174, -1, -1], [10175, -1, -1]]"
1752927263.9778,38.000054985284805,12805.821171955295,12805.821412972897,12816.461747244968,15865.460891638904,"[[10176, -1, -1], [10177, -1, -1], [10178, -1, -1], [10179, -1, -1], [10180, -1, -1], [10181, -1, -1], [10182, -1, -1], [10183, -1, -1], [10184, -1, -1], [10185, -1, -1], [10186, -1, -1]]"
1752927264.0878,40.00005531311035,12805.821226044145,12805.821412972897,12816.461747244968,15865.460891638904,"[[10187, -1, -1], [10188, -1, -1], [10189, -1, -1], [10190, -1, -1], [10191, -1, -1], [10192, -1, -1], [10193, -1, -1], [10194, -1, -1], [10195, -1, -1], [10196, -1, -1], [10197, -1, -1]]"
1752927264.1983,42.0000556409359,12805.821226044145,12805.821411868856,12816.461751474224,15865.460891638904,"[[10198, -1, -1], [10199, -1, -1], [10200, -1, -1], [10201, -1, -1], [10202, -1, -1], [10203, -1, -1], [10204, -1, -1], [10205, -1, -1], [10206, -1, -1], [10207, -1, -1], [10208, -1, -1]]"
1752927264.3093,44.000055968761444,12805.821185708968,12805.821411868856,12816.461751474224,15865.460891638904,"[[10210, -1, -1], [10211, -1, -1], [10212, -1, -1], [10213, -1, -1], [10214, -1, -1], [10215, -1, -1], [10216, -1, -1], [10217, -1, -1], [10218, -1, -1], [10219, -1, -1]]"
1752927264.4198,46.00005629658699,12805.821185708968,12805.821415089496,12816.461745352055,15865.460891638904,"[[10221, -1, -1], [10222, -1, -1], [10223, -1, -1], [10224, -1, -1], [10225, -1, -1], [10226, -1, -1], [10227, -1, -1], [10228, -1, -1], [10229, -1, -1], [10230, -1, -1], [10231, -1, -1]]"
1752927264.5309,48.00005662441254,12805.821093648623,12805.821415089496,12816.461745352055,15865.460891638904,"[[10232, -1, -1], [10233, -1, -1], [10234, -1, -1], [10235, -1, -1], [10236, -1, -1], [10237, -1, -1], [10238, -1, -1], [10239, -1, -1], [10240, -1, -1], [10241, -1, -1], [10242, -1, -1]]"
1752927264.6408,50.00005695223808,12805.821093648623,12805.821412809892,12816.461744266968,15865.460891638904,"[[10243, -1, -1], [10244, -1, -1], [10245, -1, -1], [10246, -1, -1], [10247, -1, -1], [10248, -1, -1], [10249, -1, -1], [10250, -1, -1], [10251, -1, -1], [10252, -1, -1], [10253, -1, -1]]"
1752927264.7498,52.00005728006363,12805.821180092664,12805.821412809892,12816.46175138583,15865.460891638904,"[[10254, -1, -1], [10255, -1, -1], [10256, -1, -1], [10257, -1, -1], [10258, -1, -1], [10259, -1, -1], [10260, -1, -1], [10261, -1, -1], [10262, -1, -1], [10263, -1, -1], [10264, -1, -1]]"
1752927264.8606,54.000057607889175,12805.821180092664,12805.821425609003,12816.46175138583,15865.460891638904,"[[10265, -1, -1], [10266, -1, -1], [10267, -1, -1], [10268, -1, -1], [10269, -1, -1], [10270, -1, -1], [10271, -1, -1], [10272, -1, -1], [10273, -1, -1], [10274, -1, -1], [10275, -1, -1]]"
1752927264.9699,56.00005793571472,12805.821206634497,12805.821425609003,12816.46175138583,15865.460891638904,"[[10276, -1, -1], [10277, -1, -1], [10278, 1, 12052], [10278, -1, -1], [10279, -1, -1], [10280, -1, -1], [10281, -1, -1], [10282, -1, -1], [10283, -1, -1], [10284, -1, -1], [10285, -1, -1], [10286, -1, -1]]"
1752927265.0808,58.00005826354027,12805.821206634497,12805.821429381516,12816.461751057339,15865.460891638904,"[[10287, -1, -1], [10288, -1, -1], [10289, -1, -1], [10290, -1, -1], [10291, -1, -1], [10292, -1, -1], [10293, -1, -1], [10294, -1, -1], [10295, -1, -1], [10296, -1, -1], [10297, -1, -1]]"
1752927265.1898,60.000058591365814,12805.821181948955,12805.821429381516,12816.461754189519,15865.460891638904,"[[10298, -1, -1], [10299, -1, -1], [10300, -1, -1], [10301, -1, -1], [10302, -1, -1], [10303, -1, -1], [10304, -1, -1], [10305, -1, -1], [10306, -1, -1], [10307, -1, -1], [10308, 1, 10827], [10308, 1, 11025], [10308, -1, -1]]"
1752927265.2998,62.00005519390106,12805.821181948955,12805.82142906672,12816.461754189519,15865.460891638904,"[[10309, -1, -1], [10310, -1, -1], [10311, -1, -1], [10312, -1, -1], [10313, -1, -1], [10314, -1, -1], [10315, -1, -1], [10316, -1, -1], [10317, -1, -1], [10318, -1, -1], [10319, -1, -1]]"
1752927265.4118,64.00005179643631,12805.82121393974,12805.82142906672,12816.461748525098,15865.460891638904,"[[10320, -1, -1], [10321, -1, -1], [10322, -1, -1], [10323, -1, -1], [10324, -1, -1], [10325, -1, -1], [10326, -1, -1], [10327, -1, -1], [10328, -1, -1], [10329, -1, -1], [10330, -1, -1]]"
1752927265.5218,66.00004839897156,12805.82121393974,12805.821424214362,12816.461748525098,15865.460891638904,"[[10331, -1, -1], [10332, -1, -1], [10333, -1, -1], [10334, -1, -1], [10335, -1, -1], [10336, -1, -1], [10337, -1, -1], [10338, -1, -1], [10339, -1, -1], [10340, -1, -1], [10341, -1, -1]]"
1752927265.6319,68.0000450015068,12805.821165582425,12805.821424214362,12816.46174529562,15865.460891638904,"[[10342, -1, -1], [10343, -1, -1], [10344, -1, -1], [10345, -1, -1], [10346, -1, -1], [10347, -1, -1], [10348, -1, -1], [10349, -1, -1], [10350, -1, -1], [10351, -1, -1], [10352, -1, -1]]"
1752927265.7418,70.00004160404205,12805.821165582425,12805.821428893445,12816.46174529562,15865.460891638904,"[[10353, -1, -1], [10354, -1, -1], [10355, -1, -1], [10356, -1, -1], [10357, -1, -1], [10358, -1, -1], [10359, -1, -1], [10360, -1, -1], [10361, -1, -1], [10362, -1, -1], [10363, 1, 10307], [10363, 1, 10492], [10363, -1, -1]]"
1752927265.8518,72.0000382065773,12805.821165582425,12805.821403100408,12816.461758754625,15865.460891638904,"[[10364, -1, -1], [10365, -1, -1], [10366, -1, -1], [10367, -1, -1], [10368, -1, -1], [10369, -1, -1], [10370, -1, -1], [10371, -1, -1], [10372, -1, -1], [10373, -1, -1], [10374, -1, -1]]"
1752927265.9638,74.00003480911255,12805.821173109978,12805.821403100408,12816.461758754625,15865.460891638904,"[[10375, -1, -1], [10376, -1, -1], [10377, -1, -1], [10378, -1, -1], [10379, -1, -1], [10380, -1, -1], [10381, -1, -1], [10382, -1, -1], [10383, -1, -1], [10384, -1, -1], [10385, -1, -1]]"
1752927266.0738,76.0000314116478,12805.821173109978,12805.821411060415,12816.4617521726,15865.460891638904,"[[10386, -1, -1], [10387, -1, -1], [10388, -1, -1], [10389, -1, -1], [10390, -1, -1], [10391, -1, -1], [10392, -1, -1], [10393, -1, -1], [10394, -1, -1], [10395, -1, -1], [10396, -1, -1]]"
1752927266.1828,78.00002801418304,12805.821332330996,12805.821411060415,12816.4617521726,15865.460891638904,"[[10397, -1, -1], [10398, -1, -1], [10399, -1, -1], [10400, -1, -1], [10401, -1, -1], [10402, -1, -1], [10403, -1, -1], [10404, -1, -1], [10405, -1, -1], [10406, -1, -1], [10407, -1, -1]]"
1752927266.2918,80.00002461671829,12805.821332330996,12805.821417862227,12816.461749791564,15865.460891638904,"[[10408, -1, -1], [10409, -1, -1], [10410, -1, -1], [10411, -1, -1], [10412, -1, -1], [10413, -1, -1], [10414, -1, -1], [10415, -1, -1], [10416, -1, -1], [10417, -1, -1], [10418, -1, -1]]"
1752927266.4038,82.00002121925354,12805.821205773147,12805.821417862227,12816.461749791564,15865.460891638904,"[[10419, -1, -1], [10420, -1, -1], [10421, -1, -1], [10422, -1, -1], [10423, -1, -1], [10424, -1, -1], [10425, -1, -1], [10426, -1, -1], [10427, -1, -1], [10428, -1, -1], [10429, -1, -1]]"
1752927266.5139,84.00001782178879,12805.821205773147,12805.821421714681,12816.461748203054,15865.460891638904,"[[10430, -1, -1], [10431, -1, -1], [10432, -1, -1], [10433, -1, -1], [10434, -1, -1], [10435, -1, -1], [10436, -1, -1], [10437, -1, -1], [10438, -1, -1], [10439, -1, -1], [10440, -1, -1]]"
1752927266.6238,86.00001442432404,12805.821191545794,12805.821421714681,12816.46175410523,15865.460891638904,"[[10441, -1, -1], [10442, -1, -1], [10443, -1, -1], [10444, -1, -1], [10445, -1, -1], [10446, -1, -1], [10447, -1, -1], [10448, -1, -1], [10449, -1, -1], [10450, -1, -1], [10451, -1, -1]]"
1752927266.7328,88.00001102685928,12805.821191545794,12805.821424948068,12816.46175410523,15865.460891638904,"[[10452, -1, -1], [10453, -1, -1], [10454, -1, -1], [10455, -1, -1], [10456, -1, -1], [10457, -1, -1], [10458, -1, -1], [10459, -1, -1], [10460, -1, -1], [10461, -1, -1], [10462, -1, -1]]"
1752927266.8438,90.00000762939453,12805.821176085907,12805.821424948068,12816.461748444206,15865.460891638904,"[[10463, -1, -1], [10464, -1, -1], [10465, -1, -1], [10466, -1, -1], [10467, -1, -1], [10468, -1, -1], [10469, -1, -1], [10470, -1, -1], [10471, -1, -1], [10472, 1, 10330], [10472, 1, 10529], [10472, -1, -1], [10473, -1, -1]]"
1752927266.9538,92.00000423192978,12805.821176085907,12805.821406172448,12816.461748444206,15865.460891638904,"[[10474, -1, -1], [10475, -1, -1], [10476, -1, -1], [10477, -1, -1], [10478, -1, -1], [10479, -1, -1], [10480, -1, -1], [10481, -1, -1], [10482, -1, -1], [10483, -1, -1], [10484, -1, -1]]"
1752927267.0639,94.00000083446503,12805.821125713142,12805.821406172448,12816.461748617245,15865.460891638904,"[[10485, -1, -1], [10486, -1, -1], [10487, -1, -1], [10488, -1, -1], [10489, -1, -1], [10490, -1, -1], [10491, -1, -1], [10492, -1, -1], [10493, -1, -1], [10494, -1, -1], [10495, -1, -1]]"
1752927267.1738,95.99999743700027,12805.821125713142,12805.821374937581,12816.461748617245,15865.460891638904,"[[10496, -1, -1], [10497, -1, -1], [10498, -1, -1], [10499, -1, -1], [10500, -1, -1], [10501, -1, -1], [10502, -1, -1], [10503, -1, -1], [10504, -1, -1], [10505, -1, -1], [10506, -1, -1]]"
1752927267.2958,97.99999403953552,12805.821187405169,12805.821374937581,12816.461753024609,15865.460891638904,"[[10507, -1, -1], [10508, -1, -1], [10509, -1, -1], [10510, -1, -1], [10511, -1, -1], [10512, -1, -1], [10513, -1, -1], [10514, -1, -1], [10515, -1, -1], [10516, -1, -1], [10517, -1, -1], [10518, -1, -1]]"
1752927267.4069,99.99999064207077,12805.821187405169,12805.821381899303,12816.461753024609,15865.460891638904,"[[10519, -1, -1], [10520, -1, -1], [10521, -1, -1], [10522, -1, -1], [10523, -1, -1], [10524, -1, -1], [10525, -1, -1], [10526, -1, -1], [10527, -1, -1], [10528, -1, -1], [10529, -1, -1]]"
1752927267.5168,101.99998724460602,12805.821312547374,12805.821381899303,12816.461749699016,15865.460891638904,"[[10530, -1, -1], [10531, -1, -1], [10532, -1, -1], [10533, -1, -1], [10534, -1, -1], [10535, -1, -1], [10536, -1, -1], [10537, -1, -1], [10538, -1, -1], [10539, -1, -1], [10540, -1, -1]]"
1752927267.6268,103.99998384714127,12805.821268398835,12805.821373926783,12816.461749699016,15865.460891638904,"[[10541, -1, -1], [10542, -1, -1], [10543, -1, -1], [10544, -1, -1], [10545, -1, -1], [10546, -1, -1], [10547, -1, -1], [10548, -1, -1], [10549, -1, -1], [10550, -1, -1], [10551, -1, -1]]"
1752927267.737,105.99998044967651,12805.821268398835,12805.821373926783,12816.461746118728,15865.460891638904,"[[10552, -1, -1], [10553, -1, -1], [10554, -1, -1], [10555, -1, -1], [10556, -1, -1], [10557, -1, -1], [10558, -1, -1], [10559, -1, -1], [10560, -1, -1], [10561, -1, -1], [10562, -1, -1]]"
1752927267.8468,107.99997705221176,12805.821208518893,12805.821368002804,12816.461746118728,15865.460891638904,"[[10563, -1, -1], [10564, -1, -1], [10565, -1, -1], [10566, -1, -1], [10567, -1, -1], [10568, -1, -1], [10569, -1, -1], [10570, -1, -1], [10571, -1, -1], [10572, -1, -1], [10573, -1, -1]]"
1752927267.9568,109.99997365474701,12805.821208518893,12805.821381614289,12816.461739646087,15865.460891638904,"[[10574, -1, -1], [10575, -1, -1], [10576, -1, -1], [10577, -1, -1], [10578, -1, -1], [10579, -1, -1], [10580, -1, -1], [10581, -1, -1], [10582, -1, -1], [10583, -1, -1], [10584, -1, -1]]"
1752927268.0658,111.99997025728226,12805.821155989046,12805.821381614289,12816.461739646087,15865.460891638904,"[[10585, -1, -1], [10586, -1, -1], [10587, -1, -1], [10588, -1, -1], [10589, -1, -1], [10590, -1, -1], [10591, -1, -1], [10592, -1, -1], [10593, -1, -1], [10594, -1, -1], [10595, -1, -1]]"
1752927268.1768,113.9999668598175,12805.821155989046,12805.821381474652,12816.461747740732,15865.460891638904,"[[10596, -1, -1], [10597, -1, -1], [10598, -1, -1], [10599, -1, -1], [10600, -1, -1], [10601, 1, 13244], [10601, 1, 13431], [10601, -1, -1], [10602, -1, -1], [10603, -1, -1], [10604, -1, -1], [10605, -1, -1], [10606, -1, -1]]"
1752927268.2883,115.99996346235275,12805.821212284469,12805.821381474652,12816.461747740732,15865.460891638904,"[[10607, -1, -1], [10608, -1, -1], [10609, -1, -1], [10610, -1, -1], [10611, -1, -1], [10612, -1, -1], [10613, -1, -1], [10614, -1, -1], [10615, -1, -1], [10616, -1, -1], [10617, -1, -1]]"
1752927268.3983,117.999960064888,12805.821212284469,12805.82138462003,12816.461757373838,15865.460891638904,"[[10619, -1, -1], [10620, -1, -1], [10621, -1, -1], [10622, -1, -1], [10623, -1, -1], [10624, -1, -1], [10625, -1, -1], [10626, -1, -1], [10627, -1, -1], [10628, -1, -1]]"
1752927268.5098,119.99995666742325,12805.821229491788,12805.82138462003,12816.461757373838,15865.460891638904,"[[10630, -1, -1], [10631, -1, -1], [10632, -1, -1], [10633, -1, -1], [10634, -1, -1], [10635, -1, -1], [10636, -1, -1], [10637, -1, -1], [10638, -1, -1], [10639, -1, -1], [10640, -1, -1]]"
1752927268.6198,121.9999532699585,12805.821229491788,12805.821402640102,12816.461746760724,15865.460891638904,"[[10641, -1, -1], [10642, -1, -1], [10643, -1, -1], [10644, -1, -1], [10645, -1, -1], [10646, -1, -1], [10647, -1, -1], [10648, -1, -1], [10649, -1, -1], [10650, -1, -1], [10651, -1, -1]]"
1752927268.7308,123.99995732307434,12805.821265219143,12805.821402640102,12816.461746760724,15865.460891638904,"[[10652, -1, -1], [10653, -1, -1], [10654, -1, -1], [10655, -1, -1], [10656, -1, -1], [10657, -1, -1], [10658, -1, -1], [10659, -1, -1], [10660, -1, -1], [10661, -1, -1], [10662, -1, -1]]"
1752927268.8408,125.99996137619019,12805.821265219143,12805.821379895297,12816.461749479315,15865.460891638904,"[[10663, -1, -1], [10664, -1, -1], [10665, -1, -1], [10666, -1, -1], [10667, -1, -1], [10668, -1, -1], [10669, -1, -1], [10670, -1, -1], [10671, -1, -1], [10672, -1, -1], [10673, -1, -1]]"
1752927268.9508,127.99996542930603,12805.821215537911,12805.821379895297,12816.46174790046,15865.460891638904,"[[10674, -1, -1], [10675, -1, -1], [10676, -1, -1], [10677, -1, -1], [10678, -1, -1], [10679, -1, -1], [10680, -1, -1], [10681, -1, -1], [10682, -1, -1], [10683, -1, -1], [10684, -1, -1]]"
1752927269.0608,129.99996948242188,12805.821215537911,12805.821389728979,12816.46174790046,15865.460891638904,"[[10685, -1, -1], [10686, -1, -1], [10687, -1, -1], [10688, -1, -1], [10689, -1, -1], [10690, -1, -1], [10691, -1, -1], [10692, -1, -1], [10693, -1, -1], [10694, -1, -1], [10695, -1, -1]]"
1752927269.1709,131.99997353553772,12805.821216307251,12805.821389728979,12816.461738064603,15865.460891638904,"[[10696, -1, -1], [10697, -1, -1], [10698, -1, -1], [10699, -1, -1], [10700, -1, -1], [10701, -1, -1], [10702, -1, -1], [10703, -1, -1], [10704, -1, -1], [10705, -1, -1], [10706, -1, -1]]"
1752927269.2808,133.99997758865356,12805.821216307251,12805.821392147074,12816.461738064603,15865.460891638904,"[[10707, -1, -1], [10708, -1, -1], [10709, -1, -1], [10710, -1, -1], [10711, -1, -1], [10712, -1, -1], [10713, -1, -1], [10714, -1, -1], [10715, -1, -1], [10716, -1, -1], [10717, -1, -1]]"
1752927269.3898,135.9999816417694,12805.821298619307,12805.821392147074,12816.461749015189,15865.460891638904,"[[10718, -1, -1], [10719, -1, -1], [10720, -1, -1], [10721, -1, -1], [10722, -1, -1], [10723, -1, -1], [10724, -1, -1], [10725, -1, -1], [10726, -1, -1], [10727, -1, -1], [10728, -1, -1]]"
1752927269.5018,137.99998569488525,12805.821298619307,12805.821417448033,12816.461749015189,15865.460891638904,"[[10729, -1, -1], [10730, -1, -1], [10731, -1, -1], [10732, -1, -1], [10733, -1, -1], [10734, -1, -1], [10735, -1, -1], [10736, -1, -1], [10737, -1, -1], [10738, -1, -1], [10739, -1, -1]]"
1752927269.6118,139.9999897480011,12805.821245017634,12805.821417448033,12816.461752350664,15865.460891638904,"[[10740, -1, -1], [10741, -1, -1], [10742, -1, -1], [10743, -1, -1], [10744, -1, -1], [10745, -1, -1], [10746, -1, -1], [10747, -1, -1], [10748, -1, -1], [10749, -1, -1], [10750, -1, -1]]"
1752927269.7218,141.99999380111694,12805.821253241213,12805.821410427281,12816.461752350664,15865.460891638904,"[[10751, -1, -1], [10752, -1, -1], [10753, -1, -1], [10754, -1, -1], [10755, -1, -1], [10756, -1, -1], [10757, -1, -1], [10758, -1, -1], [10759, -1, -1], [10760, -1, -1], [10761, -1, -1]]"
1752927269.8308,143.9999978542328,12805.821253241213,12805.821410427281,12816.461747018373,15865.460891638904,"[[10762, -1, -1], [10763, -1, -1], [10764, -1, -1], [10765, -1, -1], [10766, -1, -1], [10767, -1, -1], [10768, -1, -1], [10769, -1, -1], [10770, -1, -1], [10771, -1, -1], [10772, -1, -1]]"
1752927269.9418,146.00000190734863,12805.821253330827,12805.82140136384,12816.461747018373,15865.460891638904,"[[10773, -1, -1], [10774, -1, -1], [10775, -1, -1], [10776, -1, -1], [10777, -1, -1], [10778, -1, -1], [10779, -1, -1], [10780, -1, -1], [10781, -1, -1], [10782, -1, -1], [10783, -1, -1]]"
1752927270.0528,148.00000596046448,12805.821253330827,12805.82140136384,12816.461750414992,15865.460891638904,"[[10784, -1, -1], [10785, -1, -1], [10786, -1, -1], [10787, -1, -1], [10788, -1, -1], [10789, -1, -1], [10790, -1, -1], [10791, -1, -1], [10792, -1, -1], [10793, -1, -1], [10794, -1, -1]]"
1752927270.1638,150.00001001358032,12805.82112964937,12805.821397992564,12816.461750414992,15865.460891638904,"[[10795, -1, -1], [10796, -1, -1], [10797, -1, -1], [10798, 1, 10372], [10798, 1, 10556], [10798, -1, -1], [10799, -1, -1], [10800, -1, -1], [10801, -1, -1], [10802, -1, -1], [10803, -1, -1], [10804, -1, -1], [10805, -1, -1]]"
1752927270.2738,152.00001406669617,12805.82112964937,12805.82140659334,12816.461749008722,15865.460891638904,"[[10806, -1, -1], [10807, -1, -1], [10808, -1, -1], [10809, -1, -1], [10810, -1, -1], [10811, -1, -1], [10812, -1, -1], [10813, -1, -1], [10814, -1, -1], [10815, -1, -1], [10816, -1, -1]]"
1752927270.3838,154.000018119812,12805.821162037717,12805.82140659334,12816.461749008722,15865.460891638904,"[[10817, -1, -1], [10818, -1, -1], [10819, -1, -1], [10820, -1, -1], [10821, -1, -1], [10822, -1, -1], [10823, -1, -1], [10824, -1, -1], [10825, -1, -1], [10826, -1, -1], [10827, -1, -1]]"
1752927270.4948,156.00002217292786,12805.821162037717,12805.821413603286,12816.461744722365,15865.460891638904,"[[10828, -1, -1], [10829, -1, -1], [10830, -1, -1], [10831, -1, -1], [10832, -1, -1], [10833, -1, -1], [10834, -1, -1], [10835, -1, -1], [10836, -1, -1], [10837, -1, -1], [10838, -1, -1]]"
1752927270.6048,158.0000262260437,12805.821260349601,12805.821413603286,12816.461744722365,15865.460891638904,"[[10839, -1, -1], [10840, -1, -1], [10841, -1, -1], [10842, -1, -1], [10843, -1, -1], [10844, -1, -1], [10845, -1, -1], [10846, -1, -1], [10847, -1, -1], [10848, -1, -1], [10849, -1, -1]]"
1752927270.7148,160.00003027915955,12805.821260349601,12805.821414044221,12816.461747961088,15865.460891638904,"[[10850, -1, -1], [10851, -1, -1], [10852, -1, -1], [10853, -1, -1], [10854, -1, -1], [10855, -1, -1], [10856, -1, -1], [10857, -1, -1], [10858, -1, -1], [10859, -1, -1], [10860, -1, -1]]"
1752927270.8248,162.0000343322754,12805.821227117876,12805.821414044221,12816.461747961088,15865.460891638904,"[[10861, -1, -1], [10862, -1, -1], [10863, -1, -1], [10864, -1, -1], [10865, -1, -1], [10866, -1, -1], [10867, -1, -1], [10868, -1, -1], [10869, -1, -1], [10870, -1, -1], [10871, -1, -1]]"
1752927270.9358,164.00003838539124,12805.821227117876,12805.821406221918,12816.461754107784,15865.460891638904,"[[10872, -1, -1], [10873, -1, -1], [10874, -1, -1], [10875, -1, -1], [10876, -1, -1], [10877, -1, -1], [10878, -1, -1], [10879, -1, -1], [10880, -1, -1], [10881, -1, -1], [10882, -1, -1]]"
1752927271.0458,166.00004243850708,12805.82119830077,12805.821406221918,12816.461754107784,15865.460891638904,"[[10883, -1, -1], [10884, -1, -1], [10885, 1, 10397], [10885, 1, 10433], [10885, 1, 10627], [10885, -1, -1], [10886, -1, -1], [10887, -1, -1], [10888, -1, -1], [10889, -1, -1], [10890, -1, -1], [10891, -1, -1], [10892, -1, -1], [10893, -1, -1]]"
1752927271.1548,168.00004649162292,12805.82119830077,12805.821392798432,12816.461752033172,15865.460891638904,"[[10894, -1, -1], [10895, -1, -1], [10896, -1, -1], [10897, -1, -1], [10898, -1, -1], [10899, -1, -1], [10900, -1, -1], [10901, -1, -1], [10902, -1, -1], [10903, -1, -1], [10904, -1, -1]]"
1752927271.2658,170.00005054473877,12805.821149986023,12805.821392798432,12816.461747517567,15865.460891638904,"[[10905, -1, -1], [10906, -1, -1], [10907, -1, -1], [10908, -1, -1], [10909, 1, 246161], [10909, -1, -1], [10910, -1, -1], [10911, -1, -1], [10912, -1, -1], [10913, -1, -1], [10914, -1, -1], [10915, -1, -1]]"
1752927271.3758,172.00005459785461,12805.821149986023,12805.821394004262,12816.461747517567,15865.460891638904,"[[10916, -1, -1], [10917, -1, -1], [10918, -1, -1], [10919, -1, -1], [10920, -1, -1], [10921, -1, -1], [10922, -1, -1], [10923, -1, -1], [10924, -1, -1], [10925, -1, -1], [10926, -1, -1]]"
1752927271.4878,174.00005865097046,12805.821171637044,12805.821394004262,12816.461752269386,15865.460891638904,"[[10927, -1, -1], [10928, -1, -1], [10929, -1, -1], [10930, -1, -1], [10931, -1, -1], [10932, -1, -1], [10933, -1, -1], [10934, -1, -1], [10935, -1, -1], [10936, -1, -1], [10937, -1, -1]]"
1752927271.5968,176.0000627040863,12805.821171637044,12805.821399781624,12816.461752269386,15865.460891638904,"[[10938, -1, -1], [10939, -1, -1], [10940, -1, -1], [10941, -1, -1], [10942, -1, -1], [10943, -1, -1], [10944, -1, -1], [10945, -1, -1], [10946, -1, -1], [10947, -1, -1], [10948, -1, -1]]"
1752927271.7069,178.00006675720215,12805.821334947459,12805.821399781624,12816.46174889251,15865.460891638904,"[[10949, -1, -1], [10950, -1, -1], [10951, -1, -1], [10952, -1, -1], [10953, -1, -1], [10954, -1, -1], [10955, -1, -1], [10956, -1, -1], [10957, -1, -1], [10958, -1, -1], [10959, -1, -1]]"
1752927271.8168,180.000070810318,12805.821334947459,12805.821412633768,12816.46174889251,15865.460891638904,"[[10960, -1, -1], [10961, -1, -1], [10962, -1, -1], [10963, -1, -1], [10964, -1, -1], [10965, -1, -1], [10966, -1, -1], [10967, -1, -1], [10968, -1, -1], [10969, -1, -1], [10970, -1, -1]]"
1752927271.9279,182.00007486343384,12805.821250777173,12805.821412633768,12816.461745906256,15865.460891638904,"[[10971, -1, -1], [10972, -1, -1], [10973, -1, -1], [10974, -1, -1], [10975, -1, -1], [10976, -1, -1], [10977, -1, -1], [10978, -1, -1], [10979, -1, -1], [10980, -1, -1], [10981, -1, -1]]"
1752927272.0383,184.00007891654968,12805.821250777173,12805.821415136063,12816.461745906256,15865.460891638904,"[[10982, -1, -1], [10983, -1, -1], [10984, -1, -1], [10985, -1, -1], [10986, -1, -1], [10987, -1, -1], [10988, -1, -1], [10989, -1, -1], [10990, -1, -1], [10991, -1, -1], [10992, -1, -1]]"
1752927272.1483,186.00008296966553,12805.821204113943,12805.821415136063,12816.461757063174,15865.460891638904,"[[10994, -1, -1], [10995, -1, -1], [10996, -1, -1], [10997, -1, -1], [10998, -1, -1], [10999, -1, -1], [11000, -1, -1], [11001, -1, -1], [11002, -1, -1], [11003, -1, -1]]"
1752927272.2583,188.00008702278137,12805.8211039403,12805.821409495666,12816.461757063174,15865.460891638904,"[[11005, -1, -1], [11006, 1, 11001], [11006, -1, -1], [11007, -1, -1], [11008, -1, -1], [11009, 1, 245510], [11009, 1, 245695], [11009, -1, -1], [11010, -1, -1], [11011, -1, -1], [11012, -1, -1], [11013, -1, -1], [11014, -1, -1]]"
1752927272.3693,190.00009107589722,12805.8211039403,12805.821409495666,12816.461756829194,15865.460891638904,"[[11016, -1, -1], [11017, -1, -1], [11018, -1, -1], [11019, -1, -1], [11020, -1, -1], [11021, -1, -1], [11022, -1, -1], [11023, -1, -1], [11024, -1, -1], [11025, -1, -1]]"
1752927272.4798,192.00009512901306,12805.821119400109,12805.821411047666,12816.461756829194,15865.460891638904,"[[11027, -1, -1], [11028, -1, -1], [11029, -1, -1], [11030, -1, -1], [11031, -1, -1], [11032, -1, -1], [11033, -1, -1], [11034, -1, -1], [11035, -1, -1], [11036, -1, -1], [11037, 1, 10339], [11037, 1, 10523], [11037, -1, -1]]"
1752927272.5898,194.0000991821289,12805.821119400109,12805.821400253792,12816.461751211416,15865.460891638904,"[[11038, -1, -1], [11039, -1, -1], [11040, -1, -1], [11041, -1, -1], [11042, -1, -1], [11043, -1, -1], [11044, -1, -1], [11045, -1, -1], [11046, -1, -1], [11047, -1, -1], [11048, -1, -1]]"
1752927272.7008,196.00010323524475,12805.82123583077,12805.821400253792,12816.461751211416,15865.460891638904,"[[11049, -1, -1], [11050, -1, -1], [11051, -1, -1], [11052, -1, -1], [11053, -1, -1], [11054, -1, -1], [11055, -1, -1], [11056, -1, -1], [11057, -1, -1], [11058, -1, -1], [11059, -1, -1]]"
1752927272.8248,-202.00000298023224,12805.82123583077,12805.821384012877,12816.461751733019,15865.460891638904,"[[11061, -1, -1], [11062, -1, -1], [11063, -1, -1], [11064, -1, -1], [11065, -1, -1], [11066, -1, -1], [11067, -1, -1], [11068, -1, -1], [11069, -1, -1], [11070, -1, -1], [11071, -1, -1]]"
1752927272.9358,-199.9999989271164,12805.82129842698,12805.821384012877,12816.461751733019,15865.460891638904,"[[11072, -1, -1], [11073, -1, -1], [11074, -1, -1], [11075, -1, -1], [11076, -1, -1], [11077, -1, -1], [11078, -1, -1], [11079, -1, -1], [11080, -1, -1], [11081, -1, -1], [11082, -1, -1]]"
1752927273.0448,-197.99999487400055,12805.82129842698,12805.821382587332,12816.461741839803,15865.460891638904,"[[11083, -1, -1], [11084, -1, -1], [11085, -1, -1], [11086, -1, -1], [11087, -1, -1], [11088, -1, -1], [11089, -1, -1], [11090, -1, -1], [11091, -1, -1], [11092, -1, -1], [11093, -1, -1]]"
1752927273.1548,-195.9999908208847,12805.821200576433,12805.821382587332,12816.461741839803,15865.460891638904,"[[11094, -1, -1], [11095, -1, -1], [11096, -1, -1], [11097, -1, -1], [11098, -1, -1], [11099, -1, -1], [11100, -1, -1], [11101, -1, -1], [11102, -1, -1], [11103, -1, -1], [11104, -1, -1]]"
1752927273.2648,-193.99998676776886,12805.821200576433,12805.821386494248,12816.461744595175,15865.460891638904,"[[11105, -1, -1], [11106, -1, -1], [11107, -1, -1], [11108, -1, -1], [11109, -1, -1], [11110, -1, -1], [11111, -1, -1], [11112, -1, -1], [11113, -1, -1], [11114, -1, -1], [11115, -1, -1]]"
1752927273.3738,-191.99998271465302,12805.821087335798,12805.821386494248,12816.461746897283,15865.460891638904,"[[11116, -1, -1], [11117, -1, -1], [11118, -1, -1], [11119, -1, -1], [11120, -1, -1], [11121, -1, -1], [11122, -1, -1], [11123, -1, -1], [11124, -1, -1], [11125, -1, -1], [11126, -1, -1]]"
1752927273.4848,-189.99997866153717,12805.821087335798,12805.821385774258,12816.461746897283,15865.460891638904,"[[11127, -1, -1], [11128, -1, -1], [11129, -1, -1], [11130, -1, -1], [11131, -1, -1], [11132, -1, -1], [11133, -1, -1], [11134, -1, -1], [11135, -1, -1], [11136, -1, -1], [11137, -1, -1]]"
1752927273.5948,-187.99997460842133,12805.821125822062,12805.821385774258,12816.461747753789,15865.460891638904,"[[11138, -1, -1], [11139, -1, -1], [11140, -1, -1], [11141, -1, -1], [11142, -1, -1], [11143, -1, -1], [11144, -1, -1], [11145, 1, 10128], [11145, 1, 10165], [11145, 1, 10357], [11145, -1, -1], [11146, -1, -1], [11147, -1, -1], [11148, -1, -1]]"
1752927273.7048,-185.99997055530548,12805.821125822062,12805.821400719773,12816.461747753789,15865.460891638904,"[[11149, -1, -1], [11150, -1, -1], [11151, -1, -1], [11152, -1, -1], [11153, -1, -1], [11154, -1, -1], [11155, -1, -1], [11156, -1, -1], [11157, -1, -1], [11158, -1, -1], [11159, -1, -1]]"
1752927273.8158,-183.99996650218964,12805.821183900172,12805.821400719773,12816.46174889638,15865.460891638904,"[[11160, -1, -1], [11161, -1, -1], [11162, -1, -1], [11163, -1, -1], [11164, -1, -1], [11165, -1, -1], [11166, -1, -1], [11167, -1, -1], [11168, -1, -1], [11169, -1, -1], [11170, -1, -1]]"
1752927273.9258,-181.9999624490738,12805.821183900172,12805.821401666792,12816.46174889638,15865.460891638904,"[[11171, -1, -1], [11172, -1, -1], [11173, -1, -1], [11174, -1, -1], [11175, -1, -1], [11176, -1, -1], [11177, -1, -1], [11178, -1, -1], [11179, -1, -1], [11180, -1, -1], [11181, -1, -1]]"
1752927274.0358,-179.99995839595795,12805.821222977076,12805.821401666792,12816.461744022003,15865.460891638904,"[[11182, -1, -1], [11183, -1, -1], [11184, -1, -1], [11185, -1, -1], [11186, -1, -1], [11187, -1, -1], [11188, -1, -1], [11189, -1, -1], [11190, -1, -1], [11191, -1, -1], [11192, -1, -1]]"
1752927274.1469,-177.9999543428421,12805.821222977076,12805.821394268196,12816.461744022003,15865.460891638904,"[[11193, -1, -1], [11194, -1, -1], [11195, -1, -1], [11196, -1, -1], [11197, -1, -1], [11198, -1, -1], [11199, -1, -1], [11200, -1, -1], [11201, -1, -1], [11202, -1, -1], [11203, -1, -1]]"
1752927274.2578,-175.99995028972626,12805.821175967956,12805.821394268196,12816.461747039275,15865.460891638904,"[[11204, -1, -1], [11205, -1, -1], [11206, -1, -1], [11207, -1, -1], [11208, -1, -1], [11209, -1, -1], [11210, -1, -1], [11211, -1, -1], [11212, -1, -1], [11213, -1, -1], [11214, -1, -1]]"
1752927274.3678,-173.9999462366104,12805.821175967956,12805.821376559174,12816.461747039275,15865.460891638904,"[[11215, -1, -1], [11216, -1, -1], [11217, -1, -1], [11218, -1, -1], [11219, -1, -1], [11220, 1, 10523], [11220, 1, 10722], [11220, 1, 11302], [11220, -1, -1], [11221, -1, -1], [11222, -1, -1], [11223, -1, -1], [11224, -1, -1], [11225, -1, -1]]"
1752927274.4778,-171.99994218349457,12805.821156116579,12805.821376559174,12816.461757147817,15865.460891638904,"[[11226, -1, -1], [11227, -1, -1], [11228, -1, -1], [11229, 1, 11799], [11229, -1, -1], [11230, -1, -1], [11231, -1, -1], [11232, -1, -1], [11233, -1, -1], [11234, -1, -1], [11235, -1, -1], [11236, -1, -1]]"
1752927274.5883,-169.99993813037872,12805.821156116579,12805.821382377744,12816.461757147817,15865.460891638904,"[[11237, -1, -1], [11238, 1, 11624], [11238, 1, 11785], [11238, 1, 11974], [11238, -1, -1], [11239, -1, -1], [11240, -1, -1], [11241, -1, -1], [11242, -1, -1], [11243, -1, -1], [11244, -1, -1], [11245, -1, -1], [11246, -1, -1], [11247, -1, -1]]"
1752927274.6983,-167.99993407726288,12805.821003750141,12805.821382377744,12816.461750030016,15865.460891638904,"[[11249, -1, -1], [11250, -1, -1], [11251, -1, -1], [11252, -1, -1], [11253, -1, -1], [11254, -1, -1], [11255, -1, -1], [11256, -1, -1], [11257, -1, -1], [11258, -1, -1]]"
1752927274.8084,-165.99993002414703,12805.821190648436,12805.82137840748,12816.461750030016,15865.460891638904,"[[11260, -1, -1], [11261, -1, -1], [11262, -1, -1], [11263, -1, -1], [11264, -1, -1], [11265, -1, -1], [11266, -1, -1], [11267, -1, -1], [11268, -1, -1], [11269, -1, -1]]"
1752927274.9183,-163.9999259710312,12805.821190648436,12805.821396201278,12816.461751066878,15865.460891638904,"[[11271, -1, -1], [11272, -1, -1], [11273, -1, -1], [11274, -1, -1], [11275, -1, -1], [11276, -1, -1], [11277, -1, -1], [11278, -1, -1], [11279, -1, -1], [11280, -1, -1]]"
1752927275.0283,-161.99992191791534,12805.821243242637,12805.821396201278,12816.461751066878,15865.460891638904,"[[11282, -1, -1], [11283, -1, -1], [11284, -1, -1], [11285, -1, -1], [11286, -1, -1], [11287, -1, -1], [11288, -1, -1], [11289, -1, -1], [11290, -1, -1], [11291, -1, -1]]"
1752927275.1383,-159.9999178647995,12805.821243242637,12805.82138062219,12816.461751066878,15865.460891638904,"[[11293, -1, -1], [11294, -1, -1], [11295, -1, -1], [11296, -1, -1], [11297, -1, -1], [11298, -1, -1], [11299, -1, -1], [11300, -1, -1], [11301, -1, -1], [11302, -1, -1]]"
1752927275.2483,-157.99991381168365,12805.821216340426,12805.82138062219,12816.461751066878,15865.460891638904,"[[11304, -1, -1], [11305, -1, -1], [11306, -1, -1], [11307, -1, -1], [11308, -1, -1], [11309, -1, -1], [11310, -1, -1], [11311, -1, -1], [11312, -1, -1], [11313, -1, -1]]"
1752927275.3578,-155.9999097585678,12805.821216340426,12805.821378001563,12816.461757056544,15865.460891638904,"[[11315, -1, -1], [11316, -1, -1], [11317, -1, -1], [11318, -1, -1], [11319, -1, -1], [11320, -1, -1], [11321, -1, -1], [11322, -1, -1], [11323, -1, -1], [11324, -1, -1]]"
1752927275.4683,-153.99990570545197,12805.82112314067,12805.821378001563,12816.461751771432,15865.460891638904,"[[11325, -1, -1], [11326, -1, -1], [11327, -1, -1], [11328, -1, -1], [11329, -1, -1], [11330, -1, -1], [11331, -1, -1], [11332, -1, -1], [11333, -1, -1], [11334, -1, -1], [11335, -1, -1]]"
1752927275.5798,-151.99990165233612,12805.82112314067,12805.821385486934,12816.461751771432,15865.460891638904,"[[11337, -1, -1], [11338, -1, -1], [11339, -1, -1], [11340, -1, -1], [11341, -1, -1], [11342, -1, -1], [11343, -1, -1], [11344, -1, -1], [11345, -1, -1], [11346, -1, -1], [11347, -1, -1]]"
1752927275.6893,-149.99989759922028,12805.821047770674,12805.821385486934,12816.461742739819,15865.460891638904,"[[11348, -1, -1], [11349, -1, -1], [11350, -1, -1], [11351, -1, -1], [11352, -1, -1], [11353, -1, -1], [11354, -1, -1], [11355, -1, -1], [11356, -1, -1], [11357, -1, -1]]"
1752927275.7993,-147.99989354610443,12805.821047770674,12805.82140481281,12816.461742739819,15865.460891638904,"[[11359, -1, -1], [11360, -1, -1], [11361, -1, -1], [11362, -1, -1], [11363, -1, -1], [11364, -1, -1], [11365, -1, -1], [11366, -1, -1], [11367, -1, -1], [11368, -1, -1]]"
1752927275.9098,-145.9998894929886,12805.82102197171,12805.82140481281,12816.461753119223,15865.460891638904,"[[11370, -1, -1], [11371, -1, -1], [11372, -1, -1], [11373, -1, -1], [11374, -1, -1], [11375, -1, -1], [11376, -1, -1], [11377, -1, -1], [11378, -1, -1], [11379, -1, -1], [11380, -1, -1]]"
1752927276.0198,-143.99988543987274,12805.82102197171,12805.821412867426,12816.461753119223,15865.460891638904,"[[11381, -1, -1], [11382, -1, -1], [11383, -1, -1], [11384, -1, -1], [11385, -1, -1], [11386, -1, -1], [11387, -1, -1], [11388, -1, -1], [11389, -1, -1], [11390, -1, -1], [11391, -1, -1]]"
1752927276.1283,-141.9998813867569,12805.821137393052,12805.821412867426,12816.461749100225,15865.460891638904,"[[11392, -1, -1], [11393, -1, -1], [11394, -1, -1], [11395, -1, -1], [11396, -1, -1], [11397, -1, -1], [11398, -1, -1], [11399, -1, -1], [11400, -1, -1], [11401, -1, -1]]"
1752927276.2383,-139.99987733364105,12805.821137393052,12805.82140180963,12816.461749100225,15865.460891638904,"[[11403, -1, -1], [11404, -1, -1], [11405, -1, -1], [11406, -1, -1], [11407, -1, -1], [11408, -1, -1], [11409, -1, -1], [11410, -1, -1], [11411, -1, -1], [11412, -1, -1]]"
1752927276.3483,-137.9998732805252,12805.821244747278,12805.82140180963,12816.461751883347,15865.460891638904,"[[11414, -1, -1], [11415, -1, -1], [11416, -1, -1], [11417, -1, -1], [11418, -1, -1], [11419, -1, -1], [11420, -1, -1], [11421, -1, -1], [11422, -1, -1], [11423, -1, -1]]"
1752927276.4598,-135.99986922740936,12805.821244747278,12805.821399007345,12816.461751883347,15865.460891638904,"[[11425, -1, -1], [11426, -1, -1], [11427, -1, -1], [11428, -1, -1], [11429, -1, -1], [11430, -1, -1], [11431, 1, 9851], [11431, 1, 10050], [11431, -1, -1], [11432, -1, -1], [11433, -1, -1], [11434, -1, -1], [11435, -1, -1]]"
1752927276.5708,-133.99986517429352,12805.821137864808,12805.821399007345,12816.461750447648,15865.460891638904,"[[11436, -1, -1], [11437, -1, -1], [11438, -1, -1], [11439, -1, -1], [11440, -1, -1], [11441, -1, -1], [11442, -1, -1], [11443, -1, -1], [11444, -1, -1], [11445, -1, -1], [11446, -1, -1]]"
1752927276.6808,-131.99986112117767,12805.821079664947,12805.821399811472,12816.461750447648,15865.460891638904,"[[11447, -1, -1], [11448, -1, -1], [11449, -1, -1], [11450, -1, -1], [11451, -1, -1], [11452, -1, -1], [11453, -1, -1], [11454, -1, -1], [11455, -1, -1], [11456, -1, -1], [11457, -1, -1]]"
1752927276.7908,-129.99985706806183,12805.821079664947,12805.821399811472,12816.461751143454,15865.460891638904,"[[11458, -1, -1], [11459, -1, -1], [11460, -1, -1], [11461, -1, -1], [11462, -1, -1], [11463, -1, -1], [11464, -1, -1], [11465, -1, -1], [11466, -1, -1], [11467, -1, -1], [11468, -1, -1]]"
1752927276.9028,-127.99985301494598,12805.82098746703,12805.821390714107,12816.461751143454,15865.460891638904,"[[11469, -1, -1], [11470, -1, -1], [11471, -1, -1], [11472, -1, -1], [11473, -1, -1], [11474, -1, -1], [11475, -1, -1], [11476, -1, -1], [11477, -1, -1], [11478, -1, -1], [11479, -1, -1]]"
1752927277.0128,-125.99985641241074,12805.82098746703,12805.8213889903,12816.461751777373,15865.460891638904,"[[11480, -1, -1], [11481, -1, -1], [11482, -1, -1], [11483, -1, -1], [11484, -1, -1], [11485, -1, -1], [11486, -1, -1], [11487, -1, -1], [11488, -1, -1], [11489, -1, -1], [11490, -1, -1]]"
1752927277.1218,-123.99985980987549,12805.82108918238,12805.8213889903,12816.461751777373,15865.460891638904,"[[11491, -1, -1], [11492, -1, -1], [11493, -1, -1], [11494, -1, -1], [11495, -1, -1], [11496, -1, -1], [11497, -1, -1], [11498, -1, -1], [11499, -1, -1], [11500, -1, -1], [11501, -1, -1]]"
1752927277.2308,-121.99986320734024,12805.82108918238,12805.821399127319,12816.461752577412,15865.460891638904,"[[11502, -1, -1], [11503, -1, -1], [11504, -1, -1], [11505, -1, -1], [11506, -1, -1], [11507, -1, -1], [11508, -1, -1], [11509, -1, -1], [11510, -1, -1], [11511, -1, -1], [11512, -1, -1]]"
1752927277.3408,-119.99986660480499,12805.821202202062,12805.821399127319,12816.461752577412,15865.460891638904,"[[11513, -1, -1], [11514, -1, -1], [11515, -1, -1], [11516, -1, -1], [11517, -1, -1], [11518, -1, -1], [11519, -1, -1], [11520, -1, -1], [11521, -1, -1], [11522, -1, -1], [11523, -1, -1]]"
1752927277.4508,-117.99987000226974,12805.821202202062,12805.821409578635,12816.461745191267,15865.460891638904,"[[11524, -1, -1], [11525, -1, -1], [11526, -1, -1], [11527, -1, -1], [11528, -1, -1], [11529, -1, -1], [11530, -1, -1], [11531, 1, 9670], [11531, 1, 9873], [11531, -1, -1], [11532, -1, -1], [11533, -1, -1], [11534, -1, -1]]"
1752927277.5608,-115.9998733997345,12805.821125169603,12805.821409578635,12816.461745191267,15865.460891638904,"[[11535, -1, -1], [11536, -1, -1], [11537, 1, 11081], [11537, 1, 11268], [11537, -1, -1], [11538, -1, -1], [11539, -1, -1], [11540, -1, -1], [11541, -1, -1], [11542, -1, -1], [11543, -1, -1], [11544, -1, -1], [11545, -1, -1]]"
1752927277.6708,-113.99987679719925,12805.821125169603,12805.821414877511,12816.461753566842,15865.460891638904,"[[11546, -1, -1], [11547, -1, -1], [11548, -1, -1], [11549, -1, -1], [11550, -1, -1], [11551, -1, -1], [11552, -1, -1], [11553, -1, -1], [11554, -1, -1], [11555, -1, -1], [11556, -1, -1]]"
1752927277.7808,-111.999880194664,12805.821172285587,12805.821414877511,12816.461753566842,15865.460891638904,"[[11557, -1, -1], [11558, -1, -1], [11559, -1, -1], [11560, -1, -1], [11561, -1, -1], [11562, -1, -1], [11563, -1, -1], [11564, -1, -1], [11565, -1, -1], [11566, -1, -1], [11567, -1, -1]]"
1752927277.8898,-109.99988359212875,12805.821172285587,12805.82141994605,12816.46175164817,15865.460891638904,"[[11568, -1, -1], [11569, -1, -1], [11570, -1, -1], [11571, -1, -1], [11572, -1, -1], [11573, -1, -1], [11574, -1, -1], [11575, -1, -1], [11576, -1, -1], [11577, -1, -1], [11578, -1, -1]]"
1752927277.9998,-107.9998869895935,12805.821023617327,12805.82141994605,12816.46175199644,15865.460891638904,"[[11579, -1, -1], [11580, -1, -1], [11581, -1, -1], [11582, -1, -1], [11583, -1, -1], [11584, -1, -1], [11585, -1, -1], [11586, -1, -1], [11587, -1, -1], [11588, -1, -1], [11589, -1, -1]]"
1752927278.1098,-105.99989038705826,12805.821023617327,12805.821409682601,12816.46175199644,15865.460891638904,"[[11590, -1, -1], [11591, -1, -1], [11592, -1, -1], [11593, -1, -1], [11594, -1, -1], [11595, -1, -1], [11596, -1, -1], [11597, -1, -1], [11598, -1, -1], [11599, -1, -1], [11600, -1, -1]]"
1752927278.2193,-103.99989378452301,12805.821093275972,12805.821409682601,12816.461743551137,15865.460891638904,"[[11601, -1, -1], [11602, -1, -1], [11603, -1, -1], [11604, -1, -1], [11605, -1, -1], [11606, -1, -1], [11607, -1, -1], [11608, 1, 12070], [11608, 1, 12270], [11608, -1, -1], [11609, -1, -1], [11610, -1, -1]]"
1752927278.3308,-101.99989718198776,12805.821093275972,12805.821404690687,12816.461743551137,15865.460891638904,"[[11612, -1, -1], [11613, -1, -1], [11614, -1, -1], [11615, -1, -1], [11616, -1, -1], [11617, -1, -1], [11618, -1, -1], [11619, -1, -1], [11620, -1, -1], [11621, 1, 11266], [11621, 1, 11454], [11621, -1, -1], [11622, -1, -1]]"
1752927278.4398,-99.99990057945251,12805.821131373075,12805.821404690687,12816.461749642584,15865.460891638904,"[[11623, -1, -1], [11624, -1, -1], [11625, -1, -1], [11626, -1, -1], [11627, -1, -1], [11628, -1, -1], [11629, -1, -1], [11630, -1, -1], [11631, -1, -1], [11632, -1, -1], [11633, -1, -1]]"
1752927278.5498,-97.99990397691727,12805.821131373075,12805.821413347185,12816.461749642584,15865.460891638904,"[[11634, -1, -1], [11635, -1, -1], [11636, -1, -1], [11637, -1, -1], [11638, -1, -1], [11639, -1, -1], [11640, -1, -1], [11641, -1, -1], [11642, -1, -1], [11643, -1, -1], [11644, 1, 13170], [11644, 1, 13373], [11644, -1, -1]]"
1752927278.6593,-95.99990737438202,12805.821233314307,12805.821413347185,12816.461749931374,15865.460891638904,"[[11645, -1, -1], [11646, -1, -1], [11647, -1, -1], [11648, 1, 12028], [11648, 1, 12070], [11648, 1, 12260], [11648, 1, 12489], [11648, -1, -1], [11649, -1, -1], [11650, -1, -1], [11651, -1, -1], [11652, -1, -1], [11653, -1, -1], [11654, -1, -1]]"
1752927278.7708,-93.99991077184677,12805.821233314307,12805.821421577093,12816.461749931374,15865.460891638904,"[[11656, -1, -1], [11657, -1, -1], [11658, -1, -1], [11659, -1, -1], [11660, -1, -1], [11661, -1, -1], [11662, -1, -1], [11663, -1, -1], [11664, -1, -1], [11665, -1, -1], [11666, -1, -1]]"
1752927278.8798,-91.99991416931152,12805.821088130913,12805.821421577093,12816.461747565445,15865.460891638904,"[[11667, -1, -1], [11668, -1, -1], [11669, -1, -1], [11670, -1, -1], [11671, -1, -1], [11672, -1, -1], [11673, -1, -1], [11674, -1, -1], [11675, -1, -1], [11676, -1, -1], [11677, -1, -1]]"
1752927278.9893,-89.99991756677628,12805.821088130913,12805.821421577093,12816.461747565445,15865.460891638904,"[[11678, -1, -1], [11679, -1, -1], [11680, -1, -1], [11681, -1, -1], [11682, -1, -1], [11683, -1, -1], [11684, -1, -1], [11685, -1, -1], [11686, -1, -1], [11687, -1, -1]]"
1752927279.0998,-87.99992096424103,12805.821085820546,12805.821421577093,12816.461745024602,15865.460891638904,"[[11689, -1, -1], [11690, 1, 10205], [11690, 1, 10390], [11690, 1, 10740], [11690, -1, -1], [11691, -1, -1], [11692, -1, -1], [11693, -1, -1], [11694, -1, -1], [11695, -1, -1], [11696, -1, -1], [11697, -1, -1], [11698, -1, -1], [11699, -1, -1]]"
1752927279.2128,-85.99992436170578,12805.821085820546,12805.821422444355,12816.461745024602,15865.460891638904,"[[11700, -1, -1], [11701, -1, -1], [11702, -1, -1], [11703, -1, -1], [11704, -1, -1], [11705, -1, -1], [11706, -1, -1], [11707, -1, -1], [11708, -1, -1], [11709, -1, -1], [11710, -1, -1]]"
1752927279.3228,-83.99992775917053,12805.821052232604,12805.821422444355,12816.461754836062,15865.460891638904,"[[11711, 1, 11929], [11711, 1, 12131], [11711, -1, -1], [11712, -1, -1], [11713, -1, -1], [11714, -1, -1], [11715, -1, -1], [11716, -1, -1], [11717, -1, -1], [11718, -1, -1], [11719, -1, -1], [11720, -1, -1], [11721, -1, -1]]"
1752927279.4328,-81.99993115663528,12805.821111111025,12805.821424954143,12816.461754836062,15865.460891638904,"[[11722, -1, -1], [11723, -1, -1], [11724, -1, -1], [11725, -1, -1], [11726, -1, -1], [11727, -1, -1], [11728, -1, -1], [11729, -1, -1], [11730, -1, -1], [11731, -1, -1], [11732, -1, -1]]"
1752927279.5438,-79.99993455410004,12805.821111111025,12805.82141096098,12816.461751168668,15865.460891638904,"[[11733, 1, 10571], [11733, 1, 10775], [11733, -1, -1], [11734, -1, -1], [11735, -1, -1], [11736, -1, -1], [11737, -1, -1], [11738, -1, -1], [11739, -1, -1], [11740, -1, -1], [11741, -1, -1], [11742, -1, -1], [11743, -1, -1]]"
1752927279.6548,-77.99993795156479,12805.821242451226,12805.82141096098,12816.461751168668,15865.460891638904,"[[11744, -1, -1], [11745, -1, -1], [11746, -1, -1], [11747, -1, -1], [11748, -1, -1], [11749, -1, -1], [11750, -1, -1], [11751, -1, -1], [11752, -1, -1], [11753, -1, -1], [11754, -1, -1]]"
1752927279.7648,-75.99994134902954,12805.821242451226,12805.821396314375,12816.461744198283,15865.460891638904,"[[11755, -1, -1], [11756, -1, -1], [11757, -1, -1], [11758, -1, -1], [11759, -1, -1], [11760, -1, -1], [11761, -1, -1], [11762, -1, -1], [11763, -1, -1], [11764, -1, -1], [11765, -1, -1]]"
1752927279.8746,-73.9999447464943,12805.821114659866,12805.821396314375,12816.461744198283,15865.460891638904,"[[11766, -1, -1], [11767, -1, -1], [11768, -1, -1], [11769, -1, -1], [11770, -1, -1], [11771, -1, -1], [11772, -1, -1], [11773, -1, -1], [11774, -1, -1], [11775, -1, -1], [11776, -1, -1]]"
1752927279.9838,-71.99994814395905,12805.821114659866,12805.821393159798,12816.461757041166,15865.460891638904,"[[11777, -1, -1], [11778, -1, -1], [11779, -1, -1], [11780, -1, -1], [11781, -1, -1], [11782, -1, -1], [11783, -1, -1], [11784, -1, -1], [11785, -1, -1], [11786, -1, -1], [11787, -1, -1]]"
1752927280.0948,-69.9999515414238,12805.821039321328,12805.821393159798,12816.461757041166,15865.460891638904,"[[11788, -1, -1], [11789, -1, -1], [11790, -1, -1], [11791, -1, -1], [11792, -1, -1], [11793, -1, -1], [11794, -1, -1], [11795, -1, -1], [11796, -1, -1], [11797, -1, -1], [11798, -1, -1]]"
1752927280.2069,-67.99995493888855,12805.821039321328,12805.821410942108,12816.461755623679,15865.460891638904,"[[11799, -1, -1], [11800, -1, -1], [11801, -1, -1], [11802, -1, -1], [11803, -1, -1], [11804, -1, -1], [11805, -1, -1], [11806, -1, -1], [11807, -1, -1], [11808, -1, -1], [11809, -1, -1]]"
1752927280.3169,-65.9999583363533,12805.821029060324,12805.821410942108,12816.461755623679,15865.460891638904,"[[11810, -1, -1], [11811, -1, -1], [11812, -1, -1], [11813, -1, -1], [11814, -1, -1], [11815, -1, -1], [11816, -1, -1], [11817, -1, -1], [11818, -1, -1], [11819, -1, -1], [11820, -1, -1]]"
1752927280.4258,-63.999958008527756,12805.821029060324,12805.821430528174,12816.461754361959,15865.460891638904,"[[11821, -1, -1], [11822, -1, -1], [11823, -1, -1], [11824, -1, -1], [11825, -1, -1], [11826, -1, -1], [11827, -1, -1], [11828, -1, -1], [11829, -1, -1], [11830, -1, -1], [11831, -1, -1]]"
1752927280.5348,-61.99995768070221,12805.821134109663,12805.821430528174,12816.461754361959,15865.460891638904,"[[11832, -1, -1], [11833, -1, -1], [11834, -1, -1], [11835, -1, -1], [11836, -1, -1], [11837, -1, -1], [11838, -1, -1], [11839, -1, -1], [11840, -1, -1], [11841, -1, -1], [11842, -1, -1]]"
1752927280.6468,-59.99995735287666,12805.821134109663,12805.821416084478,12816.461751633027,15865.460891638904,"[[11843, -1, -1], [11844, -1, -1], [11845, -1, -1], [11846, -1, -1], [11847, -1, -1], [11848, -1, -1], [11849, -1, -1], [11850, -1, -1], [11851, -1, -1], [11852, -1, -1], [11853, -1, -1]]"
1752927280.7568,-57.99995702505112,12805.821230302487,12805.821416084478,12816.461753819249,15865.460891638904,"[[11854, -1, -1], [11855, -1, -1], [11856, -1, -1], [11857, -1, -1], [11858, -1, -1], [11859, -1, -1], [11860, 1, 11155], [11860, 1, 11339], [11860, -1, -1], [11861, -1, -1], [11862, -1, -1], [11863, -1, -1], [11864, -1, -1]]"
1752927280.8668,-55.99995669722557,12805.821230302487,12805.821427690367,12816.461753819249,15865.460891638904,"[[11865, -1, -1], [11866, -1, -1], [11867, -1, -1], [11868, -1, -1], [11869, -1, -1], [11870, -1, -1], [11871, -1, -1], [11872, -1, -1], [11873, -1, -1], [11874, -1, -1], [11875, -1, -1]]"
1752927280.9768,-53.999956369400024,12805.821133264988,12805.821427690367,12816.461750105958,15865.460891638904,"[[11876, -1, -1], [11877, -1, -1], [11878, -1, -1], [11879, -1, -1], [11880, -1, -1], [11881, -1, -1], [11882, -1, -1], [11883, -1, -1], [11884, -1, -1], [11885, -1, -1], [11886, -1, -1]]"
1752927281.0878,-51.99995604157448,12805.821133264988,12805.821413188196,12816.461750105958,15865.460891638904,"[[11887, -1, -1], [11888, -1, -1], [11889, -1, -1], [11890, -1, -1], [11891, -1, -1], [11892, -1, -1], [11893, -1, -1], [11894, -1, -1], [11895, -1, -1], [11896, -1, -1], [11897, -1, -1]]"
1752927281.1983,-49.99995571374893,12805.821056489796,12805.821413188196,12816.461745964056,15865.460891638904,"[[11898, -1, -1], [11899, -1, -1], [11900, -1, -1], [11901, 1, 9671], [11901, 1, 9870], [11901, -1, -1], [11902, -1, -1], [11903, -1, -1], [11904, -1, -1], [11905, -1, -1], [11906, -1, -1], [11907, -1, -1], [11908, -1, -1]]"
1752927281.3083,-47.999955385923386,12805.821056489796,12805.821397350062,12816.461745964056,15865.460891638904,"[[11910, -1, -1], [11911, -1, -1], [11912, -1, -1], [11913, -1, -1], [11914, 1, 10981], [11914, 1, 11017], [11914, 1, 11212], [11914, -1, -1], [11915, -1, -1], [11916, -1, -1], [11917, -1, -1], [11918, -1, -1], [11919, -1, -1]]"
1752927281.4192,-45.99995505809784,12805.821126887693,12805.821397350062,12816.461750992286,15865.460891638904,"[[11921, -1, -1], [11922, -1, -1], [11923, -1, -1], [11924, 1, 11301], [11924, 1, 11484], [11924, -1, -1], [11925, 1, 11040], [11925, -1, -1], [11926, -1, -1], [11927, -1, -1], [11928, -1, -1], [11929, -1, -1], [11930, -1, -1]]"
1752927281.5298,-43.99995473027229,12805.821126887693,12805.821387803971,12816.461750992286,15865.460891638904,"[[11932, -1, -1], [11933, -1, -1], [11934, -1, -1], [11935, -1, -1], [11936, -1, -1], [11937, -1, -1], [11938, -1, -1], [11939, -1, -1], [11940, -1, -1], [11941, 1, 11644], [11941, 1, 11843], [11941, 1, 12000], [11941, -1, -1], [11942, -1, -1]]"
1752927281.6419,-41.99995440244675,12805.821052490435,12805.821387803971,12816.461741829287,15865.460891638904,"[[11943, -1, -1], [11944, -1, -1], [11945, 1, 10873], [11945, 1, 10950], [11945, 1, 11075], [11945, 1, 11140], [11945, -1, -1], [11946, -1, -1], [11947, -1, -1], [11948, -1, -1], [11949, 1, 11709], [11949, 1, 11740], [11949, 1, 11940], [11949, -1, -1], [11950, -1, -1], [11951, -1, -1], [11952, -1, -1], [11953, 1, 8895], [11953, 1, 9080], [11953, -1, -1]]"
1752927281.7518,-39.9999540746212,12805.821109108438,12805.821382228742,12816.461741829287,15865.460891638904,"[[11954, -1, -1], [11955, -1, -1], [11956, -1, -1], [11957, -1, -1], [11958, -1, -1], [11959, -1, -1], [11960, -1, -1], [11961, -1, -1], [11962, -1, -1], [11963, 1, 10394], [11963, 1, 10578], [11963, -1, -1], [11964, 1, 10163], [11964, 1, 10362], [11964, -1, -1]]"
1752927281.8608,-37.999953746795654,12805.821109108438,12805.821382228742,12816.461752352658,15865.460891638904,"[[11965, -1, -1], [11966, -1, -1], [11967, -1, -1], [11968, -1, -1], [11969, -1, -1], [11970, -1, -1], [11971, -1, -1], [11972, -1, -1], [11973, -1, -1], [11974, -1, -1], [11975, -1, -1]]"
1752927281.9708,-35.99995341897011,12805.821179180084,12805.821375337355,12816.461752352658,15865.460891638904,"[[11976, -1, -1], [11977, -1, -1], [11978, -1, -1], [11979, -1, -1], [11980, -1, -1], [11981, -1, -1], [11982, -1, -1], [11983, -1, -1], [11984, -1, -1], [11985, -1, -1], [11986, -1, -1]]"
1752927282.0828,-33.99995309114456,12805.821179180084,12805.821378338134,12816.461750360124,15865.460891638904,"[[11987, -1, -1], [11988, -1, -1], [11989, -1, -1], [11990, -1, -1], [11991, -1, -1], [11992, -1, -1], [11993, -1, -1], [11994, -1, -1], [11995, -1, -1], [11996, 1, 9450], [11996, 1, 9653], [11996, -1, -1], [11997, -1, -1]]"
1752927282.1934,-31.999952763319016,12805.82104321181,12805.821378338134,12816.461750360124,15865.460891638904,"[[11998, -1, -1], [11999, -1, -1], [12000, -1, -1], [12001, -1, -1], [12002, 1, 11506], [12002, 1, 11546], [12002, 1, 11582], [12002, 1, 11776], [12002, -1, -1], [12003, -1, -1], [12004, -1, -1], [12005, 1, 12392], [12005, 1, 12580], [12005, -1, -1], [12006, -1, -1], [12007, -1, -1], [12008, -1, -1]]"
1752927282.3028,-29.99995243549347,12805.82104321181,12805.821372241136,12816.461743616497,15865.460891638904,"[[12009, -1, -1], [12010, -1, -1], [12011, 1, 10183], [12011, 1, 10368], [12011, -1, -1], [12012, -1, -1], [12013, -1, -1], [12014, -1, -1], [12015, -1, -1], [12016, -1, -1], [12017, -1, -1], [12018, -1, -1], [12019, -1, -1]]"
1752927282.4128,-27.999952107667923,12805.821050240482,12805.821372241136,12816.461743616497,15865.460891638904,"[[12020, -1, -1], [12021, -1, -1], [12022, -1, -1], [12023, -1, -1], [12024, -1, -1], [12025, -1, -1], [12026, -1, -1], [12027, -1, -1], [12028, -1, -1], [12029, -1, -1], [12030, -1, -1]]"
1752927282.5238,-25.999951779842377,12805.821050240482,12805.821374846384,12816.461749894115,15865.460891638904,"[[12031, -1, -1], [12032, -1, -1], [12033, -1, -1], [12034, -1, -1], [12035, -1, -1], [12036, 1, 8349], [12036, 1, 8540], [12036, -1, -1], [12037, -1, -1], [12038, -1, -1], [12039, 1, 13255], [12039, 1, 13438], [12039, -1, -1], [12040, -1, -1], [12041, -1, -1]]"
1752927282.6348,-23.99995145201683,12805.821077621107,12805.821374846384,12816.461749894115,15865.460891638904,"[[12042, -1, -1], [12043, 1, 10922], [12043, 1, 10961], [12043, 1, 11154], [12043, -1, -1], [12044, -1, -1], [12045, -1, -1], [12046, -1, -1], [12047, -1, -1], [12048, -1, -1], [12049, -1, -1], [12050, -1, -1], [12051, -1, -1], [12052, 1, 12850], [12052, 1, 13037], [12052, -1, -1]]"
1752927282.7448,-21.999951124191284,12805.821077621107,12805.821349402095,12816.46175195644,15865.460891638904,"[[12053, -1, -1], [12054, -1, -1], [12055, 1, 10962], [12055, 1, 11170], [12055, -1, -1], [12056, -1, -1], [12057, -1, -1], [12058, -1, -1], [12059, -1, -1], [12060, -1, -1], [12061, -1, -1], [12062, -1, -1], [12063, -1, -1]]"
1752927282.8548,-19.999950796365738,12805.821086006892,12805.821349402095,12816.46175195644,15865.460891638904,"[[12064, -1, -1], [12065, -1, -1], [12066, 1, 10644], [12066, 1, 10842], [12066, -1, -1], [12067, -1, -1], [12068, -1, -1], [12069, -1, -1], [12070, 1, 9757], [12070, 1, 9956], [12070, 1, 10151], [12070, 1, 10440], [12070, 1, 10691], [12070, 1, 10899], [12070, -1, -1], [12071, 1, 11700], [12071, 1, 11885], [12071, -1, -1], [12072, -1, -1], [12073, -1, -1], [12074, 1, 11626], [12074, 1, 11661], [12074, 1, 11857], [12074, -1, -1]]"
1752927282.9658,-17.99995046854019,12805.821086006892,12805.82135953656,12816.461746927058,15865.460891638904,"[[12075, -1, -1], [12076, -1, -1], [12077, -1, -1], [12078, -1, -1], [12079, 1, 11436], [12079, 1, 11622], [12079, -1, -1], [12080, 1, 10567], [12080, 1, 10770], [12080, -1, -1], [12081, -1, -1], [12082, -1, -1], [12083, 1, 12081], [12083, 1, 12285], [12083, 1, 13014], [12083, 1, 13086], [12083, 1, 13222], [12083, -1, -1], [12084, -1, -1], [12085, -1, -1]]"
1752927283.0758,-15.999950140714647,12805.821160537334,12805.82135953656,12816.461746927058,15865.460891638904,"[[12086, -1, -1], [12087, -1, -1], [12088, -1, -1], [12089, 1, 9488], [12089, 1, 9678], [12089, -1, -1], [12090, -1, -1], [12091, -1, -1], [12092, -1, -1], [12093, -1, -1], [12094, -1, -1], [12095, -1, -1], [12096, -1, -1]]"
1752927283.1858,-13.9999498128891,12805.821160537334,12805.82137207269,12816.461744688471,15865.460891638904,"[[12097, -1, -1], [12098, -1, -1], [12099, -1, -1], [12100, 1, 11127], [12100, 1, 11326], [12100, 1, 11883], [12100, -1, -1], [12101, -1, -1], [12102, 1, 10724], [12102, 1, 10932], [12102, -1, -1], [12103, -1, -1], [12104, -1, -1], [12105, -1, -1], [12106, -1, -1], [12107, 1, 11457], [12107, 1, 11656], [12107, -1, -1]]"
1752927283.2958,-11.999949485063553,12805.821184684484,12805.82137207269,12816.461741016106,15865.460891638904,"[[12108, -1, -1], [12109, -1, -1], [12110, -1, -1], [12111, -1, -1], [12112, -1, -1], [12113, 1, 9797], [12113, 1, 9996], [12113, 1, 13942], [12113, 1, 14127], [12113, -1, -1], [12114, 1, 9952], [12114, 1, 10156], [12114, -1, -1], [12115, -1, -1], [12116, -1, -1], [12117, -1, -1], [12118, -1, -1]]"
1752927283.4068,-9.999949157238007,12805.821184684484,12805.821389116105,12816.461741016106,15865.460891638904,"[[12119, -1, -1], [12120, 1, 10705], [12120, 1, 10752], [12120, 1, 10938], [12120, 1, 11094], [12120, -1, -1], [12121, -1, -1], [12122, -1, -1], [12123, -1, -1], [12124, -1, -1], [12125, -1, -1], [12126, 1, 10716], [12126, 1, 10750], [12126, 1, 10946], [12126, -1, -1], [12127, -1, -1], [12128, -1, -1], [12129, -1, -1]]"
1752927283.5168,-7.999949295073748,12805.821108303408,12805.821389116105,12816.461753387317,15865.460891638904,"[[12130, -1, -1], [12131, 1, 10979], [12131, 1, 11178], [12131, 1, 11292], [12131, -1, -1], [12132, -1, -1], [12133, -1, -1], [12134, -1, -1], [12135, -1, -1], [12136, 1, 10527], [12136, 1, 10712], [12136, -1, -1], [12137, -1, -1], [12138, -1, -1], [12139, -1, -1], [12140, 1, 10710], [12140, 1, 10897], [12140, -1, -1]]"
1752927283.6278,-5.999949432909489,12805.821108303408,12805.821411931669,12816.461753387317,15865.460891638904,"[[12141, -1, -1], [12142, -1, -1], [12143, 1, 10726], [12143, 1, 10928], [12143, -1, -1], [12144, -1, -1], [12145, -1, -1], [12146, -1, -1], [12147, 1, 9359], [12147, 1, 9388], [12147, 1, 9569], [12147, 1, 10854], [12147, 1, 11058], [12147, -1, -1], [12148, 1, 9912], [12148, 1, 10087], [12148, 1, 10865], [12148, 1, 10901], [12148, 1, 11095], [12148, 1, 11261], [12148, -1, -1], [12149, -1, -1], [12150, -1, -1], [12151, -1, -1]]"
1752927283.7378,-3.999949337914586,12805.821155886353,12805.821411931669,12816.461745180433,15865.460891638904,"[[12152, -1, -1], [12153, -1, -1], [12154, -1, -1], [12155, -1, -1], [12156, -1, -1], [12157, -1, -1], [12158, -1, -1], [12159, 1, 11644], [12159, 1, 11681], [12159, 1, 11874], [12159, -1, -1], [12160, -1, -1], [12161, -1, -1], [12162, -1, -1]]"
1752927283.8498,-1.9999493379156945,12805.821155886353,12805.821417593801,12816.461745180433,15865.460891638904,"[[12163, -1, -1], [12164, 1, 10969], [12164, 1, 11172], [12164, -1, -1], [12165, 1, 9868], [12165, 1, 10053], [12165, 1, 10228], [12165, 1, 10428], [12165, -1, -1], [12166, -1, -1], [12167, -1, -1], [12168, 1, 10365], [12168, 1, 10407], [12168, 1, 10597], [12168, 1, 10967], [12168, -1, -1], [12169, 1, 10858], [12169, 1, 10894], [12169, 1, 11089], [12169, 1, 11476], [12169, 1, 11684], [12169, -1, -1], [12170, 1, 10176], [12170, 1, 10212], [12170, 1, 10406], [12170, -1, -1], [12171, -1, -1], [12172, -1, -1], [12173, -1, -1], [12174, 1, 11558], [12174, 1, 11593], [12174, 1, 11788], [12174, -1, -1]]"
1752927283.9598,5.0619244575458855e-05,12805.82115978741,12805.821417593801,12816.4617483541,15865.460891638904,"[[12175, 1, 11798], [12175, 1, 11983], [12175, -1, -1], [12176, -1, -1], [12177, 1, 10966], [12177, -1, -1], [12178, 1, 10751], [12178, 1, 10954], [12178, -1, -1], [12179, -1, -1], [12180, 1, 12693], [12180, 1, 12877], [12180, 1, 13133], [12180, -1, -1], [12181, 1, 12386], [12181, -1, -1], [12182, -1, -1], [12183, 1, 12049], [12183, 1, 12252], [12183, 1, 12507], [12183, -1, -1], [12184, -1, -1], [12185, -1, -1]]"
1752927284.0693,2.0000504814088345,12805.82115978741,12805.821403020553,12816.4617483541,15865.460891638904,"[[12186, -1, -1], [12187, 1, 11633], [12187, 1, 11832], [12187, -1, -1], [12188, 1, 10370], [12188, 1, 10570], [12188, -1, -1], [12189, -1, -1], [12190, -1, -1], [12191, 1, 10008], [12191, 1, 10211], [12191, 1, 10855], [12191, 1, 11059], [12191, -1, -1], [12192, 1, 10384], [12192, 1, 10583], [12192, -1, -1], [12193, 1, 10485], [12193, 1, 11715], [12193, 1, 11749], [12193, 1, 11944], [12193, -1, -1], [12194, 1, 10352], [12194, 1, 10390], [12194, 1, 10583], [12194, 1, 11828], [12194, 1, 11891], [12194, 1, 12011], [12194, 1, 12093], [12194, -1, -1], [12195, 1, 10726], [12195, 1, 10759], [12195, 1, 10959], [12195, -1, -1]]"
1752927284.1798,4.000050343573093,12805.82119577127,12805.821403020553,12816.461751554705,15865.460891638904,"[[12197, 1, 10742], [12197, 1, 10945], [12197, 1, 12730], [12197, 1, 12902], [12197, -1, -1], [12198, 1, 10734], [12198, 1, 10934], [12198, -1, -1], [12199, 1, 9730], [12199, 1, 9929], [12199, -1, -1], [12200, 1, 9967], [12200, 1, 10003], [12200, 1, 10081], [12200, 1, 10118], [12200, 1, 10199], [12200, 1, 10313], [12200, -1, -1], [12201, -1, -1], [12202, 1, 10216], [12202, 1, 10271], [12202, 1, 10418], [12202, 1, 10480], [12202, 1, 10579], [12202, 1, 11488], [12202, 1, 11687], [12202, 1, 17344], [12202, 1, 17527], [12202, -1, -1], [12203, -1, -1], [12204, -1, -1], [12205, 1, 10714], [12205, 1, 10757], [12205, 1, 10947], [12205, -1, -1], [12206, 1, 10408], [12206, 1, 10596], [12206, 1, 10926], [12206, -1, -1], [12207, 1, 9812], [12207, 1, 10011], [12207, 1, 10219], [12207, 1, 10427], [12207, -1, -1]]"
1752927284.2898,6.00005067139864,12805.821196909888,12805.821405628716,12816.461751554705,15865.460891638904,"[[12208, -1, -1], [12209, -1, -1], [12210, 1, 12437], [12210, 1, 12625], [12210, -1, -1], [12211, 1, 12693], [12211, 1, 12878], [12211, -1, -1], [12212, 1, 9978], [12212, 1, 10012], [12212, 1, 10207], [12212, 1, 10295], [12212, 1, 10692], [12212, -1, -1], [12213, 1, 11731], [12213, 1, 11767], [12213, 1, 11963], [12213, 1, 12250], [12213, -1, -1], [12214, 1, 11363], [12214, 1, 11565], [12214, 1, 11950], [12214, 1, 12153], [12214, -1, -1], [12215, 1, 11261], [12215, 1, 11449], [12215, -1, -1], [12216, 1, 10311], [12216, 1, 10499], [12216, 1, 10836], [12216, -1, -1], [12217, -1, -1], [12218, -1, -1]]"
1752927284.3998,8.000050999224186,12805.821196909888,12805.821403981132,12816.461743464699,15865.460891638904,"[[12219, 1, 10302], [12219, 1, 10490], [12219, 1, 11652], [12219, 1, 12106], [12219, 1, 12140], [12219, 1, 12336], [12219, 1, 12424], [12219, 1, 12632], [12219, 1, 13922], [12219, 1, 14130], [12219, -1, -1], [12220, 1, 11446], [12220, 1, 11490], [12220, 1, 11581], [12220, 1, 11641], [12220, 1, 11678], [12220, 1, 11852], [12220, 1, 12054], [12220, 1, 12132], [12220, -1, -1], [12221, -1, -1], [12222, 1, 9807], [12222, 1, 9841], [12222, 1, 10036], [12222, 1, 11347], [12222, 1, 11547], [12222, -1, -1], [12223, 1, 9625], [12223, 1, 9816], [12223, -1, -1], [12224, -1, -1], [12225, -1, -1], [12226, 1, 10023], [12226, 1, 10222], [12226, 1, 10827], [12226, 1, 11015], [12226, -1, -1], [12227, 1, 11664], [12227, 1, 11863], [12227, -1, -1], [12228, 1, 14618], [12228, 1, 14805], [12228, -1, -1], [12229, -1, -1]]"
1752927284.51,10.000051327049732,12805.821133882248,12805.821403981132,12816.461743464699,15865.460891638904,"[[12230, 1, 10903], [12230, 1, 10939], [12230, 1, 11134], [12230, 1, 11673], [12230, 1, 11881], [12230, 1, 12512], [12230, 1, 12711], [12230, -1, -1], [12231, 1, 10032], [12231, 1, 10235], [12231, 1, 10833], [12231, 1, 11036], [12231, -1, -1], [12232, 1, 10751], [12232, 1, 11018], [12232, 1, 11107], [12232, 1, 11169], [12232, 1, 11225], [12232, 1, 11296], [12232, -1, -1], [12233, 1, 10947], [12233, 1, 11133], [12233, 1, 11337], [12233, 1, 11371], [12233, 1, 11566], [12233, -1, -1], [12234, 1, 10390], [12234, 1, 10416], [12234, 1, 10620], [12234, 1, 10893], [12234, 1, 10927], [12234, 1, 11123], [12234, -1, -1], [12235, 1, 10640], [12235, 1, 10839], [12235, -1, -1], [12236, -1, -1], [12237, 1, 10442], [12237, 1, 10627], [12237, 1, 10856], [12237, 1, 10914], [12237, 1, 13438], [12237, 1, 13641], [12237, 1, 13806], [12237, -1, -1], [12238, 1, 11409], [12238, 1, 11594], [12238, -1, -1], [12239, -1, -1], [12240, 1, 9964], [12240, 1, 10149], [12240, 1, 10303], [12240, 1, 10338], [12240, 1, 10534], [12240, -1, -1]]"
1752927284.6198,12.000051654875278,12805.821133882248,12805.821417973144,12816.461751837287,15865.460891638904,"[[12241, 1, 10743], [12241, 1, 10773], [12241, 1, 10811], [12241, 1, 11002], [12241, 1, 13043], [12241, 1, 13231], [12241, 1, 13808], [12241, -1, -1], [12242, -1, -1], [12243, 1, 13848], [12243, 1, 13880], [12243, 1, 14058], [12243, -1, -1], [12244, 1, 10794], [12244, 1, 10997], [12244, 1, 12854], [12244, 1, 13062], [12244, 1, 15978], [12244, 1, 16222], [12244, 1, 16538], [12244, -1, -1], [12245, -1, -1], [12246, 1, 10181], [12246, 1, 10384], [12246, -1, -1], [12247, -1, -1], [12248, 1, 10136], [12248, 1, 10172], [12248, 1, 10368], [12248, 1, 12637], [12248, 1, 12823], [12248, -1, -1], [12249, -1, -1], [12250, -1, -1], [12251, 1, 11984], [12251, 1, 12014], [12251, 1, 12213], [12251, 1, 15701], [12251, -1, -1]]"
1752927284.7308,14.00005105137825,12805.821003519199,12805.821417973144,12816.461751837287,15865.460891638904,"[[12252, 1, 9726], [12252, 1, 9911], [12252, -1, -1], [12253, -1, -1], [12254, 1, 11714], [12254, 1, 11898], [12254, -1, -1], [12255, -1, -1], [12256, 1, 11884], [12256, 1, 12067], [12256, -1, -1], [12257, 1, 12034], [12257, 1, 12232], [12257, -1, -1], [12258, -1, -1], [12259, -1, -1], [12260, -1, -1], [12261, -1, -1], [12262, 1, 11575], [12262, 1, 11611], [12262, 1, 11806], [12262, -1, -1]]"
1752927284.8408,16.000051379203796,12805.821003519199,12805.82139262306,12816.461750650904,15865.460891638904,"[[12263, -1, -1], [12264, -1, -1], [12265, -1, -1], [12266, -1, -1], [12267, -1, -1], [12268, -1, -1], [12269, -1, -1], [12270, 1, 10122], [12270, 1, 10321], [12270, -1, -1], [12271, -1, -1], [12272, -1, -1], [12273, -1, -1]]"
1752927284.9493,18.000051707029343,12805.821229634183,12805.82139262306,12816.461750650904,15865.460891638904,"[[12274, -1, -1], [12275, -1, -1], [12276, -1, -1], [12277, -1, -1], [12278, -1, -1], [12279, -1, -1], [12280, -1, -1], [12281, -1, -1], [12282, -1, -1], [12283, -1, -1]]"
1752927285.0593,20.00005203485489,12805.821229634183,12805.821396889838,12816.461755666109,15865.460891638904,"[[12285, -1, -1], [12286, -1, -1], [12287, -1, -1], [12288, -1, -1], [12289, -1, -1], [12290, -1, -1], [12291, -1, -1], [12292, -1, -1], [12293, -1, -1], [12294, -1, -1]]"
1752927285.1718,22.000052362680435,12805.821187983192,12805.821396889838,12816.461755666109,15865.460891638904,"[[12296, -1, -1], [12297, -1, -1], [12298, -1, -1], [12299, -1, -1], [12300, -1, -1], [12301, -1, -1], [12302, -1, -1], [12303, -1, -1], [12304, -1, -1], [12305, -1, -1], [12306, -1, -1]]"
1752927285.2808,24.00005269050598,12805.821187983192,12805.8213936265,12816.46174664121,15865.460891638904,"[[12307, -1, -1], [12308, -1, -1], [12309, -1, -1], [12310, -1, -1], [12311, -1, -1], [12312, -1, -1], [12313, -1, -1], [12314, -1, -1], [12315, -1, -1], [12316, -1, -1], [12317, -1, -1]]"
1752927285.3908,26.000053018331528,12805.821221570803,12805.8213936265,12816.46174572647,15865.460891638904,"[[12318, -1, -1], [12319, -1, -1], [12320, -1, -1], [12321, -1, -1], [12322, -1, -1], [12323, -1, -1], [12324, -1, -1], [12325, -1, -1], [12326, -1, -1], [12327, -1, -1], [12328, -1, -1]]"
1752927285.5008,28.000053346157074,12805.821221570803,12805.821394343095,12816.46174572647,15865.460891638904,"[[12329, -1, -1], [12330, -1, -1], [12331, -1, -1], [12332, -1, -1], [12333, -1, -1], [12334, -1, -1], [12335, -1, -1], [12336, -1, -1], [12337, -1, -1], [12338, -1, -1], [12339, -1, -1]]"
1752927285.6093,30.00005367398262,12805.82118473866,12805.821394343095,12816.461752154553,15865.460891638904,"[[12340, -1, -1], [12341, -1, -1], [12342, -1, -1], [12343, 1, 10777], [12343, -1, -1], [12344, -1, -1], [12345, -1, -1], [12346, -1, -1], [12347, -1, -1], [12348, -1, -1], [12349, -1, -1]]"
1752927285.7208,32.00005400180817,12805.82118473866,12805.821408022814,12816.461752154553,15865.460891638904,"[[12351, 1, 11777], [12351, 1, 11810], [12351, 1, 12006], [12351, 1, 12066], [12351, 1, 12189], [12351, -1, -1], [12352, -1, -1], [12353, -1, -1], [12354, -1, -1], [12355, -1, -1], [12356, -1, -1], [12357, -1, -1], [12358, -1, -1], [12359, 1, 11131], [12359, 1, 11331], [12359, -1, -1], [12360, -1, -1], [12361, -1, -1]]"
1752927285.8318,34.00005432963371,12805.82115635298,12805.821408022814,12816.461748203825,15865.460891638904,"[[12362, -1, -1], [12363, -1, -1], [12364, -1, -1], [12365, -1, -1], [12366, -1, -1], [12367, -1, -1], [12368, -1, -1], [12369, -1, -1], [12370, -1, -1], [12371, -1, -1], [12372, -1, -1]]"
1752927285.9408,36.00005465745926,12805.82115635298,12805.821420142656,12816.461748203825,15865.460891638904,"[[12373, -1, -1], [12374, -1, -1], [12375, -1, -1], [12376, -1, -1], [12377, -1, -1], [12378, -1, -1], [12379, -1, -1], [12380, -1, -1], [12381, -1, -1], [12382, -1, -1], [12383, -1, -1]]"
1752927286.0508,38.000054985284805,12805.821244576813,12805.821420142656,12816.46175199667,15865.460891638904,"[[12384, -1, -1], [12385, -1, -1], [12386, -1, -1], [12387, -1, -1], [12388, -1, -1], [12389, -1, -1], [12390, -1, -1], [12391, -1, -1], [12392, -1, -1], [12393, -1, -1], [12394, -1, -1]]"
1752927286.1614,40.00005531311035,12805.821244576813,12805.821418252326,12816.46175199667,15865.460891638904,"[[12395, -1, -1], [12396, -1, -1], [12397, -1, -1], [12398, -1, -1], [12399, -1, -1], [12400, -1, -1], [12401, -1, -1], [12402, -1, -1], [12403, -1, -1], [12404, -1, -1], [12405, -1, -1]]"
1752927286.2718,42.0000556409359,12805.821323355032,12805.821418252326,12816.461752264173,15865.460891638904,"[[12406, -1, -1], [12407, -1, -1], [12408, -1, -1], [12409, -1, -1], [12410, -1, -1], [12411, -1, -1], [12412, -1, -1], [12413, -1, -1], [12414, -1, -1], [12415, -1, -1], [12416, -1, -1]]"
1752927286.3818,44.000055968761444,12805.821323355032,12805.821408616528,12816.461752264173,15865.460891638904,"[[12417, -1, -1], [12418, -1, -1], [12419, -1, -1], [12420, -1, -1], [12421, -1, -1], [12422, -1, -1], [12423, -1, -1], [12424, -1, -1], [12425, -1, -1], [12426, -1, -1], [12427, -1, -1]]"
1752927286.4918,46.00005629658699,12805.8212799569,12805.821408616528,12816.461748523736,15865.460891638904,"[[12428, -1, -1], [12429, -1, -1], [12430, -1, -1], [12431, -1, -1], [12432, -1, -1], [12433, -1, -1], [12434, -1, -1], [12435, -1, -1], [12436, -1, -1], [12437, -1, -1], [12438, -1, -1]]"
1752927286.6018,48.00005662441254,12805.821107492158,12805.821422414563,12816.461748523736,15865.460891638904,"[[12439, -1, -1], [12440, -1, -1], [12441, -1, -1], [12442, -1, -1], [12443, -1, -1], [12444, -1, -1], [12445, -1, -1], [12446, -1, -1], [12447, -1, -1], [12448, -1, -1], [12449, -1, -1]]"
1752927286.7128,50.00005695223808,12805.821107492158,12805.821422414563,12816.461740995788,15865.460891638904,"[[12450, -1, -1], [12451, -1, -1], [12452, -1, -1], [12453, -1, -1], [12454, -1, -1], [12455, -1, -1], [12456, -1, -1], [12457, -1, -1], [12458, -1, -1], [12459, -1, -1], [12460, -1, -1]]"
1752927286.8238,52.00005728006363,12805.821140010628,12805.82140868228,12816.461740995788,15865.460891638904,"[[12461, -1, -1], [12462, -1, -1], [12463, -1, -1], [12464, -1, -1], [12465, -1, -1], [12466, -1, -1], [12467, -1, -1], [12468, -1, -1], [12469, -1, -1], [12470, -1, -1], [12471, -1, -1]]"
1752927286.9338,54.000057607889175,12805.821140010628,12805.821409122645,12816.461752448733,15865.460891638904,"[[12472, -1, -1], [12473, 1, 10489], [12473, 1, 10674], [12473, -1, -1], [12474, -1, -1], [12475, -1, -1], [12476, -1, -1], [12477, -1, -1], [12478, -1, -1], [12479, -1, -1], [12480, -1, -1], [12481, -1, -1], [12482, -1, -1]]"
1752927287.0438,56.00005793571472,12805.82116659828,12805.821409122645,12816.461752448733,15865.460891638904,"[[12483, -1, -1], [12484, -1, -1], [12485, -1, -1], [12486, -1, -1], [12487, -1, -1], [12488, -1, -1], [12489, -1, -1], [12490, -1, -1], [12491, -1, -1], [12492, -1, -1], [12493, -1, -1]]"
1752927287.1538,58.00005826354027,12805.82116659828,12805.821412053425,12816.46174069253,15865.460891638904,"[[12494, -1, -1], [12495, -1, -1], [12496, -1, -1], [12497, -1, -1], [12498, -1, -1], [12499, -1, -1], [12500, -1, -1], [12501, 1, 10067], [12501, 1, 10823], [12501, 1, 11010], [12501, -1, -1], [12502, -1, -1], [12503, -1, -1], [12504, -1, -1]]"
1752927287.2628,60.000058591365814,12805.821237726983,12805.821412053425,12816.46174069253,15865.460891638904,"[[12505, -1, -1], [12506, -1, -1], [12507, -1, -1], [12508, -1, -1], [12509, -1, -1], [12510, -1, -1], [12511, -1, -1], [12512, -1, -1], [12513, -1, -1], [12514, -1, -1], [12515, -1, -1]]"
1752927287.3758,62.00005519390106,12805.821237726983,12805.821419375849,12816.461753070684,15865.460891638904,"[[12516, -1, -1], [12517, -1, -1], [12518, -1, -1], [12519, -1, -1], [12520, -1, -1], [12521, 1, 10388], [12521, 1, 10591], [12521, -1, -1], [12522, -1, -1], [12523, -1, -1], [12524, -1, -1], [12525, -1, -1], [12526, -1, -1]]"
1752927287.4848,64.00005179643631,12805.821311828084,12805.821419375849,12816.461753070684,15865.460891638904,"[[12527, -1, -1], [12528, -1, -1], [12529, -1, -1], [12530, -1, -1], [12531, -1, -1], [12532, -1, -1], [12533, -1, -1], [12534, -1, -1], [12535, -1, -1], [12536, -1, -1], [12537, -1, -1]]"
1752927287.5938,66.00004839897156,12805.821311828084,12805.82141952504,12816.461752743495,15865.460891638904,"[[12538, -1, -1], [12539, -1, -1], [12540, -1, -1], [12541, -1, -1], [12542, -1, -1], [12543, -1, -1], [12544, -1, -1], [12545, -1, -1], [12546, -1, -1], [12547, -1, -1], [12548, -1, -1]]"
1752927287.7048,68.0000450015068,12805.821368886438,12805.82141952504,12816.461752743495,15865.460891638904,"[[12549, -1, -1], [12550, -1, -1], [12551, -1, -1], [12552, -1, -1], [12553, -1, -1], [12554, -1, -1], [12555, -1, -1], [12556, -1, -1], [12557, -1, -1], [12558, -1, -1], [12559, -1, -1]]"
1752927287.8148,70.00004160404205,12805.821368886438,12805.821409473692,12816.461755176273,15865.460891638904,"[[12560, -1, -1], [12561, -1, -1], [12562, -1, -1], [12563, -1, -1], [12564, -1, -1], [12565, -1, -1], [12566, -1, -1], [12567, -1, -1], [12568, -1, -1], [12569, -1, -1], [12570, -1, -1]]"
1752927287.9248,72.0000382065773,12805.821194496531,12805.821409473692,12816.461755176273,15865.460891638904,"[[12571, -1, -1], [12572, -1, -1], [12573, -1, -1], [12574, -1, -1], [12575, -1, -1], [12576, -1, -1], [12577, -1, -1], [12578, -1, -1], [12579, -1, -1], [12580, -1, -1], [12581, -1, -1]]"
1752927288.0348,74.00003480911255,12805.821194496531,12805.821406518524,12816.46175733353,15865.460891638904,"[[12582, -1, -1], [12583, 1, 15202], [12583, 1, 15405], [12583, 1, 15563], [12583, -1, -1], [12584, -1, -1], [12585, -1, -1], [12586, -1, -1], [12587, -1, -1], [12588, -1, -1], [12589, -1, -1], [12590, -1, -1], [12591, -1, -1], [12592, -1, -1]]"
1752927288.1448,76.0000314116478,12805.82116523354,12805.821406518524,12816.461750854793,15865.460891638904,"[[12593, -1, -1], [12594, -1, -1], [12595, -1, -1], [12596, -1, -1], [12597, -1, -1], [12598, -1, -1], [12599, -1, -1], [12600, -1, -1], [12601, -1, -1], [12602, -1, -1], [12603, -1, -1]]"
1752927288.2548,78.00002801418304,12805.82116523354,12805.821406862875,12816.461750854793,15865.460891638904,"[[12604, -1, -1], [12605, -1, -1], [12606, -1, -1], [12607, -1, -1], [12608, -1, -1], [12609, -1, -1], [12610, -1, -1], [12611, -1, -1], [12612, -1, -1], [12613, -1, -1], [12614, -1, -1]]"
1752927288.3648,80.00002461671829,12805.821219846242,12805.821406862875,12816.461746266106,15865.460891638904,"[[12615, -1, -1], [12616, -1, -1], [12617, -1, -1], [12618, -1, -1], [12619, -1, -1], [12620, -1, -1], [12621, -1, -1], [12622, -1, -1], [12623, -1, -1], [12624, -1, -1], [12625, -1, -1]]"
1752927288.4748,82.00002121925354,12805.821219846242,12805.82141437977,12816.461746266106,15865.460891638904,"[[12626, -1, -1], [12627, -1, -1], [12628, -1, -1], [12629, -1, -1], [12630, -1, -1], [12631, -1, -1], [12632, -1, -1], [12633, -1, -1], [12634, -1, -1], [12635, -1, -1], [12636, -1, -1]]"
1752927288.5848,84.00001782178879,12805.821313016257,12805.82141437977,12816.461749203847,15865.460891638904,"[[12637, -1, -1], [12638, -1, -1], [12639, -1, -1], [12640, -1, -1], [12641, -1, -1], [12642, -1, -1], [12643, -1, -1], [12644, -1, -1], [12645, -1, -1], [12646, -1, -1], [12647, -1, -1]]"
1752927288.6968,86.00001442432404,12805.821313016257,12805.821418639109,12816.461749203847,15865.460891638904,"[[12648, -1, -1], [12649, -1, -1], [12650, -1, -1], [12651, -1, -1], [12652, -1, -1], [12653, -1, -1], [12654, -1, -1], [12655, -1, -1], [12656, -1, -1], [12657, -1, -1], [12658, -1, -1]]"
1752927288.8068,88.00001102685928,12805.821237176922,12805.821418639109,12816.461745308838,15865.460891638904,"[[12659, -1, -1], [12660, -1, -1], [12661, -1, -1], [12662, -1, -1], [12663, -1, -1], [12664, -1, -1], [12665, -1, -1], [12666, 1, 10120], [12666, 1, 10319], [12666, -1, -1], [12667, -1, -1], [12668, -1, -1], [12669, -1, -1]]"
1752927288.9168,90.00000762939453,12805.821237176922,12805.821412872354,12816.461745308838,15865.460891638904,"[[12670, -1, -1], [12671, -1, -1], [12672, -1, -1], [12673, -1, -1], [12674, -1, -1], [12675, -1, -1], [12676, -1, -1], [12677, 1, 10902], [12677, 1, 11093], [12677, -1, -1], [12678, -1, -1], [12679, -1, -1], [12680, -1, -1]]"
1752927289.0258,92.00000423192978,12805.821121881865,12805.821412872354,12816.461742391506,15865.460891638904,"[[12681, -1, -1], [12682, -1, -1], [12683, -1, -1], [12684, -1, -1], [12685, -1, -1], [12686, -1, -1], [12687, -1, -1], [12688, -1, -1], [12689, -1, -1], [12690, -1, -1], [12691, -1, -1]]"
1752927289.1358,94.00000083446503,12805.821121881865,12805.821405695697,12816.461742391506,15865.460891638904,"[[12692, -1, -1], [12693, -1, -1], [12694, -1, -1], [12695, -1, -1], [12696, -1, -1], [12697, -1, -1], [12698, -1, -1], [12699, -1, -1], [12700, -1, -1], [12701, -1, -1], [12702, -1, -1]]"
1752927289.2478,95.99999743700027,12805.821171281343,12805.821405695697,12816.461761488152,15865.460891638904,"[[12703, -1, -1], [12704, -1, -1], [12705, -1, -1], [12706, -1, -1], [12707, -1, -1], [12708, -1, -1], [12709, -1, -1], [12710, -1, -1], [12711, -1, -1], [12712, 1, 12002], [12712, 1, 12191], [12712, -1, -1], [12713, -1, -1]]"
1752927289.3568,97.99999403953552,12805.82129369071,12805.821397330434,12816.461761488152,15865.460891638904,"[[12714, -1, -1], [12715, -1, -1], [12716, -1, -1], [12717, -1, -1], [12718, -1, -1], [12719, -1, -1], [12720, -1, -1], [12721, -1, -1], [12722, -1, -1], [12723, -1, -1], [12724, -1, -1]]"
1752927289.4668,99.99999064207077,12805.82129369071,12805.821397330434,12816.46175226743,15865.460891638904,"[[12725, -1, -1], [12726, -1, -1], [12727, -1, -1], [12728, -1, -1], [12729, -1, -1], [12730, -1, -1], [12731, -1, -1], [12732, -1, -1], [12733, -1, -1], [12734, -1, -1], [12735, -1, -1]]"
1752927289.5768,101.99998724460602,12805.82127636515,12805.821394349521,12816.46175226743,15865.460891638904,"[[12736, -1, -1], [12737, -1, -1], [12738, -1, -1], [12739, -1, -1], [12740, -1, -1], [12741, -1, -1], [12742, -1, -1], [12743, -1, -1], [12744, -1, -1], [12745, -1, -1], [12746, -1, -1]]"
1752927289.6892,103.99998384714127,12805.82127636515,12805.821382671542,12816.461752094903,15865.460891638904,"[[12747, -1, -1], [12748, -1, -1], [12749, -1, -1], [12750, -1, -1], [12751, -1, -1], [12752, -1, -1], [12753, -1, -1], [12754, -1, -1], [12755, -1, -1], [12756, -1, -1], [12757, -1, -1]]"
1752927289.7998,105.99998044967651,12805.82127283907,12805.821382671542,12816.461752094903,15865.460891638904,"[[12759, -1, -1], [12760, -1, -1], [12761, -1, -1], [12762, -1, -1], [12763, -1, -1], [12764, -1, -1], [12765, -1, -1], [12766, -1, -1], [12767, -1, -1], [12768, -1, -1], [12769, -1, -1]]"
1752927289.9092,107.99997705221176,12805.82127283907,12805.82137835118,12816.461755277543,15865.460891638904,"[[12770, -1, -1], [12771, -1, -1], [12772, -1, -1], [12773, -1, -1], [12774, -1, -1], [12775, -1, -1], [12776, -1, -1], [12777, -1, -1], [12778, -1, -1], [12779, -1, -1]]"
1752927290.0198,109.99997365474701,12805.821165771506,12805.82137835118,12816.461755277543,15865.460891638904,"[[12781, -1, -1], [12782, -1, -1], [12783, -1, -1], [12784, -1, -1], [12785, -1, -1], [12786, -1, -1], [12787, -1, -1], [12788, -1, -1], [12789, -1, -1], [12790, -1, -1], [12791, -1, -1]]"
1752927290.1298,111.99997025728226,12805.821165771506,12805.821386219422,12816.461758911684,15865.460891638904,"[[12792, -1, -1], [12793, -1, -1], [12794, -1, -1], [12795, -1, -1], [12796, -1, -1], [12797, -1, -1], [12798, -1, -1], [12799, -1, -1], [12800, -1, -1], [12801, -1, -1], [12802, -1, -1]]"
1752927290.2398,113.9999668598175,12805.821124013555,12805.821386219422,12816.461758911684,15865.460891638904,"[[12803, -1, -1], [12804, -1, -1], [12805, -1, -1], [12806, -1, -1], [12807, -1, -1], [12808, -1, -1], [12809, 1, 24973], [12809, 1, 25165], [12809, -1, -1], [12810, -1, -1], [12811, -1, -1], [12812, -1, -1], [12813, -1, -1]]"
1752927290.3493,115.99996346235275,12805.821124013555,12805.821385897503,12816.461741843472,15865.460891638904,"[[12814, -1, -1], [12815, -1, -1], [12816, -1, -1], [12817, -1, -1], [12818, -1, -1], [12819, -1, -1], [12820, -1, -1], [12821, -1, -1], [12822, -1, -1], [12823, -1, -1]]"
1752927290.4592,117.999960064888,12805.821207131767,12805.821385897503,12816.461741843472,15865.460891638904,"[[12825, -1, -1], [12826, -1, -1], [12827, -1, -1], [12828, -1, -1], [12829, -1, -1], [12830, -1, -1], [12831, -1, -1], [12832, -1, -1], [12833, -1, -1], [12834, -1, -1]]"
1752927290.5698,119.99995666742325,12805.821207131767,12805.821390342626,12816.461746538942,15865.460891638904,"[[12836, -1, -1], [12837, -1, -1], [12838, -1, -1], [12839, -1, -1], [12840, -1, -1], [12841, -1, -1], [12842, -1, -1], [12843, -1, -1], [12844, -1, -1], [12845, -1, -1], [12846, -1, -1]]"
1752927290.6808,121.9999532699585,12805.821237998218,12805.821390342626,12816.461743186796,15865.460891638904,"[[12847, -1, -1], [12848, -1, -1], [12849, -1, -1], [12850, -1, -1], [12851, -1, -1], [12852, -1, -1], [12853, -1, -1], [12854, -1, -1], [12855, -1, -1], [12856, -1, -1], [12857, -1, -1]]"
1752927290.7918,123.99995732307434,12805.821237998218,12805.821385863357,12816.461743186796,15865.460891638904,"[[12858, -1, -1], [12859, -1, -1], [12860, -1, -1], [12861, -1, -1], [12862, -1, -1], [12863, -1, -1], [12864, -1, -1], [12865, -1, -1], [12866, -1, -1], [12867, -1, -1], [12868, -1, -1]]"
1752927290.9018,125.99996137619019,12805.821260580084,12805.821385863357,12816.461749539723,15865.460891638904,"[[12869, -1, -1], [12870, -1, -1], [12871, -1, -1], [12872, -1, -1], [12873, -1, -1], [12874, -1, -1], [12875, -1, -1], [12876, -1, -1], [12877, -1, -1], [12878, -1, -1], [12879, -1, -1]]"
1752927291.0118,127.99996542930603,12805.821260580084,12805.821380221478,12816.461749539723,15865.460891638904,"[[12880, -1, -1], [12881, -1, -1], [12882, -1, -1], [12883, -1, -1], [12884, -1, -1], [12885, -1, -1], [12886, -1, -1], [12887, -1, -1], [12888, -1, -1], [12889, -1, -1], [12890, -1, -1]]"
1752927291.1228,129.99996948242188,12805.821232528357,12805.821380221478,12816.461747237045,15865.460891638904,"[[12891, -1, -1], [12892, -1, -1], [12893, -1, -1], [12894, -1, -1], [12895, -1, -1], [12896, -1, -1], [12897, -1, -1], [12898, -1, -1], [12899, -1, -1], [12900, -1, -1], [12901, -1, -1]]"
1752927291.2338,131.99997353553772,12805.821232528357,12805.821378401128,12816.461747237045,15865.460891638904,"[[12902, -1, -1], [12903, -1, -1], [12904, -1, -1], [12905, -1, -1], [12906, -1, -1], [12907, -1, -1], [12908, -1, -1], [12909, -1, -1], [12910, -1, -1], [12911, -1, -1], [12912, -1, -1]]"
1752927291.3438,133.99997758865356,12805.821150600766,12805.821378401128,12816.461750496841,15865.460891638904,"[[12913, -1, -1], [12914, -1, -1], [12915, -1, -1], [12916, -1, -1], [12917, -1, -1], [12918, -1, -1], [12919, -1, -1], [12920, -1, -1], [12921, -1, -1], [12922, -1, -1], [12923, -1, -1]]"
1752927291.4538,135.9999816417694,12805.821150600766,12805.821378310615,12816.461750496841,15865.460891638904,"[[12924, -1, -1], [12925, -1, -1], [12926, -1, -1], [12927, -1, -1], [12928, -1, -1], [12929, -1, -1], [12930, -1, -1], [12931, -1, -1], [12932, -1, -1], [12933, -1, -1], [12934, -1, -1]]"
1752927291.5658,137.99998569488525,12805.821122027755,12805.821378310615,12816.461748206106,15865.460891638904,"[[12935, -1, -1], [12936, -1, -1], [12937, -1, -1], [12938, -1, -1], [12939, -1, -1], [12940, -1, -1], [12941, -1, -1], [12942, -1, -1], [12943, -1, -1], [12944, -1, -1], [12945, -1, -1]]"
1752927291.6768,139.9999897480011,12805.821149359776,12805.821383701541,12816.461748206106,15865.460891638904,"[[12946, -1, -1], [12947, -1, -1], [12948, -1, -1], [12949, -1, -1], [12950, -1, -1], [12951, -1, -1], [12952, -1, -1], [12953, -1, -1], [12954, -1, -1], [12955, -1, -1], [12956, -1, -1]]"
1752927291.7883,141.99999380111694,12805.821149359776,12805.821383701541,12816.46175579373,15865.460891638904,"[[12957, -1, -1], [12958, -1, -1], [12959, -1, -1], [12960, -1, -1], [12961, -1, -1], [12962, -1, -1], [12963, -1, -1], [12964, -1, -1], [12965, -1, -1], [12966, -1, -1], [12967, -1, -1]]"
1752927291.8982,143.9999978542328,12805.821351829436,12805.821389195295,12816.46175579373,15865.460891638904,"[[12969, -1, -1], [12970, -1, -1], [12971, -1, -1], [12972, -1, -1], [12973, -1, -1], [12974, -1, -1], [12975, -1, -1], [12976, -1, -1], [12977, -1, -1], [12978, -1, -1]]"
1752927292.0082,146.00000190734863,12805.821351829436,12805.821395375297,12816.461748791578,15865.460891638904,"[[12980, -1, -1], [12981, -1, -1], [12982, -1, -1], [12983, -1, -1], [12984, -1, -1], [12985, -1, -1], [12986, -1, -1], [12987, -1, -1], [12988, -1, -1], [12989, -1, -1]]"
1752927292.1193,148.00000596046448,12805.821261033407,12805.821395375297,12816.461748791578,15865.460891638904,"[[12991, -1, -1], [12992, -1, -1], [12993, -1, -1], [12994, -1, -1], [12995, -1, -1], [12996, -1, -1], [12997, -1, -1], [12998, -1, -1], [12999, -1, -1], [13000, -1, -1]]"
1752927292.2298,150.00001001358032,12805.821261033407,12805.821399765291,12816.461748787731,15865.460891638904,"[[13002, -1, -1], [13003, -1, -1], [13004, -1, -1], [13005, -1, -1], [13006, -1, -1], [13007, -1, -1], [13008, -1, -1], [13009, -1, -1], [13010, -1, -1], [13011, -1, -1], [13012, -1, -1]]"
1752927292.3398,152.00001406669617,12805.821135605283,12805.821399765291,12816.461748787731,15865.460891638904,"[[13013, -1, -1], [13014, -1, -1], [13015, -1, -1], [13016, -1, -1], [13017, -1, -1], [13018, -1, -1], [13019, -1, -1], [13020, -1, -1], [13021, -1, -1], [13022, -1, -1], [13023, -1, -1]]"
1752927292.4508,154.000018119812,12805.821135605283,12805.821376591935,12816.461751398003,15865.460891638904,"[[13024, -1, -1], [13025, -1, -1], [13026, -1, -1], [13027, -1, -1], [13028, -1, -1], [13029, -1, -1], [13030, -1, -1], [13031, -1, -1], [13032, -1, -1], [13033, -1, -1], [13034, -1, -1]]"
1752927292.5618,156.00002217292786,12805.82112010731,12805.821376591935,12816.461751398003,15865.460891638904,"[[13035, -1, -1], [13036, -1, -1], [13037, -1, -1], [13038, -1, -1], [13039, -1, -1], [13040, -1, -1], [13041, -1, -1], [13042, -1, -1], [13043, -1, -1], [13044, -1, -1], [13045, -1, -1]]"
1752927292.6718,158.0000262260437,12805.82112010731,12805.821400077639,12816.461748127065,15865.460891638904,"[[13046, -1, -1], [13047, -1, -1], [13048, -1, -1], [13049, -1, -1], [13050, -1, -1], [13051, -1, -1], [13052, -1, -1], [13053, -1, -1], [13054, -1, -1], [13055, -1, -1], [13056, -1, -1]]"
1752927292.7828,160.00003027915955,12805.821181269064,12805.821400077639,12816.461748127065,15865.460891638904,"[[13057, -1, -1], [13058, -1, -1], [13059, -1, -1], [13060, -1, -1], [13061, -1, -1], [13062, -1, -1], [13063, -1, -1], [13064, -1, -1], [13065, -1, -1], [13066, -1, -1], [13067, -1, -1]]"
1752927292.8928,162.0000343322754,12805.821181269064,12805.821403254145,12816.461752090248,15865.460891638904,"[[13068, -1, -1], [13069, -1, -1], [13070, -1, -1], [13071, -1, -1], [13072, -1, -1], [13073, -1, -1], [13074, -1, -1], [13075, -1, -1], [13076, -1, -1], [13077, -1, -1], [13078, -1, -1]]"
1752927293.0039,164.00003838539124,12805.821327428954,12805.821403254145,12816.461746491945,15865.460891638904,"[[13079, -1, -1], [13080, -1, -1], [13081, -1, -1], [13082, -1, -1], [13083, -1, -1], [13084, -1, -1], [13085, -1, -1], [13086, -1, -1], [13087, -1, -1], [13088, -1, -1], [13089, -1, -1]]"
1752927293.1159,166.00004243850708,12805.821327428954,12805.821416032892,12816.461746491945,15865.460891638904,"[[13090, -1, -1], [13091, -1, -1], [13092, -1, -1], [13093, -1, -1], [13094, -1, -1], [13095, -1, -1], [13096, -1, -1], [13097, -1, -1], [13098, -1, -1], [13099, -1, -1], [13100, -1, -1]]"
1752927293.2268,168.00004649162292,12805.82134097934,12805.821416032892,12816.46175349346,15865.460891638904,"[[13101, -1, -1], [13102, -1, -1], [13103, -1, -1], [13104, -1, -1], [13105, -1, -1], [13106, -1, -1], [13107, -1, -1], [13108, -1, -1], [13109, -1, -1], [13110, -1, -1], [13111, -1, -1]]"
1752927293.3358,170.00005054473877,12805.82134097934,12805.821427355695,12816.46175349346,15865.460891638904,"[[13112, -1, -1], [13113, -1, -1], [13114, -1, -1], [13115, -1, -1], [13116, -1, -1], [13117, -1, -1], [13118, -1, -1], [13119, -1, -1], [13120, -1, -1], [13121, -1, -1], [13122, -1, -1]]"
1752927293.4458,172.00005459785461,12805.82120235855,12805.821427355695,12816.461759970583,15865.460891638904,"[[13123, -1, -1], [13124, -1, -1], [13125, -1, -1], [13126, -1, -1], [13127, -1, -1], [13128, -1, -1], [13129, -1, -1], [13130, -1, -1], [13131, -1, -1], [13132, -1, -1], [13133, -1, -1]]"
1752927293.5568,174.00005865097046,12805.82120235855,12805.821416152618,12816.461759970583,15865.460891638904,"[[13134, -1, -1], [13135, -1, -1], [13136, -1, -1], [13137, -1, -1], [13138, -1, -1], [13139, -1, -1], [13140, -1, -1], [13141, -1, -1], [13142, -1, -1], [13143, -1, -1], [13144, -1, -1]]"
1752927293.6668,176.0000627040863,12805.821149926629,12805.821416152618,12816.46174793975,15865.460891638904,"[[13145, -1, -1], [13146, -1, -1], [13147, -1, -1], [13148, -1, -1], [13149, -1, -1], [13150, -1, -1], [13151, -1, -1], [13152, -1, -1], [13153, -1, -1], [13154, -1, -1], [13155, -1, -1]]"
1752927293.7778,178.00006675720215,12805.821149926629,12805.821410188735,12816.46174793975,15865.460891638904,"[[13156, -1, -1], [13157, -1, -1], [13158, -1, -1], [13159, -1, -1], [13160, -1, -1], [13161, -1, -1], [13162, -1, -1], [13163, -1, -1], [13164, -1, -1], [13165, -1, -1], [13166, -1, -1]]"
1752927293.8878,180.000070810318,12805.821161698705,12805.821410188735,12816.46175227685,15865.460891638904,"[[13167, -1, -1], [13168, -1, -1], [13169, -1, -1], [13170, -1, -1], [13171, -1, -1], [13172, -1, -1], [13173, -1, -1], [13174, -1, -1], [13175, -1, -1], [13176, -1, -1], [13177, -1, -1]]"
1752927293.9982,182.00007486343384,12805.821161698705,12805.821399116989,12816.46175227685,15865.460891638904,"[[13178, -1, -1], [13179, -1, -1], [13180, -1, -1], [13181, -1, -1], [13182, -1, -1], [13183, -1, -1], [13184, -1, -1], [13185, -1, -1], [13186, -1, -1], [13187, -1, -1], [13188, -1, -1]]"
1752927294.1098,184.00007891654968,12805.821234597312,12805.821399116989,12816.46174951877,15865.460891638904,"[[13190, -1, -1], [13191, -1, -1], [13192, -1, -1], [13193, -1, -1], [13194, -1, -1], [13195, -1, -1], [13196, -1, -1], [13197, -1, -1], [13198, -1, -1], [13199, -1, -1], [13200, -1, -1]]"
1752927294.2208,186.00008296966553,12805.821271102022,12805.821396752195,12816.46174951877,15865.460891638904,"[[13201, -1, -1], [13202, -1, -1], [13203, -1, -1], [13204, -1, -1], [13205, -1, -1], [13206, -1, -1], [13207, -1, -1], [13208, -1, -1], [13209, -1, -1], [13210, -1, -1], [13211, -1, -1]]"
1752927294.3308,188.00008702278137,12805.821271102022,12805.821396752195,12816.461738878113,15865.460891638904,"[[13212, -1, -1], [13213, -1, -1], [13214, -1, -1], [13215, -1, -1], [13216, -1, -1], [13217, -1, -1], [13218, -1, -1], [13219, -1, -1], [13220, -1, -1], [13221, -1, -1], [13222, -1, -1]]"
1752927294.4398,190.00009107589722,12805.821271102022,12805.821394703868,12816.461738878113,15865.460891638904,"[[13223, -1, -1], [13224, -1, -1], [13225, -1, -1], [13226, -1, -1], [13227, -1, -1], [13228, -1, -1], [13229, -1, -1], [13230, -1, -1], [13231, -1, -1], [13232, -1, -1], [13233, -1, -1]]"
1752927294.5508,192.00009512901306,12805.821271102022,12805.821408670257,12816.461744453345,15865.460891638904,"[[13234, -1, -1], [13235, -1, -1], [13236, -1, -1], [13237, -1, -1], [13238, -1, -1], [13239, -1, -1], [13240, -1, -1], [13241, -1, -1], [13242, -1, -1], [13243, -1, -1], [13244, -1, -1]]"
1752927294.6608,194.0000991821289,12805.821189459015,12805.821408670257,12816.461744453345,15865.460891638904,"[[13245, -1, -1], [13246, -1, -1], [13247, -1, -1], [13248, -1, -1], [13249, -1, -1], [13250, -1, -1], [13251, -1, -1], [13252, -1, -1], [13253, -1, -1], [13254, -1, -1], [13255, -1, -1]]"
1752927294.7718,196.00010323524475,12805.821189459015,12805.821417605126,12816.461747931686,15865.460891638904,"[[13256, -1, -1], [13257, -1, -1], [13258, -1, -1], [13259, -1, -1], [13260, -1, -1], [13261, -1, -1], [13262, -1, -1], [13263, -1, -1], [13264, -1, -1], [13265, -1, -1], [13266, -1, -1]]"
1752927294.8968,-202.00000298023224,12805.821167759053,12805.821417605126,12816.461754025942,15865.460891638904,"[[13268, -1, -1], [13269, -1, -1], [13270, -1, -1], [13271, -1, -1], [13272, -1, -1], [13273, -1, -1], [13274, -1, -1], [13275, -1, -1], [13276, -1, -1], [13277, -1, -1], [13278, -1, -1]]"
1752927295.0068,-199.9999989271164,12805.821167759053,12805.821424780055,12816.461754025942,15865.460891638904,"[[13279, -1, -1], [13280, -1, -1], [13281, -1, -1], [13282, -1, -1], [13283, -1, -1], [13284, -1, -1], [13285, -1, -1], [13286, -1, -1], [13287, -1, -1], [13288, -1, -1], [13289, -1, -1]]"
1752927295.1158,-197.99999487400055,12805.821166095073,12805.821424780055,12816.461761187766,15865.460891638904,"[[13290, -1, -1], [13291, -1, -1], [13292, -1, -1], [13293, -1, -1], [13294, -1, -1], [13295, -1, -1], [13296, -1, -1], [13297, -1, -1], [13298, -1, -1], [13299, -1, -1], [13300, -1, -1]]"
1752927295.2258,-195.9999908208847,12805.821166095073,12805.821421586552,12816.461761187766,15865.460891638904,"[[13301, -1, -1], [13302, -1, -1], [13303, -1, -1], [13304, -1, -1], [13305, -1, -1], [13306, -1, -1], [13307, -1, -1], [13308, -1, -1], [13309, -1, -1], [13310, -1, -1], [13311, -1, -1]]"
1752927295.3378,-193.99998676776886,12805.821289274347,12805.821421586552,12816.4617595617,15865.460891638904,"[[13312, -1, -1], [13313, -1, -1], [13314, -1, -1], [13315, -1, -1], [13316, -1, -1], [13317, -1, -1], [13318, -1, -1], [13319, -1, -1], [13320, -1, -1], [13321, -1, -1], [13322, -1, -1]]"
1752927295.4479,-191.99998271465302,12805.821289274347,12805.821418573963,12816.4617595617,15865.460891638904,"[[13323, -1, -1], [13324, -1, -1], [13325, -1, -1], [13326, -1, -1], [13327, -1, -1], [13328, -1, -1], [13329, -1, -1], [13330, -1, -1], [13331, -1, -1], [13332, -1, -1], [13333, -1, -1]]"
1752927295.5578,-189.99997866153717,12805.8212272866,12805.821418573963,12816.461750472636,15865.460891638904,"[[13334, -1, -1], [13335, -1, -1], [13336, -1, -1], [13337, -1, -1], [13338, -1, -1], [13339, -1, -1], [13340, -1, -1], [13341, -1, -1], [13342, -1, -1], [13343, -1, -1], [13344, -1, -1]]"
1752927295.6678,-187.99997460842133,12805.821144902318,12805.821406983168,12816.461750472636,15865.460891638904,"[[13345, -1, -1], [13346, -1, -1], [13347, 1, 11812], [13347, -1, -1], [13348, -1, -1], [13349, -1, -1], [13350, -1, -1], [13351, -1, -1], [13352, -1, -1], [13353, -1, -1], [13354, -1, -1], [13355, -1, -1]]"
1752927295.7798,-185.99997055530548,12805.821144902318,12805.821406983168,12816.461743649423,15865.460891638904,"[[13356, -1, -1], [13357, -1, -1], [13358, -1, -1], [13359, -1, -1], [13360, -1, -1], [13361, -1, -1], [13362, -1, -1], [13363, -1, -1], [13364, -1, -1], [13365, -1, -1], [13366, -1, -1], [13367, -1, -1]]"
1752927295.8898,-183.99996650218964,12805.821165258169,12805.821403659598,12816.461743649423,15865.460891638904,"[[13368, -1, -1], [13369, -1, -1], [13370, -1, -1], [13371, -1, -1], [13372, -1, -1], [13373, -1, -1], [13374, -1, -1], [13375, -1, -1], [13376, -1, -1], [13377, -1, -1], [13378, -1, -1]]"
1752927295.9998,-181.9999624490738,12805.821165258169,12805.821373098104,12816.461746662593,15865.460891638904,"[[13379, -1, -1], [13380, -1, -1], [13381, -1, -1], [13382, -1, -1], [13383, -1, -1], [13384, -1, -1], [13385, -1, -1], [13386, -1, -1], [13387, -1, -1], [13388, -1, -1], [13389, -1, -1]]"
1752927296.1098,-179.99995839595795,12805.821136863779,12805.821373098104,12816.461746662593,15865.460891638904,"[[13390, -1, -1], [13391, -1, -1], [13392, -1, -1], [13393, -1, -1], [13394, -1, -1], [13395, -1, -1], [13396, -1, -1], [13397, -1, -1], [13398, -1, -1], [13399, -1, -1], [13400, -1, -1]]"
1752927296.2208,-177.9999543428421,12805.821136863779,12805.82138083473,12816.461743018011,15865.460891638904,"[[13401, -1, -1], [13402, -1, -1], [13403, -1, -1], [13404, -1, -1], [13405, -1, -1], [13406, -1, -1], [13407, -1, -1], [13408, -1, -1], [13409, -1, -1], [13410, -1, -1], [13411, -1, -1]]"
1752927296.3318,-175.99995028972626,12805.821214280768,12805.82138083473,12816.461743018011,15865.460891638904,"[[13412, -1, -1], [13413, -1, -1], [13414, -1, -1], [13415, -1, -1], [13416, -1, -1], [13417, -1, -1], [13418, -1, -1], [13419, -1, -1], [13420, -1, -1], [13421, -1, -1], [13422, -1, -1]]"
1752927296.4427,-173.9999462366104,12805.821214280768,12805.821382800617,12816.461751723835,15865.460891638904,"[[13423, -1, -1], [13424, -1, -1], [13425, -1, -1], [13426, -1, -1], [13427, -1, -1], [13428, -1, -1], [13429, -1, -1], [13430, -1, -1], [13431, -1, -1], [13432, -1, -1], [13433, -1, -1]]"
1752927296.5538,-171.99994218349457,12805.821213979525,12805.821382800617,12816.461751723835,15865.460891638904,"[[13434, -1, -1], [13435, -1, -1], [13436, -1, -1], [13437, -1, -1], [13438, -1, -1], [13439, -1, -1], [13440, -1, -1], [13441, -1, -1], [13442, -1, -1], [13443, -1, -1], [13444, -1, -1]]"
1752927296.6658,-169.99993813037872,12805.821213979525,12805.82138164223,12816.461748784748,15865.460891638904,"[[13445, -1, -1], [13446, -1, -1], [13447, -1, -1], [13448, -1, -1], [13449, -1, -1], [13450, -1, -1], [13451, -1, -1], [13452, -1, -1], [13453, -1, -1], [13454, -1, -1], [13455, -1, -1]]"
1752927296.7768,-167.99993407726288,12805.821253004346,12805.82138164223,12816.461748784748,15865.460891638904,"[[13456, -1, -1], [13457, -1, -1], [13458, -1, -1], [13459, -1, -1], [13460, -1, -1], [13461, -1, -1], [13462, -1, -1], [13463, -1, -1], [13464, -1, -1], [13465, -1, -1], [13466, -1, -1]]"
1752927296.8867,-165.99993002414703,12805.821253004346,12805.821366771017,12816.461744826474,15865.460891638904,"[[13467, -1, -1], [13468, -1, -1], [13469, -1, -1], [13470, -1, -1], [13471, -1, -1], [13472, -1, -1], [13473, -1, -1], [13474, -1, -1], [13475, -1, -1], [13476, -1, -1], [13477, -1, -1]]"
1752927296.9958,-163.9999259710312,12805.82105778941,12805.821366771017,12816.461754296604,15865.460891638904,"[[13478, -1, -1], [13479, -1, -1], [13480, -1, -1], [13481, -1, -1], [13482, -1, -1], [13483, -1, -1], [13484, -1, -1], [13485, -1, -1], [13486, -1, -1], [13487, -1, -1], [13488, -1, -1]]"
1752927297.1058,-161.99992191791534,12805.82105778941,12805.821371978253,12816.461754296604,15865.460891638904,"[[13489, -1, -1], [13490, -1, -1], [13491, -1, -1], [13492, -1, -1], [13493, -1, -1], [13494, 1, 11425], [13494, 1, 11612], [13494, -1, -1], [13495, -1, -1], [13496, -1, -1], [13497, -1, -1], [13498, -1, -1], [13499, -1, -1]]"
1752927297.2168,-159.9999178647995,12805.821115805924,12805.821371978253,12816.46175048478,15865.460891638904,"[[13500, -1, -1], [13501, -1, -1], [13502, -1, -1], [13503, -1, -1], [13504, -1, -1], [13505, -1, -1], [13506, 1, 133221], [13506, -1, -1], [13507, -1, -1], [13508, -1, -1], [13509, -1, -1], [13510, -1, -1]]"
1752927297.3279,-157.99991381168365,12805.821115805924,12805.821373951816,12816.46175048478,15865.460891638904,"[[13511, -1, -1], [13512, -1, -1], [13513, -1, -1], [13514, -1, -1], [13515, -1, -1], [13516, -1, -1], [13517, -1, -1], [13518, -1, -1], [13519, -1, -1], [13520, -1, -1], [13521, -1, -1]]"
1752927297.4378,-155.9999097585678,12805.82117201421,12805.821373951816,12816.46175408694,15865.460891638904,"[[13522, -1, -1], [13523, -1, -1], [13524, -1, -1], [13525, -1, -1], [13526, -1, -1], [13527, -1, -1], [13528, -1, -1], [13529, -1, -1], [13530, -1, -1], [13531, -1, -1], [13532, -1, -1]]"
1752927297.5468,-153.99990570545197,12805.82117201421,12805.821382201359,12816.46175408694,15865.460891638904,"[[13533, -1, -1], [13534, -1, -1], [13535, -1, -1], [13536, -1, -1], [13537, -1, -1], [13538, -1, -1], [13539, -1, -1], [13540, -1, -1], [13541, -1, -1], [13542, -1, -1], [13543, -1, -1]]"
1752927297.6568,-151.99990165233612,12805.82114286731,12805.821382201359,12816.461752417294,15865.460891638904,"[[13544, -1, -1], [13545, -1, -1], [13546, -1, -1], [13547, -1, -1], [13548, -1, -1], [13549, -1, -1], [13550, -1, -1], [13551, -1, -1], [13552, -1, -1], [13553, -1, -1], [13554, -1, -1]]"
1752927297.7678,-149.99989759922028,12805.82114286731,12805.82137180882,12816.461752417294,15865.460891638904,"[[13555, -1, -1], [13556, -1, -1], [13557, -1, -1], [13558, -1, -1], [13559, -1, -1], [13560, -1, -1], [13561, -1, -1], [13562, -1, -1], [13563, -1, -1], [13564, -1, -1], [13565, 1, 10724], [13565, 1, 11185], [13565, -1, -1]]"
1752927297.8783,-147.99989354610443,12805.821125763365,12805.82137180882,12816.461744358461,15865.460891638904,"[[13566, -1, -1], [13567, -1, -1], [13568, -1, -1], [13569, -1, -1], [13570, -1, -1], [13571, -1, -1], [13572, -1, -1], [13573, -1, -1], [13574, -1, -1], [13575, -1, -1], [13576, -1, -1]]"
1752927297.9878,-145.9998894929886,12805.821125763365,12805.821395474717,12816.461744358461,15865.460891638904,"[[13578, -1, -1], [13579, -1, -1], [13580, -1, -1], [13581, -1, -1], [13582, -1, -1], [13583, -1, -1], [13584, -1, -1], [13585, -1, -1], [13586, -1, -1], [13587, -1, -1]]"
1752927298.0982,-143.99988543987274,12805.82112146178,12805.821395474717,12816.461753432288,15865.460891638904,"[[13588, -1, -1], [13589, -1, -1], [13590, -1, -1], [13591, -1, -1], [13592, -1, -1], [13593, -1, -1], [13594, -1, -1], [13595, -1, -1], [13596, -1, -1], [13597, -1, -1], [13598, -1, -1]]"
1752927298.2079,-141.9998813867569,12805.821058042624,12805.821404836144,12816.461753432288,15865.460891638904,"[[13600, -1, -1], [13601, -1, -1], [13602, -1, -1], [13603, -1, -1], [13604, -1, -1], [13605, -1, -1], [13606, -1, -1], [13607, -1, -1], [13608, -1, -1], [13609, -1, -1]]"
1752927298.3183,-139.99987733364105,12805.821058042624,12805.821404836144,12816.461748916787,15865.460891638904,"[[13610, -1, -1], [13611, -1, -1], [13612, -1, -1], [13613, -1, -1], [13614, -1, -1], [13615, -1, -1], [13616, -1, -1], [13617, 1, 12187], [13617, 1, 12386], [13617, -1, -1], [13618, -1, -1], [13619, -1, -1], [13620, -1, -1]]"
1752927298.4282,-137.9998732805252,12805.821203153146,12805.821389839808,12816.461748916787,15865.460891638904,"[[13622, -1, -1], [13623, -1, -1], [13624, -1, -1], [13625, -1, -1], [13626, -1, -1], [13627, -1, -1], [13628, -1, -1], [13629, -1, -1], [13630, -1, -1], [13631, -1, -1]]"
1752927298.5408,-135.99986922740936,12805.821203153146,12805.82138073268,12816.461749248469,15865.460891638904,"[[13633, -1, -1], [13634, -1, -1], [13635, -1, -1], [13636, -1, -1], [13637, -1, -1], [13638, -1, -1], [13639, -1, -1], [13640, -1, -1], [13641, -1, -1], [13642, -1, -1], [13643, -1, -1]]"
1752927298.6518,-133.99986517429352,12805.821297903905,12805.82138073268,12816.461749248469,15865.460891638904,"[[13644, -1, -1], [13645, -1, -1], [13646, -1, -1], [13647, -1, -1], [13648, -1, -1], [13649, -1, -1], [13650, -1, -1], [13651, -1, -1], [13652, -1, -1], [13653, -1, -1], [13654, -1, -1]]"
1752927298.7618,-131.99986112117767,12805.821297903905,12805.82137569529,12816.461741706156,15865.460891638904,"[[13655, -1, -1], [13656, -1, -1], [13657, -1, -1], [13658, -1, -1], [13659, -1, -1], [13660, -1, -1], [13661, -1, -1], [13662, -1, -1], [13663, -1, -1], [13664, -1, -1], [13665, -1, -1]]"
1752927298.8738,-129.99985706806183,12805.821102846787,12805.82137569529,12816.461741706156,15865.460891638904,"[[13666, -1, -1], [13667, -1, -1], [13668, -1, -1], [13669, -1, -1], [13670, -1, -1], [13671, 1, 10952], [13671, 1, 10986], [13671, 1, 11182], [13671, -1, -1], [13672, -1, -1], [13673, -1, -1], [13674, -1, -1], [13675, -1, -1], [13676, -1, -1]]"
1752927298.9839,-127.99985301494598,12805.821102846787,12805.821381854032,12816.46174749717,15865.460891638904,"[[13677, -1, -1], [13678, -1, -1], [13679, -1, -1], [13680, -1, -1], [13681, -1, -1], [13682, -1, -1], [13683, -1, -1], [13684, -1, -1], [13685, -1, -1], [13686, -1, -1], [13687, -1, -1]]"
1752927299.0938,-125.99985641241074,12805.821053720065,12805.821381854032,12816.46174749717,15865.460891638904,"[[13688, -1, -1], [13689, -1, -1], [13690, -1, -1], [13691, -1, -1], [13692, -1, -1], [13693, -1, -1], [13694, -1, -1], [13695, -1, -1], [13696, -1, -1], [13697, -1, -1], [13698, -1, -1]]"
1752927299.2028,-123.99985980987549,12805.821053720065,12805.821378837081,12816.461740644336,15865.460891638904,"[[13699, -1, -1], [13700, -1, -1], [13701, -1, -1], [13702, -1, -1], [13703, -1, -1], [13704, -1, -1], [13705, -1, -1], [13706, -1, -1], [13707, -1, -1], [13708, -1, -1], [13709, -1, -1]]"
1752927299.3138,-121.99986320734024,12805.82104579626,12805.821378837081,12816.461740644336,15865.460891638904,"[[13710, -1, -1], [13711, -1, -1], [13712, -1, -1], [13713, -1, -1], [13714, -1, -1], [13715, -1, -1], [13716, -1, -1], [13717, -1, -1], [13718, -1, -1], [13719, 1, 12006], [13719, 1, 12214], [13719, -1, -1], [13720, -1, -1]]"
1752927299.4258,-119.99986660480499,12805.82104579626,12805.821390567451,12816.461757341667,15865.460891638904,"[[13721, -1, -1], [13722, -1, -1], [13723, -1, -1], [13724, -1, -1], [13725, -1, -1], [13726, -1, -1], [13727, -1, -1], [13728, -1, -1], [13729, -1, -1], [13730, -1, -1], [13731, -1, -1]]"
1752927299.5358,-117.99987000226974,12805.821193747865,12805.821390567451,12816.461752203979,15865.460891638904,"[[13732, -1, -1], [13733, -1, -1], [13734, -1, -1], [13735, -1, -1], [13736, -1, -1], [13737, -1, -1], [13738, -1, -1], [13739, -1, -1], [13740, -1, -1], [13741, -1, -1], [13742, -1, -1]]"
1752927299.6458,-115.9998733997345,12805.821193747865,12805.821388205512,12816.461752203979,15865.460891638904,"[[13743, -1, -1], [13744, -1, -1], [13745, -1, -1], [13746, -1, -1], [13747, -1, -1], [13748, -1, -1], [13749, 1, 11483], [13749, 1, 11687], [13749, 1, 11847], [13749, -1, -1], [13750, -1, -1], [13751, 1, 10854], [13751, 1, 10885], [13751, 1, 11084], [13751, 1, 11358], [13751, -1, -1], [13752, -1, -1], [13753, -1, -1]]"
1752927299.7557,-113.99987679719925,12805.82122046286,12805.821388205512,12816.461743250054,15865.460891638904,"[[13754, -1, -1], [13755, -1, -1], [13756, -1, -1], [13757, -1, -1], [13758, -1, -1], [13759, -1, -1], [13760, -1, -1], [13761, -1, -1], [13762, -1, -1], [13763, -1, -1], [13764, -1, -1]]"
1752927299.8682,-111.999880194664,12805.82122046286,12805.821388284716,12816.461743250054,15865.460891638904,"[[13765, -1, -1], [13766, -1, -1], [13767, -1, -1], [13768, -1, -1], [13769, -1, -1], [13770, -1, -1], [13771, -1, -1], [13772, -1, -1], [13773, -1, -1], [13774, -1, -1], [13775, -1, -1]]"
1752927299.9778,-109.99988359212875,12805.82118712726,12805.821388284716,12816.461753906944,15865.460891638904,"[[13777, -1, -1], [13778, -1, -1], [13779, -1, -1], [13780, -1, -1], [13781, -1, -1], [13782, -1, -1], [13783, -1, -1], [13784, -1, -1], [13785, 1, 11923], [13785, 1, 12122], [13785, -1, -1], [13786, -1, -1]]"
1752927300.0878,-107.9998869895935,12805.82118712726,12805.821369092073,12816.461753906944,15865.460891638904,"[[13787, -1, -1], [13788, -1, -1], [13789, -1, -1], [13790, -1, -1], [13791, -1, -1], [13792, -1, -1], [13793, -1, -1], [13794, -1, -1], [13795, -1, -1], [13796, -1, -1], [13797, -1, -1]]"
1752927300.1978,-105.99989038705826,12805.821209106813,12805.821369092073,12816.46174225244,15865.460891638904,"[[13798, -1, -1], [13799, -1, -1], [13800, -1, -1], [13801, -1, -1], [13802, -1, -1], [13803, -1, -1], [13804, -1, -1], [13805, -1, -1], [13806, -1, -1], [13807, -1, -1], [13808, -1, -1]]"
1752927300.3118,-103.99989378452301,12805.821209106813,12805.821374747136,12816.46174225244,15865.460891638904,"[[13809, -1, -1], [13810, -1, -1], [13811, -1, -1], [13812, -1, -1], [13813, -1, -1], [13814, -1, -1], [13815, -1, -1], [13816, -1, -1], [13817, -1, -1], [13818, -1, -1], [13819, -1, -1], [13820, -1, -1]]"
1752927300.4218,-101.99989718198776,12805.821193822489,12805.821374747136,12816.461753909034,15865.460891638904,"[[13821, -1, -1], [13822, -1, -1], [13823, -1, -1], [13824, -1, -1], [13825, -1, -1], [13826, -1, -1], [13827, -1, -1], [13828, -1, -1], [13829, -1, -1], [13830, -1, -1], [13831, -1, -1]]"
1752927300.5318,-99.99990057945251,12805.82107097585,12805.821380497102,12816.461753909034,15865.460891638904,"[[13832, -1, -1], [13833, -1, -1], [13834, -1, -1], [13835, 1, 12722], [13835, 1, 12907], [13835, -1, -1], [13836, -1, -1], [13837, -1, -1], [13838, -1, -1], [13839, -1, -1], [13840, -1, -1], [13841, -1, -1], [13842, -1, -1]]"
1752927300.6448,-97.99990397691727,12805.82107097585,12805.821380497102,12816.46175564312,15865.460891638904,"[[13843, -1, -1], [13844, -1, -1], [13845, -1, -1], [13846, -1, -1], [13847, -1, -1], [13848, -1, -1], [13849, -1, -1], [13850, -1, -1], [13851, -1, -1], [13852, -1, -1], [13853, -1, -1]]"
1752927300.7548,-95.99990737438202,12805.821165811749,12805.821372515247,12816.46175564312,15865.460891638904,"[[13854, -1, -1], [13855, -1, -1], [13856, -1, -1], [13857, -1, -1], [13858, -1, -1], [13859, -1, -1], [13860, -1, -1], [13861, -1, -1], [13862, -1, -1], [13863, -1, -1], [13864, -1, -1]]"
1752927300.8648,-93.99991077184677,12805.821165811749,12805.821390319545,12816.461743218204,15865.460891638904,"[[13865, -1, -1], [13866, -1, -1], [13867, -1, -1], [13868, -1, -1], [13869, -1, -1], [13870, -1, -1], [13871, -1, -1], [13872, -1, -1], [13873, -1, -1], [13874, -1, -1], [13875, -1, -1]]"
1752927300.9748,-91.99991416931152,12805.821195249651,12805.821390319545,12816.461743218204,15865.460891638904,"[[13876, -1, -1], [13877, -1, -1], [13878, -1, -1], [13879, -1, -1], [13880, -1, -1], [13881, -1, -1], [13882, -1, -1], [13883, -1, -1], [13884, -1, -1], [13885, -1, -1], [13886, -1, -1]]"
1752927301.0848,-89.99991756677628,12805.821195249651,12805.821382650409,12816.461750793067,15865.460891638904,"[[13887, -1, -1], [13888, -1, -1], [13889, -1, -1], [13890, -1, -1], [13891, -1, -1], [13892, -1, -1], [13893, -1, -1], [13894, -1, -1], [13895, -1, -1], [13896, -1, -1], [13897, -1, -1]]"
1752927301.1948,-87.99992096424103,12805.821083158184,12805.821382650409,12816.461750793067,15865.460891638904,"[[13898, -1, -1], [13899, -1, -1], [13900, -1, -1], [13901, 1, 12254], [13901, 1, 12453], [13901, 1, 12549], [13901, -1, -1], [13902, -1, -1], [13903, -1, -1], [13904, -1, -1], [13905, -1, -1], [13906, -1, -1], [13907, -1, -1], [13908, -1, -1]]"
1752927301.3048,-85.99992436170578,12805.821083158184,12805.821374517089,12816.461752507095,15865.460891638904,"[[13909, -1, -1], [13910, -1, -1], [13911, -1, -1], [13912, -1, -1], [13913, -1, -1], [13914, -1, -1], [13915, -1, -1], [13916, -1, -1], [13917, -1, -1], [13918, 1, 11125], [13918, 1, 11328], [13918, -1, -1], [13919, -1, -1]]"
1752927301.4148,-83.99992775917053,12805.82106773322,12805.821374517089,12816.461752507095,15865.460891638904,"[[13920, -1, -1], [13921, -1, -1], [13922, -1, -1], [13923, -1, -1], [13924, -1, -1], [13925, -1, -1], [13926, -1, -1], [13927, -1, -1], [13928, -1, -1], [13929, -1, -1], [13930, -1, -1]]"
1752927301.5269,-81.99993115663528,12805.82106773322,12805.82136559084,12816.46174799853,15865.460891638904,"[[13931, -1, -1], [13932, -1, -1], [13933, -1, -1], [13934, -1, -1], [13935, -1, -1], [13936, -1, -1], [13937, -1, -1], [13938, -1, -1], [13939, -1, -1], [13940, -1, -1], [13941, -1, -1]]"
1752927301.6398,-79.99993455410004,12805.821018153198,12805.82136559084,12816.46174799853,15865.460891638904,"[[13942, -1, -1], [13943, -1, -1], [13944, -1, -1], [13945, -1, -1], [13946, -1, -1], [13947, -1, -1], [13948, -1, -1], [13949, -1, -1], [13950, -1, -1], [13951, -1, -1], [13952, -1, -1], [13953, -1, -1]]"
1752927301.7508,-77.99993795156479,12805.821018153198,12805.821379866287,12816.461752180405,15865.460891638904,"[[13954, -1, -1], [13955, -1, -1], [13956, -1, -1], [13957, -1, -1], [13958, -1, -1], [13959, -1, -1], [13960, -1, -1], [13961, -1, -1], [13962, -1, -1], [13963, -1, -1], [13964, -1, -1]]"
1752927301.8618,-75.99994134902954,12805.821139131822,12805.821379866287,12816.46175013788,15865.460891638904,"[[13965, -1, -1], [13966, -1, -1], [13967, -1, -1], [13968, -1, -1], [13969, -1, -1], [13970, -1, -1], [13971, -1, -1], [13972, -1, -1], [13973, -1, -1], [13974, -1, -1], [13975, -1, -1]]"
1752927301.9718,-73.9999447464943,12805.821139131822,12805.82137593382,12816.46175013788,15865.460891638904,"[[13976, -1, -1], [13977, -1, -1], [13978, -1, -1], [13979, -1, -1], [13980, -1, -1], [13981, -1, -1], [13982, -1, -1], [13983, -1, -1], [13984, -1, -1], [13985, -1, -1], [13986, -1, -1]]"
1752927302.0838,-71.99994814395905,12805.821153591654,12805.82137593382,12816.46175068314,15865.460891638904,"[[13987, -1, -1], [13988, -1, -1], [13989, -1, -1], [13990, -1, -1], [13991, -1, -1], [13992, 1, 12119], [13992, 1, 12321], [13992, -1, -1], [13993, -1, -1], [13994, -1, -1], [13995, -1, -1], [13996, -1, -1], [13997, -1, -1]]"
1752927302.1938,-69.9999515414238,12805.821153591654,12805.821389386898,12816.46175068314,15865.460891638904,"[[13998, -1, -1], [13999, -1, -1], [14000, -1, -1], [14001, -1, -1], [14002, -1, -1], [14003, -1, -1], [14004, -1, -1], [14005, -1, -1], [14006, -1, -1], [14007, -1, -1], [14008, -1, -1]]"
1752927302.3038,-67.99995493888855,12805.82106202286,12805.821389386898,12816.461753364523,15865.460891638904,"[[14009, -1, -1], [14010, 1, 12688], [14010, 1, 12887], [14010, -1, -1], [14011, -1, -1], [14012, -1, -1], [14013, -1, -1], [14014, -1, -1], [14015, -1, -1], [14016, 1, 11209], [14016, 1, 11398], [14016, -1, -1], [14017, -1, -1], [14018, -1, -1], [14019, -1, -1]]"
1752927302.4138,-65.9999583363533,12805.82106202286,12805.821405769426,12816.461753364523,15865.460891638904,"[[14020, -1, -1], [14021, -1, -1], [14022, -1, -1], [14023, -1, -1], [14024, -1, -1], [14025, -1, -1], [14026, -1, -1], [14027, -1, -1], [14028, -1, -1], [14029, -1, -1], [14030, -1, -1]]"
1752927302.5258,-63.999958008527756,12805.821258141848,12805.821405769426,12816.461751486771,15865.460891638904,"[[14031, -1, -1], [14032, -1, -1], [14033, -1, -1], [14034, -1, -1], [14035, -1, -1], [14036, -1, -1], [14037, 1, 11090], [14037, 1, 11293], [14037, -1, -1], [14038, 1, 11458], [14038, 1, 11492], [14038, 1, 11688], [14038, -1, -1], [14039, -1, -1], [14040, -1, -1], [14041, -1, -1]]"
1752927302.6358,-61.99995768070221,12805.821258141848,12805.821393783372,12816.461751486771,15865.460891638904,"[[14042, -1, -1], [14043, -1, -1], [14044, -1, -1], [14045, -1, -1], [14046, -1, -1], [14047, -1, -1], [14048, -1, -1], [14049, 1, 10558], [14049, 1, 10587], [14049, 1, 10647], [14049, 1, 10788], [14049, 1, 10926], [14049, -1, -1], [14050, -1, -1], [14051, -1, -1], [14052, -1, -1]]"
1752927302.7458,-59.99995735287666,12805.821052210536,12805.821393783372,12816.46175195065,15865.460891638904,"[[14053, -1, -1], [14054, -1, -1], [14055, -1, -1], [14056, -1, -1], [14057, -1, -1], [14058, -1, -1], [14059, -1, -1], [14060, -1, -1], [14061, -1, -1], [14062, -1, -1], [14063, -1, -1]]"
1752927302.8568,-57.99995702505112,12805.821133851674,12805.821407014239,12816.46175195065,15865.460891638904,"[[14064, -1, -1], [14065, -1, -1], [14066, -1, -1], [14067, -1, -1], [14068, -1, -1], [14069, -1, -1], [14070, -1, -1], [14071, -1, -1], [14072, -1, -1], [14073, -1, -1], [14074, -1, -1]]"
1752927302.9668,-55.99995669722557,12805.821133851674,12805.821407014239,12816.46174482148,15865.460891638904,"[[14075, -1, -1], [14076, -1, -1], [14077, -1, -1], [14078, -1, -1], [14079, -1, -1], [14080, -1, -1], [14081, -1, -1], [14082, -1, -1], [14083, -1, -1], [14084, -1, -1], [14085, -1, -1]]"
1752927303.0768,-53.999956369400024,12805.821170154353,12805.821403574377,12816.46174482148,15865.460891638904,"[[14086, -1, -1], [14087, -1, -1], [14088, -1, -1], [14089, -1, -1], [14090, -1, -1], [14091, -1, -1], [14092, -1, -1], [14093, -1, -1], [14094, -1, -1], [14095, -1, -1], [14096, -1, -1]]"
1752927303.1868,-51.99995604157448,12805.821170154353,12805.821407913025,12816.461742652782,15865.460891638904,"[[14097, -1, -1], [14098, -1, -1], [14099, -1, -1], [14100, 1, 12385], [14100, 1, 12585], [14100, -1, -1], [14101, -1, -1], [14102, -1, -1], [14103, -1, -1], [14104, -1, -1], [14105, -1, -1], [14106, -1, -1], [14107, -1, -1]]"
1752927303.2968,-49.99995571374893,12805.821116355544,12805.821407913025,12816.461742652782,15865.460891638904,"[[14108, -1, -1], [14109, -1, -1], [14110, -1, -1], [14111, -1, -1], [14112, -1, -1], [14113, -1, -1], [14114, -1, -1], [14115, -1, -1], [14116, -1, -1], [14117, -1, -1], [14118, -1, -1]]"
1752927303.4082,-47.999955385923386,12805.821116355544,12805.821396724372,12816.461738395352,15865.460891638904,"[[14119, -1, -1], [14120, -1, -1], [14121, -1, -1], [14122, -1, -1], [14123, -1, -1], [14124, -1, -1], [14125, -1, -1], [14126, -1, -1], [14127, -1, -1], [14128, -1, -1], [14129, -1, -1]]"
1752927303.5192,-45.99995505809784,12805.821052289932,12805.821396724372,12816.461738395352,15865.460891638904,"[[14131, -1, -1], [14132, -1, -1], [14133, -1, -1], [14134, -1, -1], [14135, -1, -1], [14136, -1, -1], [14137, -1, -1], [14138, -1, -1], [14139, -1, -1], [14140, -1, -1]]"
1752927303.6292,-43.99995473027229,12805.821052289932,12805.821423600086,12816.461747267638,15865.460891638904,"[[14142, -1, -1], [14143, -1, -1], [14144, -1, -1], [14145, -1, -1], [14146, -1, -1], [14147, -1, -1], [14148, -1, -1], [14149, -1, -1], [14150, -1, -1], [14151, -1, -1]]"
1752927303.7418,-41.99995440244675,12805.821074896061,12805.821423600086,12816.461747267638,15865.460891638904,"[[14153, -1, -1], [14154, -1, -1], [14155, -1, -1], [14156, 1, 10830], [14156, 1, 10864], [14156, 1, 11059], [14156, -1, -1], [14157, -1, -1], [14158, -1, -1], [14159, -1, -1], [14160, 1, 11747], [14160, 1, 11782], [14160, 1, 11977], [14160, -1, -1], [14161, -1, -1], [14162, -1, -1], [14163, -1, -1]]"
1752927303.8528,-39.9999540746212,12805.821074896061,12805.821432492701,12816.461750804188,15865.460891638904,"[[14164, -1, -1], [14165, -1, -1], [14166, 1, 10293], [14166, 1, 10480], [14166, -1, -1], [14167, -1, -1], [14168, 1, 10944], [14168, 1, 11147], [14168, -1, -1], [14169, -1, -1], [14170, -1, -1], [14171, -1, -1], [14172, 1, 12322], [14172, -1, -1], [14173, -1, -1], [14174, -1, -1]]"
1752927303.9638,-37.999953746795654,12805.821113299062,12805.821432492701,12816.461750804188,15865.460891638904,"[[14175, -1, -1], [14176, -1, -1], [14177, -1, -1], [14178, 1, 10713], [14178, 1, 10743], [14178, 1, 10942], [14178, 1, 11303], [14178, -1, -1], [14179, -1, -1], [14180, -1, -1], [14181, -1, -1], [14182, -1, -1], [14183, -1, -1], [14184, -1, -1], [14185, -1, -1]]"
1752927304.0738,-35.99995341897011,12805.821113299062,12805.821428441763,12816.461745687022,15865.460891638904,"[[14186, -1, -1], [14187, -1, -1], [14188, -1, -1], [14189, -1, -1], [14190, -1, -1], [14191, -1, -1], [14192, -1, -1], [14193, -1, -1], [14194, -1, -1], [14195, -1, -1], [14196, -1, -1]]"
1752927304.1849,-33.99995309114456,12805.821107853106,12805.821428441763,12816.461754344846,15865.460891638904,"[[14197, -1, -1], [14198, -1, -1], [14199, -1, -1], [14200, -1, -1], [14201, -1, -1], [14202, -1, -1], [14203, -1, -1], [14204, -1, -1], [14205, 1, 11929], [14205, 1, 11963], [14205, 1, 12159], [14205, 1, 12339], [14205, -1, -1], [14206, -1, -1], [14207, 1, 11201], [14207, 1, 11387], [14207, -1, -1]]"
1752927304.2958,-31.999952763319016,12805.821107853106,12805.821425057366,12816.461754344846,15865.460891638904,"[[14208, -1, -1], [14209, -1, -1], [14210, -1, -1], [14211, -1, -1], [14212, -1, -1], [14213, -1, -1], [14214, -1, -1], [14215, -1, -1], [14216, -1, -1], [14217, -1, -1], [14218, -1, -1]]"
1752927304.4078,-29.99995243549347,12805.82119179421,12805.821425057366,12816.461751303146,15865.460891638904,"[[14219, -1, -1], [14220, -1, -1], [14221, -1, -1], [14222, -1, -1], [14223, -1, -1], [14224, -1, -1], [14225, -1, -1], [14226, -1, -1], [14227, -1, -1], [14228, 1, 11078], [14228, 1, 11307], [14228, -1, -1], [14229, -1, -1]]"
1752927304.5178,-27.999952107667923,12805.82119179421,12805.821416688239,12816.461751303146,15865.460891638904,"[[14230, -1, -1], [14231, -1, -1], [14232, 1, 11779], [14232, 1, 11982], [14232, -1, -1], [14233, -1, -1], [14234, 1, 10738], [14234, 1, 10925], [14234, -1, -1], [14235, -1, -1], [14236, -1, -1], [14237, -1, -1], [14238, -1, -1], [14239, -1, -1], [14240, -1, -1]]"
1752927304.6292,-25.999951779842377,12805.82106449931,12805.821416688239,12816.461751526094,15865.460891638904,"[[14241, 1, 13488], [14241, 1, 13691], [14241, -1, -1], [14242, -1, -1], [14243, -1, -1], [14244, -1, -1], [14245, -1, -1], [14246, -1, -1], [14247, -1, -1], [14248, -1, -1], [14249, -1, -1], [14250, -1, -1], [14251, -1, -1]]"
1752927304.7398,-23.99995145201683,12805.82106449931,12805.821421420163,12816.461751526094,15865.460891638904,"[[14253, -1, -1], [14254, -1, -1], [14255, -1, -1], [14256, -1, -1], [14257, -1, -1], [14258, -1, -1], [14259, -1, -1], [14260, -1, -1], [14261, 1, 11476], [14261, 1, 11663], [14261, -1, -1], [14262, 1, 10310], [14262, 1, 10494], [14262, -1, -1], [14263, -1, -1]]"
1752927304.8508,-21.999951124191284,12805.82102851811,12805.821421420163,12816.46175154627,15865.460891638904,"[[14264, -1, -1], [14265, -1, -1], [14266, -1, -1], [14267, 1, 10518], [14267, 1, 10709], [14267, -1, -1], [14268, -1, -1], [14269, -1, -1], [14270, -1, -1], [14271, -1, -1], [14272, -1, -1], [14273, -1, -1], [14274, 1, 10113], [14274, 1, 10151], [14274, 1, 10344], [14274, 1, 10546], [14274, 1, 10878], [14274, 1, 11077], [14274, -1, -1]]"
1752927304.9618,-19.999950796365738,12805.82102851811,12805.8214236667,12816.46175154627,15865.460891638904,"[[14275, 1, 10727], [14275, 1, 10910], [14275, -1, -1], [14276, -1, -1], [14277, -1, -1], [14278, 1, 76583], [14278, 1, 76770], [14278, -1, -1], [14279, -1, -1], [14280, -1, -1], [14281, -1, -1], [14282, -1, -1], [14283, -1, -1], [14284, -1, -1], [14285, -1, -1]]"
1752927305.0708,-17.99995046854019,12805.821079088913,12805.8214236667,12816.461748539605,15865.460891638904,"[[14286, -1, -1], [14287, -1, -1], [14288, -1, -1], [14289, -1, -1], [14290, -1, -1], [14291, -1, -1], [14292, 1, 10488], [14292, 1, 10693], [14292, 1, 10882], [14292, -1, -1], [14293, -1, -1], [14294, -1, -1], [14295, -1, -1], [14296, -1, -1]]"
1752927305.1818,-15.999950140714647,12805.821079088913,12805.821411859337,12816.461748539605,15865.460891638904,"[[14297, -1, -1], [14298, -1, -1], [14299, -1, -1], [14300, -1, -1], [14301, -1, -1], [14302, 1, 9652], [14302, 1, 9854], [14302, 1, 9950], [14302, -1, -1], [14303, -1, -1], [14304, 1, 12526], [14304, 1, 12724], [14304, -1, -1], [14305, -1, -1], [14306, -1, -1], [14307, -1, -1]]"
1752927305.2918,-13.9999498128891,12805.821043420257,12805.821411859337,12816.461744282733,15865.460891638904,"[[14308, 1, 13011], [14308, 1, 13181], [14308, -1, -1], [14309, 1, 11864], [14309, 1, 12055], [14309, -1, -1], [14310, -1, -1], [14311, -1, -1], [14312, -1, -1], [14313, -1, -1], [14314, 1, 10559], [14314, 1, 10758], [14314, 1, 10877], [14314, 1, 11081], [14314, 1, 11158], [14314, 1, 11341], [14314, -1, -1], [14315, 1, 10824], [14315, 1, 11023], [14315, -1, -1], [14316, -1, -1], [14317, -1, -1], [14318, -1, -1]]"
1752927305.4058,-11.999949485063553,12805.821043420257,12805.821397832913,12816.461744282733,15865.460891638904,"[[14319, -1, -1], [14320, -1, -1], [14321, 1, 11352], [14321, 1, 11540], [14321, -1, -1], [14322, -1, -1], [14323, -1, -1], [14324, 1, 11760], [14324, 1, 11963], [14324, -1, -1], [14325, -1, -1], [14326, -1, -1], [14327, -1, -1], [14328, -1, -1], [14329, -1, -1]]"
1752927305.5178,-9.999949157238007,12805.8211791431,12805.821397832913,12816.461749764978,15865.460891638904,"[[14330, -1, -1], [14331, -1, -1], [14332, -1, -1], [14333, -1, -1], [14334, 1, 10175], [14334, 1, 10361], [14334, 1, 11785], [14334, 1, 11970], [14334, -1, -1], [14335, -1, -1], [14336, -1, -1], [14337, -1, -1], [14338, -1, -1], [14339, -1, -1], [14340, -1, -1]]"
1752927305.6282,-7.999949295073748,12805.821065143877,12805.821369105084,12816.461749764978,15865.460891638904,"[[14341, -1, -1], [14342, -1, -1], [14343, -1, -1], [14344, -1, -1], [14345, -1, -1], [14346, -1, -1], [14347, 1, 10809], [14347, 1, 10997], [14347, 1, 11045], [14347, 1, 11080], [14347, 1, 11275], [14347, -1, -1], [14348, -1, -1], [14349, -1, -1], [14350, -1, -1], [14351, -1, -1]]"
1752927305.7383,-5.999949432909489,12805.821065143877,12805.82138667955,12816.461752107274,15865.460891638904,"[[14353, -1, -1], [14354, 1, 9198], [14354, 1, 9398], [14354, 1, 10523], [14354, 1, 10708], [14354, 1, 10963], [14354, -1, -1], [14355, -1, -1], [14356, -1, -1], [14357, -1, -1], [14358, -1, -1], [14359, -1, -1], [14360, -1, -1], [14361, 1, 11387], [14361, -1, -1], [14362, -1, -1]]"
1752927305.8483,-3.999949337914586,12805.820985283071,12805.82138667955,12816.461752107274,15865.460891638904,"[[14364, -1, -1], [14365, -1, -1], [14366, -1, -1], [14367, 1, 10762], [14367, 1, 10797], [14367, 1, 10992], [14367, 1, 11352], [14367, 1, 12331], [14367, 1, 12516], [14367, -1, -1], [14368, -1, -1], [14369, 1, 12296], [14369, 1, 12483], [14369, -1, -1], [14370, 1, 10467], [14370, 1, 10671], [14370, -1, -1], [14371, -1, -1], [14372, 1, 10318], [14372, 1, 10522], [14372, 1, 10925], [14372, 1, 11110], [14372, -1, -1], [14373, -1, -1]]"
1752927305.9608,-1.9999493379156945,12805.820985283071,12805.821410333057,12816.461743506676,15865.460891638904,"[[14375, 1, 10641], [14375, 1, 10828], [14375, -1, -1], [14376, 1, 9607], [14376, 1, 9642], [14376, 1, 9837], [14376, 1, 10730], [14376, 1, 11113], [14376, 1, 11148], [14376, 1, 11344], [14376, -1, -1], [14377, 1, 10963], [14377, 1, 11148], [14377, -1, -1], [14378, 1, 10109], [14378, 1, 10312], [14378, 1, 11259], [14378, 1, 11448], [14378, -1, -1], [14379, -1, -1], [14380, 1, 11183], [14380, 1, 11382], [14380, -1, -1], [14381, -1, -1], [14382, 1, 10543], [14382, 1, 10576], [14382, 1, 10774], [14382, -1, -1], [14383, -1, -1], [14384, -1, -1], [14385, 1, 11760], [14385, 1, 11960], [14385, 1, 12306], [14385, -1, -1]]"
1752927306.0708,5.0619244575458855e-05,12805.821065088248,12805.821410333057,12816.461743506676,15865.460891638904,"[[14386, 1, 10455], [14386, 1, 10654], [14386, -1, -1], [14387, -1, -1], [14388, 1, 10386], [14388, 1, 10482], [14388, 1, 10574], [14388, 1, 10671], [14388, 1, 10755], [14388, -1, -1], [14389, 1, 11421], [14389, 1, 11607], [14389, -1, -1], [14390, 1, 10219], [14390, 1, 10254], [14390, 1, 10449], [14390, 1, 13023], [14390, 1, 13207], [14390, -1, -1], [14391, 1, 10813], [14391, 1, 11001], [14391, -1, -1], [14392, 1, 10145], [14392, 1, 10348], [14392, 1, 10584], [14392, 1, 10785], [14392, 1, 10957], [14392, 1, 11315], [14392, 1, 11499], [14392, -1, -1], [14393, 1, 8950], [14393, 1, 9052], [14393, 1, 9150], [14393, 1, 9508], [14393, 1, 9716], [14393, 1, 9927], [14393, 1, 12838], [14393, 1, 13022], [14393, -1, -1], [14394, 1, 9839], [14394, 1, 9879], [14394, 1, 10068], [14394, -1, -1], [14395, 1, 11011], [14395, 1, 11214], [14395, 1, 11296], [14395, 1, 11427], [14395, 1, 11613], [14395, 1, 11938], [14395, 1, 12126], [14395, 1, 12227], [14395, 1, 12434], [14395, 1, 14237], [14395, 1, 14436], [14395, -1, -1], [14396, 1, 10390], [14396, 1, 10488], [14396, 1, 10589], [14396, 1, 10691], [14396, -1, -1]]"
1752927306.1809,2.0000504814088345,12805.821065088248,12805.82141435307,12816.461747198533,15865.460891638904,"[[14397, 1, 9494], [14397, 1, 9699], [14397, -1, -1], [14398, 1, 11027], [14398, 1, 11230], [14398, 1, 11674], [14398, -1, -1], [14399, 1, 11021], [14399, 1, 11220], [14399, -1, -1], [14400, -1, -1], [14401, 1, 10648], [14401, 1, 10847], [14401, 1, 10951], [14401, -1, -1], [14402, -1, -1], [14403, 1, 11317], [14403, 1, 11518], [14403, -1, -1], [14404, 1, 9769], [14404, 1, 9807], [14404, 1, 9999], [14404, 1, 10998], [14404, 1, 11183], [14404, 1, 12266], [14404, 1, 12465], [14404, 1, 12719], [14404, -1, -1], [14405, 1, 10406], [14405, 1, 10605], [14405, 1, 11050], [14405, 1, 11249], [14405, 1, 11391], [14405, 1, 11580], [14405, 1, 11849], [14405, -1, -1], [14406, 1, 10874], [14406, 1, 11067], [14406, 1, 11248], [14406, 1, 17090], [14406, 1, 17293], [14406, -1, -1], [14407, -1, -1]]"
1752927306.2968,4.000050343573093,12805.821073153356,12805.82141435307,12816.461747198533,15865.460891638904,"[[14408, 1, 10688], [14408, 1, 10764], [14408, 1, 10886], [14408, 1, 10967], [14408, 1, 11082], [14408, 1, 11308], [14408, -1, -1], [14409, 1, 9533], [14409, 1, 9736], [14409, -1, -1], [14410, 1, 10452], [14410, 1, 10636], [14410, 1, 13922], [14410, 1, 14106], [14410, -1, -1], [14411, 1, 9752], [14411, 1, 9952], [14411, 1, 10112], [14411, 1, 10304], [14411, 1, 10507], [14411, -1, -1], [14412, 1, 11345], [14412, 1, 11380], [14412, 1, 11575], [14412, 1, 13038], [14412, 1, 13240], [14412, -1, -1], [14413, -1, -1], [14414, 1, 11512], [14414, 1, 11712], [14414, -1, -1], [14415, -1, -1], [14416, -1, -1], [14417, 1, 10686], [14417, 1, 10885], [14417, 1, 11073], [14417, 1, 11500], [14417, 1, 11685], [14417, -1, -1], [14418, -1, -1]]"
1752927306.4078,6.00005067139864,12805.821073153356,12805.821402858688,12816.46174615836,15865.460891638904,"[[14419, 1, 13955], [14419, 1, 13989], [14419, 1, 14185], [14419, -1, -1], [14420, 1, 10668], [14420, 1, 10698], [14420, 1, 10897], [14420, -1, -1], [14421, 1, 13374], [14421, 1, 13558], [14421, -1, -1], [14422, 1, 11605], [14422, 1, 11792], [14422, 1, 11930], [14422, 1, 12114], [14422, -1, -1], [14423, -1, -1], [14424, -1, -1], [14425, -1, -1], [14426, 1, 11291], [14426, 1, 11482], [14426, -1, -1], [14427, -1, -1], [14428, 1, 10951], [14428, 1, 11154], [14428, -1, -1], [14429, 1, 10973], [14429, 1, 11158], [14429, -1, -1]]"
1752927306.5178,8.000050999224186,12805.821214626034,12805.821402858688,12816.46174615836,15865.460891638904,"[[14430, -1, -1], [14431, -1, -1], [14432, 1, 10683], [14432, 1, 10882], [14432, -1, -1], [14433, -1, -1], [14434, 1, 10598], [14434, 1, 10787], [14434, 1, 12443], [14434, 1, 12635], [14434, 1, 13386], [14434, 1, 13573], [14434, -1, -1], [14435, -1, -1], [14436, 1, 12281], [14436, 1, 12484], [14436, -1, -1], [14437, 1, 10346], [14437, 1, 10533], [14437, -1, -1], [14438, 1, 10021], [14438, 1, 10207], [14438, 1, 10327], [14438, 1, 10369], [14438, 1, 10557], [14438, -1, -1], [14439, 1, 10064], [14439, 1, 10099], [14439, 1, 10293], [14439, -1, -1], [14440, -1, -1]]"
1752927306.6278,10.000051327049732,12805.821214626034,12805.821378354181,12816.46175282128,15865.460891638904,"[[14441, -1, -1], [14442, -1, -1], [14443, 1, 11486], [14443, 1, 11689], [14443, -1, -1], [14444, 1, 11346], [14444, 1, 11531], [14444, -1, -1], [14445, -1, -1], [14446, -1, -1], [14447, -1, -1], [14448, 1, 10437], [14448, 1, 10623], [14448, 1, 11653], [14448, 1, 11856], [14448, 1, 12801], [14448, -1, -1], [14449, -1, -1], [14450, 1, 12138], [14450, 1, 12341], [14450, -1, -1], [14451, 1, 10312], [14451, 1, 10516], [14451, 1, 11269], [14451, 1, 11468], [14451, 1, 11686], [14451, -1, -1]]"
1752927306.7393,12.000051654875278,12805.821022567521,12805.821378354181,12816.461747562023,15865.460891638904,"[[14452, 1, 10828], [14452, 1, 11027], [14452, -1, -1], [14453, 1, 11218], [14453, 1, 11416], [14453, -1, -1], [14454, -1, -1], [14455, 1, 11054], [14455, 1, 11253], [14455, -1, -1], [14456, 1, 10216], [14456, 1, 10407], [14456, 1, 10658], [14456, 1, 10813], [14456, 1, 10842], [14456, -1, -1], [14457, -1, -1], [14458, 1, 10598], [14458, 1, 10801], [14458, -1, -1], [14459, -1, -1], [14460, 1, 10758], [14460, -1, -1], [14461, -1, -1], [14462, -1, -1]]"
1752927306.8498,14.00005105137825,12805.821022567521,12805.821387761445,12816.461747562023,15865.460891638904,"[[14464, -1, -1], [14465, -1, -1], [14466, -1, -1], [14467, -1, -1], [14468, -1, -1], [14469, -1, -1], [14470, 1, 9388], [14470, 1, 9426], [14470, 1, 9618], [14470, -1, -1], [14471, -1, -1], [14472, -1, -1], [14473, -1, -1], [14474, -1, -1]]"
1752927306.9618,16.000051379203796,12805.821043099646,12805.821387761445,12816.461748999085,15865.460891638904,"[[14475, -1, -1], [14476, -1, -1], [14477, -1, -1], [14478, -1, -1], [14479, -1, -1], [14480, -1, -1], [14481, -1, -1], [14482, -1, -1], [14483, -1, -1], [14484, -1, -1], [14485, -1, -1]]"
1752927307.0708,18.000051707029343,12805.821043099646,12805.821378706327,12816.461748999085,15865.460891638904,"[[14486, -1, -1], [14487, -1, -1], [14488, -1, -1], [14489, -1, -1], [14490, -1, -1], [14491, -1, -1], [14492, -1, -1], [14493, -1, -1], [14494, -1, -1], [14495, 1, 9823], [14495, 1, 9862], [14495, 1, 10054], [14495, -1, -1], [14496, -1, -1]]"
1752927307.1809,20.00005203485489,12805.821036302836,12805.821378706327,12816.461743997268,15865.460891638904,"[[14497, -1, -1], [14498, -1, -1], [14499, -1, -1], [14500, -1, -1], [14501, -1, -1], [14502, -1, -1], [14503, -1, -1], [14504, -1, -1], [14505, -1, -1], [14506, -1, -1], [14507, -1, -1]]"
1752927307.2908,22.000052362680435,12805.821036302836,12805.821397414718,12816.461743997268,15865.460891638904,"[[14508, -1, -1], [14509, -1, -1], [14510, 1, 11815], [14510, 1, 12014], [14510, -1, -1], [14511, -1, -1], [14512, 1, 11360], [14512, 1, 11391], [14512, 1, 11591], [14512, 1, 11677], [14512, -1, -1], [14513, -1, -1], [14514, -1, -1], [14515, -1, -1], [14516, -1, -1], [14517, -1, -1], [14518, -1, -1]]"
1752927307.4018,24.00005269050598,12805.821105723842,12805.821397414718,12816.461756847644,15865.460891638904,"[[14519, 1, 12971], [14519, 1, 13175], [14519, 1, 13243], [14519, -1, -1], [14520, -1, -1], [14521, -1, -1], [14522, -1, -1], [14523, -1, -1], [14524, 1, 13587], [14524, 1, 13773], [14524, 1, 13982], [14524, -1, -1], [14525, -1, -1], [14526, -1, -1], [14527, -1, -1], [14528, -1, -1], [14529, -1, -1]]"
1752927307.5198,26.000053018331528,12805.821105723842,12805.821404572447,12816.461756847644,15865.460891638904,"[[14530, -1, -1], [14531, -1, -1], [14532, -1, -1], [14533, -1, -1], [14534, -1, -1], [14535, -1, -1], [14536, -1, -1], [14537, -1, -1], [14538, -1, -1], [14539, -1, -1], [14540, -1, -1], [14541, -1, -1]]"
1752927307.6306,28.000053346157074,12805.821178434906,12805.821404572447,12816.461745748094,15865.460891638904,"[[14542, -1, -1], [14543, -1, -1], [14544, -1, -1], [14545, -1, -1], [14546, -1, -1], [14547, -1, -1], [14548, -1, -1], [14549, 1, 11382], [14549, 1, 11417], [14549, 1, 11612], [14549, -1, -1], [14550, -1, -1], [14551, -1, -1], [14552, -1, -1]]"
1752927307.7408,30.00005367398262,12805.821200400667,12805.821405366527,12816.461745748094,15865.460891638904,"[[14553, -1, -1], [14554, -1, -1], [14555, -1, -1], [14556, -1, -1], [14557, -1, -1], [14558, -1, -1], [14559, -1, -1], [14560, -1, -1], [14561, -1, -1], [14562, -1, -1], [14563, -1, -1]]"
1752927307.8508,32.00005400180817,12805.821200400667,12805.821405366527,12816.46174771889,15865.460891638904,"[[14564, -1, -1], [14565, -1, -1], [14566, -1, -1], [14567, -1, -1], [14568, -1, -1], [14569, -1, -1], [14570, -1, -1], [14571, -1, -1], [14572, -1, -1], [14573, -1, -1], [14574, -1, -1]]"
1752927307.9629,34.00005432963371,12805.821087247348,12805.82140016225,12816.46174771889,15865.460891638904,"[[14575, -1, -1], [14576, -1, -1], [14577, -1, -1], [14578, -1, -1], [14579, -1, -1], [14580, -1, -1], [14581, -1, -1], [14582, -1, -1], [14583, -1, -1], [14584, -1, -1], [14585, -1, -1]]"
1752927308.0738,36.00005465745926,12805.821087247348,12805.82139919358,12816.461748987696,15865.460891638904,"[[14586, -1, -1], [14587, -1, -1], [14588, -1, -1], [14589, -1, -1], [14590, -1, -1], [14591, -1, -1], [14592, -1, -1], [14593, -1, -1], [14594, -1, -1], [14595, -1, -1], [14596, -1, -1]]"
1752927308.1838,38.000054985284805,12805.821052050114,12805.82139919358,12816.461748987696,15865.460891638904,"[[14597, -1, -1], [14598, -1, -1], [14599, -1, -1], [14600, -1, -1], [14601, -1, -1], [14602, -1, -1], [14603, -1, -1], [14604, -1, -1], [14605, -1, -1], [14606, -1, -1], [14607, -1, -1]]"
1752927308.2938,40.00005531311035,12805.821052050114,12805.82138835787,12816.461749528804,15865.460891638904,"[[14608, -1, -1], [14609, -1, -1], [14610, -1, -1], [14611, -1, -1], [14612, -1, -1], [14613, -1, -1], [14614, -1, -1], [14615, -1, -1], [14616, -1, -1], [14617, -1, -1], [14618, -1, -1]]"
1752927308.4048,42.0000556409359,12805.82102057815,12805.82138835787,12816.461749528804,15865.460891638904,"[[14619, -1, -1], [14620, -1, -1], [14621, -1, -1], [14622, -1, -1], [14623, -1, -1], [14624, -1, -1], [14625, -1, -1], [14626, -1, -1], [14627, -1, -1], [14628, -1, -1], [14629, -1, -1]]"
1752927308.5158,44.000055968761444,12805.82102057815,12805.821383214678,12816.461752271147,15865.460891638904,"[[14630, -1, -1], [14631, -1, -1], [14632, -1, -1], [14633, -1, -1], [14634, -1, -1], [14635, -1, -1], [14636, -1, -1], [14637, -1, -1], [14638, -1, -1], [14639, -1, -1], [14640, -1, -1]]"
1752927308.6258,46.00005629658699,12805.82121115071,12805.821383214678,12816.461752271147,15865.460891638904,"[[14641, -1, -1], [14642, -1, -1], [14643, -1, -1], [14644, -1, -1], [14645, -1, -1], [14646, -1, -1], [14647, -1, -1], [14648, -1, -1], [14649, -1, -1], [14650, -1, -1], [14651, -1, -1]]"
1752927308.7368,48.00005662441254,12805.82121115071,12805.821388057604,12816.461741969082,15865.460891638904,"[[14652, -1, -1], [14653, -1, -1], [14654, -1, -1], [14655, -1, -1], [14656, -1, -1], [14657, -1, -1], [14658, -1, -1], [14659, -1, -1], [14660, -1, -1], [14661, -1, -1], [14662, -1, -1]]"
1752927308.8469,50.00005695223808,12805.821108373651,12805.821388057604,12816.461741969082,15865.460891638904,"[[14663, -1, -1], [14664, -1, -1], [14665, -1, -1], [14666, -1, -1], [14667, -1, -1], [14668, -1, -1], [14669, -1, -1], [14670, -1, -1], [14671, -1, -1], [14672, -1, -1], [14673, -1, -1]]"
1752927308.9598,52.00005728006363,12805.821108373651,12805.821386748934,12816.46175582781,15865.460891638904,"[[14674, -1, -1], [14675, -1, -1], [14676, -1, -1], [14677, -1, -1], [14678, -1, -1], [14679, -1, -1], [14680, -1, -1], [14681, -1, -1], [14682, -1, -1], [14683, -1, -1], [14684, -1, -1], [14685, -1, -1]]"
1752927309.0698,54.000057607889175,12805.821029264933,12805.821386748934,12816.461743331352,15865.460891638904,"[[14686, -1, -1], [14687, -1, -1], [14688, -1, -1], [14689, -1, -1], [14690, -1, -1], [14691, -1, -1], [14692, -1, -1], [14693, -1, -1], [14694, -1, -1], [14695, -1, -1], [14696, -1, -1]]"
1752927309.1798,56.00005793571472,12805.821029264933,12805.821390330566,12816.461743331352,15865.460891638904,"[[14697, -1, -1], [14698, -1, -1], [14699, -1, -1], [14700, -1, -1], [14701, -1, -1], [14702, -1, -1], [14703, 1, 10732], [14703, 1, 10931], [14703, -1, -1], [14704, -1, -1], [14705, -1, -1], [14706, -1, -1], [14707, -1, -1]]"
1752927309.2893,58.00005826354027,12805.820978546104,12805.821390330566,12816.461750764982,15865.460891638904,"[[14708, -1, -1], [14709, -1, -1], [14710, -1, -1], [14711, -1, -1], [14712, -1, -1], [14713, -1, -1], [14714, -1, -1], [14715, -1, -1], [14716, -1, -1], [14717, -1, -1]]"
1752927309.4004,60.000058591365814,12805.820978546104,12805.821382321126,12816.461750764982,15865.460891638904,"[[14719, -1, -1], [14720, -1, -1], [14721, -1, -1], [14722, -1, -1], [14723, -1, -1], [14724, -1, -1], [14725, -1, -1], [14726, -1, -1], [14727, -1, -1], [14728, -1, -1], [14729, -1, -1]]"
1752927309.5098,62.00005519390106,12805.821062423096,12805.821382321126,12816.461748522366,15865.460891638904,"[[14730, 1, 11150], [14730, 1, 11349], [14730, -1, -1], [14731, -1, -1], [14732, -1, -1], [14733, -1, -1], [14734, 1, 11140], [14734, 1, 11325], [14734, -1, -1], [14735, -1, -1], [14736, -1, -1], [14737, -1, -1], [14738, -1, -1], [14739, -1, -1], [14740, -1, -1]]"
1752927309.6198,64.00005179643631,12805.821062423096,12805.821374230718,12816.461748522366,15865.460891638904,"[[14741, -1, -1], [14742, -1, -1], [14743, -1, -1], [14744, -1, -1], [14745, -1, -1], [14746, -1, -1], [14747, -1, -1], [14748, -1, -1], [14749, -1, -1], [14750, -1, -1], [14751, -1, -1]]"
1752927309.7292,66.00004839897156,12805.821159545443,12805.821374230718,12816.46174443678,15865.460891638904,"[[14752, -1, -1], [14753, -1, -1], [14754, -1, -1], [14755, -1, -1], [14756, -1, -1], [14757, -1, -1], [14758, -1, -1], [14759, -1, -1], [14760, -1, -1], [14761, -1, -1]]"
1752927309.8398,68.0000450015068,12805.821159545443,12805.821365936596,12816.46174443678,15865.460891638904,"[[14763, -1, -1], [14764, -1, -1], [14765, -1, -1], [14766, -1, -1], [14767, -1, -1], [14768, -1, -1], [14769, -1, -1], [14770, -1, -1], [14771, -1, -1], [14772, -1, -1], [14773, -1, -1]]"
1752927309.9518,70.00004160404205,12805.821143503345,12805.821365936596,12816.461745779654,15865.460891638904,"[[14774, -1, -1], [14775, -1, -1], [14776, -1, -1], [14777, -1, -1], [14778, -1, -1], [14779, -1, -1], [14780, -1, -1], [14781, -1, -1], [14782, -1, -1], [14783, -1, -1], [14784, -1, -1]]"
1752927310.0618,72.0000382065773,12805.821132624214,12805.821360453192,12816.461745779654,15865.460891638904,"[[14785, -1, -1], [14786, -1, -1], [14787, -1, -1], [14788, -1, -1], [14789, -1, -1], [14790, -1, -1], [14791, -1, -1], [14792, -1, -1], [14793, -1, -1], [14794, -1, -1], [14795, -1, -1]]"
1752927310.1708,74.00003480911255,12805.821132624214,12805.821360453192,12816.461757379117,15865.460891638904,"[[14796, -1, -1], [14797, -1, -1], [14798, -1, -1], [14799, -1, -1], [14800, -1, -1], [14801, -1, -1], [14802, -1, -1], [14803, -1, -1], [14804, -1, -1], [14805, -1, -1], [14806, -1, -1]]"
1752927310.2818,76.0000314116478,12805.821043976497,12805.82139067268,12816.461757379117,15865.460891638904,"[[14807, -1, -1], [14808, -1, -1], [14809, -1, -1], [14810, -1, -1], [14811, -1, -1], [14812, -1, -1], [14813, -1, -1], [14814, -1, -1], [14815, -1, -1], [14816, -1, -1], [14817, -1, -1]]"
1752927310.3918,78.00002801418304,12805.821043976497,12805.821414435235,12816.46174937244,15865.460891638904,"[[14818, 1, 234882], [14818, 1, 235067], [14818, -1, -1], [14819, -1, -1], [14820, -1, -1], [14821, -1, -1], [14822, -1, -1], [14823, -1, -1], [14824, -1, -1], [14825, -1, -1], [14826, -1, -1], [14827, -1, -1], [14828, -1, -1]]"
1752927310.5028,80.00002461671829,12805.821098431064,12805.821414435235,12816.46174937244,15865.460891638904,"[[14829, -1, -1], [14830, -1, -1], [14831, -1, -1], [14832, -1, -1], [14833, -1, -1], [14834, -1, -1], [14835, -1, -1], [14836, -1, -1], [14837, -1, -1], [14838, -1, -1], [14839, -1, -1]]"
1752927310.6128,82.00002121925354,12805.821098431064,12805.821419234853,12816.461748206144,15865.460891638904,"[[14840, -1, -1], [14841, -1, -1], [14842, -1, -1], [14843, -1, -1], [14844, -1, -1], [14845, -1, -1], [14846, -1, -1], [14847, -1, -1], [14848, -1, -1], [14849, -1, -1], [14850, -1, -1]]"
1752927310.7228,84.00001782178879,12805.821157219989,12805.821419234853,12816.461748206144,15865.460891638904,"[[14851, -1, -1], [14852, -1, -1], [14853, -1, -1], [14854, -1, -1], [14855, -1, -1], [14856, -1, -1], [14857, -1, -1], [14858, -1, -1], [14859, -1, -1], [14860, -1, -1], [14861, -1, -1]]"
1752927310.8338,86.00001442432404,12805.821157219989,12805.8214292303,12816.461756888471,15865.460891638904,"[[14862, -1, -1], [14863, -1, -1], [14864, -1, -1], [14865, -1, -1], [14866, -1, -1], [14867, -1, -1], [14868, -1, -1], [14869, -1, -1], [14870, -1, -1], [14871, -1, -1], [14872, -1, -1]]"
1752927310.9458,88.00001102685928,12805.821224743711,12805.8214292303,12816.461756888471,15865.460891638904,"[[14873, -1, -1], [14874, -1, -1], [14875, -1, -1], [14876, -1, -1], [14877, -1, -1], [14878, -1, -1], [14879, -1, -1], [14880, -1, -1], [14881, -1, -1], [14882, -1, -1], [14883, -1, -1]]"
1752927311.0558,90.00000762939453,12805.821224743711,12805.821410289673,12816.4617502423,15865.460891638904,"[[14884, -1, -1], [14885, -1, -1], [14886, -1, -1], [14887, -1, -1], [14888, -1, -1], [14889, -1, -1], [14890, -1, -1], [14891, -1, -1], [14892, -1, -1], [14893, -1, -1], [14894, -1, -1]]"
1752927311.1658,92.00000423192978,12805.821157172484,12805.821410289673,12816.4617502423,15865.460891638904,"[[14895, -1, -1], [14896, -1, -1], [14897, -1, -1], [14898, -1, -1], [14899, -1, -1], [14900, -1, -1], [14901, -1, -1], [14902, -1, -1], [14903, -1, -1], [14904, -1, -1], [14905, -1, -1]]"
1752927311.2758,94.00000083446503,12805.821157172484,12805.821413732145,12816.461747038133,15865.460891638904,"[[14906, -1, -1], [14907, -1, -1], [14908, -1, -1], [14909, -1, -1], [14910, -1, -1], [14911, -1, -1], [14912, -1, -1], [14913, -1, -1], [14914, -1, -1], [14915, -1, -1], [14916, -1, -1]]"
1752927311.3849,95.99999743700027,12805.821140628814,12805.821413732145,12816.461749559125,15865.460891638904,"[[14917, -1, -1], [14918, -1, -1], [14919, -1, -1], [14920, 1, 12376], [14920, 1, 12579], [14920, -1, -1], [14921, -1, -1], [14922, -1, -1], [14923, -1, -1], [14924, -1, -1], [14925, -1, -1], [14926, -1, -1], [14927, -1, -1]]"
1752927311.4978,97.99999403953552,12805.821140628814,12805.821399670227,12816.461749559125,15865.460891638904,"[[14928, -1, -1], [14929, -1, -1], [14930, -1, -1], [14931, -1, -1], [14932, -1, -1], [14933, -1, -1], [14934, -1, -1], [14935, -1, -1], [14936, -1, -1], [14937, -1, -1], [14938, -1, -1]]"
1752927311.6078,99.99999064207077,12805.821073532623,12805.821399670227,12816.461746146188,15865.460891638904,"[[14939, -1, -1], [14940, -1, -1], [14941, -1, -1], [14942, -1, -1], [14943, -1, -1], [14944, -1, -1], [14945, -1, -1], [14946, -1, -1], [14947, -1, -1], [14948, -1, -1], [14949, -1, -1]]"
1752927311.7168,101.99998724460602,12805.821073532623,12805.821407129208,12816.461746146188,15865.460891638904,"[[14950, -1, -1], [14951, -1, -1], [14952, -1, -1], [14953, -1, -1], [14954, -1, -1], [14955, -1, -1], [14956, -1, -1], [14957, -1, -1], [14958, -1, -1], [14959, -1, -1], [14960, -1, -1]]"
1752927311.8258,103.99998384714127,12805.821218038605,12805.821407129208,12816.461748059644,15865.460891638904,"[[14961, -1, -1], [14962, -1, -1], [14963, -1, -1], [14964, -1, -1], [14965, -1, -1], [14966, -1, -1], [14967, -1, -1], [14968, -1, -1], [14969, -1, -1], [14970, -1, -1], [14971, -1, -1]]"
1752927311.9378,105.99998044967651,12805.821218038605,12805.821422025138,12816.461748059644,15865.460891638904,"[[14972, -1, -1], [14973, -1, -1], [14974, -1, -1], [14975, -1, -1], [14976, -1, -1], [14977, -1, -1], [14978, -1, -1], [14979, -1, -1], [14980, -1, -1], [14981, -1, -1], [14982, -1, -1]]"
1752927312.0482,107.99997705221176,12805.8213310849,12805.821422025138,12816.461743879032,15865.460891638904,"[[14983, -1, -1], [14984, -1, -1], [14985, -1, -1], [14986, -1, -1], [14987, -1, -1], [14988, -1, -1], [14989, -1, -1], [14990, -1, -1], [14991, -1, -1], [14992, -1, -1], [14993, -1, -1]]"
1752927312.1583,109.99997365474701,12805.8213310849,12805.821425026767,12816.461743879032,15865.460891638904,"[[14995, -1, -1], [14996, -1, -1], [14997, -1, -1], [14998, -1, -1], [14999, -1, -1], [15000, -1, -1], [15001, -1, -1], [15002, -1, -1], [15003, -1, -1], [15004, -1, -1]]"
1752927312.2682,111.99997025728226,12805.821244473944,12805.821425026767,12816.461748917112,15865.460891638904,"[[15006, -1, -1], [15007, -1, -1], [15008, -1, -1], [15009, -1, -1], [15010, -1, -1], [15011, -1, -1], [15012, -1, -1], [15013, -1, -1], [15014, -1, -1], [15015, -1, -1]]"
1752927312.3782,113.9999668598175,12805.821244473944,12805.821425722128,12816.461748917112,15865.460891638904,"[[15017, -1, -1], [15018, -1, -1], [15019, -1, -1], [15020, -1, -1], [15021, -1, -1], [15022, -1, -1], [15023, -1, -1], [15024, -1, -1], [15025, -1, -1], [15026, -1, -1]]"
1752927312.4883,115.99996346235275,12805.821106654697,12805.821425722128,12816.461756134058,15865.460891638904,"[[15028, -1, -1], [15029, 1, 16244], [15029, 1, 16280], [15029, 1, 16475], [15029, 1, 16748], [15029, -1, -1], [15030, -1, -1], [15031, -1, -1], [15032, -1, -1], [15033, -1, -1], [15034, -1, -1], [15035, -1, -1], [15036, -1, -1], [15037, -1, -1]]"
1752927312.5978,117.999960064888,12805.82108929207,12805.821410038974,12816.461756134058,15865.460891638904,"[[15039, -1, -1], [15040, -1, -1], [15041, -1, -1], [15042, -1, -1], [15043, -1, -1], [15044, -1, -1], [15045, -1, -1], [15046, -1, -1], [15047, -1, -1], [15048, -1, -1]]"
1752927312.7078,119.99995666742325,12805.82108929207,12805.821410038974,12816.461744248572,15865.460891638904,"[[15049, -1, -1], [15050, -1, -1], [15051, -1, -1], [15052, -1, -1], [15053, -1, -1], [15054, -1, -1], [15055, -1, -1], [15056, -1, -1], [15057, -1, -1], [15058, -1, -1], [15059, -1, -1]]"
1752927312.8184,121.9999532699585,12805.821107392221,12805.821409335922,12816.461744248572,15865.460891638904,"[[15060, -1, -1], [15061, -1, -1], [15062, -1, -1], [15063, -1, -1], [15064, -1, -1], [15065, -1, -1], [15066, -1, -1], [15067, -1, -1], [15068, -1, -1], [15069, -1, -1], [15070, -1, -1]]"
1752927312.9292,123.99995732307434,12805.821107392221,12805.821410032546,12816.4617479997,15865.460891638904,"[[15071, -1, -1], [15072, -1, -1], [15073, -1, -1], [15074, -1, -1], [15075, -1, -1], [15076, -1, -1], [15077, -1, -1], [15078, -1, -1], [15079, -1, -1], [15080, -1, -1], [15081, -1, -1]]"
1752927313.0392,125.99996137619019,12805.82126945756,12805.821410032546,12816.4617479997,15865.460891638904,"[[15083, -1, -1], [15084, -1, -1], [15085, -1, -1], [15086, -1, -1], [15087, -1, -1], [15088, -1, -1], [15089, -1, -1], [15090, -1, -1], [15091, -1, -1], [15092, -1, -1]]"
1752927313.1492,127.99996542930603,12805.82126945756,12805.821411565026,12816.4617557034,15865.460891638904,"[[15094, -1, -1], [15095, -1, -1], [15096, -1, -1], [15097, -1, -1], [15098, -1, -1], [15099, -1, -1], [15100, -1, -1], [15101, -1, -1], [15102, -1, -1], [15103, -1, -1]]"
1752927313.2593,129.99996948242188,12805.821272916448,12805.821411565026,12816.4617557034,15865.460891638904,"[[15105, -1, -1], [15106, -1, -1], [15107, -1, -1], [15108, -1, -1], [15109, -1, -1], [15110, -1, -1], [15111, -1, -1], [15112, -1, -1], [15113, -1, -1], [15114, -1, -1]]"
1752927313.3698,131.99997353553772,12805.821272916448,12805.821412119396,12816.461744469712,15865.460891638904,"[[15116, -1, -1], [15117, -1, -1], [15118, -1, -1], [15119, -1, -1], [15120, -1, -1], [15121, -1, -1], [15122, -1, -1], [15123, -1, -1], [15124, -1, -1], [15125, -1, -1], [15126, -1, -1]]"
1752927313.4808,133.99997758865356,12805.821128673426,12805.821412119396,12816.461744469712,15865.460891638904,"[[15127, -1, -1], [15128, -1, -1], [15129, -1, -1], [15130, -1, -1], [15131, -1, -1], [15132, -1, -1], [15133, -1, -1], [15134, -1, -1], [15135, -1, -1], [15136, -1, -1], [15137, -1, -1]]"
1752927313.5908,135.9999816417694,12805.821128673426,12805.821417349001,12816.461762020057,15865.460891638904,"[[15138, -1, -1], [15139, -1, -1], [15140, -1, -1], [15141, -1, -1], [15142, -1, -1], [15143, 1, 10969], [15143, 1, 11150], [15143, -1, -1], [15144, -1, -1], [15145, -1, -1], [15146, -1, -1], [15147, -1, -1], [15148, -1, -1]]"
1752927313.7008,137.99998569488525,12805.821111400444,12805.821417349001,12816.461762020057,15865.460891638904,"[[15149, -1, -1], [15150, -1, -1], [15151, -1, -1], [15152, -1, -1], [15153, -1, -1], [15154, -1, -1], [15155, -1, -1], [15156, -1, -1], [15157, -1, -1], [15158, -1, -1], [15159, -1, -1]]"
1752927313.8108,139.9999897480011,12805.821111400444,12805.821428035499,12816.46175534216,15865.460891638904,"[[15160, -1, -1], [15161, -1, -1], [15162, -1, -1], [15163, -1, -1], [15164, -1, -1], [15165, -1, -1], [15166, -1, -1], [15167, -1, -1], [15168, -1, -1], [15169, -1, -1], [15170, -1, -1]]"
1752927313.9208,141.99999380111694,12805.821193124784,12805.821428035499,12816.46175534216,15865.460891638904,"[[15171, -1, -1], [15172, -1, -1], [15173, -1, -1], [15174, -1, -1], [15175, -1, -1], [15176, -1, -1], [15177, -1, -1], [15178, -1, -1], [15179, -1, -1], [15180, -1, -1], [15181, -1, -1]]"
1752927314.0328,143.9999978542328,12805.821193124784,12805.821399948998,12816.461747854142,15865.460891638904,"[[15182, -1, -1], [15183, -1, -1], [15184, -1, -1], [15185, -1, -1], [15186, -1, -1], [15187, -1, -1], [15188, -1, -1], [15189, -1, -1], [15190, -1, -1], [15191, -1, -1], [15192, -1, -1]]"
1752927314.1458,146.00000190734863,12805.821209502228,12805.821399948998,12816.46175034938,15865.460891638904,"[[15193, -1, -1], [15194, -1, -1], [15195, -1, -1], [15196, -1, -1], [15197, -1, -1], [15198, -1, -1], [15199, -1, -1], [15200, -1, -1], [15201, -1, -1], [15202, -1, -1], [15203, -1, -1]]"
1752927314.2568,148.00000596046448,12805.821209502228,12805.821384391778,12816.46175034938,15865.460891638904,"[[15204, -1, -1], [15205, -1, -1], [15206, -1, -1], [15207, -1, -1], [15208, -1, -1], [15209, -1, -1], [15210, -1, -1], [15211, -1, -1], [15212, -1, -1], [15213, -1, -1], [15214, -1, -1]]"
1752927314.3658,150.00001001358032,12805.82126606726,12805.821384391778,12816.461742568263,15865.460891638904,"[[15215, -1, -1], [15216, -1, -1], [15217, -1, -1], [15218, -1, -1], [15219, -1, -1], [15220, -1, -1], [15221, -1, -1], [15222, -1, -1], [15223, -1, -1], [15224, -1, -1], [15225, -1, -1]]"
1752927314.4758,152.00001406669617,12805.82126606726,12805.821401034635,12816.461742568263,15865.460891638904,"[[15226, -1, -1], [15227, -1, -1], [15228, -1, -1], [15229, -1, -1], [15230, -1, -1], [15231, -1, -1], [15232, -1, -1], [15233, -1, -1], [15234, -1, -1], [15235, -1, -1], [15236, -1, -1]]"
1752927314.5858,154.000018119812,12805.821127803121,12805.821401034635,12816.46175062777,15865.460891638904,"[[15237, -1, -1], [15238, -1, -1], [15239, -1, -1], [15240, -1, -1], [15241, -1, -1], [15242, -1, -1], [15243, -1, -1], [15244, -1, -1], [15245, -1, -1], [15246, -1, -1], [15247, -1, -1]]"
1752927314.6948,156.00002217292786,12805.821127803121,12805.821398829821,12816.46175062777,15865.460891638904,"[[15248, -1, -1], [15249, -1, -1], [15250, -1, -1], [15251, -1, -1], [15252, -1, -1], [15253, -1, -1], [15254, -1, -1], [15255, -1, -1], [15256, -1, -1], [15257, -1, -1], [15258, -1, -1]]"
1752927314.8069,158.0000262260437,12805.821161096892,12805.821398829821,12816.46174932863,15865.460891638904,"[[15259, -1, -1], [15260, -1, -1], [15261, -1, -1], [15262, -1, -1], [15263, -1, -1], [15264, -1, -1], [15265, -1, -1], [15266, -1, -1], [15267, -1, -1], [15268, -1, -1], [15269, -1, -1]]"
1752927314.9183,160.00003027915955,12805.821151952478,12805.821386029791,12816.46174932863,15865.460891638904,"[[15270, -1, -1], [15271, -1, -1], [15272, -1, -1], [15273, -1, -1], [15274, -1, -1], [15275, -1, -1], [15276, -1, -1], [15277, -1, -1], [15278, -1, -1], [15279, -1, -1], [15280, -1, -1]]"
1752927315.0299,162.0000343322754,12805.821151952478,12805.821389223493,12816.461743637514,15865.460891638904,"[[15282, -1, -1], [15283, -1, -1], [15284, -1, -1], [15285, -1, -1], [15286, 1, 10596], [15286, 1, 10799], [15286, -1, -1], [15287, -1, -1], [15288, -1, -1], [15289, -1, -1], [15290, -1, -1], [15291, -1, -1], [15292, -1, -1]]"
1752927315.1398,164.00003838539124,12805.82126855753,12805.821389223493,12816.461743637514,15865.460891638904,"[[15293, -1, -1], [15294, -1, -1], [15295, -1, -1], [15296, -1, -1], [15297, -1, -1], [15298, -1, -1], [15299, -1, -1], [15300, -1, -1], [15301, -1, -1], [15302, -1, -1], [15303, -1, -1]]"
1752927315.2498,166.00004243850708,12805.82126855753,12805.821390232602,12816.46175320714,15865.460891638904,"[[15304, -1, -1], [15305, -1, -1], [15306, -1, -1], [15307, -1, -1], [15308, -1, -1], [15309, 1, 17496], [15309, 1, 17532], [15309, 1, 17725], [15309, -1, -1], [15310, -1, -1], [15311, -1, -1], [15312, -1, -1], [15313, -1, -1], [15314, -1, -1]]"
1752927315.3608,168.00004649162292,12805.821296376722,12805.821390232602,12816.46175320714,15865.460891638904,"[[15315, -1, -1], [15316, -1, -1], [15317, -1, -1], [15318, -1, -1], [15319, -1, -1], [15320, -1, -1], [15321, -1, -1], [15322, -1, -1], [15323, -1, -1], [15324, -1, -1], [15325, -1, -1]]"
1752927315.4698,170.00005054473877,12805.821296376722,12805.821381452608,12816.461740916428,15865.460891638904,"[[15326, -1, -1], [15327, -1, -1], [15328, -1, -1], [15329, -1, -1], [15330, -1, -1], [15331, -1, -1], [15332, -1, -1], [15333, 1, 10572], [15333, 1, 10772], [15333, 1, 10970], [15333, -1, -1], [15334, -1, -1], [15335, -1, -1], [15336, -1, -1]]"
1752927315.5798,172.00005459785461,12805.821217566343,12805.821381452608,12816.461740916428,15865.460891638904,"[[15337, -1, -1], [15338, -1, -1], [15339, -1, -1], [15340, -1, -1], [15341, -1, -1], [15342, -1, -1], [15343, -1, -1], [15344, -1, -1], [15345, -1, -1], [15346, -1, -1], [15347, -1, -1]]"
1752927315.6898,174.00005865097046,12805.821217566343,12805.821395280103,12816.461738256628,15865.460891638904,"[[15348, -1, -1], [15349, -1, -1], [15350, -1, -1], [15351, -1, -1], [15352, -1, -1], [15353, -1, -1], [15354, -1, -1], [15355, -1, -1], [15356, -1, -1], [15357, -1, -1], [15358, -1, -1]]"
1752927315.8018,176.0000627040863,12805.821138975662,12805.821395280103,12816.461738256628,15865.460891638904,"[[15359, -1, -1], [15360, -1, -1], [15361, -1, -1], [15362, -1, -1], [15363, -1, -1], [15364, -1, -1], [15365, -1, -1], [15366, -1, -1], [15367, -1, -1], [15368, -1, -1], [15369, 1, 10206], [15369, 1, 10390], [15369, -1, -1]]"
1752927315.9118,178.00006675720215,12805.821138975662,12805.821395472289,12816.46173471419,15865.460891638904,"[[15370, -1, -1], [15371, -1, -1], [15372, -1, -1], [15373, -1, -1], [15374, -1, -1], [15375, -1, -1], [15376, -1, -1], [15377, -1, -1], [15378, -1, -1], [15379, -1, -1], [15380, -1, -1]]"
1752927316.0228,180.000070810318,12805.82114269117,12805.821395472289,12816.461737783146,15865.460891638904,"[[15381, -1, -1], [15382, -1, -1], [15383, -1, -1], [15384, -1, -1], [15385, -1, -1], [15386, -1, -1], [15387, -1, -1], [15388, -1, -1], [15389, -1, -1], [15390, -1, -1], [15391, -1, -1]]"
1752927316.1318,182.00007486343384,12805.82114269117,12805.821400721996,12816.461737783146,15865.460891638904,"[[15392, -1, -1], [15393, -1, -1], [15394, -1, -1], [15395, -1, -1], [15396, -1, -1], [15397, -1, -1], [15398, -1, -1], [15399, -1, -1], [15400, -1, -1], [15401, -1, -1], [15402, -1, -1]]"
1752927316.2418,184.00007891654968,12805.821250926936,12805.821400721996,12816.461746042645,15865.460891638904,"[[15403, -1, -1], [15404, -1, -1], [15405, -1, -1], [15406, -1, -1], [15407, -1, -1], [15408, -1, -1], [15409, -1, -1], [15410, -1, -1], [15411, -1, -1], [15412, -1, -1], [15413, -1, -1]]"
1752927316.3648,186.00008296966553,12805.821250926936,12805.821400091956,12816.461746042645,15865.460891638904,"[[15414, -1, -1], [15415, -1, -1], [15416, -1, -1], [15417, -1, -1], [15418, -1, -1], [15419, -1, -1], [15420, -1, -1], [15421, -1, -1], [15422, -1, -1], [15423, -1, -1], [15424, -1, -1], [15425, -1, -1]]"
1752927316.4748,188.00008702278137,12805.821286068101,12805.821400091956,12816.461743968957,15865.460891638904,"[[15426, -1, -1], [15427, -1, -1], [15428, -1, -1], [15429, -1, -1], [15430, -1, -1], [15431, -1, -1], [15432, -1, -1], [15433, -1, -1], [15434, -1, -1], [15435, -1, -1], [15436, -1, -1]]"
1752927316.5858,190.00009107589722,12805.821286068101,12805.821395950896,12816.461743968957,15865.460891638904,"[[15437, -1, -1], [15438, -1, -1], [15439, -1, -1], [15440, -1, -1], [15441, -1, -1], [15442, -1, -1], [15443, -1, -1], [15444, -1, -1], [15445, -1, -1], [15446, -1, -1], [15447, -1, -1]]"
1752927316.6948,192.00009512901306,12805.82127955967,12805.821395950896,12816.461743658285,15865.460891638904,"[[15448, -1, -1], [15449, -1, -1], [15450, -1, -1], [15451, -1, -1], [15452, -1, -1], [15453, -1, -1], [15454, -1, -1], [15455, -1, -1], [15456, -1, -1], [15457, -1, -1], [15458, -1, -1]]"
1752927316.8048,194.0000991821289,12805.82127955967,12805.821389044995,12816.461743658285,15865.460891638904,"[[15459, -1, -1], [15460, -1, -1], [15461, -1, -1], [15462, -1, -1], [15463, -1, -1], [15464, -1, -1], [15465, -1, -1], [15466, -1, -1], [15467, -1, -1], [15468, -1, -1], [15469, -1, -1]]"
