time,Voltage,InjSeeded,Matisse,Diode,OPO,data
1752865829.911,-152.00000596046448,12805.821132236233,12805.82141857684,12816.46168675238,15865.460891638904,"[[14, -1, -1], [15, -1, -1], [16, -1, -1], [17, -1, -1], [18, -1, -1], [19, -1, -1], [20, -1, -1], [21, -1, -1], [22, -1, -1], [23, -1, -1]]"
1752865830.021,-150.00000190734863,12805.821147429138,12805.821399539722,12816.46168675238,15865.460891638904,"[[25, -1, -1], [26, -1, -1], [27, -1, -1], [28, 1, 11431], [28, 1, 11508], [28, 1, 11630], [28, -1, -1], [29, -1, -1], [30, -1, -1], [31, -1, -1], [32, -1, -1], [33, -1, -1], [34, -1, -1]]"
1752865830.131,-147.9999978542328,12805.821147429138,12805.821412512863,12816.461683660076,15865.460891638904,"[[36, -1, -1], [37, -1, -1], [38, -1, -1], [39, -1, -1], [40, -1, -1], [41, -1, -1], [42, -1, -1], [43, -1, -1], [44, -1, -1], [45, -1, -1]]"
1752865830.2415,-145.99999380111694,12805.821133652344,12805.821412512863,12816.461683660076,15865.460891638904,"[[47, -1, -1], [48, -1, -1], [49, -1, -1], [50, -1, -1], [51, -1, -1], [52, 1, 9720], [52, 1, 9924], [52, -1, -1], [53, -1, -1], [54, -1, -1], [55, -1, -1], [56, -1, -1], [57, -1, -1]]"
1752865830.351,-143.9999897480011,12805.821133652344,12805.821404705648,12816.461692316878,15865.460891638904,"[[58, -1, -1], [59, -1, -1], [60, -1, -1], [61, -1, -1], [62, -1, -1], [63, -1, -1], [64, -1, -1], [65, -1, -1], [66, -1, -1], [67, -1, -1]]"
1752865830.461,-141.99998569488525,12805.82111214463,12805.821404705648,12816.46168415232,15865.460891638904,"[[69, -1, -1], [70, -1, -1], [71, -1, -1], [72, -1, -1], [73, -1, -1], [74, -1, -1], [75, -1, -1], [76, -1, -1], [77, -1, -1], [78, -1, -1]]"
1752865830.571,-139.9999816417694,12805.82111214463,12805.821395668978,12816.46168415232,15865.460891638904,"[[80, -1, -1], [81, -1, -1], [82, -1, -1], [83, -1, -1], [84, -1, -1], [85, -1, -1], [86, -1, -1], [87, -1, -1], [88, -1, -1], [89, -1, -1]]"
1752865830.681,-137.99997758865356,12805.821068544672,12805.821395668978,12816.461679634893,15865.460891638904,"[[91, -1, -1], [92, -1, -1], [93, 1, 11834], [93, 1, 12037], [93, -1, -1], [94, -1, -1], [95, -1, -1], [96, -1, -1], [97, -1, -1], [98, -1, -1], [99, -1, -1], [100, -1, -1]]"
1752865830.791,-135.99997353553772,12805.821068544672,12805.82139728122,12816.461679634893,15865.460891638904,"[[102, -1, -1], [103, -1, -1], [104, -1, -1], [105, -1, -1], [106, -1, -1], [107, -1, -1], [108, -1, -1], [109, 1, 9962], [109, 1, 10162], [109, -1, -1], [110, -1, -1], [111, -1, -1]]"
1752865830.901,-133.99996948242188,12805.821103565431,12805.82139728122,12816.461688851865,15865.460891638904,"[[113, -1, -1], [114, -1, -1], [115, -1, -1], [116, 1, 12241], [116, 1, 12424], [116, -1, -1], [117, -1, -1], [118, -1, -1], [119, -1, -1], [120, -1, -1], [121, -1, -1], [122, -1, -1]]"
1752865831.011,-131.99996542930603,12805.821103565431,12805.821395673058,12816.461688851865,15865.460891638904,"[[124, -1, -1], [125, -1, -1], [126, -1, -1], [127, -1, -1], [128, -1, -1], [129, -1, -1], [130, -1, -1], [131, -1, -1], [132, -1, -1], [133, -1, -1]]"
1752865831.1225,-129.99996137619019,12805.821127369843,12805.821395673058,12816.46167920072,15865.460891638904,"[[135, -1, -1], [136, -1, -1], [137, -1, -1], [138, -1, -1], [139, -1, -1], [140, -1, -1], [141, -1, -1], [142, -1, -1], [143, -1, -1], [144, -1, -1], [145, -1, -1]]"
1752865831.2335,-127.99995732307434,12805.821178169588,12805.821402170644,12816.46167920072,15865.460891638904,"[[146, -1, -1], [147, -1, -1], [148, -1, -1], [149, -1, -1], [150, -1, -1], [151, -1, -1], [152, -1, -1], [153, -1, -1], [154, -1, -1], [155, -1, -1], [156, -1, -1]]"
1752865831.6535,-125.9999607205391,12805.821079862788,12805.82139200193,12816.461681779361,15865.460891638904,"[[157, -1, -1], [158, -1, -1], [159, -1, -1], [160, -1, -1], [161, 1, 10631], [161, 1, 10835], [161, -1, -1], [162, -1, -1], [163, -1, -1], [164, -1, -1], [165, -1, -1], [166, -1, -1], [167, -1, -1], [168, -1, -1], [169, -1, -1], [170, -1, -1], [171, -1, -1], [172, -1, -1], [173, -1, -1], [174, -1, -1], [175, -1, -1], [176, -1, -1], [177, -1, -1], [178, -1, -1], [179, -1, -1], [180, -1, -1], [181, -1, -1], [182, 1, 93163], [182, -1, -1], [183, -1, -1], [184, -1, -1], [185, -1, -1], [186, -1, -1], [187, 1, 10783], [187, 1, 10986], [187, 1, 11226], [187, -1, -1], [188, -1, -1], [189, -1, -1], [190, -1, -1], [191, -1, -1], [192, -1, -1], [193, -1, -1], [194, 1, 13119], [194, 1, 13323], [194, -1, -1], [195, -1, -1], [196, -1, -1], [197, -1, -1], [198, -1, -1]]"
1752865831.7635,-123.99996411800385,12805.821079862788,12805.82139200193,12816.461680497983,15865.460891638904,"[[199, 1, 10496], [199, 1, 10562], [199, 1, 10698], [199, 1, 10751], [199, -1, -1], [200, -1, -1], [201, -1, -1], [202, -1, -1], [203, -1, -1], [204, -1, -1], [205, -1, -1], [206, -1, -1], [207, -1, -1], [208, -1, -1], [209, -1, -1]]"
1752865831.8725,-121.9999675154686,12805.821072889943,12805.82138088668,12816.461680497983,15865.460891638904,"[[210, -1, -1], [211, -1, -1], [212, -1, -1], [213, -1, -1], [214, -1, -1], [215, -1, -1], [216, -1, -1], [217, -1, -1], [218, -1, -1], [219, -1, -1], [220, -1, -1]]"
1752865831.9835,-119.99997091293335,12805.821072889943,12805.821388029899,12816.461683868449,15865.460891638904,"[[221, -1, -1], [222, -1, -1], [223, -1, -1], [224, -1, -1], [225, -1, -1], [226, -1, -1], [227, -1, -1], [228, -1, -1], [229, -1, -1], [230, -1, -1], [231, -1, -1]]"
1752865832.0935,-117.9999743103981,12805.821101781463,12805.821388029899,12816.461683868449,15865.460891638904,"[[232, -1, -1], [233, -1, -1], [234, -1, -1], [235, -1, -1], [236, 1, 12055], [236, 1, 12258], [236, -1, -1], [237, -1, -1], [238, -1, -1], [239, -1, -1], [240, -1, -1], [241, -1, -1], [242, -1, -1]]"
1752865832.2045,-115.99997770786285,12805.821101781463,12805.821387764312,12816.461682752562,15865.460891638904,"[[243, -1, -1], [244, -1, -1], [245, -1, -1], [246, -1, -1], [247, -1, -1], [248, -1, -1], [249, -1, -1], [250, -1, -1], [251, -1, -1], [252, -1, -1], [253, -1, -1]]"
1752865832.3155,-113.9999811053276,12805.821123313412,12805.821387764312,12816.461682752562,15865.460891638904,"[[254, -1, -1], [255, -1, -1], [256, -1, -1], [257, -1, -1], [258, -1, -1], [259, -1, -1], [260, -1, -1], [261, -1, -1], [262, -1, -1], [263, -1, -1], [264, -1, -1]]"
1752865832.4256,-111.99998450279236,12805.821123313412,12805.821387076994,12816.461679094122,15865.460891638904,"[[265, -1, -1], [266, -1, -1], [267, -1, -1], [268, -1, -1], [269, -1, -1], [270, -1, -1], [271, -1, -1], [272, -1, -1], [273, -1, -1], [274, -1, -1], [275, -1, -1]]"
1752865832.5356,-109.99998790025711,12805.821109295995,12805.821387076994,12816.461679094122,15865.460891638904,"[[276, -1, -1], [277, -1, -1], [278, -1, -1], [279, -1, -1], [280, -1, -1], [281, -1, -1], [282, -1, -1], [283, -1, -1], [284, -1, -1], [285, -1, -1], [286, -1, -1]]"
1752865832.6455,-107.99999129772186,12805.821109295995,12805.821389384198,12816.461676129347,15865.460891638904,"[[287, -1, -1], [288, -1, -1], [289, -1, -1], [290, -1, -1], [291, -1, -1], [292, -1, -1], [293, -1, -1], [294, -1, -1], [295, -1, -1], [296, -1, -1], [297, -1, -1]]"
1752865832.7565,-105.99999469518661,12805.821051205014,12805.821389384198,12816.461676129347,15865.460891638904,"[[298, -1, -1], [299, -1, -1], [300, -1, -1], [301, -1, -1], [302, -1, -1], [303, -1, -1], [304, -1, -1], [305, 1, 12372], [305, 1, 12412], [305, 1, 12606], [305, -1, -1], [306, -1, -1], [307, -1, -1], [308, -1, -1]]"
1752865832.8665,-103.99999809265137,12805.821051205014,12805.821386191952,12816.461683300224,15865.460891638904,"[[309, -1, -1], [310, -1, -1], [311, -1, -1], [312, -1, -1], [313, -1, -1], [314, -1, -1], [315, -1, -1], [316, -1, -1], [317, -1, -1], [318, -1, -1], [319, -1, -1]]"
1752865832.9765,-102.00000149011612,12805.821045966848,12805.821386191952,12816.461683300224,15865.460891638904,"[[320, -1, -1], [321, -1, -1], [322, -1, -1], [323, 1, 9791], [323, 1, 9828], [323, 1, 10021], [323, -1, -1], [324, -1, -1], [325, -1, -1], [326, -1, -1], [327, -1, -1], [328, -1, -1], [329, -1, -1], [330, -1, -1]]"
1752865833.0865,-100.00000488758087,12805.821045966848,12805.821384078055,12816.461679824552,15865.460891638904,"[[331, -1, -1], [332, -1, -1], [333, -1, -1], [334, -1, -1], [335, -1, -1], [336, -1, -1], [337, -1, -1], [338, -1, -1], [339, -1, -1], [340, -1, -1], [341, -1, -1]]"
1752865833.1972,-98.00000828504562,12805.821095248037,12805.821384078055,12816.461679824552,15865.460891638904,"[[342, -1, -1], [343, -1, -1], [344, -1, -1], [345, -1, -1], [346, -1, -1], [347, -1, -1], [348, -1, -1], [349, -1, -1], [350, -1, -1], [351, 1, 10639], [351, 1, 10839], [351, 1, 11123], [351, -1, -1], [352, -1, -1]]"
1752865833.3065,-96.00001168251038,12805.821095248037,12805.821370889844,12816.461682588746,15865.460891638904,"[[353, -1, -1], [354, -1, -1], [355, -1, -1], [356, -1, -1], [357, -1, -1], [358, -1, -1], [359, -1, -1], [360, -1, -1], [361, -1, -1], [362, -1, -1], [363, -1, -1]]"
1752865833.4165,-94.00001507997513,12805.821137868046,12805.821370889844,12816.461682588746,15865.460891638904,"[[364, -1, -1], [365, -1, -1], [366, -1, -1], [367, -1, -1], [368, -1, -1], [369, -1, -1], [370, -1, -1], [371, -1, -1], [372, -1, -1], [373, -1, -1], [374, -1, -1]]"
1752865833.5255,-92.00001847743988,12805.821137868046,12805.821381354894,12816.461689243068,15865.460891638904,"[[375, -1, -1], [376, -1, -1], [377, -1, -1], [378, -1, -1], [379, -1, -1], [380, -1, -1], [381, -1, -1], [382, -1, -1], [383, -1, -1], [384, -1, -1], [385, -1, -1]]"
1752865833.6355,-90.00002187490463,12805.821115554332,12805.821381354894,12816.461680479522,15865.460891638904,"[[386, -1, -1], [387, 1, 11362], [387, 1, 11562], [387, -1, -1], [388, -1, -1], [389, -1, -1], [390, -1, -1], [391, -1, -1], [392, -1, -1], [393, -1, -1], [394, -1, -1], [395, 1, 12517], [395, 1, 12720], [395, -1, -1], [396, -1, -1]]"
1752865833.7465,-88.00002527236938,12805.821115554332,12805.821379139,12816.461680479522,15865.460891638904,"[[397, -1, -1], [398, -1, -1], [399, -1, -1], [400, -1, -1], [401, -1, -1], [402, -1, -1], [403, -1, -1], [404, -1, -1], [405, -1, -1], [406, -1, -1], [407, -1, -1]]"
1752865833.8565,-86.00002866983414,12805.821016988444,12805.821379139,12816.461683379948,15865.460891638904,"[[408, -1, -1], [409, -1, -1], [410, -1, -1], [411, -1, -1], [412, -1, -1], [413, -1, -1], [414, -1, -1], [415, -1, -1], [416, -1, -1], [417, -1, -1], [418, -1, -1]]"
1752865833.9655,-84.00003206729889,12805.821016988444,12805.821373349674,12816.461683379948,15865.460891638904,"[[419, -1, -1], [420, -1, -1], [421, -1, -1], [422, 1, 9782], [422, 1, 9816], [422, 1, 10012], [422, -1, -1], [423, -1, -1], [424, -1, -1], [425, -1, -1], [426, -1, -1], [427, -1, -1], [428, -1, -1], [429, -1, -1]]"
1752865834.0765,-82.00003546476364,12805.82103191994,12805.821373349674,12816.461678272808,15865.460891638904,"[[430, -1, -1], [431, -1, -1], [432, -1, -1], [433, -1, -1], [434, -1, -1], [435, -1, -1], [436, 1, 248642], [436, 1, 248851], [436, -1, -1], [437, -1, -1], [438, -1, -1], [439, -1, -1], [440, -1, -1]]"
1752865834.1855,-80.0000388622284,12805.821065431292,12805.821374225196,12816.461678272808,15865.460891638904,"[[441, -1, -1], [442, -1, -1], [443, -1, -1], [444, -1, -1], [445, -1, -1], [446, -1, -1], [447, -1, -1], [448, -1, -1], [449, -1, -1], [450, 1, 12376], [450, -1, -1], [451, 1, 70108], [451, -1, -1]]"
1752865834.2955,-78.00004225969315,12805.821065431292,12805.821374225196,12816.46167666036,15865.460891638904,"[[452, 1, 13619], [452, 1, 13650], [452, 1, 13850], [452, -1, -1], [453, -1, -1], [454, 1, 13513], [454, 1, 13697], [454, 1, 13835], [454, -1, -1], [455, -1, -1], [456, -1, -1], [457, -1, -1], [458, 1, 12611], [458, -1, -1], [459, -1, -1], [460, -1, -1], [461, -1, -1], [462, -1, -1]]"
1752865834.4046,-76.0000456571579,12805.821089876752,12805.821369756151,12816.46167666036,15865.460891638904,"[[463, -1, -1], [464, -1, -1], [465, -1, -1], [466, -1, -1], [467, -1, -1], [468, -1, -1], [469, -1, -1], [470, -1, -1], [471, -1, -1], [472, -1, -1], [473, -1, -1]]"
1752865834.5135,-74.00004905462265,12805.821089876752,12805.821369756151,12816.461682157775,15865.460891638904,"[[474, -1, -1], [475, -1, -1], [476, -1, -1], [477, -1, -1], [478, -1, -1], [479, -1, -1], [480, -1, -1], [481, -1, -1], [482, -1, -1], [483, -1, -1], [484, -1, -1]]"
1752865834.6235,-72.0000524520874,12805.82113416482,12805.821356028198,12816.461682157775,15865.460891638904,"[[485, -1, -1], [486, -1, -1], [487, -1, -1], [488, -1, -1], [489, -1, -1], [490, -1, -1], [491, -1, -1], [492, -1, -1], [493, -1, -1], [494, -1, -1], [495, -1, -1]]"
1752865834.7345,-70.00005584955215,12805.82113416482,12805.821355649157,12816.46168090669,15865.460891638904,"[[496, -1, -1], [497, -1, -1], [498, -1, -1], [499, -1, -1], [500, 1, 10944], [500, 1, 11142], [500, -1, -1], [501, -1, -1], [502, -1, -1], [503, -1, -1], [504, -1, -1], [505, -1, -1], [506, -1, -1]]"
1752865834.8435,-68.0000592470169,12805.821060284974,12805.821355649157,12816.46168090669,15865.460891638904,"[[507, -1, -1], [508, -1, -1], [509, -1, -1], [510, -1, -1], [511, -1, -1], [512, -1, -1], [513, -1, -1], [514, -1, -1], [515, -1, -1], [516, -1, -1], [517, -1, -1]]"
1752865834.9545,-66.00006264448166,12805.821060284974,12805.821355649157,12816.461681428169,15865.460891638904,"[[518, -1, -1], [519, 1, 9451], [519, 1, 9486], [519, 1, 9681], [519, -1, -1], [520, -1, -1], [521, -1, -1], [522, -1, -1], [523, -1, -1], [524, -1, -1], [525, -1, -1], [526, -1, -1], [527, -1, -1], [528, -1, -1]]"
1752865835.0635,-64.00006231665611,12805.82102624487,12805.821355583868,12816.461681428169,15865.460891638904,"[[529, -1, -1], [530, -1, -1], [531, -1, -1], [532, -1, -1], [533, -1, -1], [534, -1, -1], [535, -1, -1], [536, -1, -1], [537, -1, -1], [538, -1, -1], [539, 1, 13205], [539, 1, 13232], [539, 1, 13436], [539, 1, 13660], [539, 1, 13848], [539, -1, -1]]"
1752865835.1735,-62.000061988830566,12805.82102624487,12805.821355583868,12816.461676729536,15865.460891638904,"[[540, -1, -1], [541, -1, -1], [542, 1, 242407], [542, 1, 242592], [542, -1, -1], [543, -1, -1], [544, -1, -1], [545, -1, -1], [546, -1, -1], [547, 1, 12680], [547, 1, 12718], [547, 1, 12910], [547, -1, -1], [548, -1, -1], [549, -1, -1], [550, -1, -1]]"
1752865835.2845,-60.00006166100502,12805.821064246975,12805.82135415662,12816.461676729536,15865.460891638904,"[[551, -1, -1], [552, -1, -1], [553, -1, -1], [554, -1, -1], [555, -1, -1], [556, -1, -1], [557, -1, -1], [558, -1, -1], [559, -1, -1], [560, -1, -1], [561, -1, -1]]"
1752865835.3935,-58.000061333179474,12805.821064246975,12805.821359725398,12816.461686633358,15865.460891638904,"[[562, -1, -1], [563, -1, -1], [564, -1, -1], [565, -1, -1], [566, -1, -1], [567, -1, -1], [568, -1, -1], [569, -1, -1], [570, -1, -1], [571, -1, -1], [572, -1, -1]]"
1752865835.5035,-56.00006100535393,12805.821098204791,12805.821359725398,12816.461686633358,15865.460891638904,"[[573, -1, -1], [574, -1, -1], [575, -1, -1], [576, -1, -1], [577, -1, -1], [578, 1, 9919], [578, 1, 10119], [578, -1, -1], [579, -1, -1], [580, -1, -1], [581, -1, -1], [582, -1, -1], [583, -1, -1]]"
1752865835.6135,-54.00006067752838,12805.821098204791,12805.82136162484,12816.461685491606,15865.460891638904,"[[584, -1, -1], [585, -1, -1], [586, -1, -1], [587, -1, -1], [588, -1, -1], [589, -1, -1], [590, -1, -1], [591, -1, -1], [592, -1, -1], [593, -1, -1], [594, -1, -1]]"
1752865835.7225,-52.000060349702835,12805.821133947937,12805.82136162484,12816.461685491606,15865.460891638904,"[[595, -1, -1], [596, -1, -1], [597, -1, -1], [598, 1, 10126], [598, 1, 10325], [598, -1, -1], [599, -1, -1], [600, -1, -1], [601, -1, -1], [602, -1, -1], [603, -1, -1], [604, -1, -1], [605, 1, 201775], [605, 1, 201974], [605, -1, -1]]"
1752865835.8335,-50.00006002187729,12805.821133947937,12805.821352276818,12816.461684421378,15865.460891638904,"[[606, -1, -1], [607, -1, -1], [608, -1, -1], [609, -1, -1], [610, -1, -1], [611, -1, -1], [612, -1, -1], [613, -1, -1], [614, 1, 10186], [614, 1, 10228], [614, 1, 10418], [614, -1, -1], [615, -1, -1], [616, -1, -1]]"
1752865835.9425,-48.00005969405174,12805.821070470343,12805.821352276818,12816.461684421378,15865.460891638904,"[[617, -1, -1], [618, -1, -1], [619, -1, -1], [620, -1, -1], [621, -1, -1], [622, 1, 12962], [622, 1, 13161], [622, -1, -1], [623, -1, -1], [624, -1, -1], [625, -1, -1], [626, -1, -1], [627, -1, -1]]"
1752865836.0525,-46.000059366226196,12805.821070470343,12805.821359287573,12816.461682871899,15865.460891638904,"[[628, -1, -1], [629, -1, -1], [630, -1, -1], [631, -1, -1], [632, -1, -1], [633, -1, -1], [634, 1, 11215], [634, 1, 11400], [634, 1, 11675], [634, -1, -1], [635, -1, -1], [636, -1, -1], [637, -1, -1], [638, -1, -1]]"
1752865836.1615,-44.00005903840065,12805.82102402651,12805.821359287573,12816.461682871899,15865.460891638904,"[[639, -1, -1], [640, -1, -1], [641, -1, -1], [642, -1, -1], [643, -1, -1], [644, 1, 10396], [644, 1, 10599], [644, 1, 10875], [644, -1, -1], [645, -1, -1], [646, -1, -1], [647, 1, 11479], [647, 1, 11510], [647, 1, 11710], [647, -1, -1], [648, -1, -1], [649, -1, -1]]"
1752865836.2715,-42.000058710575104,12805.82102402651,12805.821384367164,12816.461684211108,15865.460891638904,"[[650, -1, -1], [651, -1, -1], [652, -1, -1], [653, -1, -1], [654, -1, -1], [655, -1, -1], [656, 1, 11509], [656, 1, 11697], [656, 1, 11908], [656, 1, 12116], [656, -1, -1], [657, -1, -1], [658, -1, -1], [659, 1, 10036], [659, 1, 10235], [659, 1, 10733], [659, 1, 10932], [659, 1, 12038], [659, 1, 12083], [659, 1, 12273], [659, -1, -1], [660, -1, -1]]"
1752865836.381,-40.00005838274956,12805.821066882883,12805.821384367164,12816.461684211108,15865.460891638904,"[[661, -1, -1], [662, 1, 11820], [662, 1, 12005], [662, -1, -1], [663, 1, 11736], [663, 1, 11923], [663, -1, -1], [664, -1, -1], [665, -1, -1], [666, 1, 11444], [666, 1, 11631], [666, -1, -1], [667, 1, 10450], [667, 1, 10484], [667, 1, 10679], [667, -1, -1], [668, -1, -1], [669, -1, -1], [670, -1, -1]]"
1752865836.49,-38.00005805492401,12805.821066882883,12805.821384367164,12816.461693314814,15865.460891638904,"[[672, 1, 63292], [672, -1, -1], [673, -1, -1], [674, 1, 10633], [674, 1, 10836], [674, -1, -1], [675, -1, -1], [676, -1, -1], [677, -1, -1], [678, -1, -1], [679, -1, -1], [680, -1, -1], [681, -1, -1]]"
1752865836.5991,-36.000057727098465,12805.821164256404,12805.821388209606,12816.461693314814,15865.460891638904,"[[683, -1, -1], [684, 1, 11382], [684, 1, 11585], [684, -1, -1], [685, -1, -1], [686, 1, 10174], [686, 1, 10382], [686, -1, -1], [687, -1, -1], [688, 1, 10890], [688, 1, 11093], [688, -1, -1], [689, -1, -1], [690, -1, -1], [691, -1, -1], [692, -1, -1]]"
1752865836.7085,-34.00005739927292,12805.821164256404,12805.8213887312,12816.461684107646,15865.460891638904,"[[693, -1, -1], [694, -1, -1], [695, -1, -1], [696, -1, -1], [697, -1, -1], [698, -1, -1], [699, -1, -1], [700, -1, -1], [701, 1, 11243], [701, 1, 11442], [701, -1, -1], [702, -1, -1], [703, -1, -1]]"
1752865836.8185,-32.00005707144737,12805.821167667658,12805.8213887312,12816.461684107646,15865.460891638904,"[[704, -1, -1], [705, -1, -1], [706, -1, -1], [707, -1, -1], [708, -1, -1], [709, -1, -1], [710, -1, -1], [711, -1, -1], [712, -1, -1], [713, -1, -1], [714, -1, -1]]"
1752865836.9275,-30.000056743621826,12805.821167667658,12805.821390044213,12816.461678354899,15865.460891638904,"[[715, -1, -1], [716, -1, -1], [717, -1, -1], [718, -1, -1], [719, 1, 11279], [719, 1, 11464], [719, -1, -1], [720, -1, -1], [721, -1, -1], [722, -1, -1], [723, -1, -1], [724, -1, -1], [725, -1, -1]]"
1752865837.0375,-28.00005641579628,12805.821096804908,12805.821390044213,12816.461684223965,15865.460891638904,"[[726, 1, 10857], [726, 1, 11057], [726, -1, -1], [727, -1, -1], [728, -1, -1], [729, -1, -1], [730, -1, -1], [731, -1, -1], [732, -1, -1], [733, 1, 9982], [733, 1, 10185], [733, -1, -1], [734, -1, -1], [735, -1, -1], [736, -1, -1]]"
1752865837.1465,-26.000056087970734,12805.821096804908,12805.82139277077,12816.461684223965,15865.460891638904,"[[737, -1, -1], [738, -1, -1], [739, -1, -1], [740, -1, -1], [741, -1, -1], [742, -1, -1], [743, -1, -1], [744, -1, -1], [745, -1, -1], [746, -1, -1], [747, -1, -1]]"
1752865837.2565,-24.000055760145187,12805.8210545824,12805.82139277077,12816.461682799612,15865.460891638904,"[[748, 1, 11043], [748, 1, 11229], [748, 1, 11387], [748, -1, -1], [749, 1, 10488], [749, 1, 10529], [749, 1, 10720], [749, -1, -1], [750, 1, 13123], [750, 1, 13165], [750, 1, 13357], [750, 1, 13537], [750, 1, 13584], [750, 1, 14545], [750, -1, -1], [751, -1, -1], [752, 1, 10228], [752, 1, 10416], [752, -1, -1], [753, 1, 10776], [753, 1, 10975], [753, -1, -1], [754, -1, -1], [755, -1, -1], [756, -1, -1], [757, -1, -1], [758, -1, -1]]"
1752865837.3665,-22.00005543231964,12805.8210545824,12805.821392844678,12816.461682799612,15865.460891638904,"[[759, -1, -1], [760, -1, -1], [761, -1, -1], [762, -1, -1], [763, 1, 9957], [763, 1, 10156], [763, -1, -1], [764, 1, 10443], [764, 1, 10642], [764, -1, -1], [765, -1, -1], [766, -1, -1], [767, -1, -1], [768, -1, -1], [769, -1, -1]]"
1752865837.4755,-20.000055104494095,12805.821067464849,12805.821392844678,12816.46168427609,15865.460891638904,"[[770, 1, 12377], [770, 1, 12409], [770, 1, 12457], [770, 1, 12608], [770, -1, -1], [771, 1, 10946], [771, 1, 11149], [771, 1, 13459], [771, 1, 13485], [771, 1, 13689], [771, -1, -1], [772, -1, -1], [773, -1, -1], [774, -1, -1], [775, -1, -1], [776, -1, -1], [777, -1, -1], [778, -1, -1], [779, 1, 9469], [779, 1, 9668], [779, -1, -1], [780, -1, -1]]"
1752865837.5845,-18.00005477666855,12805.821067464849,12805.821383316345,12816.46168427609,15865.460891638904,"[[781, 1, 12023], [781, 1, 12207], [781, -1, -1], [782, -1, -1], [783, 1, 9628], [783, 1, 9831], [783, -1, -1], [784, -1, -1], [785, 1, 11314], [785, 1, 11513], [785, -1, -1], [786, -1, -1], [787, 1, 12161], [787, 1, 12345], [787, -1, -1], [788, -1, -1], [789, 1, 10268], [789, 1, 10467], [789, 1, 11410], [789, 1, 11580], [789, 1, 11898], [789, -1, -1], [790, 1, 5058], [790, 1, 5262], [790, -1, -1], [791, 1, 10817], [791, 1, 10990], [791, -1, -1]]"
1752865837.6945,-16.000054448843002,12805.821101499487,12805.821383316345,12816.46167923014,15865.460891638904,"[[792, 1, 9707], [792, 1, 9906], [792, -1, -1], [793, -1, -1], [794, 1, 9208], [794, 1, 9407], [794, 1, 9794], [794, -1, -1], [795, -1, -1], [796, -1, -1], [797, -1, -1], [798, 1, 12322], [798, 1, 12357], [798, 1, 12553], [798, -1, -1], [799, -1, -1], [800, -1, -1], [801, -1, -1], [802, -1, -1]]"
1752865837.8055,-14.000054121017456,12805.821101499487,12805.821383986591,12816.46167923014,15865.460891638904,"[[803, -1, -1], [804, -1, -1], [805, 1, 9760], [805, 1, 9959], [805, 1, 10713], [805, 1, 10897], [805, 1, 10967], [805, 1, 11176], [805, 1, 11582], [805, -1, -1], [806, -1, -1], [807, 1, 11551], [807, 1, 11735], [807, -1, -1], [808, -1, -1], [809, -1, -1], [810, 1, 9360], [810, 1, 9564], [810, 1, 9976], [810, -1, -1], [811, 1, 11258], [811, 1, 11472], [811, 1, 11671], [811, -1, -1], [812, -1, -1], [813, -1, -1]]"
1752865837.9145,-12.00005379319191,12805.821161887892,12805.821383986591,12816.461686343147,15865.460891638904,"[[814, 1, 9785], [814, -1, -1], [815, 1, 11840], [815, 1, 11878], [815, 1, 12070], [815, 1, 327969], [815, -1, -1], [816, 1, 10568], [816, 1, 10755], [816, -1, -1], [817, -1, -1], [818, -1, -1], [819, -1, -1], [820, -1, -1], [821, -1, -1], [822, 1, 11138], [822, 1, 11325], [822, -1, -1], [823, -1, -1], [824, 1, 10682], [824, 1, 10885], [824, 1, 11905], [824, 1, 11940], [824, 1, 12135], [824, -1, -1]]"
1752865838.0235,-10.000053465366364,12805.821161887892,12805.821384593073,12816.461686343147,15865.460891638904,"[[825, -1, -1], [826, -1, -1], [827, 1, 13019], [827, 1, 13055], [827, 1, 13248], [827, -1, -1], [828, 1, 10824], [828, 1, 11027], [828, 1, 12169], [828, 1, 12245], [828, 1, 12377], [828, 1, 12434], [828, -1, -1], [829, -1, -1], [830, 1, 11840], [830, 1, 12039], [830, -1, -1], [831, -1, -1], [832, -1, -1], [833, -1, -1], [834, 1, 12204], [834, 1, 12388], [834, -1, -1], [835, -1, -1]]"
1752865838.1325,-8.000053603202105,12805.821136663923,12805.821384593073,12816.461673688576,15865.460891638904,"[[836, 1, 11032], [836, 1, 11079], [836, 1, 11268], [836, 1, 11299], [836, 1, 11445], [836, 1, 11523], [836, 1, 11704], [836, 1, 12146], [836, -1, -1], [837, -1, -1], [838, 1, 11770], [838, 1, 11973], [838, 1, 12479], [838, 1, 12664], [838, 1, 12828], [838, -1, -1], [839, -1, -1], [840, -1, -1], [841, -1, -1], [842, -1, -1], [843, -1, -1], [844, 1, 10495], [844, 1, 10697], [844, -1, -1], [845, 1, 10725], [845, 1, 10928], [845, 1, 12616], [845, -1, -1], [846, -1, -1]]"
1752865838.2415,-6.000053741037846,12805.821136663923,12805.821387457312,12816.461673688576,15865.460891638904,"[[847, -1, -1], [848, 1, 10638], [848, 1, 10837], [848, -1, -1], [849, -1, -1], [850, -1, -1], [851, -1, -1], [852, 1, 10570], [852, 1, 10618], [852, 1, 10805], [852, 1, 11084], [852, -1, -1], [853, 1, 11537], [853, -1, -1], [854, -1, -1], [855, 1, 10822], [855, 1, 11006], [855, 1, 11123], [855, 1, 12438], [855, 1, 12472], [855, 1, 12668], [855, 1, 12862], [855, -1, -1], [856, 1, 14179], [856, 1, 14222], [856, 1, 14380], [856, 1, 14411], [856, 1, 14593], [856, -1, -1], [857, 1, 9487], [857, 1, 9522], [857, 1, 9718], [857, -1, -1]]"
1752865838.3525,-4.000053646042943,12805.82106766586,12805.821387457312,12816.46167970731,15865.460891638904,"[[858, -1, -1], [859, 1, 9718], [859, 1, 9905], [859, 1, 9985], [859, 1, 10170], [859, 1, 10331], [859, 1, 10519], [859, -1, -1], [860, 1, 9447], [860, 1, 9632], [860, -1, -1], [861, 1, 10467], [861, 1, 10666], [861, 1, 10848], [861, 1, 11378], [861, 1, 11550], [861, 1, 11583], [861, 1, 11836], [861, 1, 12454], [861, 1, 12699], [861, 1, 12955], [861, -1, -1], [862, 1, 6744], [862, 1, 6947], [862, -1, -1], [863, -1, -1], [864, 1, 8584], [864, 1, 8783], [864, 1, 10663], [864, 1, 10871], [864, 1, 13216], [864, 1, 13415], [864, -1, -1], [865, 1, 9768], [865, 1, 9959], [865, -1, -1], [866, -1, -1], [867, 1, 9492], [867, 1, 9692], [867, 1, 9927], [867, -1, -1], [868, 1, 13409], [868, -1, -1]]"
1752865838.461,-2.0000536460440514,12805.8210758205,12805.82139522476,12816.46167970731,15865.460891638904,"[[869, 1, 9393], [869, 1, 9563], [869, 1, 11441], [869, 1, 11475], [869, 1, 11671], [869, 1, 12038], [869, 1, 12223], [869, -1, -1], [870, 1, 9740], [870, 1, 9775], [870, 1, 9971], [870, 1, 11013], [870, 1, 11215], [870, 1, 11381], [870, 1, 11420], [870, 1, 11624], [870, -1, -1], [871, 1, 11384], [871, 1, 11421], [871, 1, 11614], [871, 1, 11954], [871, 1, 12142], [871, 1, 12584], [871, -1, -1], [872, -1, -1], [873, -1, -1], [874, 1, 10951], [874, 1, 10994], [874, 1, 11183], [874, 1, 11466], [874, 1, 14026], [874, 1, 14234], [874, -1, -1], [875, 1, 9314], [875, 1, 9499], [875, 1, 10116], [875, 1, 10300], [875, 1, 10393], [875, 1, 12302], [875, 1, 12510], [875, -1, -1], [876, 1, 10995], [876, 1, 11025], [876, 1, 11225], [876, 1, 11470], [876, 1, 11500], [876, 1, 11700], [876, 1, 12077], [876, 1, 12262], [876, 1, 12933], [876, 1, 13121], [876, -1, -1], [877, 1, 7925], [877, 1, 8155], [877, 1, 11874], [877, 1, 11909], [877, 1, 12077], [877, 1, 12126], [877, 1, 12322], [877, -1, -1], [878, 1, 10497], [878, 1, 10700], [878, 1, 11213], [878, 1, 11412], [878, -1, -1]]"
1752865838.571,-5.368888378147474e-05,12805.8210758205,12805.82139522476,12816.461683394169,15865.460891638904,"[[880, 1, 11188], [880, 1, 11391], [880, 1, 13303], [880, 1, 13511], [880, -1, -1], [881, 1, 11019], [881, 1, 11222], [881, 1, 11741], [881, 1, 11939], [881, 1, 12087], [881, 1, 12796], [881, 1, 12829], [881, 1, 13025], [881, -1, -1], [882, 1, 10818], [882, 1, 11002], [882, -1, -1], [883, 1, 10244], [883, 1, 10431], [883, 1, 10828], [883, 1, 11015], [883, 1, 11368], [883, 1, 12247], [883, 1, 12450], [883, -1, -1], [884, 1, 11043], [884, 1, 11242], [884, -1, -1], [885, 1, 9348], [885, 1, 9547], [885, 1, 9829], [885, -1, -1], [886, 1, 10677], [886, 1, 10711], [886, 1, 10907], [886, -1, -1], [887, 1, 10466], [887, 1, 10669], [887, 1, 11268], [887, 1, 11470], [887, -1, -1], [888, 1, 9687], [888, 1, 9886], [888, 1, 13161], [888, 1, 13345], [888, 1, 13526], [888, -1, -1], [889, 1, 9454], [889, 1, 9639], [889, 1, 9844], [889, 1, 10043], [889, -1, -1]]"
1752865838.681,1.9999461732804775,12805.821087467439,12805.821384150053,12816.461683394169,15865.460891638904,"[[891, -1, -1], [892, 1, 9579], [892, 1, 9765], [892, 1, 9973], [892, 1, 10172], [892, 1, 10559], [892, -1, -1], [893, -1, -1], [894, -1, -1], [895, 1, 9588], [895, 1, 9791], [895, 1, 10073], [895, -1, -1], [896, 1, 9453], [896, 1, 9510], [896, 1, 9702], [896, 1, 9826], [896, 1, 11759], [896, 1, 11961], [896, 1, 12528], [896, 1, 12730], [896, -1, -1], [897, 1, 10039], [897, 1, 10073], [897, 1, 10269], [897, 1, 10626], [897, -1, -1], [898, 1, 10090], [898, 1, 10289], [898, 1, 12896], [898, 1, 13105], [898, -1, -1], [899, 1, 12364], [899, -1, -1], [900, -1, -1]]"
1752865838.7925,3.9999460354447365,12805.821087467439,12805.821384150053,12816.461684092794,15865.460891638904,"[[902, 1, 11033], [902, 1, 11235], [902, 1, 11658], [902, 1, 11842], [902, -1, -1], [903, 1, 11286], [903, 1, 11335], [903, 1, 11521], [903, -1, -1], [904, 1, 11101], [904, 1, 11303], [904, 1, 11777], [904, 1, 11806], [904, 1, 12007], [904, 1, 12195], [904, 1, 12255], [904, 1, 12354], [904, 1, 12581], [904, -1, -1], [905, 1, 11179], [905, 1, 11382], [905, 1, 11814], [905, 1, 12021], [905, -1, -1], [906, 1, 11532], [906, 1, 11731], [906, 1, 11900], [906, -1, -1], [907, 1, 11165], [907, 1, 11352], [907, -1, -1], [908, 1, 10758], [908, 1, 10792], [908, 1, 10958], [908, 1, 10986], [908, 1, 11157], [908, 1, 11233], [908, 1, 11267], [908, 1, 11467], [908, 1, 12209], [908, 1, 12392], [908, -1, -1], [909, -1, -1], [910, 1, 10628], [910, 1, 10828], [910, 1, 10985], [910, 1, 11201], [910, 1, 11389], [910, -1, -1], [911, -1, -1], [912, 1, 11932], [912, 1, 11969], [912, 1, 12162], [912, -1, -1]]"
1752865838.9025,5.999946363270283,12805.821141051096,12805.821386333793,12816.461684092794,15865.460891638904,"[[913, -1, -1], [914, 1, 12132], [914, 1, 12167], [914, 1, 12362], [914, -1, -1], [915, -1, -1], [916, -1, -1], [917, 1, 10718], [917, 1, 10917], [917, -1, -1], [918, -1, -1], [919, 1, 10236], [919, 1, 10264], [919, 1, 10446], [919, -1, -1], [920, -1, -1], [921, 1, 10624], [921, 1, 10669], [921, 1, 10855], [921, 1, 11054], [921, -1, -1], [922, 1, 11744], [922, 1, 11935], [922, -1, -1], [923, -1, -1]]"
1752865839.0125,7.999946691095829,12805.821141051096,12805.821386333793,12816.461679875312,15865.460891638904,"[[924, -1, -1], [925, -1, -1], [926, 1, 11030], [926, 1, 11215], [926, -1, -1], [927, -1, -1], [928, -1, -1], [929, -1, -1], [930, 1, 9108], [930, 1, 9139], [930, 1, 9338], [930, 1, 9470], [930, 1, 9673], [930, 1, 9866], [930, -1, -1], [931, -1, -1], [932, 1, 11453], [932, 1, 11492], [932, 1, 11684], [932, 1, 12006], [932, 1, 12158], [932, 1, 12197], [932, 1, 12389], [932, 1, 12733], [932, 1, 12766], [932, -1, -1], [933, -1, -1], [934, 1, 10963], [934, 1, 11159], [934, 1, 11341], [934, 1, 11859], [934, 1, 12048], [934, -1, -1]]"
1752865839.1225,9.999947018921375,12805.821177001268,12805.82138775678,12816.461679875312,15865.460891638904,"[[935, 1, 12064], [935, 1, 12251], [935, -1, -1], [936, -1, -1], [937, 1, 11461], [937, 1, 11648], [937, 1, 11769], [937, -1, -1], [938, -1, -1], [939, 1, 10938], [939, 1, 10984], [939, 1, 11087], [939, 1, 11167], [939, 1, 11274], [939, 1, 11310], [939, 1, 11661], [939, 1, 11732], [939, 1, 11846], [939, 1, 11940], [939, 1, 12705], [939, -1, -1], [940, -1, -1], [941, 1, 8841], [941, 1, 9026], [941, -1, -1], [942, -1, -1], [943, 1, 11376], [943, 1, 11575], [943, -1, -1], [944, -1, -1], [945, 1, 11529], [945, 1, 11728], [945, -1, -1]]"
1752865839.2325,11.999947346746922,12805.821177001268,12805.82138775678,12816.461680330842,15865.460891638904,"[[946, -1, -1], [947, 1, 9980], [947, 1, 10179], [947, 1, 10353], [947, 1, 10559], [947, 1, 10951], [947, 1, 11135], [947, -1, -1], [948, -1, -1], [949, 1, 10991], [949, 1, 11162], [949, 1, 11190], [949, 1, 11373], [949, -1, -1], [950, -1, -1], [951, 1, 10337], [951, 1, 10536], [951, 1, 11416], [951, 1, 11619], [951, -1, -1], [952, 1, 10302], [952, -1, -1], [953, -1, -1], [954, -1, -1], [955, 1, 9986], [955, 1, 10184], [955, -1, -1], [956, -1, -1]]"
1752865839.3425,13.999946743249893,12805.821089322664,12805.821386728978,12816.461680330842,15865.460891638904,"[[957, -1, -1], [958, 1, 9946], [958, 1, 10145], [958, -1, -1], [959, 1, 11677], [959, 1, 11718], [959, 1, 11910], [959, 1, 12018], [959, -1, -1], [960, -1, -1], [961, -1, -1], [962, -1, -1], [963, 1, 12337], [963, 1, 12541], [963, -1, -1], [964, 1, 11853], [964, 1, 12041], [964, -1, -1], [965, -1, -1], [966, 1, 12265], [966, 1, 12303], [966, 1, 12495], [966, 1, 12953], [966, -1, -1], [967, -1, -1]]"
1752865839.4515,15.999947071075438,12805.821089322664,12805.821383839282,12816.46168375956,15865.460891638904,"[[968, 1, 11782], [968, 1, 11972], [968, 1, 12233], [968, 1, 12419], [968, -1, -1], [969, -1, -1], [970, -1, -1], [971, 1, 11931], [971, 1, 12134], [971, 1, 12418], [971, -1, -1], [972, 1, 11396], [972, 1, 11433], [972, 1, 11626], [972, -1, -1], [973, -1, -1], [974, -1, -1], [975, 1, 10918], [975, 1, 11118], [975, 1, 11428], [975, 1, 11614], [975, -1, -1], [976, -1, -1], [977, 1, 10510], [977, 1, 10695], [977, -1, -1], [978, 1, 11228], [978, 1, 11427], [978, -1, -1]]"
1752865839.5625,17.999947398900986,12805.821042444755,12805.821383839282,12816.46168375956,15865.460891638904,"[[979, -1, -1], [980, -1, -1], [981, 1, 12489], [981, 1, 12526], [981, 1, 12719], [981, -1, -1], [982, -1, -1], [983, -1, -1], [984, 1, 13358], [984, 1, 13392], [984, 1, 13589], [984, 1, 13721], [984, 1, 13833], [984, 1, 14033], [984, 1, 14428], [984, -1, -1], [985, -1, -1], [986, -1, -1], [987, -1, -1], [988, 1, 9954], [988, 1, 10138], [988, -1, -1], [989, -1, -1]]"
1752865839.6725,19.999947726726532,12805.821042444755,12805.821396625866,12816.461683783295,15865.460891638904,"[[990, -1, -1], [991, -1, -1], [992, -1, -1], [993, -1, -1], [994, -1, -1], [995, -1, -1], [996, -1, -1], [997, -1, -1], [998, -1, -1], [999, -1, -1], [1000, -1, -1]]"
1752865839.7835,21.99994805455208,12805.821090652662,12805.821396625866,12816.461683783295,15865.460891638904,"[[1001, -1, -1], [1002, -1, -1], [1003, -1, -1], [1004, -1, -1], [1005, -1, -1], [1006, -1, -1], [1007, -1, -1], [1008, -1, -1], [1009, -1, -1], [1010, -1, -1], [1011, -1, -1]]"
1752865839.8925,23.999948382377625,12805.821090652662,12805.821391365585,12816.46169004661,15865.460891638904,"[[1012, -1, -1], [1013, -1, -1], [1014, -1, -1], [1015, -1, -1], [1016, -1, -1], [1017, -1, -1], [1018, -1, -1], [1019, -1, -1], [1020, -1, -1], [1021, 1, 9138], [1021, 1, 9338], [1021, -1, -1], [1022, -1, -1]]"
1752865840.0025,25.99994871020317,12805.821167815999,12805.821391365585,12816.46169004661,15865.460891638904,"[[1023, -1, -1], [1024, -1, -1], [1025, -1, -1], [1026, -1, -1], [1027, -1, -1], [1028, -1, -1], [1029, -1, -1], [1030, -1, -1], [1031, -1, -1], [1032, -1, -1], [1033, -1, -1]]"
1752865840.1125,27.999949038028717,12805.821167815999,12805.821396284899,12816.461683590192,15865.460891638904,"[[1034, -1, -1], [1035, -1, -1], [1036, -1, -1], [1037, -1, -1], [1038, -1, -1], [1039, -1, -1], [1040, -1, -1], [1041, -1, -1], [1042, -1, -1], [1043, -1, -1], [1044, -1, -1]]"
1752865840.2221,29.999949365854263,12805.821188218411,12805.821396284899,12816.461683590192,15865.460891638904,"[[1045, -1, -1], [1046, -1, -1], [1047, -1, -1], [1048, -1, -1], [1049, -1, -1], [1050, 1, 9262], [1050, 1, 9444], [1050, -1, -1], [1051, -1, -1], [1052, -1, -1], [1053, -1, -1], [1054, -1, -1], [1055, -1, -1]]"
1752865840.3325,31.99994969367981,12805.821188218411,12805.821393366195,12816.461685297889,15865.460891638904,"[[1056, -1, -1], [1057, -1, -1], [1058, -1, -1], [1059, -1, -1], [1060, -1, -1], [1061, -1, -1], [1062, -1, -1], [1063, -1, -1], [1064, -1, -1], [1065, -1, -1], [1066, -1, -1]]"
1752865840.4415,33.999950021505356,12805.821115037754,12805.821393366195,12816.461681961919,15865.460891638904,"[[1067, -1, -1], [1068, -1, -1], [1069, -1, -1], [1070, -1, -1], [1071, -1, -1], [1072, -1, -1], [1073, -1, -1], [1074, -1, -1], [1075, -1, -1], [1076, -1, -1], [1077, -1, -1]]"
1752865840.551,35.9999503493309,12805.821115037754,12805.82139004028,12816.461681961919,15865.460891638904,"[[1078, 1, 11628], [1078, 1, 11815], [1078, -1, -1], [1079, -1, -1], [1080, -1, -1], [1081, -1, -1], [1082, -1, -1], [1083, -1, -1], [1084, -1, -1], [1085, -1, -1], [1086, -1, -1], [1087, -1, -1]]"
1752865840.661,37.99995067715645,12805.821078075776,12805.82139004028,12816.461687784233,15865.460891638904,"[[1089, -1, -1], [1090, -1, -1], [1091, -1, -1], [1092, -1, -1], [1093, -1, -1], [1094, -1, -1], [1095, 1, 12116], [1095, 1, 12301], [1095, -1, -1], [1096, 1, 11633], [1096, 1, 11832], [1096, -1, -1], [1097, -1, -1], [1098, -1, -1]]"
1752865840.7711,39.999951004981995,12805.821078075776,12805.821406493813,12816.461687784233,15865.460891638904,"[[1100, -1, -1], [1101, -1, -1], [1102, -1, -1], [1103, -1, -1], [1104, -1, -1], [1105, -1, -1], [1106, -1, -1], [1107, -1, -1], [1108, -1, -1], [1109, -1, -1]]"
1752865840.8815,41.99995133280754,12805.82107746977,12805.821406493813,12816.461687933894,15865.460891638904,"[[1111, -1, -1], [1112, -1, -1], [1113, -1, -1], [1114, -1, -1], [1115, -1, -1], [1116, -1, -1], [1117, -1, -1], [1118, -1, -1], [1119, -1, -1], [1120, -1, -1], [1121, -1, -1]]"
1752865840.9915,43.99995166063309,12805.82107746977,12805.821400354043,12816.461687933894,15865.460891638904,"[[1122, -1, -1], [1123, -1, -1], [1124, -1, -1], [1125, -1, -1], [1126, -1, -1], [1127, -1, -1], [1128, -1, -1], [1129, -1, -1], [1130, -1, -1], [1131, -1, -1], [1132, -1, -1]]"
1752865841.101,45.99995198845863,12805.821166645714,12805.821400354043,12816.461680656359,15865.460891638904,"[[1133, -1, -1], [1134, 1, 9927], [1134, -1, -1], [1135, -1, -1], [1136, -1, -1], [1137, -1, -1], [1138, -1, -1], [1139, -1, -1], [1140, -1, -1], [1141, -1, -1], [1142, -1, -1]]"
1752865841.211,47.99995231628418,12805.821166645714,12805.821398964343,12816.461680656359,15865.460891638904,"[[1144, -1, -1], [1145, -1, -1], [1146, -1, -1], [1147, -1, -1], [1148, -1, -1], [1149, -1, -1], [1150, -1, -1], [1151, -1, -1], [1152, -1, -1], [1153, -1, -1]]"
1752865841.3211,49.999952644109726,12805.82118374147,12805.821398964343,12816.4616785103,15865.460891638904,"[[1155, -1, -1], [1156, -1, -1], [1157, -1, -1], [1158, -1, -1], [1159, -1, -1], [1160, -1, -1], [1161, -1, -1], [1162, -1, -1], [1163, -1, -1], [1164, -1, -1]]"
1752865841.431,51.99995297193527,12805.821139200789,12805.821398959873,12816.4616785103,15865.460891638904,"[[1166, -1, -1], [1167, -1, -1], [1168, -1, -1], [1169, -1, -1], [1170, -1, -1], [1171, -1, -1], [1172, -1, -1], [1173, -1, -1], [1174, -1, -1], [1175, -1, -1]]"
1752865841.541,53.99995329976082,12805.821139200789,12805.821398959873,12816.46168869018,15865.460891638904,"[[1177, -1, -1], [1178, -1, -1], [1179, -1, -1], [1180, -1, -1], [1181, -1, -1], [1182, -1, -1], [1183, -1, -1], [1184, -1, -1], [1185, -1, -1], [1186, -1, -1]]"
1752865841.65,55.999953627586365,12805.821082749364,12805.82139804064,12816.46168869018,15865.460891638904,"[[1188, -1, -1], [1189, -1, -1], [1190, -1, -1], [1191, -1, -1], [1192, -1, -1], [1193, -1, -1], [1194, -1, -1], [1195, -1, -1], [1196, -1, -1], [1197, -1, -1]]"
1752865841.76,57.99995395541191,12805.821082749364,12805.82139804064,12816.461678072532,15865.460891638904,"[[1199, -1, -1], [1200, 1, 11084], [1200, 1, 11269], [1200, -1, -1], [1201, -1, -1], [1202, -1, -1], [1203, -1, -1], [1204, -1, -1], [1205, -1, -1], [1206, -1, -1], [1207, 1, 10592], [1207, 1, 10775], [1207, -1, -1], [1208, -1, -1]]"
1752865841.871,59.99995428323746,12805.821075139811,12805.821398008815,12816.461678072532,15865.460891638904,"[[1210, -1, -1], [1211, -1, -1], [1212, 1, 14991], [1212, 1, 15176], [1212, -1, -1], [1213, -1, -1], [1214, -1, -1], [1215, -1, -1], [1216, -1, -1], [1217, -1, -1], [1218, -1, -1], [1219, 1, 9865], [1219, 1, 10068], [1219, -1, -1]]"
1752865841.98,61.999950885772705,12805.821075139811,12805.821398008815,12816.461676341702,15865.460891638904,"[[1221, -1, -1], [1222, -1, -1], [1223, 1, 333377], [1223, 1, 333567], [1223, -1, -1], [1224, 1, 288747], [1224, 1, 288946], [1224, -1, -1], [1225, -1, -1], [1226, -1, -1], [1227, -1, -1], [1228, -1, -1], [1229, -1, -1], [1230, -1, -1]]"
1752865842.09,63.99994748830795,12805.821137090785,12805.821403679718,12816.461676341702,15865.460891638904,"[[1232, -1, -1], [1233, -1, -1], [1234, -1, -1], [1235, -1, -1], [1236, -1, -1], [1237, -1, -1], [1238, -1, -1], [1239, -1, -1], [1240, -1, -1], [1241, -1, -1]]"
1752865842.1995,65.9999440908432,12805.821137090785,12805.821402374388,12816.46167960911,15865.460891638904,"[[1243, -1, -1], [1244, -1, -1], [1245, -1, -1], [1246, -1, -1], [1247, -1, -1], [1248, -1, -1], [1249, -1, -1], [1250, -1, -1], [1251, -1, -1], [1252, -1, -1]]"
1752865842.3095,67.99994069337845,12805.821188026115,12805.821402374388,12816.46167960911,15865.460891638904,"[[1253, -1, -1], [1254, -1, -1], [1255, -1, -1], [1256, -1, -1], [1257, -1, -1], [1258, -1, -1], [1259, -1, -1], [1260, -1, -1], [1261, -1, -1], [1262, -1, -1], [1263, -1, -1]]"
1752865842.4195,69.9999372959137,12805.821188026115,12805.821406447638,12816.461683037862,15865.460891638904,"[[1264, -1, -1], [1265, -1, -1], [1266, -1, -1], [1267, -1, -1], [1268, -1, -1], [1269, -1, -1], [1270, -1, -1], [1271, -1, -1], [1272, -1, -1], [1273, -1, -1], [1274, -1, -1]]"
1752865842.5285,71.99993389844894,12805.82114715633,12805.821406447638,12816.461679268503,15865.460891638904,"[[1275, -1, -1], [1276, -1, -1], [1277, -1, -1], [1278, -1, -1], [1279, -1, -1], [1280, -1, -1], [1281, -1, -1], [1282, -1, -1], [1283, -1, -1], [1284, -1, -1], [1285, -1, -1]]"
1752865842.6375,73.99993050098419,12805.82114715633,12805.821401407433,12816.461679268503,15865.460891638904,"[[1286, -1, -1], [1287, -1, -1], [1288, -1, -1], [1289, -1, -1], [1290, -1, -1], [1291, -1, -1], [1292, -1, -1], [1293, -1, -1], [1294, -1, -1], [1295, -1, -1], [1296, -1, -1]]"
1752865842.7475,75.99992710351944,12805.821096556363,12805.821401407433,12816.461687947476,15865.460891638904,"[[1297, -1, -1], [1298, -1, -1], [1299, -1, -1], [1300, -1, -1], [1301, -1, -1], [1302, -1, -1], [1303, -1, -1], [1304, -1, -1], [1305, -1, -1], [1306, -1, -1], [1307, -1, -1]]"
1752865842.8585,77.99992370605469,12805.821111833584,12805.821405418452,12816.461687947476,15865.460891638904,"[[1308, -1, -1], [1309, -1, -1], [1310, -1, -1], [1311, -1, -1], [1312, -1, -1], [1313, -1, -1], [1314, -1, -1], [1315, -1, -1], [1316, -1, -1], [1317, 1, 11412], [1317, 1, 11439], [1317, 1, 11643], [1317, -1, -1], [1318, -1, -1]]"
1752865842.9685,79.99992030858994,12805.821111833584,12805.821405418452,12816.461681745179,15865.460891638904,"[[1319, -1, -1], [1320, -1, -1], [1321, -1, -1], [1322, -1, -1], [1323, -1, -1], [1324, -1, -1], [1325, 1, 11293], [1325, 1, 11477], [1325, 1, 11657], [1325, -1, -1], [1326, -1, -1], [1327, -1, -1], [1328, 1, 12726], [1328, 1, 12757], [1328, 1, 12956], [1328, -1, -1], [1329, -1, -1]]"
1752865843.0785,81.99991691112518,12805.821134709295,12805.821408924106,12816.461681745179,15865.460891638904,"[[1330, -1, -1], [1331, -1, -1], [1332, -1, -1], [1333, 1, 10614], [1333, 1, 10814], [1333, -1, -1], [1334, -1, -1], [1335, -1, -1], [1336, -1, -1], [1337, -1, -1], [1338, -1, -1], [1339, -1, -1], [1340, -1, -1]]"
1752865843.1875,83.99991351366043,12805.821134709295,12805.821408924106,12816.461679831471,15865.460891638904,"[[1341, -1, -1], [1342, -1, -1], [1343, -1, -1], [1344, -1, -1], [1345, -1, -1], [1346, -1, -1], [1347, -1, -1], [1348, -1, -1], [1349, -1, -1], [1350, -1, -1], [1351, -1, -1]]"
1752865843.2965,85.99991011619568,12805.821189686078,12805.821403017755,12816.461679831471,15865.460891638904,"[[1352, -1, -1], [1353, -1, -1], [1354, -1, -1], [1355, -1, -1], [1356, -1, -1], [1357, -1, -1], [1358, -1, -1], [1359, -1, -1], [1360, -1, -1], [1361, -1, -1], [1362, -1, -1]]"
1752865843.4075,87.99990671873093,12805.821189686078,12805.821403017755,12816.46168599175,15865.460891638904,"[[1363, -1, -1], [1364, -1, -1], [1365, -1, -1], [1366, -1, -1], [1367, -1, -1], [1368, -1, -1], [1369, -1, -1], [1370, -1, -1], [1371, -1, -1], [1372, -1, -1], [1373, -1, -1]]"
1752865843.5175,89.99990332126617,12805.821174571822,12805.821406899806,12816.46168599175,15865.460891638904,"[[1374, -1, -1], [1375, -1, -1], [1376, -1, -1], [1377, -1, -1], [1378, 1, 10218], [1378, 1, 10418], [1378, -1, -1], [1379, -1, -1], [1380, -1, -1], [1381, -1, -1], [1382, -1, -1], [1383, -1, -1], [1384, 1, 11254], [1384, 1, 11439], [1384, -1, -1]]"
1752865843.6275,91.99989992380142,12805.821174571822,12805.82139263588,12816.461685563552,15865.460891638904,"[[1385, -1, -1], [1386, -1, -1], [1387, -1, -1], [1388, -1, -1], [1389, -1, -1], [1390, -1, -1], [1391, -1, -1], [1392, -1, -1], [1393, -1, -1], [1394, -1, -1], [1395, -1, -1]]"
1752865843.7365,93.99989652633667,12805.82117278777,12805.82139263588,12816.461685563552,15865.460891638904,"[[1396, -1, -1], [1397, -1, -1], [1398, -1, -1], [1399, -1, -1], [1400, -1, -1], [1401, -1, -1], [1402, -1, -1], [1403, -1, -1], [1404, -1, -1], [1405, -1, -1], [1406, -1, -1]]"
1752865843.8465,95.99989312887192,12805.82117278777,12805.821387442085,12816.461690411294,15865.460891638904,"[[1407, -1, -1], [1408, -1, -1], [1409, -1, -1], [1410, -1, -1], [1411, -1, -1], [1412, -1, -1], [1413, -1, -1], [1414, -1, -1], [1415, -1, -1], [1416, -1, -1], [1417, -1, -1]]"
1752865843.9565,97.99988973140717,12805.82106630894,12805.821387442085,12816.461690411294,15865.460891638904,"[[1418, -1, -1], [1419, -1, -1], [1420, -1, -1], [1421, 1, 10558], [1421, 1, 10757], [1421, -1, -1], [1422, 1, 10086], [1422, 1, 10289], [1422, -1, -1], [1423, -1, -1], [1424, -1, -1], [1425, -1, -1], [1426, -1, -1], [1427, -1, -1], [1428, -1, -1]]"
1752865844.0775,-152.00000596046448,12805.82106630894,12805.821396113759,12816.461681375655,15865.460891638904,"[[1430, -1, -1], [1431, -1, -1], [1432, -1, -1], [1433, -1, -1], [1434, -1, -1], [1435, -1, -1], [1436, -1, -1], [1437, -1, -1], [1438, -1, -1], [1439, -1, -1], [1440, -1, -1]]"
1752865844.1875,-150.00000190734863,12805.821075639118,12805.821396113759,12816.46167450962,15865.460891638904,"[[1441, -1, -1], [1442, -1, -1], [1443, -1, -1], [1444, -1, -1], [1445, 1, 10410], [1445, 1, 10610], [1445, -1, -1], [1446, -1, -1], [1447, 1, 13159], [1447, 1, 13358], [1447, -1, -1], [1448, -1, -1], [1449, -1, -1], [1450, -1, -1], [1451, -1, -1]]"
1752865844.2975,-147.9999978542328,12805.821075639118,12805.821393478658,12816.46167450962,15865.460891638904,"[[1452, -1, -1], [1453, -1, -1], [1454, -1, -1], [1455, -1, -1], [1456, -1, -1], [1457, -1, -1], [1458, -1, -1], [1459, -1, -1], [1460, -1, -1], [1461, -1, -1], [1462, -1, -1]]"
1752865844.4095,-145.99999380111694,12805.821122378571,12805.821393478658,12816.461685362683,15865.460891638904,"[[1463, -1, -1], [1464, -1, -1], [1465, -1, -1], [1466, 1, 10130], [1466, 1, 10318], [1466, 1, 10483], [1466, -1, -1], [1467, -1, -1], [1468, -1, -1], [1469, -1, -1], [1470, -1, -1], [1471, -1, -1], [1472, -1, -1], [1473, -1, -1]]"
1752865844.5185,-143.9999897480011,12805.821122378571,12805.821384342335,12816.461685362683,15865.460891638904,"[[1474, -1, -1], [1475, -1, -1], [1476, -1, -1], [1477, -1, -1], [1478, -1, -1], [1479, -1, -1], [1480, -1, -1], [1481, -1, -1], [1482, -1, -1], [1483, -1, -1], [1484, -1, -1]]"
1752865844.6275,-141.99998569488525,12805.821169574954,12805.821384342335,12816.461681793147,15865.460891638904,"[[1485, -1, -1], [1486, -1, -1], [1487, -1, -1], [1488, -1, -1], [1489, -1, -1], [1490, -1, -1], [1491, 1, 9934], [1491, 1, 10124], [1491, -1, -1], [1492, -1, -1], [1493, -1, -1], [1494, -1, -1], [1495, -1, -1]]"
1752865844.7375,-139.9999816417694,12805.82115451486,12805.821380757696,12816.461681793147,15865.460891638904,"[[1496, -1, -1], [1497, -1, -1], [1498, -1, -1], [1499, -1, -1], [1500, -1, -1], [1501, -1, -1], [1502, -1, -1], [1503, -1, -1], [1504, -1, -1], [1505, -1, -1], [1506, 1, 11972], [1506, 1, 12160], [1506, -1, -1]]"
1752865844.8463,-137.99997758865356,12805.82115451486,12805.821380757696,12816.461678963338,15865.460891638904,"[[1507, -1, -1], [1508, -1, -1], [1509, -1, -1], [1510, -1, -1], [1511, -1, -1], [1512, -1, -1], [1513, -1, -1], [1514, -1, -1], [1515, -1, -1], [1516, 1, 10950], [1516, 1, 11153], [1516, -1, -1], [1517, -1, -1]]"
1752865844.9575,-135.99997353553772,12805.821084469804,12805.821379677003,12816.461678963338,15865.460891638904,"[[1518, -1, -1], [1519, -1, -1], [1520, -1, -1], [1521, -1, -1], [1522, -1, -1], [1523, -1, -1], [1524, -1, -1], [1525, -1, -1], [1526, -1, -1], [1527, -1, -1], [1528, -1, -1]]"
1752865845.0665,-133.99996948242188,12805.821084469804,12805.821385653408,12816.46167476282,15865.460891638904,"[[1529, -1, -1], [1530, -1, -1], [1531, -1, -1], [1532, -1, -1], [1533, -1, -1], [1534, -1, -1], [1535, -1, -1], [1536, -1, -1], [1537, -1, -1], [1538, -1, -1], [1539, -1, -1]]"
1752865845.1755,-131.99996542930603,12805.821067185014,12805.821385653408,12816.46167476282,15865.460891638904,"[[1540, -1, -1], [1541, -1, -1], [1542, -1, -1], [1543, -1, -1], [1544, -1, -1], [1545, -1, -1], [1546, -1, -1], [1547, -1, -1], [1548, -1, -1], [1549, -1, -1], [1550, -1, -1]]"
1752865845.2855,-129.99996137619019,12805.821067185014,12805.821396827068,12816.461684360629,15865.460891638904,"[[1551, -1, -1], [1552, -1, -1], [1553, -1, -1], [1554, -1, -1], [1555, -1, -1], [1556, -1, -1], [1557, -1, -1], [1558, -1, -1], [1559, -1, -1], [1560, -1, -1], [1561, -1, -1]]"
1752865845.3955,-127.99995732307434,12805.821075015341,12805.821396827068,12816.461684360629,15865.460891638904,"[[1562, 1, 11979], [1562, 1, 12010], [1562, 1, 12210], [1562, -1, -1], [1563, -1, -1], [1564, -1, -1], [1565, -1, -1], [1566, -1, -1], [1567, -1, -1], [1568, -1, -1], [1569, -1, -1], [1570, -1, -1], [1571, -1, -1], [1572, -1, -1]]"
1752865845.5045,-125.9999607205391,12805.821075015341,12805.82138899325,12816.461678060246,15865.460891638904,"[[1573, -1, -1], [1574, -1, -1], [1575, -1, -1], [1576, -1, -1], [1577, -1, -1], [1578, -1, -1], [1579, 1, 10199], [1579, 1, 10385], [1579, -1, -1], [1580, -1, -1], [1581, -1, -1], [1582, -1, -1], [1583, -1, -1]]"
1752865845.6145,-123.99996411800385,12805.821160198348,12805.82138899325,12816.461686687366,15865.460891638904,"[[1584, -1, -1], [1585, -1, -1], [1586, -1, -1], [1587, -1, -1], [1588, -1, -1], [1589, -1, -1], [1590, -1, -1], [1591, -1, -1], [1592, -1, -1], [1593, -1, -1], [1594, -1, -1]]"
1752865845.7235,-121.9999675154686,12805.821160198348,12805.821389734689,12816.461686687366,15865.460891638904,"[[1595, -1, -1], [1596, -1, -1], [1597, -1, -1], [1598, -1, -1], [1599, -1, -1], [1600, -1, -1], [1601, -1, -1], [1602, -1, -1], [1603, -1, -1], [1604, -1, -1], [1605, -1, -1]]"
1752865845.8325,-119.99997091293335,12805.821192458821,12805.821389734689,12816.461680117238,15865.460891638904,"[[1606, -1, -1], [1607, -1, -1], [1608, -1, -1], [1609, -1, -1], [1610, -1, -1], [1611, -1, -1], [1612, -1, -1], [1613, -1, -1], [1614, -1, -1], [1615, -1, -1], [1616, -1, -1]]"
1752865845.9431,-117.9999743103981,12805.8211438704,12805.82140575415,12816.461680117238,15865.460891638904,"[[1617, -1, -1], [1618, -1, -1], [1619, -1, -1], [1620, -1, -1], [1621, -1, -1], [1622, -1, -1], [1623, -1, -1], [1624, -1, -1], [1625, -1, -1], [1626, -1, -1], [1627, -1, -1]]"
1752865846.0525,-115.99997770786285,12805.8211438704,12805.82140575415,12816.461686033143,15865.460891638904,"[[1628, -1, -1], [1629, -1, -1], [1630, -1, -1], [1631, -1, -1], [1632, -1, -1], [1633, -1, -1], [1634, -1, -1], [1635, -1, -1], [1636, -1, -1], [1637, -1, -1], [1638, -1, -1]]"
1752865846.161,-113.9999811053276,12805.821131145918,12805.821417224839,12816.461686033143,15865.460891638904,"[[1639, -1, -1], [1640, -1, -1], [1641, -1, -1], [1642, -1, -1], [1643, -1, -1], [1644, -1, -1], [1645, -1, -1], [1646, -1, -1], [1647, -1, -1], [1648, 1, 10117], [1648, 1, 10152], [1648, 1, 10349], [1648, -1, -1]]"
1752865846.27,-111.99998450279236,12805.821131145918,12805.821417224839,12816.461684668611,15865.460891638904,"[[1650, -1, -1], [1651, -1, -1], [1652, -1, -1], [1653, -1, -1], [1654, -1, -1], [1655, -1, -1], [1656, -1, -1], [1657, -1, -1], [1658, -1, -1], [1659, -1, -1]]"
1752865846.38,-109.99998790025711,12805.821151541197,12805.821423743566,12816.461684668611,15865.460891638904,"[[1661, -1, -1], [1662, -1, -1], [1663, -1, -1], [1664, -1, -1], [1665, -1, -1], [1666, -1, -1], [1667, -1, -1], [1668, -1, -1], [1669, -1, -1], [1670, 1, 12911], [1670, 1, 12942], [1670, 1, 13141], [1670, -1, -1]]"
1752865846.4895,-107.99999129772186,12805.821151541197,12805.821423743566,12816.461680035156,15865.460891638904,"[[1672, -1, -1], [1673, -1, -1], [1674, -1, -1], [1675, -1, -1], [1676, -1, -1], [1677, -1, -1], [1678, -1, -1], [1679, -1, -1], [1680, -1, -1], [1681, -1, -1]]"
1752865846.5991,-105.99999469518661,12805.821192436315,12805.821418887832,12816.461680035156,15865.460891638904,"[[1682, -1, -1], [1683, -1, -1], [1684, -1, -1], [1685, -1, -1], [1686, -1, -1], [1687, -1, -1], [1688, -1, -1], [1689, -1, -1], [1690, -1, -1], [1691, -1, -1], [1692, -1, -1]]"
1752865846.7075,-103.99999809265137,12805.821192436315,12805.821418845308,12816.461683546546,15865.460891638904,"[[1693, -1, -1], [1694, -1, -1], [1695, -1, -1], [1696, -1, -1], [1697, -1, -1], [1698, -1, -1], [1699, -1, -1], [1700, -1, -1], [1701, -1, -1], [1702, -1, -1], [1703, -1, -1]]"
1752865846.8165,-102.00000149011612,12805.821234609932,12805.821418845308,12816.461683546546,15865.460891638904,"[[1704, -1, -1], [1705, -1, -1], [1706, -1, -1], [1707, -1, -1], [1708, -1, -1], [1709, -1, -1], [1710, -1, -1], [1711, 1, 12903], [1711, 1, 12936], [1711, 1, 13132], [1711, -1, -1], [1712, -1, -1], [1713, -1, -1], [1714, -1, -1]]"
1752865846.9261,-100.00000488758087,12805.821234609932,12805.821418432144,12816.461680265495,15865.460891638904,"[[1715, -1, -1], [1716, -1, -1], [1717, -1, -1], [1718, -1, -1], [1719, 1, 10396], [1719, 1, 10433], [1719, 1, 10626], [1719, 1, 10742], [1719, 1, 10805], [1719, -1, -1], [1720, -1, -1], [1721, -1, -1], [1722, -1, -1], [1723, -1, -1], [1724, -1, -1], [1725, -1, -1]]"
1752865847.0355,-98.00000828504562,12805.821205551129,12805.821418432144,12816.461680265495,15865.460891638904,"[[1726, -1, -1], [1727, -1, -1], [1728, -1, -1], [1729, -1, -1], [1730, -1, -1], [1731, -1, -1], [1732, -1, -1], [1733, -1, -1], [1734, -1, -1], [1735, -1, -1], [1736, -1, -1]]"
1752865847.1445,-96.00001168251038,12805.821205551129,12805.821426031758,12816.461684110967,15865.460891638904,"[[1737, -1, -1], [1738, -1, -1], [1739, -1, -1], [1740, -1, -1], [1741, -1, -1], [1742, -1, -1], [1743, -1, -1], [1744, -1, -1], [1745, -1, -1], [1746, -1, -1], [1747, -1, -1]]"
1752865847.2535,-94.00001507997513,12805.821127000878,12805.821426031758,12816.461684110967,15865.460891638904,"[[1748, 1, 10259], [1748, 1, 10447], [1748, -1, -1], [1749, -1, -1], [1750, -1, -1], [1751, -1, -1], [1752, -1, -1], [1753, -1, -1], [1754, -1, -1], [1755, -1, -1], [1756, -1, -1], [1757, -1, -1], [1758, -1, -1]]"
1752865847.3635,-92.00001847743988,12805.821127000878,12805.821414571403,12816.461680690096,15865.460891638904,"[[1759, 1, 10697], [1759, 1, 10884], [1759, -1, -1], [1760, -1, -1], [1761, -1, -1], [1762, -1, -1], [1763, -1, -1], [1764, -1, -1], [1765, -1, -1], [1766, -1, -1], [1767, -1, -1], [1768, 1, 10638], [1768, 1, 10842], [1768, -1, -1], [1769, -1, -1]]"
1752865847.4735,-90.00002187490463,12805.8211031524,12805.821414571403,12816.461680690096,15865.460891638904,"[[1770, -1, -1], [1771, -1, -1], [1772, -1, -1], [1773, -1, -1], [1774, -1, -1], [1775, -1, -1], [1776, -1, -1], [1777, -1, -1], [1778, -1, -1], [1779, -1, -1], [1780, -1, -1]]"
1752865847.5835,-88.00002527236938,12805.8211031524,12805.82142763909,12816.461689121661,15865.460891638904,"[[1781, -1, -1], [1782, -1, -1], [1783, -1, -1], [1784, -1, -1], [1785, -1, -1], [1786, -1, -1], [1787, -1, -1], [1788, -1, -1], [1789, -1, -1], [1790, -1, -1], [1791, 1, 10449], [1791, 1, 10648], [1791, -1, -1]]"
1752865847.6925,-86.00002866983414,12805.82115967625,12805.82142763909,12816.461688895335,15865.460891638904,"[[1792, -1, -1], [1793, -1, -1], [1794, -1, -1], [1795, -1, -1], [1796, 1, 9322], [1796, 1, 9353], [1796, 1, 9552], [1796, -1, -1], [1797, -1, -1], [1798, -1, -1], [1799, -1, -1], [1800, -1, -1], [1801, -1, -1], [1802, -1, -1]]"
1752865847.801,-84.00003206729889,12805.82115967625,12805.82142853674,12816.461688895335,15865.460891638904,"[[1803, -1, -1], [1804, -1, -1], [1805, -1, -1], [1806, -1, -1], [1807, -1, -1], [1808, -1, -1], [1809, -1, -1], [1810, -1, -1], [1811, -1, -1], [1812, -1, -1]]"
1752865847.911,-82.00003546476364,12805.82115967625,12805.82142853674,12816.461678631997,15865.460891638904,"[[1814, -1, -1], [1815, -1, -1], [1816, -1, -1], [1817, -1, -1], [1818, -1, -1], [1819, -1, -1], [1820, -1, -1], [1821, -1, -1], [1822, 1, 6158], [1822, 1, 6361], [1822, 1, 10965], [1822, 1, 11150], [1822, -1, -1], [1823, -1, -1]]"
1752865848.021,-80.0000388622284,12805.821185836972,12805.821403923464,12816.461678631997,15865.460891638904,"[[1825, -1, -1], [1826, -1, -1], [1827, -1, -1], [1828, -1, -1], [1829, -1, -1], [1830, -1, -1], [1831, -1, -1], [1832, -1, -1], [1833, -1, -1], [1834, -1, -1]]"
1752865848.131,-78.00004225969315,12805.821185836972,12805.821403923464,12816.461678908814,15865.460891638904,"[[1836, -1, -1], [1837, -1, -1], [1838, -1, -1], [1839, -1, -1], [1840, -1, -1], [1841, -1, -1], [1842, -1, -1], [1843, -1, -1], [1844, -1, -1], [1845, -1, -1]]"
1752865848.24,-76.0000456571579,12805.821137821044,12805.821403923464,12816.461678908814,15865.460891638904,"[[1847, -1, -1], [1848, -1, -1], [1849, -1, -1], [1850, -1, -1], [1851, -1, -1], [1852, -1, -1], [1853, -1, -1], [1854, -1, -1], [1855, 1, 11525], [1855, 1, 11724], [1855, -1, -1], [1856, -1, -1]]"
1752865848.3492,-74.00004905462265,12805.821137821044,12805.82139982312,12816.461685458218,15865.460891638904,"[[1858, -1, -1], [1859, -1, -1], [1860, -1, -1], [1861, -1, -1], [1862, -1, -1], [1863, -1, -1], [1864, -1, -1], [1865, 1, 10851], [1865, 1, 11035], [1865, -1, -1], [1866, -1, -1], [1867, -1, -1]]"
1752865848.4585,-72.0000524520874,12805.82107698941,12805.82139982312,12816.461685458218,15865.460891638904,"[[1868, -1, -1], [1869, -1, -1], [1870, -1, -1], [1871, -1, -1], [1872, -1, -1], [1873, -1, -1], [1874, -1, -1], [1875, -1, -1], [1876, -1, -1], [1877, -1, -1], [1878, -1, -1]]"
1752865848.5675,-70.00005584955215,12805.82107698941,12805.821400149944,12816.461683110821,15865.460891638904,"[[1879, -1, -1], [1880, -1, -1], [1881, -1, -1], [1882, -1, -1], [1883, 1, 9556], [1883, 1, 9743], [1883, -1, -1], [1884, -1, -1], [1885, -1, -1], [1886, -1, -1], [1887, -1, -1], [1888, -1, -1], [1889, -1, -1]]"
1752865848.6765,-68.0000592470169,12805.821078507239,12805.821400149944,12816.461683110821,15865.460891638904,"[[1890, -1, -1], [1891, -1, -1], [1892, -1, -1], [1893, -1, -1], [1894, -1, -1], [1895, -1, -1], [1896, 1, 13306], [1896, 1, 13337], [1896, 1, 13537], [1896, -1, -1], [1897, 1, 12773], [1897, 1, 12960], [1897, -1, -1], [1898, -1, -1], [1899, -1, -1], [1900, -1, -1]]"
1752865848.7868,-66.00006264448166,12805.821078507239,12805.821391144727,12816.46168273599,15865.460891638904,"[[1901, -1, -1], [1902, -1, -1], [1903, -1, -1], [1904, -1, -1], [1905, -1, -1], [1906, -1, -1], [1907, -1, -1], [1908, -1, -1], [1909, -1, -1], [1910, -1, -1], [1911, 1, 12050], [1911, 1, 12250], [1911, -1, -1]]"
1752865848.8965,-64.00006231665611,12805.821158945617,12805.821391144727,12816.461687268382,15865.460891638904,"[[1912, -1, -1], [1913, -1, -1], [1914, -1, -1], [1915, -1, -1], [1916, -1, -1], [1917, -1, -1], [1918, -1, -1], [1919, 1, 11346], [1919, 1, 11548], [1919, -1, -1], [1920, -1, -1], [1921, -1, -1], [1922, -1, -1]]"
1752865849.0066,-62.000061988830566,12805.821158945617,12805.821388261676,12816.461687268382,15865.460891638904,"[[1923, -1, -1], [1924, -1, -1], [1925, -1, -1], [1926, -1, -1], [1927, -1, -1], [1928, -1, -1], [1929, -1, -1], [1930, -1, -1], [1931, -1, -1], [1932, 1, 10340], [1932, 1, 10539], [1932, -1, -1], [1933, -1, -1]]"
1752865849.1165,-60.00006166100502,12805.821166961667,12805.821388261676,12816.46168396261,15865.460891638904,"[[1934, -1, -1], [1935, -1, -1], [1936, -1, -1], [1937, -1, -1], [1938, -1, -1], [1939, -1, -1], [1940, -1, -1], [1941, -1, -1], [1942, -1, -1], [1943, -1, -1], [1944, -1, -1]]"
1752865849.2265,-58.000061333179474,12805.821166961667,12805.82138993819,12816.46168396261,15865.460891638904,"[[1945, -1, -1], [1946, -1, -1], [1947, -1, -1], [1948, -1, -1], [1949, -1, -1], [1950, -1, -1], [1951, -1, -1], [1952, -1, -1], [1953, -1, -1], [1954, -1, -1], [1955, -1, -1]]"
1752865849.3356,-56.00006100535393,12805.821157207065,12805.82138993819,12816.461682586218,15865.460891638904,"[[1956, -1, -1], [1957, 1, 11840], [1957, 1, 12043], [1957, -1, -1], [1958, -1, -1], [1959, -1, -1], [1960, -1, -1], [1961, -1, -1], [1962, 1, 9489], [1962, 1, 9678], [1962, -1, -1], [1963, -1, -1], [1964, -1, -1], [1965, -1, -1], [1966, 1, 10357], [1966, 1, 10544], [1966, -1, -1]]"
1752865849.4485,-54.00006067752838,12805.821157207065,12805.821392442249,12816.461682586218,15865.460891638904,"[[1967, -1, -1], [1968, -1, -1], [1969, 1, 270928], [1969, 1, 271131], [1969, 1, 271317], [1969, -1, -1], [1970, -1, -1], [1971, 1, 12948], [1971, 1, 13151], [1971, 1, 14933], [1971, -1, -1], [1972, -1, -1], [1973, -1, -1], [1974, -1, -1], [1975, 1, 11591], [1975, 1, 11790], [1975, -1, -1], [1976, -1, -1], [1977, 1, 12177], [1977, 1, 12381], [1977, -1, -1]]"
1752865849.5585,-52.000060349702835,12805.82112648466,12805.821392442249,12816.46168496545,15865.460891638904,"[[1978, -1, -1], [1979, -1, -1], [1980, -1, -1], [1981, -1, -1], [1982, -1, -1], [1983, 1, 12108], [1983, 1, 12146], [1983, 1, 12338], [1983, 1, 12570], [1983, -1, -1], [1984, -1, -1], [1985, -1, -1], [1986, -1, -1], [1987, -1, -1], [1988, -1, -1]]"
1752865849.6685,-50.00006002187729,12805.82112648466,12805.82138184624,12816.46168496545,15865.460891638904,"[[1989, -1, -1], [1990, 1, 11274], [1990, 1, 11478], [1990, -1, -1], [1991, 1, 10208], [1991, 1, 10243], [1991, 1, 10438], [1991, -1, -1], [1992, 1, 10253], [1992, 1, 10279], [1992, 1, 10483], [1992, 1, 10730], [1992, -1, -1], [1993, -1, -1], [1994, -1, -1], [1995, -1, -1], [1996, -1, -1], [1997, -1, -1], [1998, -1, -1], [1999, -1, -1]]"
1752865849.7785,-48.00005969405174,12805.821089487124,12805.82138184624,12816.46168575612,15865.460891638904,"[[2000, -1, -1], [2001, 1, 10339], [2001, 1, 10526], [2001, -1, -1], [2002, -1, -1], [2003, -1, -1], [2004, -1, -1], [2005, 1, 11610], [2005, 1, 11809], [2005, 1, 11917], [2005, -1, -1], [2006, -1, -1], [2007, 1, 11863], [2007, 1, 12066], [2007, -1, -1], [2008, 1, 11923], [2008, 1, 12109], [2008, -1, -1], [2009, -1, -1], [2010, -1, -1]]"
1752865849.8875,-46.000059366226196,12805.821128699432,12805.821387072161,12816.46168575612,15865.460891638904,"[[2011, -1, -1], [2012, -1, -1], [2013, -1, -1], [2014, -1, -1], [2015, -1, -1], [2016, -1, -1], [2017, -1, -1], [2018, -1, -1], [2019, -1, -1], [2020, -1, -1], [2021, -1, -1]]"
1752865849.9975,-44.00005903840065,12805.821128699432,12805.821387072161,12816.461686310373,15865.460891638904,"[[2022, -1, -1], [2023, -1, -1], [2024, 1, 9347], [2024, 1, 9546], [2024, 1, 9795], [2024, -1, -1], [2025, -1, -1], [2026, -1, -1], [2027, -1, -1], [2028, -1, -1], [2029, -1, -1], [2030, -1, -1], [2031, -1, -1], [2032, -1, -1]]"
1752865850.1065,-42.000058710575104,12805.821201318633,12805.82138193399,12816.461686310373,15865.460891638904,"[[2033, 1, 11210], [2033, 1, 11245], [2033, 1, 11440], [2033, 1, 11766], [2033, -1, -1], [2034, -1, -1], [2035, -1, -1], [2036, 1, 8294], [2036, -1, -1], [2037, -1, -1], [2038, 1, 8271], [2038, 1, 8479], [2038, -1, -1], [2039, -1, -1], [2040, -1, -1], [2041, -1, -1], [2042, -1, -1], [2043, 1, 10403], [2043, 1, 10602], [2043, -1, -1]]"
1752865850.2165,-40.00005838274956,12805.821201318633,12805.82138193399,12816.461678644991,15865.460891638904,"[[2044, -1, -1], [2045, -1, -1], [2046, -1, -1], [2047, -1, -1], [2048, -1, -1], [2049, 1, 9974], [2049, 1, 10174], [2049, 1, 10891], [2049, 1, 11081], [2049, -1, -1], [2050, -1, -1], [2051, -1, -1], [2052, 1, 10767], [2052, 1, 10954], [2052, -1, -1], [2053, -1, -1], [2054, -1, -1]]"
1752865850.3265,-38.00005805492401,12805.821163731423,12805.821377192719,12816.461678644991,15865.460891638904,"[[2055, -1, -1], [2056, -1, -1], [2057, -1, -1], [2058, 1, 7454], [2058, 1, 7639], [2058, 1, 12671], [2058, 1, 12705], [2058, 1, 12901], [2058, -1, -1], [2059, -1, -1], [2060, -1, -1], [2061, -1, -1], [2062, -1, -1], [2063, -1, -1], [2064, 1, 9917], [2064, 1, 10127], [2064, -1, -1], [2065, -1, -1]]"
1752865850.4355,-36.000057727098465,12805.821163731423,12805.821377192719,12816.461678425878,15865.460891638904,"[[2066, -1, -1], [2067, -1, -1], [2068, 1, 11000], [2068, 1, 11199], [2068, 1, 11560], [2068, -1, -1], [2069, -1, -1], [2070, -1, -1], [2071, 1, 12160], [2071, 1, 12194], [2071, 1, 12390], [2071, -1, -1], [2072, 1, 8771], [2072, 1, 8958], [2072, 1, 10298], [2072, 1, 10500], [2072, 1, 13170], [2072, 1, 13373], [2072, -1, -1], [2073, -1, -1], [2074, -1, -1], [2075, -1, -1], [2076, -1, -1]]"
1752865850.5445,-34.00005739927292,12805.821094357285,12805.82137083015,12816.461678425878,15865.460891638904,"[[2077, 1, 9358], [2077, 1, 9544], [2077, -1, -1], [2078, -1, -1], [2079, 1, 13238], [2079, 1, 13423], [2079, -1, -1], [2080, -1, -1], [2081, 1, 12502], [2081, 1, 12701], [2081, -1, -1], [2082, -1, -1], [2083, 1, 11153], [2083, 1, 11338], [2083, 1, 12105], [2083, 1, 12139], [2083, 1, 12334], [2083, -1, -1], [2084, 1, 11871], [2084, -1, -1], [2085, -1, -1], [2086, -1, -1], [2087, -1, -1]]"
1752865850.6545,-32.00005707144737,12805.821094357285,12805.821374928579,12816.461678702424,15865.460891638904,"[[2088, 1, 11505], [2088, 1, 11693], [2088, -1, -1], [2089, -1, -1], [2090, 1, 11365], [2090, 1, 11549], [2090, -1, -1], [2091, -1, -1], [2092, -1, -1], [2093, 1, 10812], [2093, 1, 11016], [2093, -1, -1], [2094, 1, 11265], [2094, 1, 11299], [2094, 1, 11494], [2094, -1, -1], [2095, -1, -1], [2096, 1, 9755], [2096, 1, 9798], [2096, 1, 9989], [2096, 1, 10170], [2096, 1, 10200], [2096, -1, -1], [2097, -1, -1], [2098, 1, 11299], [2098, 1, 11333], [2098, 1, 11529], [2098, -1, -1]]"
1752865850.7635,-30.000056743621826,12805.821094357285,12805.821374928579,12816.461678702424,15865.460891638904,"[[2099, 1, 12469], [2099, 1, 12673], [2099, -1, -1], [2100, -1, -1], [2101, -1, -1], [2102, -1, -1], [2103, 1, 10733], [2103, 1, 10938], [2103, -1, -1], [2104, 1, 11680], [2104, 1, 11850], [2104, -1, -1], [2105, 1, 9406], [2105, 1, 9442], [2105, 1, 9635], [2105, 1, 9777], [2105, -1, -1], [2106, -1, -1], [2107, -1, -1], [2108, -1, -1], [2109, -1, -1]]"
1752865850.8725,-28.00005641579628,12805.821064268132,12805.821374928579,12816.461683181884,15865.460891638904,"[[2110, 1, 11152], [2110, 1, 11336], [2110, -1, -1], [2111, -1, -1], [2112, -1, -1], [2113, -1, -1], [2114, -1, -1], [2115, -1, -1], [2116, 1, 13832], [2116, 1, 13866], [2116, 1, 14061], [2116, -1, -1], [2117, -1, -1], [2118, 1, 10424], [2118, 1, 10615], [2118, 1, 10978], [2118, 1, 11177], [2118, -1, -1], [2119, -1, -1], [2120, -1, -1]]"
1752865850.9835,-26.000056087970734,12805.821064268132,12805.821366567812,12816.461683181884,15865.460891638904,"[[2121, 1, 12158], [2121, 1, 12357], [2121, -1, -1], [2122, -1, -1], [2123, -1, -1], [2124, -1, -1], [2125, -1, -1], [2126, -1, -1], [2127, -1, -1], [2128, -1, -1], [2129, 1, 9443], [2129, 1, 9643], [2129, 1, 9786], [2129, 1, 9876], [2129, 1, 10300], [2129, 1, 10484], [2129, -1, -1], [2130, -1, -1], [2131, -1, -1]]"
1752865851.0935,-24.000055760145187,12805.821124849299,12805.821366567812,12816.46168026503,15865.460891638904,"[[2132, -1, -1], [2133, 1, 10342], [2133, 1, 10533], [2133, -1, -1], [2134, -1, -1], [2135, -1, -1], [2136, -1, -1], [2137, -1, -1], [2138, -1, -1], [2139, -1, -1], [2140, 1, 7896], [2140, 1, 8096], [2140, -1, -1], [2141, -1, -1], [2142, -1, -1]]"
1752865851.2035,-22.00005543231964,12805.821124849299,12805.821373675368,12816.46168026503,15865.460891638904,"[[2143, -1, -1], [2144, 1, 10661], [2144, 1, 10695], [2144, 1, 10890], [2144, 1, 11205], [2144, -1, -1], [2145, 1, 12459], [2145, 1, 12644], [2145, -1, -1], [2146, -1, -1], [2147, 1, 5842], [2147, 1, 6027], [2147, -1, -1], [2148, -1, -1], [2149, -1, -1], [2150, -1, -1], [2151, 1, 13413], [2151, 1, 13599], [2151, -1, -1], [2152, 1, 10278], [2152, 1, 10308], [2152, 1, 10508], [2152, -1, -1], [2153, -1, -1]]"
1752865851.3136,-20.000055104494095,12805.821159260337,12805.821373675368,12816.461686481265,15865.460891638904,"[[2154, 1, 13109], [2154, 1, 13297], [2154, -1, -1], [2155, -1, -1], [2156, -1, -1], [2157, -1, -1], [2158, -1, -1], [2159, 1, 11008], [2159, 1, 11207], [2159, -1, -1], [2160, -1, -1], [2161, 1, 9906], [2161, 1, 10108], [2161, -1, -1], [2162, -1, -1], [2163, 1, 12335], [2163, 1, 12387], [2163, 1, 12534], [2163, -1, -1], [2164, 1, 11743], [2164, 1, 11929], [2164, -1, -1]]"
1752865851.4225,-18.00005477666855,12805.821148020597,12805.821378558814,12816.461686481265,15865.460891638904,"[[2165, -1, -1], [2166, -1, -1], [2167, 1, 14769], [2167, 1, 14804], [2167, 1, 14999], [2167, -1, -1], [2168, -1, -1], [2169, -1, -1], [2170, 1, 8886], [2170, 1, 9086], [2170, 1, 11114], [2170, 1, 11152], [2170, 1, 11344], [2170, 1, 11770], [2170, -1, -1], [2171, -1, -1], [2172, 1, 11187], [2172, 1, 11372], [2172, -1, -1], [2173, -1, -1], [2174, -1, -1], [2175, 1, 10045], [2175, 1, 10244], [2175, -1, -1]]"
1752865851.5325,-16.000054448843002,12805.821148020597,12805.821378558814,12816.461681024944,15865.460891638904,"[[2176, 1, 11186], [2176, 1, 11370], [2176, 1, 12549], [2176, 1, 12655], [2176, -1, -1], [2177, -1, -1], [2178, 1, 10880], [2178, 1, 11080], [2178, 1, 12273], [2178, 1, 12463], [2178, -1, -1], [2179, -1, -1], [2180, -1, -1], [2181, 1, 11132], [2181, 1, 11335], [2181, 1, 11611], [2181, -1, -1], [2182, -1, -1], [2183, 1, 10857], [2183, 1, 11056], [2183, 1, 11200], [2183, -1, -1], [2184, -1, -1], [2185, -1, -1], [2186, 1, 9239], [2186, 1, 9427], [2186, 1, 11981], [2186, 1, 12173], [2186, -1, -1]]"
1752865851.6425,-14.000054121017456,12805.821080873007,12805.821367685188,12816.461681024944,15865.460891638904,"[[2187, -1, -1], [2188, -1, -1], [2189, 1, 11204], [2189, 1, 11394], [2189, -1, -1], [2190, -1, -1], [2191, 1, 10121], [2191, 1, 10306], [2191, 1, 10574], [2191, 1, 11697], [2191, 1, 11883], [2191, 1, 11950], [2191, 1, 12158], [2191, -1, -1], [2192, 1, 9473], [2192, 1, 9508], [2192, 1, 9705], [2192, 1, 10099], [2192, 1, 10242], [2192, 1, 10424], [2192, 1, 10872], [2192, -1, -1], [2193, -1, -1], [2194, -1, -1], [2195, 1, 9198], [2195, 1, 9385], [2195, 1, 11639], [2195, 1, 11676], [2195, 1, 11869], [2195, 1, 12075], [2195, 1, 12260], [2195, 1, 12451], [2195, -1, -1], [2196, 1, 11104], [2196, 1, 11140], [2196, 1, 11334], [2196, 1, 11621], [2196, -1, -1], [2197, 1, 9293], [2197, 1, 9481], [2197, -1, -1]]"
1752865851.7525,-12.00005379319191,12805.821080873007,12805.821391359385,12816.461678184136,15865.460891638904,"[[2198, -1, -1], [2199, -1, -1], [2200, 1, 9295], [2200, 1, 9321], [2200, 1, 9525], [2200, 1, 10530], [2200, 1, 10729], [2200, 1, 12934], [2200, 1, 13133], [2200, -1, -1], [2201, 1, 10454], [2201, 1, 10488], [2201, 1, 10684], [2201, -1, -1], [2202, 1, 11017], [2202, 1, 11202], [2202, -1, -1], [2203, 1, 8479], [2203, 1, 8688], [2203, 1, 10220], [2203, 1, 10254], [2203, 1, 10450], [2203, 1, 10561], [2203, -1, -1], [2204, 1, 11698], [2204, 1, 11884], [2204, 1, 11992], [2204, 1, 12181], [2204, -1, -1], [2205, -1, -1], [2206, 1, 10757], [2206, 1, 10960], [2206, 1, 11204], [2206, -1, -1], [2207, -1, -1], [2208, 1, 10161], [2208, 1, 10364], [2208, 1, 10470], [2208, 1, 10530], [2208, 1, 10714], [2208, -1, -1]]"
1752865851.8625,-10.000053465366364,12805.821083116247,12805.821391359385,12816.461678184136,15865.460891638904,"[[2209, 1, 10737], [2209, 1, 10940], [2209, -1, -1], [2210, 1, 10188], [2210, 1, 10231], [2210, 1, 10293], [2210, 1, 10319], [2210, 1, 10389], [2210, 1, 10525], [2210, 1, 10601], [2210, 1, 10862], [2210, 1, 11065], [2210, -1, -1], [2211, 1, 10248], [2211, 1, 10434], [2211, -1, -1], [2212, 1, 9740], [2212, 1, 9925], [2212, 1, 10744], [2212, 1, 12516], [2212, 1, 12715], [2212, 1, 13648], [2212, 1, 13850], [2212, -1, -1], [2213, 1, 9878], [2213, 1, 9927], [2213, 1, 10112], [2213, -1, -1], [2214, 1, 10245], [2214, 1, 10444], [2214, 1, 10668], [2214, 1, 18882], [2214, 1, 19089], [2214, -1, -1], [2215, -1, -1], [2216, 1, 9802], [2216, 1, 9836], [2216, 1, 10031], [2216, 1, 10205], [2216, 1, 10578], [2216, 1, 10695], [2216, 1, 10752], [2216, 1, 10815], [2216, 1, 10996], [2216, -1, -1], [2217, -1, -1], [2218, 1, 10282], [2218, 1, 10466], [2218, -1, -1], [2219, 1, 11646], [2219, 1, 11845], [2219, -1, -1]]"
1752865851.9735,-8.000053603202105,12805.821083116247,12805.821399808907,12816.461685198672,15865.460891638904,"[[2220, 1, 11490], [2220, 1, 11534], [2220, 1, 11719], [2220, 1, 12551], [2220, -1, -1], [2221, 1, 13384], [2221, 1, 13554], [2221, -1, -1], [2222, 1, 12196], [2222, 1, 12399], [2222, -1, -1], [2223, -1, -1], [2224, -1, -1], [2225, -1, -1], [2226, 1, 9827], [2226, 1, 9863], [2226, 1, 10057], [2226, 1, 10779], [2226, 1, 10969], [2226, 1, 11135], [2226, 1, 11590], [2226, 1, 11789], [2226, -1, -1], [2227, 1, 11157], [2227, 1, 11343], [2227, -1, -1], [2228, 1, 11639], [2228, 1, 11823], [2228, -1, -1], [2229, -1, -1], [2230, 1, 10708], [2230, 1, 10745], [2230, 1, 10938], [2230, 1, 11878], [2230, 1, 12068], [2230, 1, 12134], [2230, 1, 12333], [2230, 1, 12607], [2230, -1, -1]]"
1752865852.0835,-6.000053741037846,12805.821110314271,12805.821399808907,12816.461685198672,15865.460891638904,"[[2231, -1, -1], [2232, 1, 10696], [2232, 1, 10739], [2232, 1, 10930], [2232, 1, 11110], [2232, 1, 12970], [2232, 1, 13367], [2232, 1, 13551], [2232, 1, 13695], [2232, -1, -1], [2233, 1, 7883], [2233, 1, 8068], [2233, 1, 10505], [2233, 1, 10705], [2233, 1, 11295], [2233, 1, 11503], [2233, -1, -1], [2234, -1, -1], [2235, -1, -1], [2236, 1, 11331], [2236, 1, 11365], [2236, 1, 11561], [2236, -1, -1], [2237, -1, -1], [2238, 1, 10550], [2238, 1, 10646], [2238, 1, 10734], [2238, 1, 10830], [2238, -1, -1], [2239, 1, 10361], [2239, 1, 10405], [2239, 1, 10594], [2239, 1, 11133], [2239, 1, 11332], [2239, -1, -1], [2240, 1, 10217], [2240, 1, 10416], [2240, 1, 10628], [2240, 1, 11706], [2240, -1, -1], [2241, 1, 11240], [2241, 1, 11426], [2241, 1, 12574], [2241, -1, -1]]"
1752865852.1925,-4.000053646042943,12805.821110314271,12805.82140114958,12816.461684256725,15865.460891638904,"[[2242, 1, 13080], [2242, 1, 13114], [2242, 1, 13309], [2242, -1, -1], [2243, 1, 9357], [2243, 1, 9535], [2243, 1, 9712], [2243, -1, -1], [2244, 1, 10292], [2244, 1, 10491], [2244, 1, 12321], [2244, 1, 12529], [2244, 1, 12736], [2244, -1, -1], [2245, 1, 10532], [2245, 1, 10734], [2245, 1, 10840], [2245, 1, 12251], [2245, 1, 12450], [2245, -1, -1], [2246, 1, 6958], [2246, 1, 7162], [2246, 1, 10673], [2246, 1, 10717], [2246, 1, 10903], [2246, -1, -1], [2247, -1, -1], [2248, -1, -1], [2249, 1, 9911], [2249, 1, 10109], [2249, -1, -1], [2250, 1, 10550], [2250, 1, 10736], [2250, -1, -1], [2251, 1, 11385], [2251, 1, 11588], [2251, -1, -1], [2252, 1, 11742], [2252, 1, 11927], [2252, 1, 12732], [2252, 1, 12939], [2252, 1, 13202], [2252, -1, -1]]"
1752865852.3025,-2.0000536460440514,12805.821178438335,12805.82140114958,12816.461683059022,15865.460891638904,"[[2253, 1, 9707], [2253, 1, 9910], [2253, -1, -1], [2254, 1, 11529], [2254, 1, 11733], [2254, 1, 12101], [2254, 1, 12304], [2254, 1, 12732], [2254, -1, -1], [2255, 1, 9959], [2255, 1, 10161], [2255, 1, 11432], [2255, 1, 11635], [2255, -1, -1], [2256, -1, -1], [2257, -1, -1], [2258, 1, 10636], [2258, 1, 10838], [2258, 1, 11551], [2258, 1, 11734], [2258, -1, -1], [2259, 1, 9203], [2259, 1, 9402], [2259, -1, -1], [2260, 1, 10440], [2260, 1, 10625], [2260, -1, -1], [2261, -1, -1], [2262, -1, -1], [2263, 1, 11373], [2263, 1, 11577], [2263, -1, -1]]"
1752865852.4125,-5.368888378147474e-05,12805.821178438335,12805.82139643558,12816.461683059022,15865.460891638904,"[[2264, 1, 10184], [2264, 1, 10387], [2264, -1, -1], [2265, -1, -1], [2266, 1, 10559], [2266, 1, 10593], [2266, 1, 10789], [2266, 1, 11029], [2266, 1, 11228], [2266, -1, -1], [2267, 1, 10906], [2267, 1, 11106], [2267, -1, -1], [2268, 1, 10509], [2268, 1, 10717], [2268, -1, -1], [2269, 1, 10418], [2269, 1, 10599], [2269, 1, 10748], [2269, 1, 13376], [2269, 1, 13604], [2269, 1, 13813], [2269, -1, -1], [2270, 1, 10013], [2270, 1, 10044], [2270, 1, 10244], [2270, 1, 10344], [2270, -1, -1], [2271, 1, 10177], [2271, 1, 10210], [2271, 1, 10406], [2271, 1, 10511], [2271, 1, 10573], [2271, 1, 10700], [2271, -1, -1], [2272, 1, 9632], [2272, 1, 9666], [2272, 1, 9863], [2272, 1, 10085], [2272, 1, 10208], [2272, 1, 10378], [2272, 1, 12076], [2272, 1, 12260], [2272, -1, -1], [2273, 1, 9921], [2273, 1, 10124], [2273, 1, 10880], [2273, 1, 10920], [2273, 1, 11114], [2273, 1, 11437], [2273, 1, 12040], [2273, 1, 12142], [2273, 1, 12248], [2273, -1, -1], [2274, 1, 10678], [2274, 1, 10881], [2274, 1, 10952], [2274, -1, -1]]"
1752865852.5225,1.9999461732804775,12805.821182157417,12805.82139643558,12816.461683907755,15865.460891638904,"[[2275, 1, 13625], [2275, 1, 13828], [2275, -1, -1], [2276, 1, 10059], [2276, 1, 10249], [2276, 1, 13917], [2276, 1, 14115], [2276, -1, -1], [2277, 1, 9510], [2277, 1, 9632], [2277, 1, 9709], [2277, 1, 9883], [2277, -1, -1], [2278, 1, 10440], [2278, 1, 10639], [2278, 1, 10786], [2278, -1, -1], [2279, 1, 8956], [2279, 1, 8986], [2279, 1, 9185], [2279, 1, 9307], [2279, 1, 9510], [2279, 1, 11541], [2279, 1, 11740], [2279, 1, 11914], [2279, 1, 13325], [2279, -1, -1], [2280, 1, 9871], [2280, 1, 10080], [2280, 1, 10270], [2280, -1, -1], [2281, 1, 9828], [2281, 1, 9863], [2281, 1, 9998], [2281, 1, 10058], [2281, 1, 10187], [2281, 1, 10531], [2281, 1, 11734], [2281, 1, 11923], [2281, -1, -1], [2282, 1, 10253], [2282, 1, 10438], [2282, 1, 11515], [2282, 1, 12466], [2282, 1, 12650], [2282, -1, -1], [2283, 1, 11921], [2283, 1, 12106], [2283, 1, 13389], [2283, 1, 13574], [2283, -1, -1], [2284, 1, 10690], [2284, 1, 10881], [2284, -1, -1], [2285, -1, -1]]"
1752865852.632,3.9999460354447365,12805.821182157417,12805.821396926009,12816.461683907755,15865.460891638904,"[[2286, 1, 11286], [2286, 1, 11320], [2286, 1, 11524], [2286, 1, 11987], [2286, 1, 12170], [2286, -1, -1], [2287, 1, 9214], [2287, 1, 9402], [2287, 1, 9662], [2287, 1, 10118], [2287, 1, 14209], [2287, 1, 14412], [2287, -1, -1], [2288, 1, 11800], [2288, 1, 12003], [2288, 1, 12310], [2288, 1, 12510], [2288, 1, 13225], [2288, 1, 13408], [2288, -1, -1], [2289, 1, 8782], [2289, 1, 8980], [2289, 1, 11540], [2289, 1, 11575], [2289, 1, 11687], [2289, 1, 11770], [2289, -1, -1], [2290, -1, -1], [2291, 1, 9006], [2291, 1, 9193], [2291, 1, 9605], [2291, 1, 9641], [2291, 1, 9836], [2291, 1, 9948], [2291, 1, 10046], [2291, -1, -1], [2292, 1, 11095], [2292, 1, 11138], [2292, 1, 11210], [2292, 1, 11311], [2292, 1, 11340], [2292, 1, 11398], [2292, -1, -1], [2293, 1, 10377], [2293, 1, 10576], [2293, 1, 10984], [2293, 1, 11167], [2293, 1, 11304], [2293, 1, 11486], [2293, -1, -1], [2294, 1, 11322], [2294, 1, 11507], [2294, 1, 13814], [2294, 1, 14017], [2294, -1, -1], [2295, 1, 10946], [2295, 1, 11149], [2295, 1, 12586], [2295, 1, 12794], [2295, 1, 14104], [2295, 1, 14288], [2295, -1, -1]]"
1752865852.7425,5.999946363270283,12805.82117278782,12805.821396926009,12816.461683816951,15865.460891638904,"[[2297, 1, 11321], [2297, 1, 11355], [2297, 1, 11390], [2297, 1, 11523], [2297, 1, 11585], [2297, 1, 11789], [2297, 1, 11817], [2297, 1, 12020], [2297, 1, 12095], [2297, -1, -1], [2298, 1, 11383], [2298, 1, 11590], [2298, 1, 11798], [2298, -1, -1], [2299, 1, 10203], [2299, 1, 10402], [2299, -1, -1], [2300, -1, -1], [2301, 1, 10418], [2301, 1, 10617], [2301, 1, 10836], [2301, -1, -1], [2302, 1, 10855], [2302, 1, 11058], [2302, 1, 11365], [2302, -1, -1], [2303, 1, 10283], [2303, 1, 10415], [2303, 1, 10618], [2303, -1, -1], [2304, 1, 10040], [2304, 1, 10227], [2304, 1, 10604], [2304, 1, 10803], [2304, 1, 13040], [2304, 1, 13239], [2304, -1, -1], [2305, 1, 10401], [2305, 1, 10604], [2305, 1, 10788], [2305, 1, 10977], [2305, 1, 13148], [2305, 1, 13351], [2305, -1, -1], [2306, 1, 8000], [2306, 1, 8199], [2306, 1, 10868], [2306, 1, 11052], [2306, 1, 13526], [2306, 1, 13733], [2306, -1, -1], [2307, 1, 9672], [2307, 1, 9712], [2307, 1, 9905], [2307, 1, 10179], [2307, 1, 10364], [2307, 1, 10437], [2307, 1, 10636], [2307, 1, 10890], [2307, -1, -1]]"
1752865852.8525,7.999946691095829,12805.821082518773,12805.821389132547,12816.461683816951,15865.460891638904,"[[2308, 1, 9756], [2308, 1, 9834], [2308, 1, 9882], [2308, 1, 9954], [2308, 1, 10021], [2308, 1, 10068], [2308, 1, 12923], [2308, 1, 13123], [2308, -1, -1], [2309, 1, 9336], [2309, 1, 9539], [2309, 1, 12485], [2309, 1, 12688], [2309, -1, -1], [2310, 1, 10180], [2310, 1, 10379], [2310, 1, 12207], [2310, -1, -1], [2311, 1, 9783], [2311, 1, 9815], [2311, 1, 12523], [2311, 1, 12722], [2311, -1, -1], [2312, 1, 9093], [2312, 1, 9296], [2312, 1, 9956], [2312, 1, 9991], [2312, 1, 10186], [2312, 1, 12032], [2312, 1, 12221], [2312, -1, -1], [2313, 1, 9746], [2313, 1, 9781], [2313, 1, 9977], [2313, 1, 10116], [2313, 1, 10233], [2313, -1, -1], [2314, 1, 9863], [2314, 1, 10066], [2314, 1, 12482], [2314, 1, 12685], [2314, -1, -1], [2315, 1, 9757], [2315, 1, 9965], [2315, 1, 10357], [2315, 1, 10394], [2315, 1, 10587], [2315, -1, -1], [2316, 1, 10001], [2316, 1, 10043], [2316, 1, 10231], [2316, 1, 12653], [2316, 1, 12837], [2316, -1, -1], [2317, -1, -1], [2318, 1, 9766], [2318, 1, 9951], [2318, 1, 11591], [2318, 1, 11790], [2318, 1, 12010], [2318, 1, 12217], [2318, 1, 12604], [2318, 1, 12812], [2318, -1, -1]]"
1752865852.9635,9.999947018921375,12805.821082518773,12805.821386799384,12816.461684672797,15865.460891638904,"[[2319, 1, 11735], [2319, 1, 11939], [2319, 1, 12144], [2319, 1, 12343], [2319, -1, -1], [2320, 1, 11833], [2320, 1, 11867], [2320, 1, 12063], [2320, 1, 12551], [2320, -1, -1], [2321, 1, 11994], [2321, 1, 12029], [2321, 1, 12225], [2321, -1, -1], [2322, 1, 12177], [2322, 1, 12365], [2322, 1, 12650], [2322, -1, -1], [2323, -1, -1], [2324, 1, 11429], [2324, 1, 11632], [2324, -1, -1], [2325, 1, 8677], [2325, 1, 8707], [2325, 1, 8906], [2325, 1, 11560], [2325, 1, 11596], [2325, 1, 11772], [2325, 1, 11942], [2325, 1, 12242], [2325, -1, -1], [2326, -1, -1], [2327, 1, 11546], [2327, 1, 11749], [2327, 1, 12109], [2327, 1, 12144], [2327, 1, 12339], [2327, -1, -1], [2328, 1, 11337], [2328, 1, 11520], [2328, -1, -1], [2329, -1, -1]]"
1752865853.0725,11.999947346746922,12805.821094019127,12805.821386799384,12816.461684672797,15865.460891638904,"[[2330, 1, 10890], [2330, 1, 10947], [2330, 1, 11017], [2330, 1, 11087], [2330, 1, 11155], [2330, 1, 11220], [2330, 1, 11374], [2330, 1, 11405], [2330, 1, 11605], [2330, -1, -1], [2331, 1, 11323], [2331, 1, 11514], [2331, 1, 13710], [2331, 1, 13767], [2331, 1, 13940], [2331, -1, -1], [2332, 1, 10366], [2332, -1, -1], [2333, -1, -1], [2334, -1, -1], [2335, 1, 10613], [2335, 1, 10639], [2335, 1, 10783], [2335, 1, 10843], [2335, -1, -1], [2336, 1, 10563], [2336, 1, 10763], [2336, 1, 10911], [2336, 1, 11095], [2336, 1, 11433], [2336, 1, 11624], [2336, -1, -1], [2337, -1, -1], [2338, -1, -1], [2339, 1, 9987], [2339, 1, 10063], [2339, 1, 10218], [2339, 1, 10495], [2339, -1, -1], [2340, 1, 13353], [2340, 1, 13386], [2340, 1, 13582], [2340, 1, 13716], [2340, 1, 14493], [2340, -1, -1]]"
1752865853.1825,13.999946743249893,12805.821094019127,12805.821397743326,12816.461679722033,15865.460891638904,"[[2341, 1, 12425], [2341, 1, 12633], [2341, -1, -1], [2342, 1, 10165], [2342, 1, 10367], [2342, 1, 12655], [2342, 1, 12855], [2342, -1, -1], [2343, 1, 9558], [2343, 1, 9596], [2343, 1, 9789], [2343, -1, -1], [2344, 1, 12903], [2344, 1, 13102], [2344, -1, -1], [2345, -1, -1], [2346, -1, -1], [2347, -1, -1], [2348, -1, -1], [2349, -1, -1], [2350, 1, 11381], [2350, 1, 11571], [2350, -1, -1], [2351, -1, -1]]"
1752865853.2915,15.999947071075438,12805.821144313206,12805.821397743326,12816.461679722033,15865.460891638904,"[[2352, -1, -1], [2353, 1, 12240], [2353, 1, 12284], [2353, 1, 12477], [2353, 1, 12655], [2353, -1, -1], [2354, -1, -1], [2355, -1, -1], [2356, -1, -1], [2357, 1, 10898], [2357, 1, 11085], [2357, -1, -1], [2358, 1, 11633], [2358, 1, 11666], [2358, 1, 11862], [2358, -1, -1], [2359, -1, -1], [2360, 1, 14082], [2360, 1, 14273], [2360, -1, -1], [2361, 1, 14171], [2361, 1, 14356], [2361, -1, -1], [2362, 1, 10474], [2362, 1, 10678], [2362, -1, -1]]"
1752865853.4025,17.999947398900986,12805.821144313206,12805.821394250328,12816.461686889852,15865.460891638904,"[[2363, -1, -1], [2364, -1, -1], [2365, -1, -1], [2366, -1, -1], [2367, 1, 13100], [2367, 1, 13303], [2367, 1, 13598], [2367, 1, 14273], [2367, -1, -1], [2368, -1, -1], [2369, -1, -1], [2370, -1, -1], [2371, -1, -1], [2372, 1, 13005], [2372, 1, 13194], [2372, -1, -1], [2373, -1, -1]]"
1752865853.5136,19.999947726726532,12805.82117353552,12805.821394250328,12816.461687885518,15865.460891638904,"[[2374, -1, -1], [2375, 1, 9983], [2375, 1, 10017], [2375, 1, 10213], [2375, 1, 10356], [2375, 1, 11340], [2375, -1, -1], [2376, 1, 12883], [2376, 1, 13086], [2376, -1, -1], [2377, -1, -1], [2378, -1, -1], [2379, -1, -1], [2380, -1, -1], [2381, -1, -1], [2382, -1, -1], [2383, 1, 11608], [2383, 1, 11793], [2383, -1, -1], [2384, -1, -1]]"
1752865853.6235,21.99994805455208,12805.82117353552,12805.82138510214,12816.461687885518,15865.460891638904,"[[2385, -1, -1], [2386, -1, -1], [2387, -1, -1], [2388, -1, -1], [2389, -1, -1], [2390, -1, -1], [2391, -1, -1], [2392, -1, -1], [2393, -1, -1], [2394, -1, -1], [2395, -1, -1]]"
1752865853.7335,23.999948382377625,12805.8211959014,12805.82138510214,12816.4616893657,15865.460891638904,"[[2396, -1, -1], [2397, -1, -1], [2398, -1, -1], [2399, -1, -1], [2400, -1, -1], [2401, -1, -1], [2402, -1, -1], [2403, -1, -1], [2404, -1, -1], [2405, -1, -1], [2406, -1, -1]]"
1752865853.8435,25.99994871020317,12805.8211959014,12805.821386144851,12816.4616893657,15865.460891638904,"[[2407, -1, -1], [2408, -1, -1], [2409, -1, -1], [2410, 1, 11924], [2410, 1, 12109], [2410, -1, -1], [2411, -1, -1], [2412, -1, -1], [2413, -1, -1], [2414, -1, -1], [2415, -1, -1], [2416, -1, -1], [2417, 1, 11549], [2417, 1, 11748], [2417, -1, -1]]"
1752865853.9535,27.999949038028717,12805.82109329163,12805.821386144851,12816.461680804794,15865.460891638904,"[[2418, -1, -1], [2419, -1, -1], [2420, 1, 10923], [2420, 1, 11123], [2420, -1, -1], [2421, -1, -1], [2422, -1, -1], [2423, -1, -1], [2424, -1, -1], [2425, -1, -1], [2426, -1, -1], [2427, -1, -1], [2428, -1, -1]]"
1752865854.0645,29.999949365854263,12805.82107330544,12805.82139149785,12816.461680804794,15865.460891638904,"[[2429, -1, -1], [2430, -1, -1], [2431, -1, -1], [2432, -1, -1], [2433, -1, -1], [2434, 1, 10138], [2434, 1, 10342], [2434, -1, -1], [2435, 1, 10059], [2435, 1, 10258], [2435, -1, -1], [2436, -1, -1], [2437, -1, -1], [2438, -1, -1], [2439, -1, -1]]"
1752865854.1745,31.99994969367981,12805.82107330544,12805.82139149785,12816.461684625761,15865.460891638904,"[[2440, -1, -1], [2441, -1, -1], [2442, -1, -1], [2443, -1, -1], [2444, -1, -1], [2445, -1, -1], [2446, -1, -1], [2447, -1, -1], [2448, -1, -1], [2449, -1, -1], [2450, -1, -1]]"
1752865854.2845,33.999950021505356,12805.82110426718,12805.821388054661,12816.461684625761,15865.460891638904,"[[2451, -1, -1], [2452, -1, -1], [2453, -1, -1], [2454, -1, -1], [2455, -1, -1], [2456, -1, -1], [2457, -1, -1], [2458, -1, -1], [2459, -1, -1], [2460, -1, -1], [2461, -1, -1]]"
1752865854.3945,35.9999503493309,12805.82110426718,12805.821388054661,12816.461680398743,15865.460891638904,"[[2462, 1, 9899], [2462, 1, 9934], [2462, 1, 10130], [2462, -1, -1], [2463, -1, -1], [2464, -1, -1], [2465, -1, -1], [2466, -1, -1], [2467, -1, -1], [2468, -1, -1], [2469, -1, -1], [2470, -1, -1], [2471, -1, -1], [2472, -1, -1]]"
1752865854.5045,37.99995067715645,12805.82116339076,12805.821386557216,12816.461680398743,15865.460891638904,"[[2473, -1, -1], [2474, -1, -1], [2475, -1, -1], [2476, -1, -1], [2477, -1, -1], [2478, -1, -1], [2479, -1, -1], [2480, -1, -1], [2481, -1, -1], [2482, -1, -1], [2483, -1, -1]]"
1752865854.6135,39.999951004981995,12805.82116339076,12805.821396286206,12816.461674123568,15865.460891638904,"[[2484, -1, -1], [2485, -1, -1], [2486, -1, -1], [2487, -1, -1], [2488, -1, -1], [2489, -1, -1], [2490, -1, -1], [2491, -1, -1], [2492, -1, -1], [2493, -1, -1], [2494, -1, -1]]"
1752865854.7225,41.99995133280754,12805.821193569682,12805.821396286206,12816.461674123568,15865.460891638904,"[[2495, -1, -1], [2496, -1, -1], [2497, -1, -1], [2498, -1, -1], [2499, -1, -1], [2500, -1, -1], [2501, -1, -1], [2502, -1, -1], [2503, -1, -1], [2504, -1, -1], [2505, -1, -1]]"
1752865854.8325,43.99995166063309,12805.821193569682,12805.82138419667,12816.461686425386,15865.460891638904,"[[2506, -1, -1], [2507, -1, -1], [2508, 1, 26910], [2508, 1, 27109], [2508, -1, -1], [2509, -1, -1], [2510, -1, -1], [2511, -1, -1], [2512, -1, -1], [2513, -1, -1], [2514, -1, -1], [2515, -1, -1], [2516, -1, -1]]"
1752865854.9425,45.99995198845863,12805.82112225947,12805.82138419667,12816.461684576088,15865.460891638904,"[[2517, -1, -1], [2518, -1, -1], [2519, -1, -1], [2520, -1, -1], [2521, -1, -1], [2522, 1, 10987], [2522, 1, 11186], [2522, -1, -1], [2523, -1, -1], [2524, -1, -1], [2525, -1, -1], [2526, -1, -1], [2527, -1, -1]]"
1752865855.0525,47.99995231628418,12805.82112225947,12805.821389851413,12816.461684576088,15865.460891638904,"[[2528, -1, -1], [2529, -1, -1], [2530, -1, -1], [2531, -1, -1], [2532, -1, -1], [2533, -1, -1], [2534, -1, -1], [2535, -1, -1], [2536, -1, -1], [2537, -1, -1], [2538, -1, -1]]"
1752865855.1625,49.999952644109726,12805.821087599006,12805.821389851413,12816.461691280276,15865.460891638904,"[[2539, -1, -1], [2540, -1, -1], [2541, -1, -1], [2542, -1, -1], [2543, -1, -1], [2544, -1, -1], [2545, -1, -1], [2546, -1, -1], [2547, -1, -1], [2548, -1, -1], [2549, -1, -1]]"
1752865855.2725,51.99995297193527,12805.821078834091,12805.82138703523,12816.461691280276,15865.460891638904,"[[2550, -1, -1], [2551, -1, -1], [2552, -1, -1], [2553, -1, -1], [2554, -1, -1], [2555, -1, -1], [2556, -1, -1], [2557, 1, 10367], [2557, 1, 10401], [2557, 1, 10597], [2557, 1, 10871], [2557, -1, -1], [2558, -1, -1], [2559, -1, -1], [2560, -1, -1]]"
1752865855.3825,53.99995329976082,12805.821078834091,12805.82138703523,12816.461694778998,15865.460891638904,"[[2561, -1, -1], [2562, -1, -1], [2563, -1, -1], [2564, -1, -1], [2565, 1, 10012], [2565, 1, 10210], [2565, 1, 10646], [2565, -1, -1], [2566, 1, 10994], [2566, 1, 11192], [2566, -1, -1], [2567, -1, -1], [2568, -1, -1], [2569, 1, 10443], [2569, 1, 10645], [2569, -1, -1], [2570, -1, -1], [2571, -1, -1]]"
1752865855.4935,55.999953627586365,12805.821078834091,12805.821387858843,12816.461694778998,15865.460891638904,"[[2572, -1, -1], [2573, -1, -1], [2574, -1, -1], [2575, -1, -1], [2576, -1, -1], [2577, -1, -1], [2578, -1, -1], [2579, -1, -1], [2580, -1, -1], [2581, -1, -1], [2582, -1, -1]]"
1752865855.6035,57.99995395541191,12805.821078834091,12805.821394524712,12816.461691093251,15865.460891638904,"[[2583, -1, -1], [2584, -1, -1], [2585, -1, -1], [2586, -1, -1], [2587, -1, -1], [2588, -1, -1], [2589, -1, -1], [2590, -1, -1], [2591, 1, 9551], [2591, 1, 9737], [2591, -1, -1], [2592, -1, -1], [2593, -1, -1]]"
1752865855.7125,59.99995428323746,12805.82116129783,12805.821394524712,12816.461691093251,15865.460891638904,"[[2594, -1, -1], [2595, -1, -1], [2596, -1, -1], [2597, -1, -1], [2598, -1, -1], [2599, -1, -1], [2600, -1, -1], [2601, -1, -1], [2602, -1, -1], [2603, -1, -1], [2604, -1, -1]]"
1752865855.8215,61.999950885772705,12805.82116129783,12805.821395899435,12816.461685639888,15865.460891638904,"[[2605, -1, -1], [2606, -1, -1], [2607, -1, -1], [2608, -1, -1], [2609, -1, -1], [2610, -1, -1], [2611, -1, -1], [2612, -1, -1], [2613, -1, -1], [2614, -1, -1], [2615, -1, -1]]"
1752865855.931,63.99994748830795,12805.821198119569,12805.821395899435,12816.461685639888,15865.460891638904,"[[2616, -1, -1], [2617, -1, -1], [2618, -1, -1], [2619, -1, -1], [2620, -1, -1], [2621, -1, -1], [2622, -1, -1], [2623, -1, -1], [2624, -1, -1], [2625, -1, -1]]"
1752865856.041,65.9999440908432,12805.821198119569,12805.821393480333,12816.461674582974,15865.460891638904,"[[2627, -1, -1], [2628, -1, -1], [2629, -1, -1], [2630, -1, -1], [2631, -1, -1], [2632, -1, -1], [2633, -1, -1], [2634, 1, 10855], [2634, 1, 11054], [2634, -1, -1], [2635, -1, -1], [2636, -1, -1]]"
1752865856.151,67.99994069337845,12805.821113698015,12805.821393480333,12816.461686387287,15865.460891638904,"[[2638, -1, -1], [2639, -1, -1], [2640, -1, -1], [2641, 1, 9679], [2641, 1, 9878], [2641, -1, -1], [2642, -1, -1], [2643, -1, -1], [2644, -1, -1], [2645, -1, -1], [2646, -1, -1], [2647, -1, -1]]"
1752865856.26,69.9999372959137,12805.821113698015,12805.82139935035,12816.461686387287,15865.460891638904,"[[2649, -1, -1], [2650, -1, -1], [2651, -1, -1], [2652, -1, -1], [2653, -1, -1], [2654, -1, -1], [2655, -1, -1], [2656, -1, -1], [2657, -1, -1], [2658, -1, -1]]"
1752865856.3705,71.99993389844894,12805.821054512198,12805.82139935035,12816.461686590941,15865.460891638904,"[[2660, -1, -1], [2661, -1, -1], [2662, -1, -1], [2663, -1, -1], [2664, -1, -1], [2665, -1, -1], [2666, -1, -1], [2667, -1, -1], [2668, -1, -1], [2669, -1, -1]]"
1752865856.4795,73.99993050098419,12805.821054512198,12805.821405280793,12816.461686590941,15865.460891638904,"[[2670, -1, -1], [2671, -1, -1], [2672, -1, -1], [2673, -1, -1], [2674, -1, -1], [2675, -1, -1], [2676, -1, -1], [2677, -1, -1], [2678, -1, -1], [2679, -1, -1], [2680, -1, -1]]"
1752865856.5895,75.99992710351944,12805.821148157103,12805.821405280793,12816.461681214212,15865.460891638904,"[[2681, -1, -1], [2682, -1, -1], [2683, -1, -1], [2684, -1, -1], [2685, -1, -1], [2686, -1, -1], [2687, -1, -1], [2688, -1, -1], [2689, -1, -1], [2690, -1, -1], [2691, -1, -1]]"
1752865856.6985,77.99992370605469,12805.821148157103,12805.82139644254,12816.461681214212,15865.460891638904,"[[2692, -1, -1], [2693, -1, -1], [2694, -1, -1], [2695, 1, 9539], [2695, 1, 9626], [2695, 1, 9768], [2695, 1, 9814], [2695, 1, 10181], [2695, -1, -1], [2696, -1, -1], [2697, -1, -1], [2698, -1, -1], [2699, -1, -1], [2700, -1, -1], [2701, -1, -1], [2702, -1, -1]]"
1752865856.8075,79.99992030858994,12805.821151018528,12805.82139644254,12816.461688037774,15865.460891638904,"[[2703, -1, -1], [2704, -1, -1], [2705, -1, -1], [2706, -1, -1], [2707, -1, -1], [2708, -1, -1], [2709, -1, -1], [2710, -1, -1], [2711, -1, -1], [2712, -1, -1], [2713, -1, -1]]"
1752865856.9175,81.99991691112518,12805.821197592051,12805.82139891904,12816.461688037774,15865.460891638904,"[[2714, -1, -1], [2715, -1, -1], [2716, -1, -1], [2717, -1, -1], [2718, -1, -1], [2719, -1, -1], [2720, -1, -1], [2721, -1, -1], [2722, -1, -1], [2723, -1, -1], [2724, -1, -1]]"
1752865857.0275,83.99991351366043,12805.821197592051,12805.82139891904,12816.461685422282,15865.460891638904,"[[2725, -1, -1], [2726, -1, -1], [2727, -1, -1], [2728, -1, -1], [2729, -1, -1], [2730, -1, -1], [2731, -1, -1], [2732, -1, -1], [2733, -1, -1], [2734, -1, -1], [2735, -1, -1]]"
1752865857.1376,85.99991011619568,12805.821197592051,12805.821402373816,12816.461685422282,15865.460891638904,"[[2736, -1, -1], [2737, -1, -1], [2738, -1, -1], [2739, -1, -1], [2740, -1, -1], [2741, -1, -1], [2742, -1, -1], [2743, -1, -1], [2744, -1, -1], [2745, -1, -1], [2746, -1, -1]]"
1752865857.2465,87.99990671873093,12805.82111364438,12805.821402373816,12816.461682843026,15865.460891638904,"[[2747, -1, -1], [2748, -1, -1], [2749, -1, -1], [2750, -1, -1], [2751, -1, -1], [2752, -1, -1], [2753, -1, -1], [2754, -1, -1], [2755, -1, -1], [2756, -1, -1], [2757, -1, -1]]"
1752865857.3555,89.99990332126617,12805.821077223633,12805.821397151409,12816.461682843026,15865.460891638904,"[[2758, -1, -1], [2759, -1, -1], [2760, -1, -1], [2761, 1, 11711], [2761, 1, 11754], [2761, 1, 11944], [2761, -1, -1], [2762, -1, -1], [2763, -1, -1], [2764, -1, -1], [2765, -1, -1], [2766, -1, -1], [2767, -1, -1], [2768, -1, -1]]"
1752865857.4655,91.99989992380142,12805.821077223633,12805.821397151409,12816.461684946793,15865.460891638904,"[[2769, -1, -1], [2770, -1, -1], [2771, -1, -1], [2772, -1, -1], [2773, -1, -1], [2774, -1, -1], [2775, -1, -1], [2776, 1, 10509], [2776, 1, 10543], [2776, 1, 10738], [2776, -1, -1], [2777, -1, -1], [2778, -1, -1], [2779, -1, -1]]"
1752865857.5755,93.99989652633667,12805.82110360743,12805.821404469318,12816.461684946793,15865.460891638904,"[[2780, -1, -1], [2781, -1, -1], [2782, -1, -1], [2783, -1, -1], [2784, -1, -1], [2785, -1, -1], [2786, -1, -1], [2787, -1, -1], [2788, -1, -1], [2789, -1, -1], [2790, -1, -1]]"
1752865857.6875,95.99989312887192,12805.82110360743,12805.821404469318,12816.461685264194,15865.460891638904,"[[2791, 1, 11564], [2791, 1, 11767], [2791, -1, -1], [2792, -1, -1], [2793, -1, -1], [2794, -1, -1], [2795, -1, -1], [2796, -1, -1], [2797, -1, -1], [2798, -1, -1], [2799, -1, -1], [2800, -1, -1], [2801, -1, -1]]"
1752865857.7975,97.99988973140717,12805.821146484994,12805.821400729885,12816.461685264194,15865.460891638904,"[[2802, -1, -1], [2803, -1, -1], [2804, -1, -1], [2805, -1, -1], [2806, -1, -1], [2807, -1, -1], [2808, -1, -1], [2809, -1, -1], [2810, -1, -1], [2811, -1, -1], [2812, -1, -1]]"
1752865857.9186,-152.00000596046448,12805.821146484994,12805.821418458658,12816.461687834035,15865.460891638904,"[[2814, -1, -1], [2815, -1, -1], [2816, -1, -1], [2817, -1, -1], [2818, -1, -1], [2819, -1, -1], [2820, -1, -1], [2821, -1, -1], [2822, -1, -1], [2823, -1, -1], [2824, -1, -1]]"
1752865858.0295,-150.00000190734863,12805.821192981408,12805.821418458658,12816.461687834035,15865.460891638904,"[[2825, -1, -1], [2826, -1, -1], [2827, -1, -1], [2828, -1, -1], [2829, -1, -1], [2830, -1, -1], [2831, -1, -1], [2832, -1, -1], [2833, -1, -1], [2834, -1, -1], [2835, -1, -1]]"
1752865858.1385,-147.9999978542328,12805.821192981408,12805.821418458658,12816.46168490499,15865.460891638904,"[[2836, -1, -1], [2837, -1, -1], [2838, -1, -1], [2839, -1, -1], [2840, -1, -1], [2841, -1, -1], [2842, -1, -1], [2843, -1, -1], [2844, -1, -1], [2845, -1, -1], [2846, -1, -1]]"
1752865858.2475,-145.99999380111694,12805.821160948643,12805.821410603477,12816.46168490499,15865.460891638904,"[[2847, -1, -1], [2848, -1, -1], [2849, -1, -1], [2850, -1, -1], [2851, -1, -1], [2852, -1, -1], [2853, -1, -1], [2854, -1, -1], [2855, -1, -1], [2856, -1, -1], [2857, -1, -1]]"
1752865858.3575,-143.9999897480011,12805.821160948643,12805.82139626451,12816.461681195333,15865.460891638904,"[[2858, -1, -1], [2859, -1, -1], [2860, -1, -1], [2861, -1, -1], [2862, -1, -1], [2863, -1, -1], [2864, -1, -1], [2865, -1, -1], [2866, -1, -1], [2867, -1, -1], [2868, -1, -1]]"
1752865858.4665,-141.99998569488525,12805.82109185781,12805.82139626451,12816.461681195333,15865.460891638904,"[[2869, -1, -1], [2870, -1, -1], [2871, -1, -1], [2872, -1, -1], [2873, -1, -1], [2874, -1, -1], [2875, -1, -1], [2876, -1, -1], [2877, 1, 9273], [2877, 1, 9481], [2877, -1, -1], [2878, -1, -1], [2879, -1, -1]]"
1752865858.5765,-139.9999816417694,12805.82109185781,12805.821404072529,12816.461681320769,15865.460891638904,"[[2880, -1, -1], [2881, -1, -1], [2882, -1, -1], [2883, -1, -1], [2884, -1, -1], [2885, -1, -1], [2886, -1, -1], [2887, -1, -1], [2888, -1, -1], [2889, -1, -1], [2890, -1, -1]]"
1752865858.6865,-137.99997758865356,12805.82109185781,12805.821404072529,12816.461681320769,15865.460891638904,"[[2891, -1, -1], [2892, -1, -1], [2893, -1, -1], [2894, -1, -1], [2895, -1, -1], [2896, -1, -1], [2897, -1, -1], [2898, -1, -1], [2899, -1, -1], [2900, -1, -1], [2901, -1, -1]]"
1752865858.7955,-135.99997353553772,12805.821129240114,12805.821404072529,12816.461682801253,15865.460891638904,"[[2902, -1, -1], [2903, -1, -1], [2904, -1, -1], [2905, -1, -1], [2906, -1, -1], [2907, -1, -1], [2908, -1, -1], [2909, -1, -1], [2910, -1, -1], [2911, -1, -1], [2912, -1, -1]]"
1752865858.9045,-133.99996948242188,12805.821129240114,12805.82139975806,12816.461682801253,15865.460891638904,"[[2913, -1, -1], [2914, -1, -1], [2915, -1, -1], [2916, 1, 9540], [2916, -1, -1], [2917, -1, -1], [2918, -1, -1], [2919, -1, -1], [2920, -1, -1], [2921, -1, -1], [2922, -1, -1], [2923, -1, -1]]"
1752865859.0145,-131.99996542930603,12805.821168258708,12805.82139975806,12816.461679238237,15865.460891638904,"[[2924, -1, -1], [2925, -1, -1], [2926, -1, -1], [2927, -1, -1], [2928, -1, -1], [2929, -1, -1], [2930, -1, -1], [2931, -1, -1], [2932, -1, -1], [2933, -1, -1], [2934, -1, -1]]"
1752865859.1245,-129.99996137619019,12805.821208008374,12805.821402418087,12816.461679238237,15865.460891638904,"[[2935, -1, -1], [2936, -1, -1], [2937, -1, -1], [2938, -1, -1], [2939, -1, -1], [2940, -1, -1], [2941, -1, -1], [2942, -1, -1], [2943, -1, -1], [2944, 1, 212961], [2944, 1, 213163], [2944, -1, -1], [2945, -1, -1]]"
1752865859.2345,-127.99995732307434,12805.821208008374,12805.821402418087,12816.461688172958,15865.460891638904,"[[2946, -1, -1], [2947, -1, -1], [2948, -1, -1], [2949, -1, -1], [2950, -1, -1], [2951, -1, -1], [2952, -1, -1], [2953, -1, -1], [2954, -1, -1], [2955, -1, -1], [2956, -1, -1]]"
1752865859.3445,-125.9999607205391,12805.821144020914,12805.821392235805,12816.461688172958,15865.460891638904,"[[2957, -1, -1], [2958, -1, -1], [2959, -1, -1], [2960, -1, -1], [2961, -1, -1], [2962, -1, -1], [2963, -1, -1], [2964, -1, -1], [2965, -1, -1], [2966, -1, -1], [2967, -1, -1]]"
1752865859.4545,-123.99996411800385,12805.821144020914,12805.821392235805,12816.46167677717,15865.460891638904,"[[2968, -1, -1], [2969, -1, -1], [2970, -1, -1], [2971, -1, -1], [2972, -1, -1], [2973, -1, -1], [2974, -1, -1], [2975, -1, -1], [2976, -1, -1], [2977, -1, -1], [2978, -1, -1]]"
1752865859.5645,-121.9999675154686,12805.821062286552,12805.821393464921,12816.46167677717,15865.460891638904,"[[2979, -1, -1], [2980, -1, -1], [2981, -1, -1], [2982, -1, -1], [2983, -1, -1], [2984, -1, -1], [2985, -1, -1], [2986, -1, -1], [2987, 1, 11114], [2987, 1, 11313], [2987, -1, -1], [2988, -1, -1], [2989, -1, -1]]"
1752865859.6736,-119.99997091293335,12805.821062286552,12805.821393464921,12816.461688450221,15865.460891638904,"[[2990, -1, -1], [2991, -1, -1], [2992, -1, -1], [2993, -1, -1], [2994, -1, -1], [2995, -1, -1], [2996, -1, -1], [2997, -1, -1], [2998, -1, -1], [2999, -1, -1], [3000, -1, -1]]"
1752865859.7826,-117.9999743103981,12805.821077373972,12805.821392839274,12816.461688450221,15865.460891638904,"[[3001, -1, -1], [3002, -1, -1], [3003, -1, -1], [3004, -1, -1], [3005, -1, -1], [3006, -1, -1], [3007, -1, -1], [3008, -1, -1], [3009, -1, -1], [3010, -1, -1], [3011, -1, -1]]"
1752865859.8925,-115.99997770786285,12805.821077373972,12805.821392839274,12816.461688183736,15865.460891638904,"[[3012, -1, -1], [3013, -1, -1], [3014, -1, -1], [3015, -1, -1], [3016, -1, -1], [3017, -1, -1], [3018, -1, -1], [3019, -1, -1], [3020, -1, -1], [3021, 1, 13813], [3021, 1, 14012], [3021, -1, -1], [3022, -1, -1]]"
1752865860.0025,-113.9999811053276,12805.821118718937,12805.821393736182,12816.461688183736,15865.460891638904,"[[3023, -1, -1], [3024, -1, -1], [3025, -1, -1], [3026, 1, 112132], [3026, 1, 112317], [3026, -1, -1], [3027, -1, -1], [3028, -1, -1], [3029, -1, -1], [3030, -1, -1], [3031, -1, -1], [3032, -1, -1], [3033, -1, -1]]"
1752865860.1135,-111.99998450279236,12805.821118718937,12805.821400994959,12816.461681100262,15865.460891638904,"[[3034, -1, -1], [3035, 1, 12530], [3035, 1, 12729], [3035, -1, -1], [3036, -1, -1], [3037, -1, -1], [3038, -1, -1], [3039, -1, -1], [3040, -1, -1], [3041, -1, -1], [3042, -1, -1], [3043, -1, -1], [3044, -1, -1]]"
1752865860.2235,-109.99998790025711,12805.821161804906,12805.821400994959,12816.461681100262,15865.460891638904,"[[3045, -1, -1], [3046, -1, -1], [3047, -1, -1], [3048, 1, 7779], [3048, 1, 7967], [3048, -1, -1], [3049, -1, -1], [3050, -1, -1], [3051, -1, -1], [3052, -1, -1], [3053, -1, -1], [3054, -1, -1], [3055, -1, -1]]"
1752865860.3325,-107.99999129772186,12805.821161804906,12805.821396921217,12816.461687291803,15865.460891638904,"[[3056, -1, -1], [3057, -1, -1], [3058, -1, -1], [3059, 1, 12857], [3059, 1, 13045], [3059, -1, -1], [3060, -1, -1], [3061, -1, -1], [3062, -1, -1], [3063, -1, -1], [3064, -1, -1], [3065, -1, -1], [3066, -1, -1]]"
1752865860.4425,-105.99999469518661,12805.821137478943,12805.821396921217,12816.461687291803,15865.460891638904,"[[3067, -1, -1], [3068, -1, -1], [3069, 1, 11054], [3069, 1, 11089], [3069, 1, 11284], [3069, 1, 11956], [3069, 1, 12146], [3069, -1, -1], [3070, -1, -1], [3071, -1, -1], [3072, -1, -1], [3073, -1, -1], [3074, -1, -1], [3075, -1, -1], [3076, -1, -1], [3077, -1, -1]]"
1752865860.5525,-103.99999809265137,12805.821137478943,12805.821398174561,12816.461682389712,15865.460891638904,"[[3078, -1, -1], [3079, 1, 10987], [3079, 1, 11187], [3079, -1, -1], [3080, -1, -1], [3081, -1, -1], [3082, -1, -1], [3083, -1, -1], [3084, -1, -1], [3085, -1, -1], [3086, -1, -1], [3087, -1, -1], [3088, -1, -1]]"
1752865860.661,-102.00000149011612,12805.821074214497,12805.821398174561,12816.461682389712,15865.460891638904,"[[3089, -1, -1], [3090, -1, -1], [3091, -1, -1], [3092, -1, -1], [3093, -1, -1], [3094, -1, -1], [3095, 1, 12295], [3095, 1, 12329], [3095, 1, 12524], [3095, 1, 12699], [3095, -1, -1], [3096, -1, -1], [3097, -1, -1], [3098, -1, -1]]"
1752865860.7705,-100.00000488758087,12805.821074214497,12805.821386380805,12816.461689120253,15865.460891638904,"[[3100, -1, -1], [3101, -1, -1], [3102, -1, -1], [3103, -1, -1], [3104, -1, -1], [3105, -1, -1], [3106, -1, -1], [3107, 1, 9879], [3107, 1, 10063], [3107, -1, -1], [3108, -1, -1], [3109, -1, -1]]"
1752865860.8802,-98.00000828504562,12805.821052522719,12805.821386380805,12816.461689120253,15865.460891638904,"[[3110, -1, -1], [3111, -1, -1], [3112, -1, -1], [3113, -1, -1], [3114, -1, -1], [3115, -1, -1], [3116, -1, -1], [3117, -1, -1], [3118, -1, -1], [3119, -1, -1], [3120, -1, -1]]"
1752865860.9895,-96.00001168251038,12805.821052522719,12805.821401880054,12816.461682498775,15865.460891638904,"[[3121, -1, -1], [3122, -1, -1], [3123, -1, -1], [3124, -1, -1], [3125, -1, -1], [3126, 1, 9676], [3126, 1, 9858], [3126, -1, -1], [3127, -1, -1], [3128, 1, 10248], [3128, 1, 10282], [3128, 1, 10478], [3128, -1, -1], [3129, 1, 12391], [3129, 1, 12577], [3129, -1, -1], [3130, -1, -1], [3131, -1, -1]]"
1752865861.0995,-94.00001507997513,12805.821135183614,12805.821401880054,12816.461682498775,15865.460891638904,"[[3132, -1, -1], [3133, -1, -1], [3134, -1, -1], [3135, -1, -1], [3136, -1, -1], [3137, -1, -1], [3138, -1, -1], [3139, -1, -1], [3140, -1, -1], [3141, -1, -1], [3142, -1, -1]]"
1752865861.2085,-92.00001847743988,12805.821135183614,12805.821403431457,12816.461689876902,15865.460891638904,"[[3143, 1, 10785], [3143, 1, 10820], [3143, 1, 11017], [3143, 1, 11234], [3143, -1, -1], [3144, -1, -1], [3145, -1, -1], [3146, -1, -1], [3147, -1, -1], [3148, -1, -1], [3149, -1, -1], [3150, -1, -1], [3151, -1, -1], [3152, -1, -1], [3153, -1, -1]]"
1752865861.3175,-90.00002187490463,12805.821136866012,12805.821403431457,12816.4616813766,15865.460891638904,"[[3154, -1, -1], [3155, -1, -1], [3156, -1, -1], [3157, -1, -1], [3158, -1, -1], [3159, -1, -1], [3160, -1, -1], [3161, -1, -1], [3162, -1, -1], [3163, -1, -1], [3164, -1, -1]]"
1752865861.4275,-88.00002527236938,12805.821136866012,12805.821399187711,12816.4616813766,15865.460891638904,"[[3165, -1, -1], [3166, -1, -1], [3167, -1, -1], [3168, -1, -1], [3169, -1, -1], [3170, -1, -1], [3171, -1, -1], [3172, -1, -1], [3173, -1, -1], [3174, -1, -1], [3175, -1, -1]]"
1752865861.5367,-86.00002866983414,12805.821180521403,12805.821399187711,12816.4616866185,15865.460891638904,"[[3176, -1, -1], [3177, -1, -1], [3178, -1, -1], [3179, -1, -1], [3180, -1, -1], [3181, -1, -1], [3182, -1, -1], [3183, -1, -1], [3184, -1, -1], [3185, -1, -1], [3186, 1, 10929], [3186, 1, 11115], [3186, -1, -1]]"
1752865861.6465,-84.00003206729889,12805.821180521403,12805.821392608725,12816.4616866185,15865.460891638904,"[[3187, -1, -1], [3188, -1, -1], [3189, -1, -1], [3190, -1, -1], [3191, -1, -1], [3192, -1, -1], [3193, 1, 9985], [3193, 1, 10019], [3193, 1, 10215], [3193, -1, -1], [3194, -1, -1], [3195, -1, -1], [3196, -1, -1], [3197, -1, -1]]"
1752865861.7555,-82.00003546476364,12805.821091170434,12805.821392608725,12816.46168037386,15865.460891638904,"[[3198, -1, -1], [3199, -1, -1], [3200, -1, -1], [3201, -1, -1], [3202, 1, 11677], [3202, 1, 11876], [3202, -1, -1], [3203, -1, -1], [3204, -1, -1], [3205, -1, -1], [3206, -1, -1], [3207, -1, -1], [3208, -1, -1]]"
1752865861.8645,-80.0000388622284,12805.821091170434,12805.821389093235,12816.46168037386,15865.460891638904,"[[3209, -1, -1], [3210, -1, -1], [3211, -1, -1], [3212, -1, -1], [3213, -1, -1], [3214, -1, -1], [3215, -1, -1], [3216, 1, 10620], [3216, 1, 10654], [3216, 1, 10849], [3216, 1, 11308], [3216, -1, -1], [3217, -1, -1], [3218, -1, -1], [3219, -1, -1]]"
1752865861.9742,-78.00004225969315,12805.821050340695,12805.821389093235,12816.461677862206,15865.460891638904,"[[3220, -1, -1], [3221, -1, -1], [3222, -1, -1], [3223, 1, 6879], [3223, 1, 6927], [3223, 1, 7094], [3223, 1, 7314], [3223, 1, 12324], [3223, 1, 12508], [3223, -1, -1], [3224, -1, -1], [3225, -1, -1], [3226, -1, -1], [3227, -1, -1], [3228, 1, 10673], [3228, 1, 10699], [3228, 1, 10830], [3228, 1, 10902], [3228, 1, 11042], [3228, -1, -1], [3229, -1, -1], [3230, -1, -1]]"
1752865862.0855,-76.0000456571579,12805.821109004164,12805.821385143454,12816.461677862206,15865.460891638904,"[[3231, -1, -1], [3232, -1, -1], [3233, -1, -1], [3234, 1, 10823], [3234, 1, 11032], [3234, -1, -1], [3235, -1, -1], [3236, -1, -1], [3237, -1, -1], [3238, -1, -1], [3239, -1, -1], [3240, -1, -1], [3241, 1, 7711], [3241, 1, 7914], [3241, 1, 10516], [3241, 1, 10716], [3241, 1, 11090], [3241, -1, -1]]"
1752865862.1955,-74.00004905462265,12805.821109004164,12805.821385143454,12816.461679960006,15865.460891638904,"[[3242, -1, -1], [3243, -1, -1], [3244, -1, -1], [3245, -1, -1], [3246, 1, 9043], [3246, 1, 9242], [3246, -1, -1], [3247, -1, -1], [3248, -1, -1], [3249, 1, 12920], [3249, 1, 13120], [3249, 1, 13388], [3249, -1, -1], [3250, -1, -1], [3251, -1, -1], [3252, 1, 13582], [3252, 1, 13616], [3252, 1, 13811], [3252, -1, -1]]"
1752865862.3045,-72.0000524520874,12805.82113086468,12805.821390318126,12816.461679960006,15865.460891638904,"[[3253, -1, -1], [3254, -1, -1], [3255, -1, -1], [3256, -1, -1], [3257, -1, -1], [3258, -1, -1], [3259, -1, -1], [3260, -1, -1], [3261, -1, -1], [3262, -1, -1], [3263, -1, -1]]"
1752865862.4145,-70.00005584955215,12805.82113086468,12805.821390318126,12816.461680768802,15865.460891638904,"[[3264, -1, -1], [3265, -1, -1], [3266, -1, -1], [3267, -1, -1], [3268, -1, -1], [3269, -1, -1], [3270, -1, -1], [3271, -1, -1], [3272, -1, -1], [3273, -1, -1], [3274, -1, -1]]"
1752865862.5245,-68.0000592470169,12805.821193975955,12805.821389844989,12816.461680768802,15865.460891638904,"[[3275, 1, 10913], [3275, 1, 11116], [3275, -1, -1], [3276, -1, -1], [3277, -1, -1], [3278, -1, -1], [3279, -1, -1], [3280, -1, -1], [3281, -1, -1], [3282, -1, -1], [3283, -1, -1], [3284, -1, -1], [3285, -1, -1]]"
1752865862.6345,-66.00006264448166,12805.821193975955,12805.821389844989,12816.461688931418,15865.460891638904,"[[3286, 1, 10757], [3286, 1, 10968], [3286, -1, -1], [3287, -1, -1], [3288, -1, -1], [3289, -1, -1], [3290, -1, -1], [3291, -1, -1], [3292, -1, -1], [3293, -1, -1], [3294, 1, 12756], [3294, 1, 12959], [3294, -1, -1], [3295, -1, -1], [3296, 1, 14634], [3296, 1, 14670], [3296, 1, 14865], [3296, 1, 15201], [3296, -1, -1]]"
1752865862.7425,-64.00006231665611,12805.82112021456,12805.821378961482,12816.461688931418,15865.460891638904,"[[3297, -1, -1], [3298, -1, -1], [3299, -1, -1], [3300, -1, -1], [3301, -1, -1], [3302, -1, -1], [3303, -1, -1], [3304, -1, -1], [3305, -1, -1], [3306, -1, -1], [3307, -1, -1]]"
1752865862.8515,-62.000061988830566,12805.82112021456,12805.821371606207,12816.461681206374,15865.460891638904,"[[3308, -1, -1], [3309, -1, -1], [3310, -1, -1], [3311, -1, -1], [3312, 1, 11500], [3312, 1, 11535], [3312, 1, 11730], [3312, -1, -1], [3313, -1, -1], [3314, -1, -1], [3315, 1, 11221], [3315, 1, 11424], [3315, 1, 11761], [3315, -1, -1], [3316, -1, -1], [3317, -1, -1], [3318, -1, -1]]"
1752865862.9605,-60.00006166100502,12805.821055439914,12805.821371606207,12816.461681206374,15865.460891638904,"[[3319, -1, -1], [3320, 1, 9182], [3320, 1, 9386], [3320, -1, -1], [3321, -1, -1], [3322, -1, -1], [3323, -1, -1], [3324, -1, -1], [3325, -1, -1], [3326, -1, -1], [3327, -1, -1], [3328, -1, -1]]"
1752865863.0699,-58.000061333179474,12805.821055439914,12805.82138658338,12816.461685718108,15865.460891638904,"[[3329, -1, -1], [3330, -1, -1], [3331, -1, -1], [3332, -1, -1], [3333, -1, -1], [3334, -1, -1], [3335, -1, -1], [3336, -1, -1], [3337, -1, -1], [3338, -1, -1], [3339, -1, -1]]"
1752865863.1795,-56.00006100535393,12805.82106240044,12805.82138658338,12816.461685718108,15865.460891638904,"[[3340, -1, -1], [3341, -1, -1], [3342, -1, -1], [3343, -1, -1], [3344, -1, -1], [3345, -1, -1], [3346, -1, -1], [3347, -1, -1], [3348, -1, -1], [3349, 1, 12988], [3349, 1, 13171], [3349, -1, -1], [3350, -1, -1]]"
1752865863.2885,-54.00006067752838,12805.82106240044,12805.821377238773,12816.461687505547,15865.460891638904,"[[3351, -1, -1], [3352, -1, -1], [3353, -1, -1], [3354, -1, -1], [3355, -1, -1], [3356, -1, -1], [3357, -1, -1], [3358, -1, -1], [3359, 1, 12280], [3359, 1, 12318], [3359, 1, 12510], [3359, -1, -1], [3360, -1, -1], [3361, 1, 12266], [3361, 1, 12451], [3361, -1, -1]]"
1752865863.3975,-52.000060349702835,12805.821125668426,12805.821377238773,12816.461687505547,15865.460891638904,"[[3362, -1, -1], [3363, 1, 10662], [3363, 1, 10865], [3363, -1, -1], [3364, -1, -1], [3365, 1, 11202], [3365, 1, 11402], [3365, -1, -1], [3366, -1, -1], [3367, 1, 12792], [3367, 1, 12991], [3367, -1, -1], [3368, -1, -1], [3369, 1, 11664], [3369, -1, -1], [3370, -1, -1], [3371, -1, -1], [3372, -1, -1]]"
1752865863.5065,-50.00006002187729,12805.821125668426,12805.821376963198,12816.4616857917,15865.460891638904,"[[3373, -1, -1], [3374, -1, -1], [3375, 1, 10992], [3375, 1, 11195], [3375, -1, -1], [3376, -1, -1], [3377, -1, -1], [3378, -1, -1], [3379, -1, -1], [3380, -1, -1], [3381, -1, -1], [3382, -1, -1], [3383, -1, -1]]"
1752865863.6165,-48.00005969405174,12805.821153646173,12805.821376963198,12816.461678720945,15865.460891638904,"[[3384, -1, -1], [3385, 1, 11737], [3385, 1, 11936], [3385, -1, -1], [3386, -1, -1], [3387, -1, -1], [3388, -1, -1], [3389, -1, -1], [3390, -1, -1], [3391, -1, -1], [3392, -1, -1], [3393, -1, -1], [3394, -1, -1]]"
1752865863.7265,-46.000059366226196,12805.821153646173,12805.821368233033,12816.461678720945,15865.460891638904,"[[3395, -1, -1], [3396, 1, 10694], [3396, 1, 10885], [3396, -1, -1], [3397, -1, -1], [3398, -1, -1], [3399, -1, -1], [3400, -1, -1], [3401, -1, -1], [3402, -1, -1], [3403, -1, -1], [3404, 1, 10204], [3404, 1, 10407], [3404, -1, -1], [3405, -1, -1]]"
1752865863.8351,-44.00005903840065,12805.821079582387,12805.821368233033,12816.461683902797,15865.460891638904,"[[3406, -1, -1], [3407, 1, 36401], [3407, 1, 36586], [3407, -1, -1], [3408, -1, -1], [3409, -1, -1], [3410, -1, -1], [3411, -1, -1], [3412, -1, -1], [3413, -1, -1], [3414, -1, -1], [3415, -1, -1], [3416, -1, -1]]"
1752865863.9446,-42.000058710575104,12805.821079582387,12805.821383913642,12816.461683902797,15865.460891638904,"[[3417, 1, 11513], [3417, 1, 11698], [3417, -1, -1], [3418, -1, -1], [3419, -1, -1], [3420, -1, -1], [3421, -1, -1], [3422, -1, -1], [3423, -1, -1], [3424, -1, -1], [3425, -1, -1], [3426, -1, -1], [3427, -1, -1]]"
1752865864.0555,-40.00005838274956,12805.821058778702,12805.821383913642,12816.461688212845,15865.460891638904,"[[3428, 1, 11259], [3428, 1, 11447], [3428, 1, 12216], [3428, 1, 12400], [3428, -1, -1], [3429, 1, 11195], [3429, 1, 11394], [3429, -1, -1], [3430, -1, -1], [3431, -1, -1], [3432, -1, -1], [3433, -1, -1], [3434, -1, -1], [3435, -1, -1], [3436, -1, -1], [3437, -1, -1], [3438, -1, -1]]"
1752865864.1655,-38.00005805492401,12805.821058908457,12805.82138136831,12816.461688212845,15865.460891638904,"[[3439, -1, -1], [3440, -1, -1], [3441, -1, -1], [3442, -1, -1], [3443, -1, -1], [3444, 1, 11599], [3444, 1, 11633], [3444, 1, 11829], [3444, -1, -1], [3445, -1, -1], [3446, -1, -1], [3447, -1, -1], [3448, -1, -1], [3449, -1, -1]]"
1752865864.2755,-36.000057727098465,12805.821058908457,12805.82138136831,12816.461685632714,15865.460891638904,"[[3450, -1, -1], [3451, -1, -1], [3452, -1, -1], [3453, 1, 10577], [3453, 1, 10743], [3453, -1, -1], [3454, -1, -1], [3455, -1, -1], [3456, -1, -1], [3457, -1, -1], [3458, -1, -1], [3459, -1, -1], [3460, -1, -1]]"
1752865864.3845,-34.00005739927292,12805.821095099083,12805.821381176615,12816.461685632714,15865.460891638904,"[[3461, 1, 9837], [3461, 1, 10036], [3461, -1, -1], [3462, 1, 9788], [3462, 1, 9987], [3462, 1, 10988], [3462, 1, 11031], [3462, 1, 11223], [3462, -1, -1], [3463, -1, -1], [3464, -1, -1], [3465, -1, -1], [3466, -1, -1], [3467, -1, -1], [3468, -1, -1], [3469, 1, 10806], [3469, 1, 11009], [3469, -1, -1], [3470, 1, 10217], [3470, 1, 10419], [3470, -1, -1], [3471, -1, -1]]"
1752865864.4945,-32.00005707144737,12805.821095099083,12805.821381176615,12816.461687478843,15865.460891638904,"[[3472, 1, 10075], [3472, 1, 10262], [3472, -1, -1], [3473, -1, -1], [3474, 1, 9833], [3474, 1, 10018], [3474, -1, -1], [3475, -1, -1], [3476, 1, 10919], [3476, 1, 10964], [3476, 1, 11149], [3476, 1, 11215], [3476, -1, -1], [3477, -1, -1], [3478, -1, -1], [3479, -1, -1], [3480, -1, -1], [3481, -1, -1], [3482, 1, 10389], [3482, 1, 10588], [3482, 1, 10790], [3482, -1, -1]]"
1752865864.6045,-30.000056743621826,12805.821130108618,12805.821377494858,12816.461687478843,15865.460891638904,"[[3483, -1, -1], [3484, -1, -1], [3485, -1, -1], [3486, 1, 12292], [3486, 1, 12327], [3486, 1, 12521], [3486, -1, -1], [3487, -1, -1], [3488, -1, -1], [3489, -1, -1], [3490, -1, -1], [3491, -1, -1], [3492, -1, -1], [3493, -1, -1]]"
1752865864.7145,-28.00005641579628,12805.821130108618,12805.821377494858,12816.461683647183,15865.460891638904,"[[3494, -1, -1], [3495, -1, -1], [3496, -1, -1], [3497, -1, -1], [3498, -1, -1], [3499, -1, -1], [3500, -1, -1], [3501, -1, -1], [3502, 1, 11197], [3502, 1, 11400], [3502, 1, 11691], [3502, -1, -1], [3503, 1, 10568], [3503, 1, 10755], [3503, -1, -1], [3504, 1, 9903], [3504, 1, 10090], [3504, -1, -1]]"
1752865864.8235,-26.000056087970734,12805.821130218654,12805.8213671683,12816.461683647183,15865.460891638904,"[[3505, -1, -1], [3506, -1, -1], [3507, -1, -1], [3508, -1, -1], [3509, -1, -1], [3510, -1, -1], [3511, 1, 11370], [3511, 1, 11407], [3511, 1, 11600], [3511, -1, -1], [3512, -1, -1], [3513, -1, -1], [3514, -1, -1], [3515, -1, -1]]"
1752865864.9325,-24.000055760145187,12805.821130218654,12805.821396379522,12816.461680127759,15865.460891638904,"[[3516, -1, -1], [3517, -1, -1], [3518, 1, 11394], [3518, 1, 11429], [3518, 1, 11625], [3518, -1, -1], [3519, 1, 9863], [3519, 1, 10033], [3519, -1, -1], [3520, -1, -1], [3521, -1, -1], [3522, -1, -1], [3523, 1, 10458], [3523, 1, 10658], [3523, -1, -1], [3524, -1, -1], [3525, -1, -1], [3526, -1, -1]]"
1752865865.0425,-22.00005543231964,12805.82109861668,12805.821396379522,12816.461680127759,15865.460891638904,"[[3527, 1, 11313], [3527, 1, 11521], [3527, -1, -1], [3528, 1, 10969], [3528, 1, 11004], [3528, 1, 11199], [3528, 1, 11283], [3528, 1, 11314], [3528, 1, 11389], [3528, -1, -1], [3529, -1, -1], [3530, 1, 14535], [3530, 1, 14739], [3530, -1, -1], [3531, 1, 11126], [3531, 1, 11329], [3531, 1, 12038], [3531, 1, 12223], [3531, -1, -1], [3532, -1, -1], [3533, -1, -1], [3534, 1, 10186], [3534, 1, 14340], [3534, 1, 14540], [3534, -1, -1], [3535, 1, 7648], [3535, 1, 7847], [3535, 1, 10489], [3535, 1, 10688], [3535, 1, 10827], [3535, -1, -1], [3536, 1, 10366], [3536, 1, 10400], [3536, 1, 10597], [3536, 1, 10807], [3536, -1, -1], [3537, -1, -1]]"
1752865865.1525,-20.000055104494095,12805.82109861668,12805.821406355037,12816.461686524497,15865.460891638904,"[[3538, -1, -1], [3539, -1, -1], [3540, -1, -1], [3541, -1, -1], [3542, -1, -1], [3543, -1, -1], [3544, 1, 13011], [3544, 1, 13198], [3544, -1, -1], [3545, -1, -1], [3546, 1, 12280], [3546, 1, 12318], [3546, 1, 12510], [3546, 1, 12787], [3546, -1, -1], [3547, 1, 11071], [3547, 1, 11159], [3547, 1, 11259], [3547, 1, 11349], [3547, -1, -1], [3548, 1, 11291], [3548, 1, 11479], [3548, 1, 13236], [3548, -1, -1]]"
1752865865.2616,-18.00005477666855,12805.821060845512,12805.821406355037,12816.461686524497,15865.460891638904,"[[3549, 1, 9333], [3549, 1, 9501], [3549, -1, -1], [3550, -1, -1], [3551, -1, -1], [3552, -1, -1], [3553, 1, 11552], [3553, 1, 11743], [3553, 1, 12297], [3553, 1, 12339], [3553, 1, 12527], [3553, 1, 13204], [3553, -1, -1], [3554, -1, -1], [3555, 1, 11079], [3555, 1, 11282], [3555, 1, 12124], [3555, 1, 12316], [3555, -1, -1], [3556, 1, 10368], [3556, 1, 10405], [3556, 1, 10598], [3556, 1, 11763], [3556, 1, 14352], [3556, 1, 14535], [3556, 1, 15004], [3556, -1, -1], [3557, 1, 9379], [3557, 1, 9418], [3557, 1, 9610], [3557, 1, 9688], [3557, 1, 9872], [3557, 1, 11092], [3557, 1, 11291], [3557, 1, 11438], [3557, -1, -1], [3558, 1, 5537], [3558, 1, 5739], [3558, 1, 10407], [3558, 1, 10593], [3558, 1, 12311], [3558, 1, 12514], [3558, -1, -1], [3559, 1, 10008], [3559, 1, 10207], [3559, -1, -1]]"
1752865865.371,-16.000054448843002,12805.821060845512,12805.821404877077,12816.461685264438,15865.460891638904,"[[3560, 1, 11499], [3560, 1, 11701], [3560, -1, -1], [3561, 1, 10801], [3561, 1, 10837], [3561, 1, 11031], [3561, 1, 11316], [3561, 1, 11505], [3561, 1, 12051], [3561, 1, 12259], [3561, 1, 12453], [3561, -1, -1], [3562, -1, -1], [3563, 1, 12777], [3563, 1, 12967], [3563, -1, -1], [3564, 1, 11633], [3564, 1, 11821], [3564, 1, 13784], [3564, 1, 13983], [3564, -1, -1], [3565, -1, -1], [3566, 1, 10755], [3566, 1, 10935], [3566, 1, 11002], [3566, 1, 11037], [3566, 1, 11235], [3566, -1, -1], [3567, 1, 11465], [3567, 1, 11651], [3567, -1, -1], [3568, 1, 9728], [3568, 1, 9928], [3568, 1, 10548], [3568, 1, 10747], [3568, 1, 12055], [3568, 1, 12244], [3568, -1, -1], [3569, -1, -1]]"
1752865865.4805,-14.000054121017456,12805.821087094351,12805.821404877077,12816.461687491355,15865.460891638904,"[[3571, 1, 9305], [3571, 1, 9508], [3571, 1, 9764], [3571, 1, 11179], [3571, 1, 11213], [3571, 1, 11409], [3571, -1, -1], [3572, -1, -1], [3573, -1, -1], [3574, -1, -1], [3575, 1, 12439], [3575, 1, 12474], [3575, 1, 12669], [3575, -1, -1], [3576, 1, 9930], [3576, 1, 10114], [3576, -1, -1], [3577, 1, 11369], [3577, 1, 11432], [3577, 1, 11569], [3577, 1, 11621], [3577, -1, -1], [3578, 1, 11839], [3578, 1, 12091], [3578, 1, 12126], [3578, 1, 12312], [3578, -1, -1], [3579, 1, 10755], [3579, 1, 10789], [3579, 1, 10985], [3579, -1, -1], [3580, -1, -1]]"
1752865865.5895,-12.00005379319191,12805.821087094351,12805.821411131195,12816.461687491355,15865.460891638904,"[[3581, -1, -1], [3582, 1, 10493], [3582, 1, 10678], [3582, -1, -1], [3583, 1, 10453], [3583, 1, 10652], [3583, 1, 11048], [3583, 1, 11154], [3583, -1, -1], [3584, 1, 9859], [3584, 1, 10049], [3584, -1, -1], [3585, -1, -1], [3586, 1, 11215], [3586, 1, 11399], [3586, 1, 12502], [3586, 1, 12686], [3586, -1, -1], [3587, -1, -1], [3588, 1, 10572], [3588, 1, 10802], [3588, -1, -1], [3589, 1, 11396], [3589, 1, 11582], [3589, -1, -1], [3590, -1, -1], [3591, 1, 9052], [3591, 1, 9237], [3591, -1, -1]]"
1752865865.6995,-10.000053465366364,12805.8211662327,12805.821411131195,12816.461682321247,15865.460891638904,"[[3592, 1, 10945], [3592, 1, 11018], [3592, 1, 11133], [3592, 1, 11203], [3592, -1, -1], [3593, 1, 10901], [3593, 1, 11089], [3593, -1, -1], [3594, 1, 9854], [3594, 1, 10044], [3594, -1, -1], [3595, -1, -1], [3596, -1, -1], [3597, 1, 9960], [3597, 1, 10004], [3597, 1, 10194], [3597, -1, -1], [3598, 1, 14095], [3598, 1, 14280], [3598, -1, -1], [3599, 1, 11917], [3599, 1, 12116], [3599, 1, 12394], [3599, 1, 12578], [3599, -1, -1], [3600, 1, 8098], [3600, 1, 8138], [3600, 1, 8327], [3600, -1, -1], [3601, -1, -1], [3602, 1, 12476], [3602, 1, 12676], [3602, -1, -1]]"
1752865865.8095,-8.000053603202105,12805.8211662327,12805.821402863125,12816.461682321247,15865.460891638904,"[[3603, 1, 11573], [3603, 1, 11609], [3603, 1, 11803], [3603, -1, -1], [3604, 1, 8432], [3604, 1, 8618], [3604, 1, 8783], [3604, 1, 11820], [3604, 1, 11855], [3604, 1, 12051], [3604, 1, 12450], [3604, 1, 12634], [3604, -1, -1], [3605, -1, -1], [3606, 1, 11598], [3606, 1, 11786], [3606, -1, -1], [3607, -1, -1], [3608, 1, 11206], [3608, 1, 11405], [3608, -1, -1], [3609, 1, 9532], [3609, 1, 9718], [3609, 1, 12015], [3609, 1, 12050], [3609, 1, 12246], [3609, 1, 12781], [3609, -1, -1], [3610, -1, -1], [3611, 1, 11136], [3611, -1, -1], [3612, 1, 8934], [3612, 1, 9138], [3612, 1, 11078], [3612, 1, 11280], [3612, 1, 11478], [3612, 1, 12142], [3612, 1, 12200], [3612, 1, 12341], [3612, -1, -1], [3613, 1, 9435], [3613, 1, 9633], [3613, -1, -1]]"
1752865865.9195,-6.000053741037846,12805.82116429873,12805.821402863125,12816.461678489064,15865.460891638904,"[[3614, 1, 10548], [3614, 1, 10736], [3614, -1, -1], [3615, -1, -1], [3616, 1, 9479], [3616, 1, 9682], [3616, 1, 10305], [3616, 1, 10495], [3616, -1, -1], [3617, -1, -1], [3618, -1, -1], [3619, 1, 9462], [3619, 1, 9648], [3619, 1, 10093], [3619, 1, 10292], [3619, 1, 10348], [3619, 1, 10539], [3619, -1, -1], [3620, 1, 10267], [3620, 1, 10466], [3620, 1, 10618], [3620, -1, -1], [3621, 1, 9704], [3621, 1, 9735], [3621, 1, 9934], [3621, -1, -1], [3622, 1, 10664], [3622, 1, 10852], [3622, 1, 12655], [3622, 1, 12691], [3622, 1, 12886], [3622, -1, -1], [3623, -1, -1], [3624, 1, 10470], [3624, 1, 10655], [3624, 1, 11060], [3624, 1, 11094], [3624, 1, 11290], [3624, 1, 11392], [3624, 1, 11601], [3624, -1, -1]]"
1752865866.0295,-4.000053646042943,12805.82116429873,12805.821396125764,12816.461678489064,15865.460891638904,"[[3625, -1, -1], [3626, 1, 10752], [3626, 1, 10890], [3626, 1, 10955], [3626, 1, 11063], [3626, 1, 11109], [3626, 1, 11292], [3626, -1, -1], [3627, -1, -1], [3628, -1, -1], [3629, -1, -1], [3630, 1, 9544], [3630, 1, 9746], [3630, 1, 10790], [3630, 1, 10997], [3630, 1, 11096], [3630, -1, -1], [3631, 1, 12113], [3631, 1, 12316], [3631, -1, -1], [3632, 1, 10578], [3632, 1, 10793], [3632, 1, 11886], [3632, 1, 12089], [3632, -1, -1], [3633, 1, 9336], [3633, 1, 9524], [3633, 1, 9902], [3633, 1, 9936], [3633, 1, 10134], [3633, 1, 10424], [3633, -1, -1], [3634, 1, 9662], [3634, 1, 9852], [3634, -1, -1], [3635, 1, 10359], [3635, 1, 10393], [3635, 1, 10589], [3635, 1, 10644], [3635, 1, 11561], [3635, 1, 11745], [3635, 1, 12654], [3635, 1, 12853], [3635, -1, -1]]"
1752865866.1395,-2.0000536460440514,12805.82113198749,12805.821396125764,12816.461682860041,15865.460891638904,"[[3636, 1, 10939], [3636, 1, 11142], [3636, -1, -1], [3637, -1, -1], [3638, 1, 9716], [3638, 1, 9919], [3638, -1, -1], [3639, 1, 10599], [3639, 1, 10635], [3639, 1, 10831], [3639, 1, 12361], [3639, 1, 12545], [3639, -1, -1], [3640, 1, 11379], [3640, 1, 11564], [3640, -1, -1], [3641, 1, 11526], [3641, 1, 11729], [3641, -1, -1], [3642, -1, -1], [3643, 1, 11006], [3643, 1, 11042], [3643, 1, 11237], [3643, 1, 11790], [3643, 1, 11822], [3643, 1, 12022], [3643, -1, -1], [3644, -1, -1], [3645, 1, 13713], [3645, 1, 13899], [3645, -1, -1], [3646, 1, 11886], [3646, 1, 12086], [3646, -1, -1]]"
1752865866.2485,-5.368888378147474e-05,12805.82113198749,12805.821411735085,12816.461682860041,15865.460891638904,"[[3647, -1, -1], [3648, 1, 10950], [3648, 1, 11023], [3648, 1, 11147], [3648, 1, 11226], [3648, 1, 11439], [3648, -1, -1], [3649, 1, 11105], [3649, 1, 11292], [3649, -1, -1], [3650, 1, 9776], [3650, 1, 9979], [3650, 1, 10664], [3650, 1, 10867], [3650, -1, -1], [3651, -1, -1], [3652, 1, 10199], [3652, 1, 10402], [3652, 1, 10735], [3652, 1, 10919], [3652, 1, 11799], [3652, 1, 12002], [3652, -1, -1], [3653, 1, 9902], [3653, 1, 9972], [3653, 1, 10132], [3653, 1, 11050], [3653, 1, 11258], [3653, -1, -1], [3654, 1, 10223], [3654, 1, 10408], [3654, -1, -1], [3655, 1, 9316], [3655, 1, 9515], [3655, 1, 11370], [3655, 1, 11554], [3655, 1, 13091], [3655, 1, 13275], [3655, -1, -1], [3656, 1, 10483], [3656, 1, 10727], [3656, 1, 10934], [3656, 1, 11632], [3656, 1, 11839], [3656, -1, -1], [3657, 1, 9928], [3657, 1, 10127], [3657, 1, 10603], [3657, 1, 12727], [3657, 1, 12911], [3657, -1, -1]]"
1752865866.3585,1.9999461732804775,12805.82107120808,12805.821411735085,12816.46168204082,15865.460891638904,"[[3658, 1, 11073], [3658, 1, 11276], [3658, -1, -1], [3659, 1, 10484], [3659, 1, 10672], [3659, 1, 11034], [3659, 1, 12987], [3659, 1, 13195], [3659, -1, -1], [3660, 1, 9324], [3660, 1, 9527], [3660, 1, 10089], [3660, 1, 10273], [3660, 1, 10593], [3660, 1, 10777], [3660, -1, -1], [3661, 1, 11376], [3661, 1, 11563], [3661, 1, 12261], [3661, 1, 12414], [3661, 1, 12463], [3661, 1, 12617], [3661, 1, 13272], [3661, 1, 13302], [3661, 1, 13502], [3661, -1, -1], [3662, 1, 12825], [3662, 1, 13013], [3662, -1, -1], [3663, 1, 10181], [3663, 1, 10366], [3663, 1, 12079], [3663, 1, 12316], [3663, 1, 12469], [3663, 1, 12522], [3663, 1, 12896], [3663, 1, 13085], [3663, -1, -1], [3664, 1, 10028], [3664, 1, 10227], [3664, -1, -1], [3665, -1, -1], [3666, 1, 12803], [3666, 1, 13006], [3666, -1, -1], [3667, 1, 10325], [3667, 1, 10528], [3667, 1, 12311], [3667, 1, 12495], [3667, 1, 12869], [3667, -1, -1], [3668, 1, 10324], [3668, 1, 10358], [3668, 1, 10554], [3668, 1, 11014], [3668, 1, 11198], [3668, -1, -1]]"
1752865866.4675,3.9999460354447365,12805.82107120808,12805.821419918859,12816.46168204082,15865.460891638904,"[[3669, 1, 9661], [3669, 1, 9861], [3669, 1, 9987], [3669, -1, -1], [3670, 1, 12183], [3670, 1, 13252], [3670, 1, 13454], [3670, 1, 13618], [3670, -1, -1], [3671, -1, -1], [3672, 1, 9607], [3672, 1, 9637], [3672, 1, 9839], [3672, -1, -1], [3673, 1, 8989], [3673, 1, 9174], [3673, 1, 11707], [3673, 1, 11734], [3673, 1, 11937], [3673, 1, 12068], [3673, 1, 12272], [3673, -1, -1], [3674, 1, 9040], [3674, 1, 9074], [3674, 1, 9270], [3674, 1, 11298], [3674, 1, 11498], [3674, 1, 11636], [3674, 1, 11838], [3674, 1, 12278], [3674, 1, 12486], [3674, 1, 13066], [3674, -1, -1], [3675, 1, 11081], [3675, 1, 11293], [3675, 1, 11481], [3675, -1, -1], [3676, 1, 11445], [3676, 1, 11633], [3676, 1, 12491], [3676, 1, 12674], [3676, -1, -1], [3677, 1, 9048], [3677, 1, 9235], [3677, 1, 10923], [3677, 1, 11114], [3677, -1, -1], [3678, 1, 8850], [3678, 1, 9052], [3678, 1, 11293], [3678, 1, 11477], [3678, -1, -1], [3679, 1, 10544], [3679, 1, 10729], [3679, 1, 10861], [3679, 1, 10895], [3679, 1, 11096], [3679, 1, 12703], [3679, -1, -1]]"
1752865866.5765,5.999946363270283,12805.821056699748,12805.821419918859,12816.461683730022,15865.460891638904,"[[3680, 1, 11008], [3680, 1, 11042], [3680, 1, 11238], [3680, 1, 11422], [3680, 1, 11579], [3680, -1, -1], [3681, 1, 10522], [3681, 1, 10721], [3681, 1, 11938], [3681, 1, 12138], [3681, -1, -1], [3682, 1, 11257], [3682, 1, 11460], [3682, 1, 11686], [3682, 1, 11890], [3682, 1, 13616], [3682, 1, 13823], [3682, -1, -1], [3683, 1, 8832], [3683, 1, 9031], [3683, 1, 10989], [3683, 1, 11094], [3683, 1, 11279], [3683, 1, 11615], [3683, 1, 11804], [3683, -1, -1], [3684, 1, 10252], [3684, 1, 10440], [3684, -1, -1], [3685, 1, 10514], [3685, 1, 10699], [3685, 1, 10959], [3685, 1, 11167], [3685, 1, 12890], [3685, 1, 13074], [3685, -1, -1], [3686, -1, -1], [3687, 1, 12803], [3687, 1, 12987], [3687, 1, 13178], [3687, 1, 13362], [3687, -1, -1], [3688, 1, 10564], [3688, 1, 10763], [3688, -1, -1], [3689, -1, -1], [3690, 1, 12968], [3690, 1, 13172], [3690, -1, -1]]"
1752865866.6865,7.999946691095829,12805.821056699748,12805.821410144461,12816.461683730022,15865.460891638904,"[[3691, 1, 13116], [3691, 1, 13307], [3691, -1, -1], [3692, 1, 10218], [3692, 1, 10418], [3692, 1, 10678], [3692, 1, 12605], [3692, 1, 12789], [3692, -1, -1], [3693, 1, 9743], [3693, 1, 9946], [3693, 1, 10529], [3693, 1, 10718], [3693, -1, -1], [3694, 1, 11716], [3694, 1, 11903], [3694, -1, -1], [3695, 1, 9780], [3695, 1, 9979], [3695, -1, -1], [3696, 1, 11012], [3696, 1, 11211], [3696, 1, 11646], [3696, -1, -1], [3697, 1, 9595], [3697, 1, 9794], [3697, 1, 10336], [3697, 1, 10525], [3697, -1, -1], [3698, 1, 11156], [3698, 1, 11355], [3698, -1, -1], [3699, 1, 9289], [3699, 1, 9326], [3699, 1, 9519], [3699, -1, -1], [3700, -1, -1], [3701, 1, 9192], [3701, 1, 9377], [3701, -1, -1]]"
1752865866.7955,9.999947018921375,12805.82116416343,12805.821410144461,12816.461685648126,15865.460891638904,"[[3702, 1, 5945], [3702, 1, 5980], [3702, 1, 6175], [3702, 1, 9280], [3702, 1, 9464], [3702, -1, -1], [3703, 1, 11374], [3703, 1, 11561], [3703, 1, 11933], [3703, 1, 12051], [3703, 1, 12135], [3703, 1, 12192], [3703, 1, 12353], [3703, 1, 12389], [3703, 1, 12564], [3703, 1, 12810], [3703, -1, -1], [3704, -1, -1], [3705, 1, 8939], [3705, 1, 9141], [3705, 1, 12007], [3705, 1, 12191], [3705, 1, 12340], [3705, 1, 12539], [3705, -1, -1], [3706, 1, 9282], [3706, 1, 9467], [3706, 1, 11636], [3706, 1, 11675], [3706, 1, 11839], [3706, 1, 11875], [3706, 1, 12085], [3706, 1, 12323], [3706, -1, -1], [3707, 1, 10488], [3707, 1, 10687], [3707, 1, 10792], [3707, 1, 11729], [3707, 1, 11913], [3707, -1, -1], [3708, 1, 11684], [3708, 1, 11887], [3708, 1, 12301], [3708, 1, 12490], [3708, -1, -1], [3709, -1, -1], [3710, 1, 11167], [3710, 1, 11377], [3710, 1, 11557], [3710, -1, -1], [3711, 1, 11279], [3711, 1, 11315], [3711, 1, 11423], [3711, 1, 11512], [3711, 1, 11593], [3711, 1, 11744], [3711, 1, 11933], [3711, -1, -1], [3712, 1, 11420], [3712, 1, 11620], [3712, -1, -1]]"
1752865866.9045,11.999947346746922,12805.821193003596,12805.821421865858,12816.461685648126,15865.460891638904,"[[3713, 1, 10937], [3713, 1, 10974], [3713, 1, 11166], [3713, 1, 11755], [3713, 1, 11942], [3713, 1, 12068], [3713, -1, -1], [3714, 1, 10959], [3714, 1, 11043], [3714, 1, 11077], [3714, 1, 11142], [3714, 1, 11245], [3714, 1, 11277], [3714, 1, 11680], [3714, 1, 11867], [3714, 1, 12061], [3714, -1, -1], [3715, -1, -1], [3716, 1, 11003], [3716, 1, 11190], [3716, 1, 11217], [3716, 1, 11249], [3716, 1, 11453], [3716, 1, 11699], [3716, -1, -1], [3717, -1, -1], [3718, 1, 10696], [3718, 1, 10730], [3718, 1, 10926], [3718, 1, 10956], [3718, 1, 11157], [3718, 1, 11238], [3718, 1, 11271], [3718, 1, 11472], [3718, -1, -1], [3719, 1, 10564], [3719, 1, 10608], [3719, 1, 10645], [3719, 1, 10828], [3719, 1, 10914], [3719, 1, 10991], [3719, 1, 11093], [3719, 1, 11121], [3719, 1, 11275], [3719, 1, 11310], [3719, 1, 11922], [3719, -1, -1], [3720, -1, -1], [3721, 1, 10364], [3721, 1, 10551], [3721, -1, -1], [3722, -1, -1], [3723, 1, 10500], [3723, 1, 10558], [3723, 1, 10732], [3723, -1, -1]]"
1752865867.0135,13.999946743249893,12805.821193003596,12805.821421865858,12816.461686925766,15865.460891638904,"[[3724, -1, -1], [3725, -1, -1], [3726, -1, -1], [3727, -1, -1], [3728, -1, -1], [3729, 1, 9797], [3729, 1, 9832], [3729, 1, 10028], [3729, -1, -1], [3730, -1, -1], [3731, -1, -1], [3732, -1, -1], [3733, 1, 9596], [3733, 1, 9794], [3733, 1, 12136], [3733, 1, 12335], [3733, -1, -1], [3734, 1, 12132], [3734, 1, 12332], [3734, -1, -1]]"
1752865867.1236,15.999947071075438,12805.821167061375,12805.82140772531,12816.461686925766,15865.460891638904,"[[3735, 1, 11467], [3735, 1, 11504], [3735, 1, 11697], [3735, 1, 12067], [3735, 1, 12251], [3735, 1, 14891], [3735, 1, 15072], [3735, 1, 15155], [3735, -1, -1], [3736, -1, -1], [3737, -1, -1], [3738, -1, -1], [3739, 1, 11738], [3739, 1, 11928], [3739, -1, -1], [3740, -1, -1], [3741, -1, -1], [3742, 1, 98789], [3742, 1, 98989], [3742, -1, -1], [3743, -1, -1], [3744, 1, 11063], [3744, 1, 11266], [3744, -1, -1], [3745, -1, -1]]"
1752865867.2335,17.999947398900986,12805.821167061375,12805.82140772531,12816.461686555362,15865.460891638904,"[[3746, -1, -1], [3747, 1, 11447], [3747, 1, 11647], [3747, 1, 11900], [3747, -1, -1], [3748, 1, 13964], [3748, 1, 14149], [3748, -1, -1], [3749, -1, -1], [3750, -1, -1], [3751, 1, 11049], [3751, 1, 11236], [3751, -1, -1], [3752, -1, -1], [3753, 1, 10722], [3753, 1, 10757], [3753, 1, 10952], [3753, -1, -1], [3754, -1, -1], [3755, -1, -1], [3756, -1, -1]]"
1752865867.3435,19.999947726726532,12805.821084298106,12805.821415714117,12816.461686555362,15865.460891638904,"[[3757, -1, -1], [3758, -1, -1], [3759, -1, -1], [3760, -1, -1], [3761, -1, -1], [3762, -1, -1], [3763, -1, -1], [3764, 1, 8987], [3764, 1, 9186], [3764, 1, 9284], [3764, 1, 9364], [3764, 1, 9504], [3764, -1, -1], [3765, -1, -1], [3766, -1, -1], [3767, -1, -1]]"
1752865867.4525,21.99994805455208,12805.821084298106,12805.821415262964,12816.461686239314,15865.460891638904,"[[3768, -1, -1], [3769, -1, -1], [3770, -1, -1], [3771, 1, 12209], [3771, 1, 12243], [3771, 1, 12439], [3771, -1, -1], [3772, -1, -1], [3773, -1, -1], [3774, -1, -1], [3775, -1, -1], [3776, -1, -1], [3777, 1, 11133], [3777, 1, 11332], [3777, 1, 11463], [3777, -1, -1], [3778, -1, -1]]"
1752865867.5626,23.999948382377625,12805.821064103384,12805.821415262964,12816.461686239314,15865.460891638904,"[[3779, -1, -1], [3780, -1, -1], [3781, 1, 9981], [3781, 1, 10180], [3781, -1, -1], [3782, -1, -1], [3783, -1, -1], [3784, -1, -1], [3785, -1, -1], [3786, -1, -1], [3787, -1, -1], [3788, -1, -1], [3789, -1, -1]]"
1752865867.6725,25.99994871020317,12805.821064103384,12805.821415146418,12816.46168675098,15865.460891638904,"[[3790, -1, -1], [3791, -1, -1], [3792, 1, 9858], [3792, 1, 10041], [3792, -1, -1], [3793, -1, -1], [3794, -1, -1], [3795, -1, -1], [3796, -1, -1], [3797, -1, -1], [3798, -1, -1], [3799, -1, -1], [3800, -1, -1]]"
1752865867.7815,27.999949038028717,12805.821109043776,12805.821415146418,12816.46168675098,15865.460891638904,"[[3801, -1, -1], [3802, -1, -1], [3803, -1, -1], [3804, -1, -1], [3805, -1, -1], [3806, -1, -1], [3807, -1, -1], [3808, -1, -1], [3809, -1, -1], [3810, -1, -1], [3811, -1, -1]]"
1752865867.8905,29.999949365854263,12805.821109043776,12805.821419601412,12816.46168809882,15865.460891638904,"[[3812, -1, -1], [3813, -1, -1], [3814, -1, -1], [3815, -1, -1], [3816, -1, -1], [3817, -1, -1], [3818, -1, -1], [3819, -1, -1], [3820, 1, 10058], [3820, 1, 10257], [3820, 1, 10520], [3820, -1, -1], [3821, -1, -1]]"
1752865868.001,31.99994969367981,12805.821205325818,12805.821419601412,12816.46168809882,15865.460891638904,"[[3822, -1, -1], [3823, -1, -1], [3824, -1, -1], [3825, -1, -1], [3826, -1, -1], [3827, -1, -1], [3828, -1, -1], [3829, -1, -1], [3830, -1, -1], [3831, -1, -1], [3832, -1, -1]]"
1752865868.111,33.999950021505356,12805.821205325818,12805.821410366732,12816.461686235303,15865.460891638904,"[[3834, -1, -1], [3835, -1, -1], [3836, -1, -1], [3837, -1, -1], [3838, -1, -1], [3839, 1, 10083], [3839, -1, -1], [3840, -1, -1], [3841, -1, -1], [3842, -1, -1], [3843, -1, -1]]"
1752865868.221,35.9999503493309,12805.821178161865,12805.821410366732,12816.461686235303,15865.460891638904,"[[3845, -1, -1], [3846, -1, -1], [3847, -1, -1], [3848, -1, -1], [3849, -1, -1], [3850, 1, 11318], [3850, 1, 11358], [3850, 1, 11551], [3850, -1, -1], [3851, 1, 13567], [3851, 1, 13755], [3851, -1, -1], [3852, -1, -1], [3853, -1, -1], [3854, -1, -1]]"
1752865868.3305,37.99995067715645,12805.821178161865,12805.821416916226,12816.461681627225,15865.460891638904,"[[3856, -1, -1], [3857, -1, -1], [3858, -1, -1], [3859, -1, -1], [3860, -1, -1], [3861, -1, -1], [3862, -1, -1], [3863, -1, -1], [3864, -1, -1], [3865, -1, -1]]"
1752865868.4395,39.999951004981995,12805.821100860463,12805.821416916226,12816.461686746154,15865.460891638904,"[[3866, -1, -1], [3867, -1, -1], [3868, -1, -1], [3869, -1, -1], [3870, -1, -1], [3871, -1, -1], [3872, -1, -1], [3873, -1, -1], [3874, -1, -1], [3875, -1, -1], [3876, -1, -1]]"
1752865868.5495,41.99995133280754,12805.821100860463,12805.821414100517,12816.461686746154,15865.460891638904,"[[3877, -1, -1], [3878, -1, -1], [3879, -1, -1], [3880, -1, -1], [3881, -1, -1], [3882, -1, -1], [3883, -1, -1], [3884, -1, -1], [3885, -1, -1], [3886, -1, -1], [3887, -1, -1]]"
1752865868.6595,43.99995166063309,12805.821075300839,12805.821414100517,12816.46169052123,15865.460891638904,"[[3888, -1, -1], [3889, -1, -1], [3890, -1, -1], [3891, -1, -1], [3892, -1, -1], [3893, -1, -1], [3894, -1, -1], [3895, -1, -1], [3896, -1, -1], [3897, -1, -1], [3898, -1, -1]]"
1752865868.7685,45.99995198845863,12805.821075300839,12805.821409469536,12816.46169052123,15865.460891638904,"[[3899, 1, 11184], [3899, 1, 11369], [3899, -1, -1], [3900, -1, -1], [3901, -1, -1], [3902, -1, -1], [3903, -1, -1], [3904, -1, -1], [3905, -1, -1], [3906, -1, -1], [3907, -1, -1], [3908, -1, -1], [3909, -1, -1]]"
1752865868.8765,47.99995231628418,12805.821104639868,12805.821409469536,12816.461681912295,15865.460891638904,"[[3910, -1, -1], [3911, -1, -1], [3912, -1, -1], [3913, -1, -1], [3914, -1, -1], [3915, -1, -1], [3916, -1, -1], [3917, -1, -1], [3918, -1, -1], [3919, -1, -1], [3920, -1, -1]]"
1752865868.9875,49.999952644109726,12805.821104639868,12805.821417852885,12816.461681912295,15865.460891638904,"[[3921, -1, -1], [3922, -1, -1], [3923, -1, -1], [3924, -1, -1], [3925, -1, -1], [3926, -1, -1], [3927, -1, -1], [3928, -1, -1], [3929, -1, -1], [3930, -1, -1], [3931, -1, -1]]"
1752865869.0965,51.99995297193527,12805.821195959925,12805.821417852885,12816.461688228776,15865.460891638904,"[[3932, -1, -1], [3933, -1, -1], [3934, -1, -1], [3935, -1, -1], [3936, -1, -1], [3937, -1, -1], [3938, -1, -1], [3939, -1, -1], [3940, -1, -1], [3941, -1, -1], [3942, -1, -1]]"
1752865869.2065,53.99995329976082,12805.821176673768,12805.821376728733,12816.461688228776,15865.460891638904,"[[3943, -1, -1], [3944, -1, -1], [3945, -1, -1], [3946, -1, -1], [3947, -1, -1], [3948, -1, -1], [3949, -1, -1], [3950, -1, -1], [3951, -1, -1], [3952, -1, -1], [3953, -1, -1]]"
1752865869.3155,55.999953627586365,12805.821176673768,12805.821376728733,12816.461688726433,15865.460891638904,"[[3954, -1, -1], [3955, -1, -1], [3956, -1, -1], [3957, -1, -1], [3958, -1, -1], [3959, -1, -1], [3960, -1, -1], [3961, -1, -1], [3962, -1, -1], [3963, -1, -1], [3964, -1, -1]]"
1752865869.4245,57.99995395541191,12805.821104732737,12805.821375592848,12816.461688726433,15865.460891638904,"[[3965, -1, -1], [3966, -1, -1], [3967, -1, -1], [3968, -1, -1], [3969, -1, -1], [3970, -1, -1], [3971, -1, -1], [3972, -1, -1], [3973, -1, -1], [3974, -1, -1], [3975, -1, -1]]"
1752865869.5335,59.99995428323746,12805.821104732737,12805.821375592848,12816.461679877588,15865.460891638904,"[[3976, -1, -1], [3977, -1, -1], [3978, -1, -1], [3979, -1, -1], [3980, -1, -1], [3981, -1, -1], [3982, -1, -1], [3983, -1, -1], [3984, -1, -1], [3985, -1, -1], [3986, -1, -1]]"
1752865869.6425,61.999950885772705,12805.821055948629,12805.821375155652,12816.461679877588,15865.460891638904,"[[3987, -1, -1], [3988, -1, -1], [3989, -1, -1], [3990, -1, -1], [3991, -1, -1], [3992, -1, -1], [3993, -1, -1], [3994, -1, -1], [3995, -1, -1], [3996, -1, -1], [3997, -1, -1]]"
1752865869.7525,63.99994748830795,12805.821055948629,12805.821375155652,12816.461686585046,15865.460891638904,"[[3998, -1, -1], [3999, -1, -1], [4000, -1, -1], [4001, -1, -1], [4002, -1, -1], [4003, -1, -1], [4004, -1, -1], [4005, -1, -1], [4006, -1, -1], [4007, -1, -1], [4008, -1, -1]]"
1752865869.861,65.9999440908432,12805.821067098545,12805.821376267057,12816.461686585046,15865.460891638904,"[[4009, -1, -1], [4010, -1, -1], [4011, -1, -1], [4012, -1, -1], [4013, -1, -1], [4014, -1, -1], [4015, -1, -1], [4016, -1, -1], [4017, -1, -1], [4018, -1, -1]]"
1752865869.971,67.99994069337845,12805.821067098545,12805.821376267057,12816.461686523196,15865.460891638904,"[[4020, -1, -1], [4021, -1, -1], [4022, -1, -1], [4023, -1, -1], [4024, -1, -1], [4025, -1, -1], [4026, -1, -1], [4027, -1, -1], [4028, -1, -1], [4029, -1, -1]]"
1752865870.081,69.9999372959137,12805.821152163177,12805.821373581794,12816.461686523196,15865.460891638904,"[[4031, -1, -1], [4032, -1, -1], [4033, -1, -1], [4034, -1, -1], [4035, -1, -1], [4036, -1, -1], [4037, -1, -1], [4038, -1, -1], [4039, -1, -1], [4040, -1, -1]]"
1752865870.191,71.99993389844894,12805.821152163177,12805.82138638842,12816.461692097993,15865.460891638904,"[[4042, -1, -1], [4043, -1, -1], [4044, 1, 10061], [4044, 1, 10291], [4044, -1, -1], [4045, -1, -1], [4046, -1, -1], [4047, -1, -1], [4048, -1, -1], [4049, -1, -1], [4050, -1, -1], [4051, -1, -1]]"
1752865870.301,73.99993050098419,12805.821161243697,12805.82138638842,12816.461692097993,15865.460891638904,"[[4053, -1, -1], [4054, -1, -1], [4055, -1, -1], [4056, -1, -1], [4057, -1, -1], [4058, -1, -1], [4059, -1, -1], [4060, -1, -1], [4061, -1, -1], [4062, -1, -1]]"
1752865870.4105,75.99992710351944,12805.821161243697,12805.821366965116,12816.461687292856,15865.460891638904,"[[4064, -1, -1], [4065, 1, 13945], [4065, 1, 14134], [4065, -1, -1], [4066, -1, -1], [4067, -1, -1], [4068, -1, -1], [4069, -1, -1], [4070, -1, -1], [4071, -1, -1], [4072, -1, -1], [4073, -1, -1]]"
1752865870.5195,77.99992370605469,12805.821121510458,12805.821366965116,12816.461687292856,15865.460891638904,"[[4074, -1, -1], [4075, -1, -1], [4076, -1, -1], [4077, -1, -1], [4078, -1, -1], [4079, -1, -1], [4080, -1, -1], [4081, -1, -1], [4082, -1, -1], [4083, -1, -1], [4084, -1, -1]]"
1752865870.6285,79.99992030858994,12805.821121510458,12805.821369462403,12816.461684481555,15865.460891638904,"[[4085, -1, -1], [4086, -1, -1], [4087, -1, -1], [4088, -1, -1], [4089, -1, -1], [4090, -1, -1], [4091, -1, -1], [4092, -1, -1], [4093, -1, -1], [4094, -1, -1], [4095, -1, -1]]"
1752865870.7395,81.99991691112518,12805.82107608458,12805.821369462403,12816.461684481555,15865.460891638904,"[[4096, -1, -1], [4097, -1, -1], [4098, -1, -1], [4099, -1, -1], [4100, -1, -1], [4101, -1, -1], [4102, -1, -1], [4103, -1, -1], [4104, -1, -1], [4105, -1, -1], [4106, 1, 12133], [4106, 1, 12317], [4106, 1, 12449], [4106, -1, -1]]"
1752865870.8493,83.99991351366043,12805.82107608458,12805.821363762863,12816.461684811062,15865.460891638904,"[[4107, -1, -1], [4108, -1, -1], [4109, 1, 10325], [4109, 1, 10516], [4109, -1, -1], [4110, -1, -1], [4111, -1, -1], [4112, -1, -1], [4113, -1, -1], [4114, -1, -1], [4115, -1, -1], [4116, -1, -1], [4117, -1, -1]]"
1752865870.9585,85.99991011619568,12805.821027753242,12805.821363762863,12816.461684811062,15865.460891638904,"[[4118, -1, -1], [4119, -1, -1], [4120, -1, -1], [4121, 1, 10377], [4121, 1, 10415], [4121, 1, 10607], [4121, -1, -1], [4122, -1, -1], [4123, -1, -1], [4124, -1, -1], [4125, -1, -1], [4126, -1, -1], [4127, -1, -1], [4128, -1, -1]]"
1752865871.0675,87.99990671873093,12805.821027753242,12805.821359160038,12816.461685321408,15865.460891638904,"[[4129, -1, -1], [4130, -1, -1], [4131, -1, -1], [4132, -1, -1], [4133, -1, -1], [4134, -1, -1], [4135, -1, -1], [4136, -1, -1], [4137, -1, -1], [4138, -1, -1], [4139, -1, -1]]"
1752865871.1775,89.99990332126617,12805.821130572185,12805.821359160038,12816.461677736901,15865.460891638904,"[[4140, -1, -1], [4141, -1, -1], [4142, -1, -1], [4143, -1, -1], [4144, -1, -1], [4145, -1, -1], [4146, -1, -1], [4147, -1, -1], [4148, -1, -1], [4149, -1, -1], [4150, -1, -1]]"
1752865871.2875,91.99989992380142,12805.821130572185,12805.821380794428,12816.461677736901,15865.460891638904,"[[4151, -1, -1], [4152, -1, -1], [4153, -1, -1], [4154, -1, -1], [4155, -1, -1], [4156, -1, -1], [4157, -1, -1], [4158, -1, -1], [4159, -1, -1], [4160, -1, -1], [4161, -1, -1]]"
1752865871.3965,93.99989652633667,12805.8212033262,12805.821380794428,12816.46168077712,15865.460891638904,"[[4162, -1, -1], [4163, -1, -1], [4164, -1, -1], [4165, -1, -1], [4166, -1, -1], [4167, -1, -1], [4168, -1, -1], [4169, -1, -1], [4170, -1, -1], [4171, -1, -1], [4172, -1, -1]]"
1752865871.5061,95.99989312887192,12805.8212033262,12805.821395566129,12816.46168077712,15865.460891638904,"[[4173, -1, -1], [4174, -1, -1], [4175, -1, -1], [4176, -1, -1], [4177, -1, -1], [4178, -1, -1], [4179, -1, -1], [4180, -1, -1], [4181, -1, -1], [4182, -1, -1], [4183, 1, 10953], [4183, 1, 11137], [4183, -1, -1]]"
1752865871.6165,97.99988973140717,12805.821181914775,12805.821395566129,12816.461690415952,15865.460891638904,"[[4184, -1, -1], [4185, -1, -1], [4186, -1, -1], [4187, -1, -1], [4188, -1, -1], [4189, -1, -1], [4190, -1, -1], [4191, -1, -1], [4192, -1, -1], [4193, -1, -1], [4194, -1, -1]]"
1752865871.7375,-152.00000596046448,12805.821113617787,12805.821388453445,12816.461690415952,15865.460891638904,"[[4196, -1, -1], [4197, -1, -1], [4198, -1, -1], [4199, -1, -1], [4200, -1, -1], [4201, -1, -1], [4202, -1, -1], [4203, -1, -1], [4204, -1, -1], [4205, -1, -1], [4206, -1, -1]]"
1752865871.8475,-150.00000190734863,12805.821113617787,12805.821388453445,12816.461685882574,15865.460891638904,"[[4207, -1, -1], [4208, -1, -1], [4209, -1, -1], [4210, -1, -1], [4211, -1, -1], [4212, -1, -1], [4213, -1, -1], [4214, -1, -1], [4215, -1, -1], [4216, -1, -1], [4217, -1, -1]]"
1752865871.9565,-147.9999978542328,12805.821067662388,12805.821382361999,12816.461685882574,15865.460891638904,"[[4218, -1, -1], [4219, -1, -1], [4220, -1, -1], [4221, -1, -1], [4222, -1, -1], [4223, -1, -1], [4224, -1, -1], [4225, -1, -1], [4226, -1, -1], [4227, -1, -1], [4228, -1, -1]]"
1752865872.0655,-145.99999380111694,12805.821067662388,12805.821372029608,12816.461690631351,15865.460891638904,"[[4229, -1, -1], [4230, -1, -1], [4231, 1, 13235], [4231, 1, 13423], [4231, -1, -1], [4232, -1, -1], [4233, -1, -1], [4234, -1, -1], [4235, -1, -1], [4236, -1, -1], [4237, -1, -1], [4238, -1, -1], [4239, -1, -1]]"
1752865872.1755,-143.9999897480011,12805.821118050666,12805.821372029608,12816.461690631351,15865.460891638904,"[[4240, -1, -1], [4241, -1, -1], [4242, -1, -1], [4243, -1, -1], [4244, -1, -1], [4245, -1, -1], [4246, -1, -1], [4247, -1, -1], [4248, -1, -1], [4249, -1, -1], [4250, -1, -1]]"
1752865872.2855,-141.99998569488525,12805.821118050666,12805.82137181031,12816.46168303442,15865.460891638904,"[[4251, -1, -1], [4252, -1, -1], [4253, -1, -1], [4254, -1, -1], [4255, -1, -1], [4256, -1, -1], [4257, -1, -1], [4258, -1, -1], [4259, 1, 11609], [4259, 1, 11808], [4259, 1, 11948], [4259, 1, 12280], [4259, -1, -1], [4260, -1, -1], [4261, -1, -1]]"
1752865872.3955,-139.9999816417694,12805.821171210637,12805.82137181031,12816.46168303442,15865.460891638904,"[[4262, -1, -1], [4263, -1, -1], [4264, -1, -1], [4265, -1, -1], [4266, -1, -1], [4267, -1, -1], [4268, -1, -1], [4269, -1, -1], [4270, -1, -1], [4271, -1, -1], [4272, -1, -1]]"
1752865872.5046,-137.99997758865356,12805.821171210637,12805.821380112915,12816.461685428476,15865.460891638904,"[[4273, -1, -1], [4274, -1, -1], [4275, -1, -1], [4276, -1, -1], [4277, -1, -1], [4278, -1, -1], [4279, -1, -1], [4280, -1, -1], [4281, -1, -1], [4282, -1, -1], [4283, 1, 12230], [4283, 1, 12414], [4283, -1, -1]]"
1752865872.6145,-135.99997353553772,12805.821208462907,12805.821380112915,12816.461685428476,15865.460891638904,"[[4284, -1, -1], [4285, -1, -1], [4286, -1, -1], [4287, -1, -1], [4288, -1, -1], [4289, -1, -1], [4290, -1, -1], [4291, -1, -1], [4292, -1, -1], [4293, -1, -1], [4294, -1, -1]]"
1752865872.7255,-133.99996948242188,12805.821208462907,12805.821374747864,12816.461682289259,15865.460891638904,"[[4295, -1, -1], [4296, -1, -1], [4297, -1, -1], [4298, 1, 11277], [4298, 1, 11311], [4298, 1, 11508], [4298, -1, -1], [4299, -1, -1], [4300, -1, -1], [4301, -1, -1], [4302, -1, -1], [4303, -1, -1], [4304, -1, -1], [4305, -1, -1]]"
1752865872.8355,-131.99996542930603,12805.82112829465,12805.821374747864,12816.461687795561,15865.460891638904,"[[4306, -1, -1], [4307, -1, -1], [4308, -1, -1], [4309, 1, 11004], [4309, 1, 11213], [4309, -1, -1], [4310, -1, -1], [4311, -1, -1], [4312, -1, -1], [4313, -1, -1], [4314, -1, -1], [4315, -1, -1], [4316, -1, -1]]"
1752865872.9445,-129.99996137619019,12805.82112829465,12805.821361025544,12816.461687795561,15865.460891638904,"[[4317, -1, -1], [4318, -1, -1], [4319, -1, -1], [4320, -1, -1], [4321, 1, 7492], [4321, 1, 7535], [4321, 1, 7722], [4321, 1, 14627], [4321, 1, 14662], [4321, 1, 14857], [4321, -1, -1], [4322, -1, -1], [4323, -1, -1], [4324, -1, -1], [4325, -1, -1], [4326, -1, -1], [4327, -1, -1]]"
1752865873.0535,-127.99995732307434,12805.821027053853,12805.821361025544,12816.461684012398,15865.460891638904,"[[4328, -1, -1], [4329, -1, -1], [4330, -1, -1], [4331, -1, -1], [4332, -1, -1], [4333, -1, -1], [4334, -1, -1], [4335, -1, -1], [4336, -1, -1], [4337, -1, -1], [4338, -1, -1]]"
1752865873.1625,-125.9999607205391,12805.821027053853,12805.82136183747,12816.461684012398,15865.460891638904,"[[4339, -1, -1], [4340, -1, -1], [4341, 1, 10536], [4341, 1, 10734], [4341, -1, -1], [4342, -1, -1], [4343, -1, -1], [4344, -1, -1], [4345, -1, -1], [4346, -1, -1], [4347, -1, -1], [4348, -1, -1], [4349, -1, -1]]"
1752865873.2725,-123.99996411800385,12805.821062685167,12805.82136183747,12816.461678381243,15865.460891638904,"[[4350, -1, -1], [4351, -1, -1], [4352, -1, -1], [4353, -1, -1], [4354, -1, -1], [4355, -1, -1], [4356, -1, -1], [4357, -1, -1], [4358, -1, -1], [4359, -1, -1], [4360, -1, -1]]"
1752865873.382,-121.9999675154686,12805.821145341693,12805.82137042679,12816.461678381243,15865.460891638904,"[[4361, -1, -1], [4362, -1, -1], [4363, -1, -1], [4364, -1, -1], [4365, -1, -1], [4366, -1, -1], [4367, -1, -1], [4368, -1, -1], [4369, -1, -1], [4370, -1, -1]]"
1752865873.492,-119.99997091293335,12805.821145341693,12805.82137042679,12816.46168177743,15865.460891638904,"[[4372, -1, -1], [4373, -1, -1], [4374, -1, -1], [4375, -1, -1], [4376, -1, -1], [4377, -1, -1], [4378, -1, -1], [4379, -1, -1], [4380, -1, -1], [4381, -1, -1]]"
1752865873.602,-117.9999743103981,12805.821211004471,12805.821361513244,12816.46168177743,15865.460891638904,"[[4383, -1, -1], [4384, -1, -1], [4385, -1, -1], [4386, -1, -1], [4387, -1, -1], [4388, -1, -1], [4389, -1, -1], [4390, -1, -1], [4391, -1, -1], [4392, -1, -1]]"
1752865873.711,-115.99997770786285,12805.821211004471,12805.821372774895,12816.461684537107,15865.460891638904,"[[4394, -1, -1], [4395, -1, -1], [4396, -1, -1], [4397, -1, -1], [4398, -1, -1], [4399, -1, -1], [4400, -1, -1], [4401, -1, -1], [4402, -1, -1], [4403, -1, -1]]"
1752865873.821,-113.9999811053276,12805.821167040996,12805.821372774895,12816.461684537107,15865.460891638904,"[[4405, -1, -1], [4406, -1, -1], [4407, 1, 11852], [4407, 1, 12037], [4407, -1, -1], [4408, -1, -1], [4409, -1, -1], [4410, 1, 10533], [4410, 1, 10568], [4410, 1, 10763], [4410, -1, -1], [4411, -1, -1], [4412, -1, -1], [4413, -1, -1], [4414, -1, -1]]"
1752865873.9305,-111.99998450279236,12805.821167040996,12805.821376926584,12816.46168594895,15865.460891638904,"[[4416, -1, -1], [4417, -1, -1], [4418, -1, -1], [4419, -1, -1], [4420, -1, -1], [4421, -1, -1], [4422, -1, -1], [4423, -1, -1], [4424, -1, -1], [4425, -1, -1]]"
1752865874.041,-109.99998790025711,12805.821103583929,12805.821376926584,12816.46168594895,15865.460891638904,"[[4426, -1, -1], [4427, -1, -1], [4428, -1, -1], [4429, -1, -1], [4430, -1, -1], [4431, -1, -1], [4432, -1, -1], [4433, -1, -1], [4434, -1, -1], [4435, -1, -1], [4436, -1, -1]]"
1752865874.151,-107.99999129772186,12805.821103583929,12805.821377783584,12816.46168762404,15865.460891638904,"[[4438, -1, -1], [4439, -1, -1], [4440, -1, -1], [4441, -1, -1], [4442, -1, -1], [4443, 1, 10793], [4443, 1, 10977], [4443, -1, -1], [4444, -1, -1], [4445, -1, -1], [4446, -1, -1], [4447, -1, -1]]"
1752865874.261,-105.99999469518661,12805.821108175784,12805.821377783584,12816.461684071994,15865.460891638904,"[[4449, 1, 26597], [4449, 1, 26783], [4449, -1, -1], [4450, -1, -1], [4451, -1, -1], [4452, -1, -1], [4453, -1, -1], [4454, -1, -1], [4455, 1, 9973], [4455, 1, 10157], [4455, -1, -1], [4456, -1, -1], [4457, -1, -1], [4458, -1, -1]]"
1752865874.371,-103.99999809265137,12805.821108175784,12805.821376181559,12816.461684071994,15865.460891638904,"[[4460, -1, -1], [4461, -1, -1], [4462, -1, -1], [4463, -1, -1], [4464, -1, -1], [4465, -1, -1], [4466, -1, -1], [4467, -1, -1], [4468, -1, -1], [4469, -1, -1]]"
1752865874.4805,-102.00000149011612,12805.821103809127,12805.821376181559,12816.461676707097,15865.460891638904,"[[4471, -1, -1], [4472, -1, -1], [4473, -1, -1], [4474, -1, -1], [4475, -1, -1], [4476, -1, -1], [4477, -1, -1], [4478, -1, -1], [4479, -1, -1], [4480, -1, -1]]"
1752865874.5895,-100.00000488758087,12805.821103809127,12805.821375641079,12816.461676707097,15865.460891638904,"[[4481, -1, -1], [4482, -1, -1], [4483, -1, -1], [4484, -1, -1], [4485, -1, -1], [4486, -1, -1], [4487, -1, -1], [4488, -1, -1], [4489, -1, -1], [4490, -1, -1], [4491, -1, -1]]"
1752865874.6985,-98.00000828504562,12805.821203638463,12805.821375641079,12816.461686333314,15865.460891638904,"[[4492, -1, -1], [4493, -1, -1], [4494, -1, -1], [4495, -1, -1], [4496, -1, -1], [4497, -1, -1], [4498, -1, -1], [4499, -1, -1], [4500, -1, -1], [4501, -1, -1], [4502, -1, -1]]"
1752865874.8095,-96.00001168251038,12805.821203638463,12805.82137732733,12816.461686333314,15865.460891638904,"[[4503, -1, -1], [4504, -1, -1], [4505, 1, 10220], [4505, 1, 10404], [4505, -1, -1], [4506, -1, -1], [4507, -1, -1], [4508, -1, -1], [4509, -1, -1], [4510, -1, -1], [4511, -1, -1], [4512, -1, -1], [4513, -1, -1]]"
1752865874.9185,-94.00001507997513,12805.821199681315,12805.82137732733,12816.461685011536,15865.460891638904,"[[4514, -1, -1], [4515, -1, -1], [4516, 1, 10265], [4516, 1, 10295], [4516, 1, 10495], [4516, -1, -1], [4517, -1, -1], [4518, -1, -1], [4519, -1, -1], [4520, -1, -1], [4521, -1, -1], [4522, -1, -1], [4523, -1, -1], [4524, -1, -1]]"
1752865875.0275,-92.00001847743988,12805.821082154196,12805.821370846797,12816.461685011536,15865.460891638904,"[[4525, -1, -1], [4526, -1, -1], [4527, -1, -1], [4528, -1, -1], [4529, -1, -1], [4530, -1, -1], [4531, -1, -1], [4532, 1, 11472], [4532, 1, 11662], [4532, -1, -1], [4533, -1, -1], [4534, -1, -1], [4535, -1, -1]]"
1752865875.1375,-90.00002187490463,12805.821082154196,12805.821370846797,12816.46168663428,15865.460891638904,"[[4536, -1, -1], [4537, 1, 10853], [4537, 1, 11039], [4537, -1, -1], [4538, -1, -1], [4539, -1, -1], [4540, -1, -1], [4541, -1, -1], [4542, -1, -1], [4543, -1, -1], [4544, -1, -1], [4545, -1, -1], [4546, -1, -1]]"
1752865875.2475,-88.00002527236938,12805.821078720606,12805.821366920734,12816.46168663428,15865.460891638904,"[[4547, -1, -1], [4548, -1, -1], [4549, -1, -1], [4550, -1, -1], [4551, -1, -1], [4552, -1, -1], [4553, -1, -1], [4554, -1, -1], [4555, 1, 11811], [4555, 1, 12011], [4555, -1, -1], [4556, -1, -1], [4557, -1, -1]]"
1752865875.3565,-86.00002866983414,12805.821078720606,12805.821366920734,12816.46168587206,15865.460891638904,"[[4558, -1, -1], [4559, -1, -1], [4560, -1, -1], [4561, 1, 10922], [4561, 1, 10957], [4561, 1, 11152], [4561, -1, -1], [4562, -1, -1], [4563, -1, -1], [4564, -1, -1], [4565, -1, -1], [4566, -1, -1], [4567, -1, -1], [4568, -1, -1]]"
1752865875.4656,-84.00003206729889,12805.821131177252,12805.821393849656,12816.46168587206,15865.460891638904,"[[4569, -1, -1], [4570, -1, -1], [4571, -1, -1], [4572, -1, -1], [4573, -1, -1], [4574, -1, -1], [4575, -1, -1], [4576, -1, -1], [4577, 1, 12488], [4577, 1, 12674], [4577, -1, -1], [4578, -1, -1], [4579, -1, -1]]"
1752865875.5755,-82.00003546476364,12805.821131177252,12805.821393849656,12816.461678788977,15865.460891638904,"[[4580, -1, -1], [4581, -1, -1], [4582, -1, -1], [4583, -1, -1], [4584, -1, -1], [4585, -1, -1], [4586, -1, -1], [4587, -1, -1], [4588, 1, 11220], [4588, 1, 11418], [4588, 1, 11562], [4588, -1, -1], [4589, -1, -1], [4590, -1, -1]]"
1752865875.6855,-80.0000388622284,12805.821190748362,12805.821386892047,12816.461678788977,15865.460891638904,"[[4591, -1, -1], [4592, -1, -1], [4593, -1, -1], [4594, -1, -1], [4595, -1, -1], [4596, -1, -1], [4597, -1, -1], [4598, -1, -1], [4599, -1, -1], [4600, -1, -1], [4601, -1, -1]]"
1752865875.7965,-78.00004225969315,12805.821190748362,12805.821386892047,12816.461680676828,15865.460891638904,"[[4602, -1, -1], [4603, -1, -1], [4604, -1, -1], [4605, 1, 14079], [4605, 1, 14265], [4605, -1, -1], [4606, -1, -1], [4607, -1, -1], [4608, -1, -1], [4609, -1, -1], [4610, -1, -1], [4611, -1, -1], [4612, -1, -1]]"
1752865875.9055,-76.0000456571579,12805.821192558828,12805.821392406042,12816.461680676828,15865.460891638904,"[[4613, -1, -1], [4614, -1, -1], [4615, -1, -1], [4616, -1, -1], [4617, 1, 11180], [4617, -1, -1], [4618, -1, -1], [4619, -1, -1], [4620, -1, -1], [4621, -1, -1], [4622, -1, -1], [4623, -1, -1]]"
1752865876.0145,-74.00004905462265,12805.821192558828,12805.821392406042,12816.461683599511,15865.460891638904,"[[4624, -1, -1], [4625, -1, -1], [4626, -1, -1], [4627, -1, -1], [4628, 1, 11271], [4628, -1, -1], [4629, -1, -1], [4630, -1, -1], [4631, -1, -1], [4632, -1, -1], [4633, -1, -1], [4634, -1, -1]]"
1752865876.1235,-72.0000524520874,12805.821153435973,12805.821404606218,12816.461683599511,15865.460891638904,"[[4635, -1, -1], [4636, -1, -1], [4637, -1, -1], [4638, -1, -1], [4639, 1, 17459], [4639, 1, 17662], [4639, -1, -1], [4640, -1, -1], [4641, -1, -1], [4642, -1, -1], [4643, -1, -1], [4644, -1, -1], [4645, -1, -1]]"
1752865876.2335,-70.00005584955215,12805.821153435973,12805.821404606218,12816.461688833755,15865.460891638904,"[[4646, -1, -1], [4647, -1, -1], [4648, -1, -1], [4649, 1, 11704], [4649, 1, 11732], [4649, 1, 11889], [4649, -1, -1], [4650, -1, -1], [4651, -1, -1], [4652, -1, -1], [4653, -1, -1], [4654, -1, -1], [4655, 1, 10310], [4655, 1, 10495], [4655, 1, 11165], [4655, 1, 11365], [4655, -1, -1], [4656, -1, -1]]"
1752865876.3425,-68.0000592470169,12805.821104906468,12805.821398354126,12816.461688833755,15865.460891638904,"[[4657, -1, -1], [4658, -1, -1], [4659, -1, -1], [4660, -1, -1], [4661, -1, -1], [4662, -1, -1], [4663, -1, -1], [4664, -1, -1], [4665, -1, -1], [4666, 1, 11180], [4666, 1, 11380], [4666, -1, -1], [4667, -1, -1]]"
1752865876.4525,-66.00006264448166,12805.821104906468,12805.821398354126,12816.461687343026,15865.460891638904,"[[4668, -1, -1], [4669, -1, -1], [4670, 1, 9973], [4670, 1, 10158], [4670, -1, -1], [4671, -1, -1], [4672, -1, -1], [4673, 1, 9187], [4673, 1, 9221], [4673, 1, 9417], [4673, -1, -1], [4674, 1, 9730], [4674, 1, 9918], [4674, -1, -1], [4675, 1, 11210], [4675, 1, 11409], [4675, -1, -1], [4676, -1, -1], [4677, -1, -1], [4678, -1, -1]]"
1752865876.5625,-64.00006231665611,12805.821114000439,12805.821400044739,12816.461687343026,15865.460891638904,"[[4679, -1, -1], [4680, -1, -1], [4681, -1, -1], [4682, -1, -1], [4683, -1, -1], [4684, -1, -1], [4685, -1, -1], [4686, -1, -1], [4687, -1, -1], [4688, -1, -1], [4689, -1, -1]]"
1752865876.6715,-62.000061988830566,12805.821114000439,12805.821401947773,12816.461676132061,15865.460891638904,"[[4690, 1, 10332], [4690, 1, 10534], [4690, -1, -1], [4691, -1, -1], [4692, -1, -1], [4693, -1, -1], [4694, -1, -1], [4695, 1, 11621], [4695, 1, 11807], [4695, -1, -1], [4696, -1, -1], [4697, 1, 9499], [4697, 1, 9702], [4697, -1, -1], [4698, -1, -1], [4699, -1, -1], [4700, -1, -1]]"
1752865876.782,-60.00006166100502,12805.821156987648,12805.821401947773,12816.461676132061,15865.460891638904,"[[4701, -1, -1], [4702, -1, -1], [4703, -1, -1], [4704, -1, -1], [4705, -1, -1], [4706, 1, 11462], [4706, 1, 11498], [4706, 1, 11695], [4706, -1, -1], [4707, -1, -1], [4708, -1, -1], [4709, -1, -1], [4710, -1, -1]]"
1752865876.8911,-58.000061333179474,12805.821156987648,12805.821399892484,12816.461686828485,15865.460891638904,"[[4712, -1, -1], [4713, -1, -1], [4714, -1, -1], [4715, -1, -1], [4716, -1, -1], [4717, -1, -1], [4718, -1, -1], [4719, -1, -1], [4720, -1, -1], [4721, -1, -1]]"
1752865877.0005,-56.00006100535393,12805.821202155135,12805.821399892484,12816.461686828485,15865.460891638904,"[[4723, -1, -1], [4724, -1, -1], [4725, -1, -1], [4726, -1, -1], [4727, -1, -1], [4728, -1, -1], [4729, -1, -1], [4730, -1, -1], [4731, -1, -1], [4732, -1, -1]]"
1752865877.1105,-54.00006067752838,12805.821202155135,12805.821395109946,12816.461682859004,15865.460891638904,"[[4733, -1, -1], [4734, -1, -1], [4735, -1, -1], [4736, -1, -1], [4737, -1, -1], [4738, 1, 10242], [4738, -1, -1], [4739, -1, -1], [4740, -1, -1], [4741, -1, -1], [4742, -1, -1], [4743, -1, -1]]"
1752865877.2205,-52.000060349702835,12805.821170449817,12805.821395109946,12816.46168181414,15865.460891638904,"[[4744, -1, -1], [4745, -1, -1], [4746, -1, -1], [4747, -1, -1], [4748, -1, -1], [4749, -1, -1], [4750, -1, -1], [4751, -1, -1], [4752, -1, -1], [4753, -1, -1], [4754, -1, -1]]"
1752865877.3305,-50.00006002187729,12805.821170449817,12805.821400593688,12816.46168181414,15865.460891638904,"[[4755, -1, -1], [4756, 1, 14139], [4756, 1, 14169], [4756, 1, 14369], [4756, -1, -1], [4757, -1, -1], [4758, -1, -1], [4759, 1, 12158], [4759, 1, 12231], [4759, 1, 12342], [4759, 1, 12439], [4759, -1, -1], [4760, -1, -1], [4761, -1, -1], [4762, -1, -1], [4763, -1, -1], [4764, -1, -1], [4765, 1, 10583], [4765, 1, 10782], [4765, -1, -1]]"
1752865877.4405,-48.00005969405174,12805.821082872955,12805.821400593688,12816.461683788797,15865.460891638904,"[[4766, -1, -1], [4767, -1, -1], [4768, -1, -1], [4769, -1, -1], [4770, -1, -1], [4771, 1, 9535], [4771, 1, 9734], [4771, -1, -1], [4772, -1, -1], [4773, -1, -1], [4774, -1, -1], [4775, -1, -1], [4776, -1, -1]]"
1752865877.5505,-46.000059366226196,12805.821082872955,12805.821409189239,12816.461683788797,15865.460891638904,"[[4777, -1, -1], [4778, -1, -1], [4779, -1, -1], [4780, -1, -1], [4781, -1, -1], [4782, -1, -1], [4783, -1, -1], [4784, 1, 12191], [4784, 1, 12390], [4784, -1, -1], [4785, -1, -1], [4786, -1, -1], [4787, -1, -1]]"
1752865877.6595,-44.00005903840065,12805.821126087158,12805.821409189239,12816.461685376773,15865.460891638904,"[[4788, -1, -1], [4789, -1, -1], [4790, -1, -1], [4791, 1, 12152], [4791, 1, 12341], [4791, 1, 12395], [4791, 1, 12503], [4791, 1, 13007], [4791, -1, -1], [4792, -1, -1], [4793, -1, -1], [4794, -1, -1], [4795, -1, -1], [4796, -1, -1], [4797, -1, -1], [4798, -1, -1]]"
1752865877.7696,-42.000058710575104,12805.821106353254,12805.821406599804,12816.461685376773,15865.460891638904,"[[4799, -1, -1], [4800, -1, -1], [4801, -1, -1], [4802, -1, -1], [4803, -1, -1], [4804, -1, -1], [4805, -1, -1], [4806, -1, -1], [4807, -1, -1], [4808, -1, -1], [4809, -1, -1]]"
1752865877.8795,-40.00005838274956,12805.821106353254,12805.821406599804,12816.461689497859,15865.460891638904,"[[4810, -1, -1], [4811, 1, 8693], [4811, 1, 8878], [4811, -1, -1], [4812, -1, -1], [4813, -1, -1], [4814, 1, 12401], [4814, 1, 12589], [4814, -1, -1], [4815, -1, -1], [4816, -1, -1], [4817, -1, -1], [4818, 1, 10115], [4818, 1, 10318], [4818, -1, -1], [4819, -1, -1], [4820, -1, -1]]"
1752865877.9885,-38.00005805492401,12805.821157076782,12805.821403116928,12816.461689497859,15865.460891638904,"[[4821, -1, -1], [4822, -1, -1], [4823, 1, 10814], [4823, 1, 11000], [4823, -1, -1], [4824, -1, -1], [4825, -1, -1], [4826, -1, -1], [4827, -1, -1], [4828, -1, -1], [4829, -1, -1], [4830, -1, -1], [4831, -1, -1]]"
1752865878.0975,-36.000057727098465,12805.821157076782,12805.821403116928,12816.461683580532,15865.460891638904,"[[4832, -1, -1], [4833, -1, -1], [4834, -1, -1], [4835, -1, -1], [4836, -1, -1], [4837, -1, -1], [4838, 1, 12565], [4838, 1, 12602], [4838, 1, 12795], [4838, -1, -1], [4839, -1, -1], [4840, 1, 11207], [4840, 1, 11254], [4840, 1, 11441], [4840, -1, -1], [4841, -1, -1], [4842, -1, -1]]"
1752865878.2075,-34.00005739927292,12805.821192964013,12805.821415319106,12816.461683580532,15865.460891638904,"[[4843, -1, -1], [4844, 1, 10897], [4844, 1, 11127], [4844, 1, 11221], [4844, 1, 11343], [4844, -1, -1], [4845, -1, -1], [4846, -1, -1], [4847, 1, 11510], [4847, 1, 11708], [4847, 1, 11752], [4847, -1, -1], [4848, -1, -1], [4849, -1, -1], [4850, 1, 12617], [4850, 1, 12820], [4850, -1, -1], [4851, -1, -1], [4852, -1, -1], [4853, -1, -1]]"
1752865878.3175,-32.00005707144737,12805.821192964013,12805.821415319106,12816.46169094696,15865.460891638904,"[[4854, -1, -1], [4855, -1, -1], [4856, -1, -1], [4857, 1, 10871], [4857, 1, 10910], [4857, 1, 11103], [4857, -1, -1], [4858, -1, -1], [4859, -1, -1], [4860, 1, 10557], [4860, 1, 10787], [4860, 1, 11006], [4860, -1, -1], [4861, -1, -1], [4862, -1, -1], [4863, -1, -1], [4864, -1, -1]]"
1752865878.4265,-30.000056743621826,12805.821103145956,12805.82140915401,12816.46169094696,15865.460891638904,"[[4865, -1, -1], [4866, -1, -1], [4867, 1, 8467], [4867, 1, 8666], [4867, -1, -1], [4868, 1, 9414], [4868, 1, 9602], [4868, 1, 10181], [4868, 1, 10365], [4868, 1, 12429], [4868, 1, 12637], [4868, -1, -1], [4869, -1, -1], [4870, -1, -1], [4871, -1, -1], [4872, -1, -1], [4873, -1, -1], [4874, -1, -1], [4875, 1, 13751], [4875, 1, 13950], [4875, -1, -1]]"
1752865878.5365,-28.00005641579628,12805.821103145956,12805.82141253967,12816.461683271058,15865.460891638904,"[[4876, 1, 10434], [4876, 1, 10633], [4876, 1, 11443], [4876, 1, 11633], [4876, -1, -1], [4877, 1, 10820], [4877, 1, 11020], [4877, 1, 11122], [4877, 1, 11207], [4877, 1, 11409], [4877, 1, 102744], [4877, 1, 102793], [4877, 1, 102979], [4877, 1, 103115], [4877, -1, -1], [4878, 1, 10574], [4878, 1, 10777], [4878, 1, 10895], [4878, -1, -1], [4879, -1, -1], [4880, 1, 10989], [4880, 1, 11174], [4880, -1, -1], [4881, -1, -1], [4882, 1, 11384], [4882, 1, 11583], [4882, 1, 11847], [4882, -1, -1], [4883, -1, -1], [4884, 1, 11134], [4884, 1, 11336], [4884, -1, -1], [4885, -1, -1], [4886, 1, 9876], [4886, 1, 9978], [4886, 1, 10060], [4886, 1, 10166], [4886, 1, 11322], [4886, 1, 11492], [4886, -1, -1]]"
1752865878.6451,-26.000056087970734,12805.82109393589,12805.82141253967,12816.461683271058,15865.460891638904,"[[4887, -1, -1], [4888, -1, -1], [4889, -1, -1], [4890, -1, -1], [4891, -1, -1], [4892, 1, 10178], [4892, 1, 10212], [4892, 1, 10414], [4892, -1, -1], [4893, -1, -1], [4894, 1, 9616], [4894, 1, 12681], [4894, 1, 12884], [4894, -1, -1], [4895, -1, -1], [4896, -1, -1], [4897, 1, 10953], [4897, 1, 11152], [4897, -1, -1]]"
1752865878.7546,-24.000055760145187,12805.82109393589,12805.821412393048,12816.461683749492,15865.460891638904,"[[4898, -1, -1], [4899, 1, 11043], [4899, 1, 11246], [4899, -1, -1], [4900, -1, -1], [4901, 1, 11653], [4901, 1, 11691], [4901, 1, 11883], [4901, 1, 12590], [4901, -1, -1], [4902, 1, 11686], [4902, 1, 11884], [4902, -1, -1], [4903, -1, -1], [4904, -1, -1], [4905, -1, -1], [4906, -1, -1], [4907, 1, 7506], [4907, 1, 7676], [4907, -1, -1], [4908, -1, -1]]"
1752865878.8645,-22.00005543231964,12805.821090023013,12805.821412393048,12816.461683749492,15865.460891638904,"[[4909, 1, 11903], [4909, 1, 12106], [4909, 1, 12390], [4909, -1, -1], [4910, 1, 10060], [4910, 1, 10249], [4910, -1, -1], [4911, -1, -1], [4912, 1, 10101], [4912, 1, 10263], [4912, 1, 10862], [4912, 1, 10909], [4912, 1, 11103], [4912, 1, 11280], [4912, 1, 11709], [4912, 1, 11908], [4912, -1, -1], [4913, 1, 9795], [4913, 1, 9994], [4913, -1, -1], [4914, 1, 7357], [4914, 1, 7556], [4914, -1, -1], [4915, -1, -1], [4916, -1, -1], [4917, -1, -1], [4918, -1, -1], [4919, 1, 9188], [4919, 1, 9218], [4919, 1, 9397], [4919, -1, -1]]"
1752865878.9742,-20.000055104494095,12805.821090023013,12805.821407305048,12816.461687300096,15865.460891638904,"[[4920, -1, -1], [4921, -1, -1], [4922, 1, 12058], [4922, 1, 12262], [4922, -1, -1], [4923, -1, -1], [4924, -1, -1], [4925, -1, -1], [4926, 1, 9744], [4926, 1, 9929], [4926, -1, -1], [4927, 1, 9152], [4927, 1, 9337], [4927, -1, -1], [4928, -1, -1], [4929, -1, -1], [4930, -1, -1]]"
1752865879.0835,-18.00005477666855,12805.821153310875,12805.821407305048,12816.461688116293,15865.460891638904,"[[4931, -1, -1], [4932, -1, -1], [4933, -1, -1], [4934, 1, 11711], [4934, 1, 11741], [4934, 1, 11942], [4934, 1, 12075], [4934, -1, -1], [4935, 1, 9864], [4935, 1, 10050], [4935, -1, -1], [4936, 1, 11014], [4936, 1, 11198], [4936, 1, 12509], [4936, -1, -1], [4937, -1, -1], [4938, 1, 11495], [4938, 1, 11680], [4938, 1, 11833], [4938, -1, -1], [4939, 1, 11037], [4939, 1, 11220], [4939, -1, -1], [4940, -1, -1], [4941, 1, 9886], [4941, 1, 10085], [4941, -1, -1]]"
1752865879.1925,-16.000054448843002,12805.821153310875,12805.821409102125,12816.461688116293,15865.460891638904,"[[4942, -1, -1], [4943, -1, -1], [4944, 1, 10644], [4944, 1, 10827], [4944, -1, -1], [4945, 1, 12278], [4945, 1, 12469], [4945, -1, -1], [4946, 1, 10360], [4946, 1, 10398], [4946, 1, 10590], [4946, 1, 10743], [4946, 1, 10812], [4946, -1, -1], [4947, -1, -1], [4948, -1, -1], [4949, -1, -1], [4950, -1, -1], [4951, 1, 9491], [4951, 1, 9695], [4951, -1, -1], [4952, -1, -1]]"
1752865879.3025,-14.000054121017456,12805.821180609932,12805.821409102125,12816.461690811506,15865.460891638904,"[[4953, -1, -1], [4954, -1, -1], [4955, 1, 9761], [4955, 1, 9795], [4955, 1, 9991], [4955, -1, -1], [4956, 1, 11040], [4956, 1, 11243], [4956, -1, -1], [4957, 1, 11747], [4957, 1, 11946], [4957, 1, 12096], [4957, 1, 12209], [4957, 1, 12474], [4957, 1, 12662], [4957, 1, 14520], [4957, 1, 14719], [4957, -1, -1], [4958, -1, -1], [4959, 1, 10533], [4959, 1, 10736], [4959, -1, -1], [4960, -1, -1], [4961, -1, -1], [4962, 1, 10235], [4962, 1, 10437], [4962, 1, 12315], [4962, 1, 12504], [4962, 1, 12697], [4962, 1, 12729], [4962, 1, 12928], [4962, -1, -1], [4963, -1, -1]]"
1752865879.4117,-12.00005379319191,12805.821180609932,12805.821404608343,12816.461690811506,15865.460891638904,"[[4964, 1, 8930], [4964, 1, 9129], [4964, 1, 10976], [4964, 1, 11010], [4964, 1, 11207], [4964, -1, -1], [4965, -1, -1], [4966, 1, 10976], [4966, 1, 11179], [4966, 1, 11268], [4966, 1, 11405], [4966, 1, 11476], [4966, -1, -1], [4967, -1, -1], [4968, 1, 10658], [4968, 1, 10843], [4968, -1, -1], [4969, -1, -1], [4970, -1, -1], [4971, 1, 5979], [4971, 1, 6179], [4971, -1, -1], [4972, -1, -1], [4973, -1, -1], [4974, -1, -1]]"
1752865879.521,-10.000053465366364,12805.82111654495,12805.821404608343,12816.46168983779,15865.460891638904,"[[4975, 1, 10788], [4975, 1, 10991], [4975, -1, -1], [4976, 1, 10077], [4976, 1, 10119], [4976, 1, 10307], [4976, -1, -1], [4977, -1, -1], [4978, 1, 11124], [4978, 1, 11326], [4978, -1, -1], [4979, 1, 8951], [4979, 1, 8985], [4979, 1, 9181], [4979, 1, 10114], [4979, 1, 11917], [4979, 1, 12082], [4979, 1, 12508], [4979, 1, 12707], [4979, -1, -1], [4980, -1, -1], [4981, -1, -1], [4982, 1, 9587], [4982, 1, 9790], [4982, 1, 11112], [4982, 1, 11148], [4982, 1, 11343], [4982, 1, 12730], [4982, 1, 12804], [4982, 1, 12988], [4982, -1, -1], [4983, -1, -1], [4984, -1, -1]]"
1752865879.631,-8.000053603202105,12805.82111654495,12805.821408992368,12816.46168983779,15865.460891638904,"[[4986, 1, 10826], [4986, 1, 11029], [4986, -1, -1], [4987, 1, 9746], [4987, 1, 9930], [4987, 1, 11711], [4987, 1, 11740], [4987, 1, 11940], [4987, -1, -1], [4988, 1, 11914], [4988, 1, 12047], [4988, 1, 12112], [4988, 1, 13942], [4988, 1, 14150], [4988, -1, -1], [4989, 1, 9506], [4989, 1, 9738], [4989, 1, 10879], [4989, 1, 10913], [4989, 1, 11108], [4989, -1, -1], [4990, 1, 11737], [4990, 1, 11774], [4990, 1, 11968], [4990, -1, -1], [4991, 1, 11393], [4991, -1, -1], [4992, 1, 10400], [4992, 1, 10585], [4992, 1, 11444], [4992, 1, 11643], [4992, 1, 13111], [4992, 1, 13149], [4992, 1, 13342], [4992, -1, -1], [4993, 1, 10772], [4993, 1, 10800], [4993, 1, 10981], [4993, -1, -1], [4994, -1, -1], [4995, 1, 11094], [4995, 1, 11277], [4995, 1, 11365], [4995, -1, -1]]"
1752865879.741,-6.000053741037846,12805.82103904119,12805.821408992368,12816.461682168976,15865.460891638904,"[[4997, 1, 10588], [4997, 1, 10788], [4997, 1, 10940], [4997, 1, 10988], [4997, 1, 11174], [4997, 1, 11530], [4997, -1, -1], [4998, -1, -1], [4999, 1, 10966], [4999, 1, 11001], [4999, 1, 11197], [4999, 1, 11798], [4999, 1, 11998], [4999, 1, 12301], [4999, -1, -1], [5000, 1, 10138], [5000, 1, 10342], [5000, 1, 10879], [5000, 1, 10913], [5000, 1, 11109], [5000, 1, 11495], [5000, -1, -1], [5001, -1, -1], [5002, 1, 9534], [5002, 1, 9569], [5002, 1, 9799], [5002, 1, 10006], [5002, 1, 10901], [5002, 1, 11090], [5002, -1, -1], [5003, 1, 10947], [5003, 1, 11110], [5003, -1, -1], [5004, -1, -1], [5005, -1, -1], [5006, -1, -1]]"
1752865879.851,-4.000053646042943,12805.82103904119,12805.821404595657,12816.461682168976,15865.460891638904,"[[5008, 1, 9074], [5008, 1, 9113], [5008, 1, 9304], [5008, -1, -1], [5009, 1, 10189], [5009, 1, 10388], [5009, 1, 11780], [5009, 1, 11979], [5009, -1, -1], [5010, 1, 9810], [5010, 1, 9905], [5010, 1, 10041], [5010, 1, 10089], [5010, 1, 10231], [5010, -1, -1], [5011, -1, -1], [5012, 1, 9974], [5012, 1, 10162], [5012, 1, 10466], [5012, 1, 10502], [5012, 1, 10697], [5012, 1, 11340], [5012, 1, 11523], [5012, -1, -1], [5013, 1, 11203], [5013, 1, 356330], [5013, 1, 356521], [5013, -1, -1], [5014, -1, -1], [5015, 1, 9324], [5015, 1, 9523], [5015, 1, 9913], [5015, 1, 10097], [5015, -1, -1], [5016, -1, -1], [5017, 1, 10400], [5017, 1, 10585], [5017, -1, -1]]"
1752865879.9605,-2.0000536460440514,12805.821097372078,12805.821404595657,12816.461681197992,15865.460891638904,"[[5019, 1, 12278], [5019, 1, 12476], [5019, -1, -1], [5020, 1, 9599], [5020, 1, 9634], [5020, 1, 9830], [5020, 1, 10034], [5020, 1, 10258], [5020, 1, 10465], [5020, 1, 10695], [5020, 1, 12890], [5020, 1, 13098], [5020, -1, -1], [5021, 1, 9709], [5021, 1, 9908], [5021, 1, 10448], [5021, 1, 10520], [5021, 1, 10650], [5021, 1, 10722], [5021, 1, 11845], [5021, 1, 11879], [5021, 1, 12077], [5021, -1, -1], [5022, 1, 11494], [5022, 1, 11683], [5022, 1, 12731], [5022, 1, 12938], [5022, -1, -1], [5023, 1, 8824], [5023, 1, 9027], [5023, 1, 9896], [5023, 1, 9931], [5023, 1, 10126], [5023, 1, 10390], [5023, 1, 11341], [5023, 1, 11375], [5023, 1, 11570], [5023, -1, -1], [5024, 1, 11227], [5024, 1, 11427], [5024, 1, 11671], [5024, 1, 13113], [5024, 1, 13321], [5024, -1, -1], [5025, -1, -1], [5026, -1, -1], [5027, -1, -1], [5028, -1, -1]]"
1752865880.0695,-5.368888378147474e-05,12805.821140116412,12805.821400123803,12816.461681197992,15865.460891638904,"[[5029, 1, 11287], [5029, 1, 11474], [5029, 1, 13011], [5029, 1, 13211], [5029, -1, -1], [5030, 1, 11416], [5030, 1, 11619], [5030, -1, -1], [5031, 1, 8720], [5031, 1, 8906], [5031, 1, 11482], [5031, 1, 11684], [5031, 1, 12898], [5031, 1, 13106], [5031, -1, -1], [5032, -1, -1], [5033, 1, 11617], [5033, 1, 11820], [5033, -1, -1], [5034, 1, 10671], [5034, 1, 10860], [5034, 1, 12189], [5034, 1, 12360], [5034, -1, -1], [5035, 1, 11541], [5035, 1, 11740], [5035, 1, 14122], [5035, 1, 14159], [5035, 1, 14354], [5035, -1, -1], [5036, 1, 10424], [5036, 1, 10623], [5036, 1, 10724], [5036, 1, 11965], [5036, 1, 12005], [5036, 1, 12195], [5036, -1, -1], [5037, 1, 9625], [5037, 1, 9812], [5037, 1, 10678], [5037, 1, 10883], [5037, 1, 11496], [5037, 1, 11535], [5037, 1, 11727], [5037, 1, 13534], [5037, 1, 13722], [5037, -1, -1], [5038, 1, 10153], [5038, 1, 10352], [5038, -1, -1], [5039, -1, -1]]"
1752865880.1795,1.9999461732804775,12805.821140116412,12805.821400123803,12816.461684110733,15865.460891638904,"[[5040, 1, 10090], [5040, 1, 10129], [5040, 1, 10324], [5040, 1, 13090], [5040, 1, 13125], [5040, 1, 13320], [5040, -1, -1], [5041, 1, 9274], [5041, 1, 9476], [5041, 1, 9596], [5041, 1, 10578], [5041, 1, 10786], [5041, -1, -1], [5042, 1, 10485], [5042, 1, 10527], [5042, 1, 10721], [5042, 1, 10899], [5042, 1, 10997], [5042, -1, -1], [5043, 1, 10675], [5043, 1, 10709], [5043, 1, 10945], [5043, 1, 11134], [5043, 1, 13333], [5043, -1, -1], [5044, 1, 10315], [5044, 1, 10506], [5044, -1, -1], [5045, 1, 10394], [5045, 1, 10597], [5045, 1, 15062], [5045, 1, 15097], [5045, 1, 15292], [5045, 1, 15499], [5045, -1, -1], [5046, 1, 9739], [5046, 1, 9939], [5046, 1, 10293], [5046, 1, 10477], [5046, 1, 10750], [5046, 1, 10950], [5046, -1, -1], [5047, 1, 7020], [5047, 1, 7224], [5047, 1, 10089], [5047, 1, 10292], [5047, 1, 10821], [5047, 1, 11023], [5047, 1, 11155], [5047, 1, 11201], [5047, 1, 11389], [5047, 1, 11607], [5047, 1, 11937], [5047, -1, -1], [5048, 1, 6094], [5048, 1, 6293], [5048, 1, 9836], [5048, 1, 9882], [5048, 1, 10082], [5048, 1, 10107], [5048, 1, 10312], [5048, 1, 10367], [5048, 1, 10575], [5048, 1, 10701], [5048, 1, 10884], [5048, 1, 11167], [5048, -1, -1], [5049, 1, 10102], [5049, 1, 10311], [5049, 1, 10471], [5049, 1, 10544], [5049, 1, 10701], [5049, 1, 11405], [5049, 1, 11444], [5049, 1, 11635], [5049, 1, 12898], [5049, 1, 13081], [5049, 1, 13171], [5049, -1, -1], [5050, 1, 10110], [5050, 1, 10297], [5050, -1, -1]]"
1752865880.2895,3.9999460354447365,12805.821152396888,12805.82139839707,12816.461684110733,15865.460891638904,"[[5051, 1, 11567], [5051, 1, 11617], [5051, 1, 11810], [5051, 1, 11849], [5051, 1, 11948], [5051, 1, 12005], [5051, 1, 12057], [5051, -1, -1], [5052, 1, 9203], [5052, 1, 9238], [5052, 1, 9433], [5052, 1, 10591], [5052, 1, 10794], [5052, 1, 11782], [5052, 1, 11982], [5052, -1, -1], [5053, 1, 12095], [5053, 1, 12276], [5053, -1, -1], [5054, 1, 8982], [5054, 1, 9181], [5054, 1, 9525], [5054, 1, 9728], [5054, 1, 9973], [5054, -1, -1], [5055, 1, 8725], [5055, 1, 8924], [5055, 1, 9032], [5055, 1, 9235], [5055, 1, 10544], [5055, 1, 11851], [5055, 1, 12059], [5055, -1, -1], [5056, 1, 8945], [5056, 1, 9149], [5056, 1, 11445], [5056, 1, 11629], [5056, 1, 11877], [5056, -1, -1], [5057, 1, 12064], [5057, 1, 12100], [5057, 1, 12294], [5057, 1, 12464], [5057, -1, -1], [5058, 1, 11627], [5058, 1, 11826], [5058, -1, -1], [5059, -1, -1], [5060, 1, 10801], [5060, 1, 11000], [5060, 1, 11195], [5060, -1, -1], [5061, 1, 10509], [5061, 1, 10697], [5061, 1, 11632], [5061, 1, 11691], [5061, 1, 11831], [5061, 1, 11879], [5061, 1, 12169], [5061, -1, -1]]"
1752865880.3985,5.999946363270283,12805.821152396888,12805.82139839707,12816.461687551799,15865.460891638904,"[[5062, 1, 10898], [5062, 1, 10936], [5062, 1, 11129], [5062, 1, 12216], [5062, 1, 12419], [5062, -1, -1], [5063, 1, 11523], [5063, 1, 11563], [5063, 1, 11753], [5063, 1, 11956], [5063, -1, -1], [5064, 1, 10336], [5064, 1, 10370], [5064, 1, 10566], [5064, 1, 10658], [5064, 1, 10729], [5064, 1, 10865], [5064, 1, 11016], [5064, 1, 11218], [5064, 1, 11465], [5064, -1, -1], [5065, 1, 10944], [5065, 1, 11174], [5065, -1, -1], [5066, -1, -1], [5067, 1, 7826], [5067, 1, 8030], [5067, -1, -1], [5068, 1, 10564], [5068, 1, 10602], [5068, 1, 10795], [5068, -1, -1], [5069, 1, 10519], [5069, 1, 10718], [5069, 1, 10878], [5069, 1, 11078], [5069, 1, 11358], [5069, 1, 11544], [5069, -1, -1], [5070, 1, 10252], [5070, 1, 10455], [5070, 1, 11142], [5070, 1, 11350], [5070, -1, -1], [5071, 1, 9182], [5071, 1, 9382], [5071, 1, 10791], [5071, 1, 10991], [5071, 1, 11155], [5071, 1, 11360], [5071, 1, 11509], [5071, 1, 13253], [5071, 1, 13461], [5071, -1, -1], [5072, -1, -1]]"
1752865880.5075,7.999946691095829,12805.82113303106,12805.821395659821,12816.461687551799,15865.460891638904,"[[5073, 1, 12446], [5073, 1, 12653], [5073, 1, 12722], [5073, 1, 12778], [5073, 1, 14173], [5073, 1, 14381], [5073, -1, -1], [5074, -1, -1], [5075, 1, 9715], [5075, 1, 9914], [5075, 1, 16253], [5075, 1, 16455], [5075, -1, -1], [5076, 1, 10300], [5076, 1, 10340], [5076, 1, 10393], [5076, 1, 10577], [5076, 1, 10891], [5076, 1, 13756], [5076, 1, 13956], [5076, -1, -1], [5077, 1, 10128], [5077, 1, 10316], [5077, 1, 10566], [5077, 1, 10601], [5077, 1, 10793], [5077, 1, 12094], [5077, -1, -1], [5078, 1, 12879], [5078, 1, 13081], [5078, -1, -1], [5079, 1, 9629], [5079, 1, 9812], [5079, -1, -1], [5080, 1, 9211], [5080, 1, 9410], [5080, 1, 9684], [5080, 1, 9736], [5080, 1, 9924], [5080, 1, 10121], [5080, 1, 10321], [5080, -1, -1], [5081, 1, 9544], [5081, 1, 9578], [5081, 1, 9774], [5081, 1, 9865], [5081, 1, 10045], [5081, 1, 12862], [5081, 1, 13046], [5081, -1, -1], [5082, 1, 12611], [5082, 1, 12780], [5082, 1, 12808], [5082, 1, 12990], [5082, 1, 13277], [5082, -1, -1], [5083, 1, 10351], [5083, 1, 10536], [5083, 1, 12204], [5083, 1, 12388], [5083, -1, -1]]"
1752865880.6175,9.999947018921375,12805.82113303106,12805.821395659821,12816.461682768511,15865.460891638904,"[[5084, 1, 11980], [5084, 1, 12182], [5084, 1, 12404], [5084, 1, 12438], [5084, 1, 12634], [5084, -1, -1], [5085, -1, -1], [5086, 1, 9719], [5086, 1, 9903], [5086, 1, 11589], [5086, 1, 11625], [5086, 1, 11823], [5086, 1, 12025], [5086, 1, 12196], [5086, 1, 12395], [5086, -1, -1], [5087, 1, 12222], [5087, 1, 12421], [5087, 1, 12491], [5087, -1, -1], [5088, 1, 9226], [5088, 1, 9376], [5088, 1, 9428], [5088, 1, 9584], [5088, 1, 9693], [5088, 1, 9728], [5088, -1, -1], [5089, -1, -1], [5090, 1, 11362], [5090, 1, 11396], [5090, 1, 11596], [5090, 1, 11628], [5090, 1, 11823], [5090, 1, 11888], [5090, 1, 12004], [5090, 1, 12188], [5090, 1, 12225], [5090, 1, 12259], [5090, 1, 12458], [5090, 1, 13338], [5090, -1, -1], [5091, 1, 11691], [5091, 1, 11895], [5091, 1, 12078], [5091, 1, 12532], [5091, -1, -1], [5092, 1, 11264], [5092, 1, 11446], [5092, 1, 11712], [5092, 1, 11903], [5092, 1, 12275], [5092, 1, 12477], [5092, -1, -1], [5093, -1, -1], [5094, 1, 9438], [5094, 1, 9623], [5094, 1, 11151], [5094, 1, 11335], [5094, -1, -1]]"
1752865880.7265,11.999947346746922,12805.821071613518,12805.82138987426,12816.461682768511,15865.460891638904,"[[5095, -1, -1], [5096, 1, 11312], [5096, 1, 11346], [5096, 1, 11431], [5096, 1, 11541], [5096, 1, 11640], [5096, 1, 11971], [5096, -1, -1], [5097, 1, 13706], [5097, 1, 13741], [5097, 1, 13937], [5097, 1, 14008], [5097, 1, 14211], [5097, -1, -1], [5098, -1, -1], [5099, 1, 11151], [5099, 1, 11350], [5099, 1, 12303], [5099, 1, 12487], [5099, -1, -1], [5100, 1, 10665], [5100, 1, 10703], [5100, 1, 10895], [5100, 1, 13660], [5100, 1, 13868], [5100, 1, 14066], [5100, 1, 14268], [5100, -1, -1], [5101, 1, 10960], [5101, 1, 11142], [5101, -1, -1], [5102, 1, 10797], [5102, 1, 11025], [5102, 1, 11209], [5102, -1, -1], [5103, 1, 10157], [5103, 1, 10364], [5103, 1, 10689], [5103, 1, 10860], [5103, 1, 10897], [5103, 1, 11093], [5103, 1, 11269], [5103, 1, 11457], [5103, -1, -1], [5104, 1, 10619], [5104, 1, 10819], [5104, -1, -1], [5105, 1, 9585], [5105, 1, 9627], [5105, 1, 9799], [5105, 1, 10020], [5105, -1, -1]]"
1752865880.8365,13.999946743249893,12805.821071613518,12805.821396638581,12816.461687791892,15865.460891638904,"[[5106, -1, -1], [5107, 1, 13079], [5107, 1, 13283], [5107, -1, -1], [5108, -1, -1], [5109, 1, 10878], [5109, 1, 11077], [5109, 1, 11145], [5109, -1, -1], [5110, -1, -1], [5111, -1, -1], [5112, 1, 9901], [5112, 1, 9944], [5112, 1, 10131], [5112, 1, 13195], [5112, 1, 13233], [5112, 1, 13425], [5112, -1, -1], [5113, 1, 12649], [5113, 1, 12848], [5113, -1, -1], [5114, -1, -1], [5115, -1, -1], [5116, 1, 9425], [5116, 1, 9618], [5116, 1, 9821], [5116, 1, 9926], [5116, -1, -1]]"
1752865880.9453,15.999947071075438,12805.821053713724,12805.821396638581,12816.461687791892,15865.460891638904,"[[5117, 1, 9252], [5117, 1, 9450], [5117, 1, 11962], [5117, 1, 12141], [5117, -1, -1], [5118, -1, -1], [5119, 1, 11645], [5119, 1, 11679], [5119, 1, 11875], [5119, -1, -1], [5120, 1, 11372], [5120, 1, 11413], [5120, 1, 11610], [5120, 1, 11788], [5120, 1, 12084], [5120, 1, 12268], [5120, -1, -1], [5121, -1, -1], [5122, -1, -1], [5123, 1, 11528], [5123, 1, 11562], [5123, 1, 11758], [5123, -1, -1], [5124, 1, 11749], [5124, 1, 11953], [5124, 1, 12214], [5124, -1, -1], [5125, 1, 12127], [5125, 1, 12331], [5125, -1, -1], [5126, 1, 10083], [5126, 1, 10131], [5126, 1, 10317], [5126, 1, 11026], [5126, 1, 11210], [5126, 1, 11590], [5126, 1, 11630], [5126, 1, 11823], [5126, -1, -1], [5127, -1, -1]]"
1752865881.0545,17.999947398900986,12805.821053713724,12805.8213980729,12816.461686033637,15865.460891638904,"[[5128, -1, -1], [5129, -1, -1], [5130, 1, 11167], [5130, 1, 11370], [5130, -1, -1], [5131, -1, -1], [5132, 1, 7811], [5132, 1, 7854], [5132, 1, 8043], [5132, 1, 8393], [5132, -1, -1], [5133, -1, -1], [5134, -1, -1], [5135, -1, -1], [5136, -1, -1], [5137, 1, 13246], [5137, 1, 13285], [5137, 1, 13476], [5137, -1, -1], [5138, -1, -1]]"
1752865881.1645,19.999947726726532,12805.821097990549,12805.8213980729,12816.461686033637,15865.460891638904,"[[5139, -1, -1], [5140, -1, -1], [5141, -1, -1], [5142, 1, 13011], [5142, 1, 13210], [5142, -1, -1], [5143, 1, 12405], [5143, 1, 12608], [5143, -1, -1], [5144, 1, 10212], [5144, 1, 10411], [5144, -1, -1], [5145, -1, -1], [5146, -1, -1], [5147, -1, -1], [5148, -1, -1], [5149, 1, 8894], [5149, 1, 9098], [5149, -1, -1]]"
1752865881.2735,21.99994805455208,12805.821097990549,12805.82138443408,12816.461687676836,15865.460891638904,"[[5150, -1, -1], [5151, -1, -1], [5152, -1, -1], [5153, -1, -1], [5154, -1, -1], [5155, -1, -1], [5156, -1, -1], [5157, 1, 11870], [5157, 1, 12069], [5157, -1, -1], [5158, -1, -1], [5159, -1, -1], [5160, -1, -1]]"
1752865881.3835,23.999948382377625,12805.821168191516,12805.82138443408,12816.461687676836,15865.460891638904,"[[5161, -1, -1], [5162, -1, -1], [5163, -1, -1], [5164, -1, -1], [5165, 1, 10151], [5165, 1, 10187], [5165, 1, 10381], [5165, -1, -1], [5166, -1, -1], [5167, -1, -1], [5168, -1, -1], [5169, -1, -1], [5170, -1, -1], [5171, -1, -1]]"
1752865881.4925,25.99994871020317,12805.821168191516,12805.821381193484,12816.461687139807,15865.460891638904,"[[5172, -1, -1], [5173, -1, -1], [5174, -1, -1], [5175, -1, -1], [5176, -1, -1], [5177, -1, -1], [5178, 1, 11567], [5178, 1, 11766], [5178, -1, -1], [5179, -1, -1], [5180, -1, -1], [5181, -1, -1], [5182, 1, 12119], [5182, 1, 12304], [5182, 1, 12674], [5182, -1, -1]]"
1752865881.602,27.999949038028717,12805.821157034492,12805.821381193484,12816.461684331183,15865.460891638904,"[[5183, -1, -1], [5184, -1, -1], [5185, -1, -1], [5186, -1, -1], [5187, -1, -1], [5188, -1, -1], [5189, -1, -1], [5190, -1, -1], [5191, -1, -1], [5192, 1, 11844], [5192, 1, 11882], [5192, 1, 12074], [5192, -1, -1]]"
1752865881.712,29.999949365854263,12805.821157034492,12805.821385499077,12816.461684331183,15865.460891638904,"[[5194, -1, -1], [5195, -1, -1], [5196, -1, -1], [5197, 1, 10265], [5197, 1, 10299], [5197, 1, 10495], [5197, 1, 10645], [5197, 1, 10742], [5197, -1, -1], [5198, -1, -1], [5199, -1, -1], [5200, -1, -1], [5201, -1, -1], [5202, 1, 10860], [5202, 1, 11044], [5202, -1, -1], [5203, -1, -1]]"
1752865881.8225,31.99994969367981,12805.821085553382,12805.821385499077,12816.46168574444,15865.460891638904,"[[5205, -1, -1], [5206, -1, -1], [5207, -1, -1], [5208, 1, 9534], [5208, 1, 9593], [5208, 1, 9765], [5208, 1, 9884], [5208, -1, -1], [5209, -1, -1], [5210, -1, -1], [5211, -1, -1], [5212, -1, -1], [5213, -1, -1], [5214, -1, -1], [5215, -1, -1]]"
1752865881.932,33.999950021505356,12805.821085553382,12805.821379864825,12816.46168574444,15865.460891638904,"[[5216, -1, -1], [5217, -1, -1], [5218, -1, -1], [5219, -1, -1], [5220, -1, -1], [5221, -1, -1], [5222, -1, -1], [5223, -1, -1], [5224, 1, 11105], [5224, 1, 11304], [5224, 1, 11855], [5224, -1, -1], [5225, -1, -1]]"
1752865882.042,35.9999503493309,12805.821037894762,12805.821379864825,12816.461684898733,15865.460891638904,"[[5227, -1, -1], [5228, -1, -1], [5229, -1, -1], [5230, -1, -1], [5231, -1, -1], [5232, -1, -1], [5233, -1, -1], [5234, -1, -1], [5235, -1, -1], [5236, -1, -1]]"
1752865882.151,37.99995067715645,12805.821068862524,12805.821387547518,12816.461684898733,15865.460891638904,"[[5238, -1, -1], [5239, -1, -1], [5240, -1, -1], [5241, 1, 11180], [5241, 1, 11383], [5241, -1, -1], [5242, -1, -1], [5243, -1, -1], [5244, -1, -1], [5245, -1, -1], [5246, -1, -1], [5247, -1, -1]]"
1752865882.261,39.999951004981995,12805.821068862524,12805.821387547518,12816.461679790214,15865.460891638904,"[[5249, -1, -1], [5250, -1, -1], [5251, -1, -1], [5252, -1, -1], [5253, -1, -1], [5254, -1, -1], [5255, -1, -1], [5256, -1, -1], [5257, -1, -1], [5258, -1, -1]]"
1752865882.3705,41.99995133280754,12805.821121136121,12805.821379006396,12816.461679790214,15865.460891638904,"[[5260, -1, -1], [5261, -1, -1], [5262, -1, -1], [5263, -1, -1], [5264, -1, -1], [5265, -1, -1], [5266, -1, -1], [5267, -1, -1], [5268, -1, -1], [5269, -1, -1]]"
1752865882.4795,43.99995166063309,12805.821121136121,12805.821379006396,12816.461688069037,15865.460891638904,"[[5270, -1, -1], [5271, -1, -1], [5272, -1, -1], [5273, -1, -1], [5274, -1, -1], [5275, -1, -1], [5276, -1, -1], [5277, -1, -1], [5278, -1, -1], [5279, -1, -1], [5280, -1, -1]]"
1752865882.5905,45.99995198845863,12805.821138419857,12805.821387188958,12816.461688069037,15865.460891638904,"[[5281, -1, -1], [5282, -1, -1], [5283, -1, -1], [5284, -1, -1], [5285, -1, -1], [5286, -1, -1], [5287, -1, -1], [5288, -1, -1], [5289, -1, -1], [5290, -1, -1], [5291, -1, -1]]"
1752865882.7005,47.99995231628418,12805.821138419857,12805.821387188958,12816.461681424715,15865.460891638904,"[[5292, -1, -1], [5293, -1, -1], [5294, -1, -1], [5295, -1, -1], [5296, -1, -1], [5297, -1, -1], [5298, -1, -1], [5299, -1, -1], [5300, -1, -1], [5301, -1, -1], [5302, -1, -1]]"
1752865882.8109,49.999952644109726,12805.821097569382,12805.821383964314,12816.461681424715,15865.460891638904,"[[5303, -1, -1], [5304, -1, -1], [5305, -1, -1], [5306, -1, -1], [5307, -1, -1], [5308, -1, -1], [5309, -1, -1], [5310, -1, -1], [5311, -1, -1], [5312, -1, -1], [5313, -1, -1]]"
1752865882.921,51.99995297193527,12805.821097569382,12805.821383964314,12816.461684230402,15865.460891638904,"[[5315, -1, -1], [5316, -1, -1], [5317, -1, -1], [5318, -1, -1], [5319, -1, -1], [5320, -1, -1], [5321, -1, -1], [5322, -1, -1], [5323, 1, 9998], [5323, 1, 10189], [5323, -1, -1], [5324, -1, -1]]"
1752865883.0305,53.99995329976082,12805.82103668245,12805.82137615141,12816.461684230402,15865.460891638904,"[[5326, -1, -1], [5327, -1, -1], [5328, -1, -1], [5329, -1, -1], [5330, -1, -1], [5331, 1, 15019], [5331, 1, 15202], [5331, 1, 15458], [5331, -1, -1], [5332, -1, -1], [5333, -1, -1], [5334, -1, -1], [5335, -1, -1]]"
1752865883.1406,55.999953627586365,12805.82103668245,12805.82138403763,12816.461682091709,15865.460891638904,"[[5336, -1, -1], [5337, -1, -1], [5338, -1, -1], [5339, -1, -1], [5340, -1, -1], [5341, -1, -1], [5342, -1, -1], [5343, -1, -1], [5344, -1, -1], [5345, -1, -1], [5346, 1, 10351], [5346, 1, 10538], [5346, -1, -1]]"
1752865883.2505,57.99995395541191,12805.821031311716,12805.82138403763,12816.461682091709,15865.460891638904,"[[5347, -1, -1], [5348, -1, -1], [5349, -1, -1], [5350, -1, -1], [5351, -1, -1], [5352, -1, -1], [5353, 1, 10745], [5353, 1, 10930], [5353, -1, -1], [5354, -1, -1], [5355, -1, -1], [5356, -1, -1], [5357, -1, -1]]"
1752865883.361,59.99995428323746,12805.821031311716,12805.821381718171,12816.461690067272,15865.460891638904,"[[5358, 1, 13293], [5358, 1, 13493], [5358, -1, -1], [5359, -1, -1], [5360, -1, -1], [5361, -1, -1], [5362, -1, -1], [5363, -1, -1], [5364, -1, -1], [5365, -1, -1], [5366, 1, 12106], [5366, 1, 12309], [5366, -1, -1], [5367, -1, -1], [5368, -1, -1]]"
1752865883.4705,61.999950885772705,12805.821102578364,12805.821381718171,12816.461690067272,15865.460891638904,"[[5370, -1, -1], [5371, -1, -1], [5372, -1, -1], [5373, -1, -1], [5374, -1, -1], [5375, -1, -1], [5376, -1, -1], [5377, -1, -1], [5378, 1, 8564], [5378, 1, 8750], [5378, -1, -1], [5379, -1, -1]]"
1752865883.5795,63.99994748830795,12805.821102578364,12805.821374519903,12816.461689496458,15865.460891638904,"[[5380, -1, -1], [5381, -1, -1], [5382, -1, -1], [5383, -1, -1], [5384, -1, -1], [5385, -1, -1], [5386, -1, -1], [5387, -1, -1], [5388, -1, -1], [5389, -1, -1], [5390, -1, -1]]"
1752865883.6895,65.9999440908432,12805.821178162369,12805.821374519903,12816.461689496458,15865.460891638904,"[[5391, -1, -1], [5392, -1, -1], [5393, -1, -1], [5394, -1, -1], [5395, -1, -1], [5396, -1, -1], [5397, -1, -1], [5398, -1, -1], [5399, -1, -1], [5400, -1, -1], [5401, -1, -1]]"
1752865883.7995,67.99994069337845,12805.821178162369,12805.821386634316,12816.461686473052,15865.460891638904,"[[5402, -1, -1], [5403, -1, -1], [5404, -1, -1], [5405, -1, -1], [5406, 1, 12048], [5406, 1, 12236], [5406, -1, -1], [5407, -1, -1], [5408, -1, -1], [5409, -1, -1], [5410, -1, -1], [5411, -1, -1], [5412, -1, -1]]"
1752865883.9095,69.9999372959137,12805.821133882224,12805.821386634316,12816.46169192018,15865.460891638904,"[[5413, -1, -1], [5414, -1, -1], [5415, -1, -1], [5416, -1, -1], [5417, -1, -1], [5418, -1, -1], [5419, -1, -1], [5420, -1, -1], [5421, -1, -1], [5422, -1, -1], [5423, -1, -1]]"
1752865884.0195,71.99993389844894,12805.821133882224,12805.821381827496,12816.46169192018,15865.460891638904,"[[5424, -1, -1], [5425, -1, -1], [5426, -1, -1], [5427, -1, -1], [5428, -1, -1], [5429, -1, -1], [5430, -1, -1], [5431, -1, -1], [5432, -1, -1], [5433, -1, -1], [5434, -1, -1]]"
1752865884.1285,73.99993050098419,12805.821070931048,12805.821381827496,12816.461685455128,15865.460891638904,"[[5435, -1, -1], [5436, -1, -1], [5437, 1, 11257], [5437, 1, 11292], [5437, 1, 11487], [5437, -1, -1], [5438, -1, -1], [5439, -1, -1], [5440, -1, -1], [5441, -1, -1], [5442, -1, -1], [5443, -1, -1], [5444, -1, -1], [5445, -1, -1]]"
1752865884.2375,75.99992710351944,12805.821070931048,12805.821385040163,12816.461685455128,15865.460891638904,"[[5446, -1, -1], [5447, -1, -1], [5448, -1, -1], [5449, -1, -1], [5450, 1, 9667], [5450, 1, 9852], [5450, -1, -1], [5451, -1, -1], [5452, -1, -1], [5453, -1, -1], [5454, -1, -1], [5455, -1, -1], [5456, -1, -1]]"
1752865884.3475,77.99992370605469,12805.821052497018,12805.821385040163,12816.461687211046,15865.460891638904,"[[5457, -1, -1], [5458, -1, -1], [5459, -1, -1], [5460, -1, -1], [5461, -1, -1], [5462, -1, -1], [5463, -1, -1], [5464, -1, -1], [5465, -1, -1], [5466, -1, -1], [5467, -1, -1]]"
1752865884.4575,79.99992030858994,12805.821107730953,12805.821372748132,12816.461687211046,15865.460891638904,"[[5468, -1, -1], [5469, -1, -1], [5470, -1, -1], [5471, -1, -1], [5472, -1, -1], [5473, -1, -1], [5474, -1, -1], [5475, -1, -1], [5476, -1, -1], [5477, -1, -1], [5478, -1, -1]]"
1752865884.5675,81.99991691112518,12805.821107730953,12805.821372748132,12816.461685415412,15865.460891638904,"[[5479, -1, -1], [5480, -1, -1], [5481, -1, -1], [5482, -1, -1], [5483, -1, -1], [5484, -1, -1], [5485, -1, -1], [5486, -1, -1], [5487, -1, -1], [5488, -1, -1], [5489, -1, -1]]"
1752865884.6765,83.99991351366043,12805.821142158022,12805.82137844598,12816.461685415412,15865.460891638904,"[[5490, -1, -1], [5491, 1, 9431], [5491, 1, 9630], [5491, 1, 9809], [5491, -1, -1], [5492, -1, -1], [5493, -1, -1], [5494, -1, -1], [5495, -1, -1], [5496, -1, -1], [5497, 1, 9359], [5497, 1, 9562], [5497, 1, 9814], [5497, -1, -1], [5498, -1, -1], [5499, -1, -1], [5500, -1, -1]]"
1752865884.787,85.99991011619568,12805.821142158022,12805.82137844598,12816.461688759575,15865.460891638904,"[[5501, -1, -1], [5502, -1, -1], [5503, 1, 11134], [5503, 1, 11169], [5503, 1, 11364], [5503, -1, -1], [5504, -1, -1], [5505, -1, -1], [5506, -1, -1], [5507, -1, -1], [5508, -1, -1], [5509, -1, -1], [5510, -1, -1], [5511, -1, -1]]"
1752865884.8965,87.99990671873093,12805.821160354088,12805.821378400824,12816.461688759575,15865.460891638904,"[[5512, -1, -1], [5513, -1, -1], [5514, -1, -1], [5515, -1, -1], [5516, -1, -1], [5517, -1, -1], [5518, -1, -1], [5519, -1, -1], [5520, -1, -1], [5521, -1, -1], [5522, -1, -1]]"
1752865885.0055,89.99990332126617,12805.821160354088,12805.821378400824,12816.461687271518,15865.460891638904,"[[5523, -1, -1], [5524, -1, -1], [5525, -1, -1], [5526, -1, -1], [5527, -1, -1], [5528, -1, -1], [5529, -1, -1], [5530, -1, -1], [5531, -1, -1], [5532, -1, -1], [5533, -1, -1]]"
1752865885.1145,91.99989992380142,12805.821075059484,12805.821377219023,12816.461687271518,15865.460891638904,"[[5534, -1, -1], [5535, -1, -1], [5536, -1, -1], [5537, -1, -1], [5538, -1, -1], [5539, -1, -1], [5540, -1, -1], [5541, -1, -1], [5542, -1, -1], [5543, -1, -1], [5544, -1, -1]]"
1752865885.2235,93.99989652633667,12805.821075059484,12805.821377219023,12816.461684738051,15865.460891638904,"[[5545, -1, -1], [5546, -1, -1], [5547, -1, -1], [5548, -1, -1], [5549, -1, -1], [5550, -1, -1], [5551, -1, -1], [5552, -1, -1], [5553, -1, -1], [5554, -1, -1], [5555, -1, -1]]"
1752865885.3325,95.99989312887192,12805.821075059484,12805.82138295884,12816.461684738051,15865.460891638904,"[[5556, -1, -1], [5557, -1, -1], [5558, -1, -1], [5559, -1, -1], [5560, -1, -1], [5561, -1, -1], [5562, -1, -1], [5563, -1, -1], [5564, -1, -1], [5565, -1, -1], [5566, -1, -1]]"
1752865885.4435,97.99988973140717,12805.821089951369,12805.82138295884,12816.461682346093,15865.460891638904,"[[5567, -1, -1], [5568, -1, -1], [5569, -1, -1], [5570, -1, -1], [5571, -1, -1], [5572, -1, -1], [5573, -1, -1], [5574, -1, -1], [5575, -1, -1], [5576, -1, -1], [5577, -1, -1]]"
1752865885.5645,-152.00000596046448,12805.821100066836,12805.821379023346,12816.461682346093,15865.460891638904,"[[5579, -1, -1], [5580, -1, -1], [5581, -1, -1], [5582, -1, -1], [5583, -1, -1], [5584, -1, -1], [5585, -1, -1], [5586, -1, -1], [5587, -1, -1], [5588, -1, -1], [5589, 1, 11840], [5589, 1, 12029], [5589, -1, -1]]"
1752865885.6755,-150.00000190734863,12805.821100066836,12805.821379023346,12816.461686212337,15865.460891638904,"[[5590, -1, -1], [5591, -1, -1], [5592, -1, -1], [5593, -1, -1], [5594, -1, -1], [5595, -1, -1], [5596, -1, -1], [5597, -1, -1], [5598, -1, -1], [5599, -1, -1], [5600, -1, -1]]"
1752865885.7845,-147.9999978542328,12805.82116354749,12805.821373874604,12816.461686212337,15865.460891638904,"[[5601, -1, -1], [5602, -1, -1], [5603, -1, -1], [5604, -1, -1], [5605, -1, -1], [5606, -1, -1], [5607, -1, -1], [5608, -1, -1], [5609, -1, -1], [5610, -1, -1], [5611, -1, -1]]"
1752865885.8945,-145.99999380111694,12805.82116354749,12805.821373874604,12816.461682021343,15865.460891638904,"[[5612, -1, -1], [5613, -1, -1], [5614, -1, -1], [5615, -1, -1], [5616, -1, -1], [5617, -1, -1], [5618, -1, -1], [5619, -1, -1], [5620, -1, -1], [5621, -1, -1], [5622, 1, 9534], [5622, 1, 9569], [5622, 1, 9765], [5622, 1, 9965], [5622, -1, -1]]"
1752865886.0035,-143.9999897480011,12805.821162097738,12805.821378123448,12816.461682021343,15865.460891638904,"[[5623, 1, 10936], [5623, 1, 11135], [5623, -1, -1], [5624, -1, -1], [5625, -1, -1], [5626, -1, -1], [5627, -1, -1], [5628, -1, -1], [5629, -1, -1], [5630, -1, -1], [5631, -1, -1], [5632, -1, -1], [5633, -1, -1]]"
1752865886.1125,-141.99998569488525,12805.821162097738,12805.821387292108,12816.461693722196,15865.460891638904,"[[5634, -1, -1], [5635, -1, -1], [5636, -1, -1], [5637, -1, -1], [5638, -1, -1], [5639, -1, -1], [5640, -1, -1], [5641, -1, -1], [5642, -1, -1], [5643, -1, -1], [5644, -1, -1]]"
1752865886.2209,-139.9999816417694,12805.821095797884,12805.821387292108,12816.461693722196,15865.460891638904,"[[5645, -1, -1], [5646, -1, -1], [5647, -1, -1], [5648, -1, -1], [5649, -1, -1], [5650, -1, -1], [5651, -1, -1], [5652, -1, -1], [5653, -1, -1], [5654, -1, -1]]"
1752865886.331,-137.99997758865356,12805.821095797884,12805.821376324842,12816.461682129375,15865.460891638904,"[[5656, -1, -1], [5657, -1, -1], [5658, -1, -1], [5659, -1, -1], [5660, -1, -1], [5661, -1, -1], [5662, -1, -1], [5663, -1, -1], [5664, -1, -1], [5665, 1, 7617], [5665, 1, 7714], [5665, 1, 7815], [5665, 1, 7922], [5665, -1, -1]]"
1752865886.441,-135.99997353553772,12805.821045809023,12805.821376324842,12816.461682129375,15865.460891638904,"[[5667, -1, -1], [5668, -1, -1], [5669, -1, -1], [5670, -1, -1], [5671, -1, -1], [5672, -1, -1], [5673, -1, -1], [5674, -1, -1], [5675, -1, -1], [5676, -1, -1]]"
1752865886.551,-133.99996948242188,12805.821045809023,12805.821389466028,12816.461687159639,15865.460891638904,"[[5678, -1, -1], [5679, -1, -1], [5680, -1, -1], [5681, -1, -1], [5682, -1, -1], [5683, -1, -1], [5684, -1, -1], [5685, -1, -1], [5686, -1, -1], [5687, -1, -1]]"
1752865886.6609,-131.99996542930603,12805.82108473953,12805.821389466028,12816.461687159639,15865.460891638904,"[[5689, -1, -1], [5690, -1, -1], [5691, -1, -1], [5692, -1, -1], [5693, -1, -1], [5694, -1, -1], [5695, -1, -1], [5696, -1, -1], [5697, -1, -1], [5698, -1, -1]]"
1752865886.7695,-129.99996137619019,12805.82108473953,12805.821368921985,12816.461688710056,15865.460891638904,"[[5700, -1, -1], [5701, -1, -1], [5702, -1, -1], [5703, -1, -1], [5704, -1, -1], [5705, -1, -1], [5706, -1, -1], [5707, -1, -1], [5708, -1, -1], [5709, -1, -1]]"
1752865886.8795,-127.99995732307434,12805.821171072243,12805.821368921985,12816.461679995471,15865.460891638904,"[[5710, -1, -1], [5711, -1, -1], [5712, -1, -1], [5713, -1, -1], [5714, -1, -1], [5715, -1, -1], [5716, -1, -1], [5717, -1, -1], [5718, -1, -1], [5719, -1, -1], [5720, -1, -1]]"
1752865886.9895,-125.9999607205391,12805.821171072243,12805.821380353545,12816.461679995471,15865.460891638904,"[[5721, -1, -1], [5722, -1, -1], [5723, -1, -1], [5724, 1, 10673], [5724, 1, 10872], [5724, -1, -1], [5725, -1, -1], [5726, -1, -1], [5727, -1, -1], [5728, -1, -1], [5729, 1, 10794], [5729, 1, 10980], [5729, -1, -1], [5730, -1, -1], [5731, -1, -1]]"
1752865887.0995,-123.99996411800385,12805.821194347018,12805.821380353545,12816.461682711655,15865.460891638904,"[[5732, -1, -1], [5733, -1, -1], [5734, -1, -1], [5735, -1, -1], [5736, -1, -1], [5737, 1, 9930], [5737, 1, 10133], [5737, -1, -1], [5738, -1, -1], [5739, -1, -1], [5740, -1, -1], [5741, -1, -1], [5742, -1, -1]]"
1752865887.2095,-121.9999675154686,12805.821194347018,12805.821410402328,12816.461682711655,15865.460891638904,"[[5743, 1, 271417], [5743, -1, -1], [5744, -1, -1], [5745, -1, -1], [5746, -1, -1], [5747, -1, -1], [5748, -1, -1], [5749, -1, -1], [5750, -1, -1], [5751, -1, -1], [5752, -1, -1], [5753, -1, -1]]"
1752865887.3195,-119.99997091293335,12805.821155470294,12805.821410402328,12816.46167699327,15865.460891638904,"[[5754, -1, -1], [5755, -1, -1], [5756, -1, -1], [5757, -1, -1], [5758, -1, -1], [5759, -1, -1], [5760, -1, -1], [5761, 1, 9680], [5761, 1, 9868], [5761, -1, -1], [5762, -1, -1], [5763, -1, -1], [5764, -1, -1]]"
1752865887.4295,-117.9999743103981,12805.821086957663,12805.821415037324,12816.46167699327,15865.460891638904,"[[5765, -1, -1], [5766, -1, -1], [5767, -1, -1], [5768, -1, -1], [5769, 1, 9884], [5769, 1, 10071], [5769, -1, -1], [5770, -1, -1], [5771, -1, -1], [5772, 1, 10542], [5772, 1, 10730], [5772, -1, -1], [5773, -1, -1], [5774, 1, 14073], [5774, 1, 14276], [5774, -1, -1], [5775, -1, -1]]"
1752865887.5385,-115.99997770786285,12805.821086957663,12805.821415037324,12816.461682310712,15865.460891638904,"[[5776, -1, -1], [5777, -1, -1], [5778, -1, -1], [5779, -1, -1], [5780, -1, -1], [5781, -1, -1], [5782, -1, -1], [5783, -1, -1], [5784, -1, -1], [5785, -1, -1], [5786, -1, -1]]"
1752865887.6484,-113.9999811053276,12805.821106819487,12805.821405924875,12816.461682310712,15865.460891638904,"[[5787, -1, -1], [5788, -1, -1], [5789, -1, -1], [5790, -1, -1], [5791, -1, -1], [5792, -1, -1], [5793, -1, -1], [5794, -1, -1], [5795, -1, -1], [5796, -1, -1], [5797, -1, -1]]"
1752865887.7575,-111.99998450279236,12805.821106819487,12805.821405924875,12816.461683564416,15865.460891638904,"[[5798, -1, -1], [5799, -1, -1], [5800, -1, -1], [5801, -1, -1], [5802, -1, -1], [5803, -1, -1], [5804, -1, -1], [5805, -1, -1], [5806, -1, -1], [5807, -1, -1], [5808, -1, -1]]"
1752865887.8675,-109.99998790025711,12805.8211867251,12805.821409195107,12816.461683564416,15865.460891638904,"[[5809, -1, -1], [5810, -1, -1], [5811, -1, -1], [5812, -1, -1], [5813, -1, -1], [5814, -1, -1], [5815, -1, -1], [5816, -1, -1], [5817, -1, -1], [5818, -1, -1], [5819, 1, 9834], [5819, 1, 10017], [5819, -1, -1]]"
1752865887.9775,-107.99999129772186,12805.8211867251,12805.821409195107,12816.4616869383,15865.460891638904,"[[5820, -1, -1], [5821, -1, -1], [5822, -1, -1], [5823, -1, -1], [5824, -1, -1], [5825, -1, -1], [5826, -1, -1], [5827, -1, -1], [5828, 1, 18756], [5828, 1, 18942], [5828, -1, -1], [5829, -1, -1], [5830, -1, -1]]"
1752865888.0875,-105.99999469518661,12805.821219096584,12805.821417934394,12816.4616869383,15865.460891638904,"[[5831, -1, -1], [5832, -1, -1], [5833, -1, -1], [5834, -1, -1], [5835, -1, -1], [5836, 1, 10106], [5836, 1, 10308], [5836, -1, -1], [5837, -1, -1], [5838, -1, -1], [5839, -1, -1], [5840, -1, -1], [5841, -1, -1]]"
1752865888.1975,-103.99999809265137,12805.821219096584,12805.821419188258,12816.461688440402,15865.460891638904,"[[5842, -1, -1], [5843, -1, -1], [5844, -1, -1], [5845, -1, -1], [5846, -1, -1], [5847, -1, -1], [5848, -1, -1], [5849, -1, -1], [5850, -1, -1], [5851, -1, -1], [5852, -1, -1]]"
1752865888.3065,-102.00000149011612,12805.821187788953,12805.821419188258,12816.461688440402,15865.460891638904,"[[5853, 1, 9932], [5853, 1, 10040], [5853, 1, 10131], [5853, 1, 10202], [5853, -1, -1], [5854, -1, -1], [5855, -1, -1], [5856, -1, -1], [5857, -1, -1], [5858, -1, -1], [5859, -1, -1], [5860, -1, -1], [5861, -1, -1], [5862, -1, -1], [5863, -1, -1]]"
1752865888.4165,-100.00000488758087,12805.821187788953,12805.821410874067,12816.461681067658,15865.460891638904,"[[5864, -1, -1], [5865, -1, -1], [5866, -1, -1], [5867, -1, -1], [5868, -1, -1], [5869, -1, -1], [5870, -1, -1], [5871, -1, -1], [5872, -1, -1], [5873, -1, -1], [5874, -1, -1]]"
1752865888.5266,-98.00000828504562,12805.821146025632,12805.821410874067,12816.461681067658,15865.460891638904,"[[5875, -1, -1], [5876, -1, -1], [5877, -1, -1], [5878, -1, -1], [5879, -1, -1], [5880, -1, -1], [5881, -1, -1], [5882, -1, -1], [5883, -1, -1], [5884, -1, -1], [5885, -1, -1]]"
1752865888.6365,-96.00001168251038,12805.821146025632,12805.82142924059,12816.461685940114,15865.460891638904,"[[5886, -1, -1], [5887, -1, -1], [5888, -1, -1], [5889, -1, -1], [5890, -1, -1], [5891, -1, -1], [5892, -1, -1], [5893, -1, -1], [5894, -1, -1], [5895, -1, -1], [5896, -1, -1]]"
1752865888.7455,-94.00001507997513,12805.821119997036,12805.82142924059,12816.461685940114,15865.460891638904,"[[5897, 1, 9914], [5897, 1, 10113], [5897, 1, 12005], [5897, 1, 12208], [5897, -1, -1], [5898, -1, -1], [5899, -1, -1], [5900, -1, -1], [5901, -1, -1], [5902, -1, -1], [5903, -1, -1], [5904, -1, -1], [5905, -1, -1], [5906, -1, -1], [5907, -1, -1]]"
1752865888.8545,-92.00001847743988,12805.821119997036,12805.821418948117,12816.461686206285,15865.460891638904,"[[5908, 1, 11161], [5908, 1, 11364], [5908, -1, -1], [5909, -1, -1], [5910, -1, -1], [5911, -1, -1], [5912, -1, -1], [5913, -1, -1], [5914, -1, -1], [5915, -1, -1], [5916, -1, -1], [5917, -1, -1], [5918, -1, -1]]"
1752865888.9645,-90.00002187490463,12805.821130909386,12805.821418948117,12816.46168768916,15865.460891638904,"[[5919, -1, -1], [5920, 1, 10336], [5920, 1, 10522], [5920, -1, -1], [5921, -1, -1], [5922, -1, -1], [5923, -1, -1], [5924, -1, -1], [5925, -1, -1], [5926, -1, -1], [5927, -1, -1], [5928, -1, -1], [5929, -1, -1]]"
1752865889.0745,-88.00002527236938,12805.821130909386,12805.821425196176,12816.46168768916,15865.460891638904,"[[5930, -1, -1], [5931, -1, -1], [5932, -1, -1], [5933, -1, -1], [5934, -1, -1], [5935, -1, -1], [5936, -1, -1], [5937, -1, -1], [5938, -1, -1], [5939, -1, -1], [5940, -1, -1]]"
1752865889.1845,-86.00002866983414,12805.821198328542,12805.821425196176,12816.461681301853,15865.460891638904,"[[5941, -1, -1], [5942, -1, -1], [5943, -1, -1], [5944, -1, -1], [5945, -1, -1], [5946, -1, -1], [5947, -1, -1], [5948, -1, -1], [5949, -1, -1], [5950, -1, -1], [5951, -1, -1]]"
1752865889.2936,-84.00003206729889,12805.821241723934,12805.821420138202,12816.461681301853,15865.460891638904,"[[5952, -1, -1], [5953, 1, 10733], [5953, 1, 10921], [5953, -1, -1], [5954, -1, -1], [5955, 1, 12164], [5955, -1, -1], [5956, -1, -1], [5957, -1, -1], [5958, -1, -1], [5959, -1, -1], [5960, -1, -1], [5961, -1, -1], [5962, -1, -1]]"
1752865889.4035,-82.00003546476364,12805.821241723934,12805.821420138202,12816.4616826324,15865.460891638904,"[[5963, -1, -1], [5964, -1, -1], [5965, -1, -1], [5966, -1, -1], [5967, -1, -1], [5968, -1, -1], [5969, -1, -1], [5970, -1, -1], [5971, -1, -1], [5972, -1, -1], [5973, -1, -1]]"
1752865889.5125,-80.0000388622284,12805.821213035842,12805.821425373784,12816.4616826324,15865.460891638904,"[[5974, -1, -1], [5975, -1, -1], [5976, -1, -1], [5977, -1, -1], [5978, -1, -1], [5979, -1, -1], [5980, -1, -1], [5981, -1, -1], [5982, -1, -1], [5983, -1, -1], [5984, -1, -1]]"
1752865889.6225,-78.00004225969315,12805.821213035842,12805.821413637626,12816.46168370417,15865.460891638904,"[[5985, -1, -1], [5986, -1, -1], [5987, -1, -1], [5988, -1, -1], [5989, -1, -1], [5990, -1, -1], [5991, -1, -1], [5992, -1, -1], [5993, 1, 10365], [5993, 1, 10565], [5993, 1, 11268], [5993, -1, -1], [5994, -1, -1], [5995, -1, -1]]"
1752865889.7325,-76.0000456571579,12805.82113936441,12805.821413637626,12816.46168370417,15865.460891638904,"[[5996, -1, -1], [5997, 1, 12951], [5997, 1, 13154], [5997, -1, -1], [5998, -1, -1], [5999, -1, -1], [6000, -1, -1], [6001, -1, -1], [6002, -1, -1], [6003, -1, -1], [6004, -1, -1], [6005, -1, -1], [6006, -1, -1]]"
1752865889.8426,-74.00004905462265,12805.82113936441,12805.821421298919,12816.46168738564,15865.460891638904,"[[6007, -1, -1], [6008, 1, 10495], [6008, 1, 10725], [6008, -1, -1], [6009, -1, -1], [6010, -1, -1], [6011, -1, -1], [6012, 1, 11239], [6012, 1, 11427], [6012, -1, -1], [6013, -1, -1], [6014, 1, 11655], [6014, 1, 11690], [6014, 1, 11885], [6014, -1, -1], [6015, -1, -1], [6016, -1, -1], [6017, -1, -1]]"
1752865889.9525,-72.0000524520874,12805.821121793077,12805.821421298919,12816.46168738564,15865.460891638904,"[[6018, -1, -1], [6019, -1, -1], [6020, -1, -1], [6021, -1, -1], [6022, -1, -1], [6023, -1, -1], [6024, -1, -1], [6025, -1, -1], [6026, -1, -1], [6027, -1, -1], [6028, -1, -1]]"
1752865890.0635,-70.00005584955215,12805.821121793077,12805.821421298919,12816.461680235692,15865.460891638904,"[[6029, 1, 11857], [6029, 1, 11902], [6029, 1, 12087], [6029, -1, -1], [6030, -1, -1], [6031, -1, -1], [6032, -1, -1], [6033, -1, -1], [6034, -1, -1], [6035, -1, -1], [6036, -1, -1], [6037, -1, -1], [6038, -1, -1], [6039, -1, -1]]"
1752865890.1745,-68.0000592470169,12805.821189559338,12805.821417393148,12816.461680235692,15865.460891638904,"[[6040, -1, -1], [6041, -1, -1], [6042, -1, -1], [6043, -1, -1], [6044, -1, -1], [6045, -1, -1], [6046, -1, -1], [6047, -1, -1], [6048, -1, -1], [6049, -1, -1], [6050, -1, -1]]"
1752865890.2845,-66.00006264448166,12805.821189559338,12805.821417393148,12816.461687046201,15865.460891638904,"[[6051, -1, -1], [6052, -1, -1], [6053, -1, -1], [6054, 1, 12875], [6054, 1, 13060], [6054, -1, -1], [6055, 1, 10311], [6055, 1, 10349], [6055, 1, 10541], [6055, 1, 13105], [6055, 1, 13305], [6055, -1, -1], [6056, -1, -1], [6057, -1, -1], [6058, -1, -1], [6059, -1, -1], [6060, -1, -1], [6061, -1, -1]]"
1752865890.3935,-64.00006231665611,12805.821211544146,12805.821421139444,12816.461687046201,15865.460891638904,"[[6062, 1, 8665], [6062, 1, 8868], [6062, -1, -1], [6063, -1, -1], [6064, -1, -1], [6065, -1, -1], [6066, -1, -1], [6067, -1, -1], [6068, -1, -1], [6069, -1, -1], [6070, -1, -1], [6071, -1, -1], [6072, 1, 9198], [6072, 1, 9384], [6072, -1, -1]]"
1752865890.5025,-62.000061988830566,12805.821211544146,12805.821386375763,12816.461681428786,15865.460891638904,"[[6073, -1, -1], [6074, -1, -1], [6075, -1, -1], [6076, -1, -1], [6077, -1, -1], [6078, -1, -1], [6079, -1, -1], [6080, -1, -1], [6081, -1, -1], [6082, -1, -1], [6083, -1, -1]]"
1752865890.6115,-60.00006166100502,12805.821141514542,12805.821386375763,12816.461681428786,15865.460891638904,"[[6084, 1, 10125], [6084, 1, 10159], [6084, 1, 10356], [6084, 1, 10555], [6084, -1, -1], [6085, 1, 9730], [6085, 1, 9765], [6085, 1, 9962], [6085, 1, 10255], [6085, -1, -1], [6086, -1, -1], [6087, -1, -1], [6088, -1, -1], [6089, -1, -1], [6090, -1, -1], [6091, -1, -1], [6092, -1, -1], [6093, -1, -1], [6094, -1, -1]]"
1752865890.7209,-58.000061333179474,12805.821141514542,12805.821379395164,12816.461690626627,15865.460891638904,"[[6095, 1, 10111], [6095, 1, 10314], [6095, -1, -1], [6096, 1, 12532], [6096, 1, 12567], [6096, 1, 12762], [6096, 1, 12844], [6096, -1, -1], [6097, -1, -1], [6098, -1, -1], [6099, -1, -1], [6100, -1, -1], [6101, -1, -1], [6102, -1, -1], [6103, -1, -1], [6104, -1, -1]]"
1752865890.8305,-56.00006100535393,12805.821095095795,12805.821379395164,12816.461686681956,15865.460891638904,"[[6106, 1, 11536], [6106, 1, 11734], [6106, -1, -1], [6107, -1, -1], [6108, -1, -1], [6109, 1, 10212], [6109, 1, 10412], [6109, -1, -1], [6110, -1, -1], [6111, 1, 11219], [6111, 1, 11418], [6111, -1, -1], [6112, -1, -1], [6113, -1, -1], [6114, -1, -1], [6115, -1, -1]]"
1752865890.9405,-54.00006067752838,12805.821095095795,12805.821372250897,12816.461686681956,15865.460891638904,"[[6116, -1, -1], [6117, -1, -1], [6118, -1, -1], [6119, -1, -1], [6120, -1, -1], [6121, -1, -1], [6122, -1, -1], [6123, -1, -1], [6124, -1, -1], [6125, 1, 36782], [6125, 1, 36973], [6125, -1, -1], [6126, -1, -1]]"
1752865891.051,-52.000060349702835,12805.821072050205,12805.821372250897,12816.461683041065,15865.460891638904,"[[6127, 1, 12540], [6127, 1, 12739], [6127, 1, 13057], [6127, -1, -1], [6128, -1, -1], [6129, 1, 11176], [6129, 1, 11379], [6129, -1, -1], [6130, -1, -1], [6131, 1, 10267], [6131, 1, 10452], [6131, 1, 12515], [6131, -1, -1], [6132, -1, -1], [6133, -1, -1], [6134, -1, -1], [6135, -1, -1], [6136, -1, -1], [6137, -1, -1]]"
1752865891.1609,-50.00006002187729,12805.821072050205,12805.821372250897,12816.461683041065,15865.460891638904,"[[6139, -1, -1], [6140, -1, -1], [6141, -1, -1], [6142, -1, -1], [6143, 1, 257653], [6143, 1, 257841], [6143, -1, -1], [6144, -1, -1], [6145, -1, -1], [6146, -1, -1], [6147, -1, -1], [6148, -1, -1]]"
1752865891.271,-48.00005969405174,12805.821146965498,12805.821370854212,12816.461683041065,15865.460891638904,"[[6150, -1, -1], [6151, -1, -1], [6152, -1, -1], [6153, 1, 11416], [6153, 1, 11454], [6153, 1, 11647], [6153, -1, -1], [6154, 1, 12746], [6154, 1, 12945], [6154, -1, -1], [6155, -1, -1], [6156, -1, -1], [6157, -1, -1], [6158, -1, -1], [6159, -1, -1]]"
1752865891.381,-46.000059366226196,12805.821146965498,12805.821366520018,12816.461685295195,15865.460891638904,"[[6161, -1, -1], [6162, -1, -1], [6163, 1, 11747], [6163, 1, 11921], [6163, -1, -1], [6164, -1, -1], [6165, -1, -1], [6166, 1, 10331], [6166, 1, 10534], [6166, -1, -1], [6167, 1, 12242], [6167, 1, 12276], [6167, 1, 12472], [6167, 1, 12973], [6167, -1, -1], [6168, -1, -1], [6169, -1, -1], [6170, 1, 10582], [6170, 1, 10781], [6170, -1, -1]]"
1752865891.4909,-44.00005903840065,12805.821184699564,12805.821366520018,12816.461685295195,15865.460891638904,"[[6172, -1, -1], [6173, -1, -1], [6174, -1, -1], [6175, -1, -1], [6176, -1, -1], [6177, -1, -1], [6178, -1, -1], [6179, 1, 12626], [6179, 1, 12830], [6179, -1, -1], [6180, -1, -1], [6181, -1, -1]]"
1752865891.601,-42.000058710575104,12805.821184699564,12805.82137149498,12816.461681156063,15865.460891638904,"[[6183, -1, -1], [6184, 1, 11868], [6184, 1, 11898], [6184, 1, 12098], [6184, -1, -1], [6185, -1, -1], [6186, -1, -1], [6187, -1, -1], [6188, -1, -1], [6189, -1, -1], [6190, 1, 10008], [6190, 1, 10211], [6190, 1, 14794], [6190, 1, 14828], [6190, 1, 15024], [6190, -1, -1], [6191, 1, 10416], [6191, 1, 10619], [6191, -1, -1], [6192, -1, -1]]"
1752865891.711,-40.00005838274956,12805.821179094552,12805.82137149498,12816.461680673056,15865.460891638904,"[[6194, -1, -1], [6195, -1, -1], [6196, -1, -1], [6197, 1, 11924], [6197, 1, 12114], [6197, -1, -1], [6198, -1, -1], [6199, -1, -1], [6200, -1, -1], [6201, -1, -1], [6202, -1, -1], [6203, -1, -1]]"
1752865891.821,-38.00005805492401,12805.821179094552,12805.821362538989,12816.461680673056,15865.460891638904,"[[6205, -1, -1], [6206, -1, -1], [6207, 1, 12250], [6207, 1, 12449], [6207, -1, -1], [6208, 1, 11521], [6208, 1, 11730], [6208, -1, -1], [6209, -1, -1], [6210, -1, -1], [6211, -1, -1], [6212, -1, -1], [6213, -1, -1], [6214, -1, -1]]"
1752865891.9325,-36.000057727098465,12805.821104571723,12805.821362538989,12816.461674623299,15865.460891638904,"[[6216, -1, -1], [6217, -1, -1], [6218, 1, 10839], [6218, 1, 10882], [6218, 1, 11074], [6218, 1, 11336], [6218, -1, -1], [6219, -1, -1], [6220, 1, 12776], [6220, 1, 12810], [6220, 1, 13006], [6220, -1, -1], [6221, -1, -1], [6222, 1, 12181], [6222, 1, 12216], [6222, 1, 12411], [6222, 1, 12920], [6222, 1, 203552], [6222, -1, -1], [6223, -1, -1], [6224, -1, -1], [6225, -1, -1], [6226, -1, -1]]"
1752865892.042,-34.00005739927292,12805.821104571723,12805.821363841234,12816.461674623299,15865.460891638904,"[[6227, -1, -1], [6228, 1, 9636], [6228, 1, 9823], [6228, 1, 10359], [6228, 1, 10558], [6228, 1, 11348], [6228, 1, 11547], [6228, -1, -1], [6229, -1, -1], [6230, -1, -1], [6231, -1, -1], [6232, -1, -1], [6233, -1, -1], [6234, -1, -1], [6235, -1, -1], [6236, -1, -1]]"
1752865892.152,-32.00005707144737,12805.821068362895,12805.821363841234,12816.46169035767,15865.460891638904,"[[6238, -1, -1], [6239, 1, 9695], [6239, 1, 9722], [6239, 1, 9926], [6239, 1, 10090], [6239, 1, 10324], [6239, 1, 10508], [6239, 1, 11650], [6239, 1, 11852], [6239, -1, -1], [6240, 1, 135187], [6240, 1, 135390], [6240, 1, 135649], [6240, -1, -1], [6241, 1, 10533], [6241, 1, 10718], [6241, -1, -1], [6242, 1, 13164], [6242, 1, 13351], [6242, -1, -1], [6243, 1, 10680], [6243, 1, 10727], [6243, 1, 10912], [6243, 1, 11089], [6243, -1, -1], [6244, -1, -1], [6245, -1, -1], [6246, -1, -1], [6247, -1, -1]]"
1752865892.2625,-30.000056743621826,12805.821068362895,12805.821374311514,12816.46169035767,15865.460891638904,"[[6249, 1, 9627], [6249, 1, 9816], [6249, 1, 10508], [6249, -1, -1], [6250, -1, -1], [6251, -1, -1], [6252, 1, 12103], [6252, 1, 12302], [6252, -1, -1], [6253, -1, -1], [6254, -1, -1], [6255, -1, -1], [6256, 1, 12138], [6256, 1, 12321], [6256, -1, -1], [6257, 1, 10308], [6257, 1, 10496], [6257, -1, -1], [6258, -1, -1], [6259, 1, 10292], [6259, 1, 10491], [6259, -1, -1]]"
1752865892.3725,-28.00005641579628,12805.82111442487,12805.821374311514,12816.461680265484,15865.460891638904,"[[6260, -1, -1], [6261, 1, 11102], [6261, 1, 11288], [6261, -1, -1], [6262, -1, -1], [6263, 1, 10294], [6263, 1, 10329], [6263, 1, 10524], [6263, -1, -1], [6264, -1, -1], [6265, -1, -1], [6266, -1, -1], [6267, -1, -1], [6268, 1, 11651], [6268, 1, 11836], [6268, -1, -1], [6269, -1, -1], [6270, 1, 10060], [6270, 1, 10168], [6270, 1, 10249], [6270, 1, 11756], [6270, 1, 11959], [6270, -1, -1]]"
1752865892.4835,-26.000056087970734,12805.821163191784,12805.821368443323,12816.461680265484,15865.460891638904,"[[6271, -1, -1], [6272, -1, -1], [6273, -1, -1], [6274, -1, -1], [6275, -1, -1], [6276, -1, -1], [6277, -1, -1], [6278, -1, -1], [6279, 1, 11439], [6279, 1, 11627], [6279, 1, 12524], [6279, 1, 12707], [6279, -1, -1], [6280, -1, -1], [6281, 1, 12003], [6281, 1, 12202], [6281, -1, -1]]"
1752865892.5925,-24.000055760145187,12805.821163191784,12805.821368443323,12816.461683939362,15865.460891638904,"[[6282, -1, -1], [6283, 1, 9236], [6283, 1, 9275], [6283, 1, 9467], [6283, -1, -1], [6284, 1, 10710], [6284, 1, 10895], [6284, -1, -1], [6285, -1, -1], [6286, -1, -1], [6287, -1, -1], [6288, -1, -1], [6289, -1, -1], [6290, -1, -1], [6291, 1, 10398], [6291, 1, 10432], [6291, 1, 10628], [6291, 1, 10921], [6291, -1, -1], [6292, 1, 13693], [6292, 1, 13727], [6292, 1, 13923], [6292, -1, -1]]"
1752865892.701,-22.00005543231964,12805.821160990117,12805.8213639912,12816.461683939362,15865.460891638904,"[[6293, -1, -1], [6294, 1, 10513], [6294, 1, 10550], [6294, 1, 10743], [6294, -1, -1], [6295, -1, -1], [6296, 1, 10358], [6296, 1, 10557], [6296, -1, -1], [6297, 1, 11241], [6297, 1, 11428], [6297, -1, -1], [6298, -1, -1], [6299, -1, -1], [6300, 1, 263510], [6300, 1, 263695], [6300, -1, -1], [6301, -1, -1], [6302, -1, -1]]"
1752865892.811,-20.000055104494095,12805.821160990117,12805.8213639912,12816.461683480307,15865.460891638904,"[[6304, 1, 9687], [6304, 1, 9724], [6304, 1, 9919], [6304, -1, -1], [6305, -1, -1], [6306, -1, -1], [6307, -1, -1], [6308, -1, -1], [6309, 1, 11274], [6309, 1, 11308], [6309, 1, 11503], [6309, 1, 12581], [6309, 1, 12617], [6309, 1, 12810], [6309, 1, 12958], [6309, -1, -1], [6310, 1, 9910], [6310, 1, 10112], [6310, 1, 11912], [6310, 1, 12111], [6310, -1, -1], [6311, -1, -1], [6312, -1, -1], [6313, -1, -1]]"
1752865892.921,-18.00005477666855,12805.821139197393,12805.821391895006,12816.461683480307,15865.460891638904,"[[6315, -1, -1], [6316, 1, 12239], [6316, 1, 12443], [6316, 1, 12779], [6316, -1, -1], [6317, 1, 9258], [6317, 1, 9457], [6317, -1, -1], [6318, 1, 10732], [6318, 1, 10766], [6318, 1, 10961], [6318, 1, 11078], [6318, 1, 11286], [6318, -1, -1], [6319, -1, -1], [6320, -1, -1], [6321, -1, -1], [6322, -1, -1], [6323, 1, 10640], [6323, 1, 10843], [6323, -1, -1], [6324, -1, -1]]"
1752865893.032,-16.000054448843002,12805.821139197393,12805.821391895006,12816.461687912466,15865.460891638904,"[[6326, -1, -1], [6327, 1, 11571], [6327, 1, 11626], [6327, 1, 11750], [6327, 1, 11825], [6327, 1, 11952], [6327, -1, -1], [6328, 1, 9254], [6328, 1, 9453], [6328, 1, 10176], [6328, 1, 10211], [6328, 1, 10437], [6328, 1, 10620], [6328, -1, -1], [6329, 1, 9667], [6329, 1, 9866], [6329, -1, -1], [6330, -1, -1], [6331, 1, 8664], [6331, 1, 8852], [6331, 1, 10808], [6331, 1, 11011], [6331, 1, 12108], [6331, 1, 12311], [6331, -1, -1], [6332, 1, 10955], [6332, 1, 10994], [6332, 1, 11185], [6332, 1, 12768], [6332, -1, -1], [6333, 1, 10464], [6333, 1, 10663], [6333, -1, -1], [6334, 1, 10241], [6334, 1, 10278], [6334, 1, 10471], [6334, -1, -1], [6335, -1, -1]]"
1752865893.1425,-14.000054121017456,12805.821089548843,12805.821389069477,12816.461687912466,15865.460891638904,"[[6337, 1, 9241], [6337, 1, 9441], [6337, 1, 10124], [6337, 1, 10159], [6337, 1, 10355], [6337, -1, -1], [6338, 1, 10056], [6338, 1, 10260], [6338, 1, 12070], [6338, 1, 12278], [6338, -1, -1], [6339, -1, -1], [6340, 1, 10882], [6340, 1, 11067], [6340, 1, 12040], [6340, 1, 12216], [6340, 1, 12249], [6340, 1, 12350], [6340, 1, 12438], [6340, -1, -1], [6341, -1, -1], [6342, 1, 9306], [6342, 1, 9494], [6342, -1, -1], [6343, 1, 11081], [6343, 1, 11112], [6343, 1, 11312], [6343, 1, 13680], [6343, 1, 13879], [6343, 1, 13986], [6343, 1, 14068], [6343, -1, -1], [6344, -1, -1], [6345, 1, 10195], [6345, 1, 10398], [6345, -1, -1], [6346, 1, 10822], [6346, 1, 11021], [6346, 1, 11284], [6346, 1, 11858], [6346, 1, 11898], [6346, 1, 12092], [6346, 1, 12584], [6346, 1, 12870], [6346, -1, -1], [6347, -1, -1]]"
1752865893.252,-12.00005379319191,12805.821089548843,12805.821389069477,12816.461692615203,15865.460891638904,"[[6348, 1, 9391], [6348, 1, 9591], [6348, 1, 9657], [6348, 1, 10574], [6348, 1, 12189], [6348, -1, -1], [6349, -1, -1], [6350, -1, -1], [6351, 1, 10264], [6351, 1, 10298], [6351, 1, 10494], [6351, -1, -1], [6352, 1, 11791], [6352, 1, 11990], [6352, -1, -1], [6353, -1, -1], [6354, -1, -1], [6355, 1, 10698], [6355, 1, 10752], [6355, 1, 10928], [6355, 1, 11413], [6355, -1, -1], [6356, -1, -1], [6357, 1, 7657], [6357, 1, 7860], [6357, 1, 8188], [6357, -1, -1]]"
1752865893.3625,-10.000053465366364,12805.82113406861,12805.82139173698,12816.461692615203,15865.460891638904,"[[6359, -1, -1], [6360, -1, -1], [6361, -1, -1], [6362, 1, 10235], [6362, 1, 10261], [6362, 1, 10424], [6362, -1, -1], [6363, 1, 14820], [6363, 1, 15022], [6363, -1, -1], [6364, 1, 9439], [6364, 1, 9638], [6364, -1, -1], [6365, -1, -1], [6366, -1, -1], [6367, 1, 10412], [6367, 1, 10615], [6367, 1, 10699], [6367, 1, 11112], [6367, 1, 11301], [6367, -1, -1], [6368, -1, -1], [6369, -1, -1]]"
1752865893.4735,-8.000053603202105,12805.82113406861,12805.82139173698,12816.46168846545,15865.460891638904,"[[6370, 1, 9527], [6370, 1, 9566], [6370, 1, 9758], [6370, 1, 9895], [6370, -1, -1], [6371, 1, 11142], [6371, 1, 11345], [6371, -1, -1], [6372, 1, 9219], [6372, 1, 9250], [6372, 1, 9430], [6372, 1, 10959], [6372, 1, 11143], [6372, -1, -1], [6373, -1, -1], [6374, 1, 9971], [6374, 1, 10154], [6374, -1, -1], [6375, 1, 10752], [6375, 1, 10955], [6375, 1, 11372], [6375, -1, -1], [6376, 1, 10464], [6376, 1, 10492], [6376, 1, 10652], [6376, 1, 11363], [6376, 1, 11566], [6376, 1, 12121], [6376, -1, -1], [6377, 1, 10277], [6377, 1, 10312], [6377, 1, 10507], [6377, -1, -1], [6378, -1, -1], [6379, -1, -1], [6380, -1, -1]]"
1752865893.5825,-6.000053741037846,12805.821168562232,12805.821385894496,12816.46168846545,15865.460891638904,"[[6381, -1, -1], [6382, 1, 9581], [6382, 1, 9612], [6382, 1, 9811], [6382, 1, 10042], [6382, 1, 13425], [6382, -1, -1], [6383, 1, 10302], [6383, 1, 10505], [6383, -1, -1], [6384, 1, 11266], [6384, 1, 11300], [6384, 1, 11496], [6384, 1, 11722], [6384, -1, -1], [6385, 1, 8846], [6385, 1, 9030], [6385, 1, 9481], [6385, 1, 10370], [6385, 1, 10554], [6385, 1, 11300], [6385, 1, 11499], [6385, -1, -1], [6386, 1, 10054], [6386, 1, 10091], [6386, 1, 10283], [6386, -1, -1], [6387, -1, -1], [6388, -1, -1], [6389, 1, 10557], [6389, 1, 10592], [6389, 1, 10789], [6389, 1, 10887], [6389, 1, 11035], [6389, 1, 11243], [6389, -1, -1], [6390, -1, -1], [6391, 1, 10350], [6391, 1, 10384], [6391, 1, 10580], [6391, -1, -1]]"
1752865893.6915,-4.000053646042943,12805.821168562232,12805.821381996615,12816.461685900023,15865.460891638904,"[[6392, -1, -1], [6393, 1, 10184], [6393, 1, 10384], [6393, 1, 10537], [6393, 1, 10721], [6393, -1, -1], [6394, 1, 9931], [6394, 1, 9966], [6394, 1, 10165], [6394, 1, 10347], [6394, 1, 10940], [6394, 1, 11143], [6394, 1, 11224], [6394, 1, 11258], [6394, 1, 11455], [6394, 1, 11522], [6394, 1, 12336], [6394, 1, 12519], [6394, -1, -1], [6395, 1, 10385], [6395, 1, 10584], [6395, -1, -1], [6396, 1, 12333], [6396, 1, 12526], [6396, -1, -1], [6397, 1, 9085], [6397, 1, 9288], [6397, 1, 12453], [6397, 1, 12652], [6397, 1, 13246], [6397, 1, 13430], [6397, -1, -1], [6398, 1, 10453], [6398, 1, 10652], [6398, -1, -1], [6399, 1, 10428], [6399, 1, 10613], [6399, -1, -1], [6400, -1, -1], [6401, 1, 9163], [6401, 1, 9350], [6401, -1, -1], [6402, 1, 12027], [6402, 1, 12230], [6402, -1, -1]]"
1752865893.801,-2.0000536460440514,12805.821201867679,12805.821381996615,12816.461685900023,15865.460891638904,"[[6403, 1, 8914], [6403, 1, 9118], [6403, 1, 10746], [6403, 1, 10949], [6403, -1, -1], [6404, 1, 12608], [6404, 1, 12792], [6404, 1, 13563], [6404, 1, 13752], [6404, 1, 17518], [6404, 1, 17702], [6404, -1, -1], [6405, 1, 11944], [6405, 1, 12143], [6405, -1, -1], [6406, -1, -1], [6407, 1, 9787], [6407, 1, 9935], [6407, 1, 10119], [6407, -1, -1], [6408, 1, 14116], [6408, 1, 14219], [6408, 1, 14246], [6408, 1, 14298], [6408, 1, 14449], [6408, -1, -1], [6409, -1, -1], [6410, 1, 11237], [6410, 1, 11275], [6410, 1, 11467], [6410, -1, -1], [6411, 1, 12661], [6411, 1, 12864], [6411, -1, -1], [6412, 1, 11878], [6412, -1, -1]]"
1752865893.9105,-5.368888378147474e-05,12805.821201867679,12805.821396540554,12816.4616790103,15865.460891638904,"[[6414, -1, -1], [6415, 1, 11350], [6415, 1, 11387], [6415, 1, 11580], [6415, 1, 11721], [6415, 1, 11920], [6415, -1, -1], [6416, -1, -1], [6417, 1, 10088], [6417, 1, 10275], [6417, 1, 10697], [6417, 1, 10896], [6417, -1, -1], [6418, 1, 7743], [6418, 1, 7774], [6418, 1, 7954], [6418, -1, -1], [6419, 1, 10509], [6419, 1, 10712], [6419, 1, 11539], [6419, 1, 11729], [6419, -1, -1], [6420, 1, 10424], [6420, 1, 10623], [6420, 1, 11149], [6420, 1, 11241], [6420, 1, 11349], [6420, 1, 11444], [6420, 1, 11516], [6420, 1, 11661], [6420, 1, 11821], [6420, 1, 13991], [6420, 1, 14194], [6420, -1, -1], [6421, 1, 10292], [6421, 1, 10362], [6421, 1, 10494], [6421, 1, 10734], [6421, 1, 10918], [6421, 1, 11418], [6421, -1, -1], [6422, 1, 8475], [6422, 1, 8660], [6422, 1, 11882], [6422, 1, 12085], [6422, -1, -1], [6423, 1, 16828], [6423, -1, -1]]"
1752865894.021,1.9999461732804775,12805.821139581503,12805.821396540554,12816.461677838295,15865.460891638904,"[[6424, -1, -1], [6425, 1, 10233], [6425, 1, 10417], [6425, 1, 13430], [6425, 1, 13464], [6425, 1, 13659], [6425, -1, -1], [6426, 1, 10361], [6426, 1, 10546], [6426, 1, 13532], [6426, 1, 13740], [6426, -1, -1], [6427, 1, 9760], [6427, 1, 9791], [6427, 1, 9871], [6427, 1, 9990], [6427, 1, 10056], [6427, 1, 12326], [6427, 1, 12510], [6427, 1, 13101], [6427, 1, 13285], [6427, -1, -1], [6428, 1, 10150], [6428, 1, 10335], [6428, 1, 10650], [6428, 1, 13745], [6428, 1, 13949], [6428, -1, -1], [6429, 1, 9627], [6429, 1, 9826], [6429, 1, 10254], [6429, 1, 10289], [6429, 1, 10485], [6429, 1, 10681], [6429, 1, 12493], [6429, 1, 12681], [6429, 1, 12752], [6429, 1, 12879], [6429, 1, 12937], [6429, -1, -1], [6430, 1, 9690], [6430, 1, 9727], [6430, 1, 9920], [6430, 1, 10258], [6430, 1, 10635], [6430, 1, 10669], [6430, 1, 10865], [6430, -1, -1], [6431, 1, 9837], [6431, 1, 10040], [6431, -1, -1], [6432, 1, 10503], [6432, 1, 10702], [6432, 1, 12426], [6432, 1, 12634], [6432, -1, -1], [6433, 1, 9380], [6433, 1, 9437], [6433, 1, 9547], [6433, 1, 9613], [6433, 1, 9731], [6433, 1, 9779], [6433, 1, 9918], [6433, 1, 10351], [6433, 1, 10385], [6433, 1, 10583], [6433, 1, 12439], [6433, 1, 12643], [6433, 1, 12766], [6433, -1, -1], [6434, 1, 9240], [6434, 1, 9442], [6434, 1, 9627], [6434, 1, 11640], [6434, 1, 11840], [6434, -1, -1]]"
1752865894.131,3.9999460354447365,12805.821139581503,12805.821376821967,12816.461677838295,15865.460891638904,"[[6436, 1, 10347], [6436, 1, 12545], [6436, 1, 12748], [6436, 1, 13037], [6436, -1, -1], [6437, 1, 11028], [6437, 1, 11230], [6437, 1, 11437], [6437, 1, 13482], [6437, 1, 13681], [6437, 1, 13928], [6437, -1, -1], [6438, 1, 9871], [6438, 1, 10057], [6438, 1, 11356], [6438, 1, 11555], [6438, 1, 11870], [6438, 1, 11985], [6438, 1, 12053], [6438, 1, 12169], [6438, 1, 12381], [6438, 1, 12416], [6438, 1, 12611], [6438, -1, -1], [6439, 1, 14266], [6439, 1, 14468], [6439, -1, -1], [6440, 1, 9918], [6440, 1, 11149], [6440, 1, 11191], [6440, 1, 11259], [6440, 1, 11383], [6440, 1, 11563], [6440, 1, 11886], [6440, 1, 11983], [6440, 1, 12085], [6440, 1, 12186], [6440, 1, 12481], [6440, -1, -1], [6441, 1, 9355], [6441, 1, 9558], [6441, 1, 11757], [6441, 1, 11965], [6441, 1, 12084], [6441, 1, 12197], [6441, 1, 12288], [6441, -1, -1], [6442, -1, -1], [6443, 1, 8751], [6443, 1, 8938], [6443, 1, 11033], [6443, 1, 11217], [6443, 1, 11572], [6443, 1, 11772], [6443, 1, 11917], [6443, 1, 12152], [6443, 1, 12701], [6443, 1, 12900], [6443, -1, -1], [6444, 1, 8287], [6444, 1, 8322], [6444, 1, 8517], [6444, 1, 11349], [6444, 1, 11557], [6444, 1, 12346], [6444, -1, -1], [6445, 1, 9257], [6445, 1, 9461], [6445, 1, 9759], [6445, 1, 14544], [6445, 1, 14743], [6445, -1, -1]]"
1752865894.2409,5.999946363270283,12805.821078660743,12805.821376821967,12816.46168455278,15865.460891638904,"[[6447, 1, 11484], [6447, 1, 11682], [6447, -1, -1], [6448, 1, 10343], [6448, 1, 10543], [6448, 1, 10748], [6448, 1, 10782], [6448, 1, 10978], [6448, 1, 11289], [6448, 1, 11512], [6448, 1, 11586], [6448, 1, 11725], [6448, 1, 11773], [6448, 1, 11924], [6448, 1, 12247], [6448, 1, 12277], [6448, 1, 12477], [6448, -1, -1], [6449, 1, 10782], [6449, 1, 10938], [6449, 1, 10970], [6449, 1, 11123], [6449, 1, 11201], [6449, 1, 11325], [6449, 1, 11404], [6449, -1, -1], [6450, 1, 10732], [6450, 1, 10845], [6450, 1, 10934], [6450, 1, 11052], [6450, 1, 11274], [6450, 1, 11363], [6450, 1, 11401], [6450, 1, 11472], [6450, 1, 11594], [6450, 1, 11782], [6450, 1, 11817], [6450, 1, 12012], [6450, 1, 12195], [6450, 1, 12347], [6450, 1, 13526], [6450, 1, 13677], [6450, 1, 13728], [6450, 1, 13863], [6450, -1, -1], [6451, -1, -1], [6452, -1, -1], [6453, 1, 10201], [6453, 1, 10295], [6453, 1, 10386], [6453, 1, 10503], [6453, 1, 10816], [6453, 1, 11001], [6453, 1, 11099], [6453, 1, 11137], [6453, 1, 11263], [6453, 1, 11329], [6453, 1, 11477], [6453, 1, 11675], [6453, 1, 11966], [6453, -1, -1], [6454, 1, 10175], [6454, 1, 10209], [6454, 1, 10405], [6454, 1, 10660], [6454, -1, -1], [6455, 1, 10434], [6455, 1, 10619], [6455, 1, 10872], [6455, 1, 11079], [6455, 1, 11308], [6455, 1, 11507], [6455, -1, -1], [6456, 1, 10048], [6456, 1, 10097], [6456, 1, 10282], [6456, 1, 10410], [6456, 1, 10604], [6456, 1, 10804], [6456, 1, 10891], [6456, 1, 10927], [6456, 1, 11125], [6456, 1, 11192], [6456, 1, 11275], [6456, -1, -1]]"
1752865894.3505,7.999946691095829,12805.821078660743,12805.821388947927,12816.46168455278,15865.460891638904,"[[6458, 1, 10573], [6458, 1, 10679], [6458, 1, 10742], [6458, 1, 10883], [6458, 1, 10945], [6458, 1, 11038], [6458, 1, 11241], [6458, 1, 12504], [6458, 1, 12707], [6458, -1, -1], [6459, 1, 9555], [6459, 1, 9590], [6459, 1, 9786], [6459, 1, 10095], [6459, 1, 10284], [6459, 1, 11783], [6459, 1, 11991], [6459, 1, 12925], [6459, 1, 12995], [6459, 1, 13196], [6459, -1, -1], [6460, 1, 10308], [6460, 1, 10495], [6460, -1, -1], [6461, -1, -1], [6462, 1, 9919], [6462, 1, 9953], [6462, 1, 10149], [6462, 1, 10218], [6462, 1, 12453], [6462, 1, 12661], [6462, 1, 12751], [6462, 1, 12939], [6462, -1, -1], [6463, 1, 10007], [6463, 1, 10211], [6463, 1, 10751], [6463, 1, 10936], [6463, 1, 11511], [6463, -1, -1], [6464, 1, 7181], [6464, 1, 7369], [6464, 1, 9793], [6464, 1, 9995], [6464, 1, 12623], [6464, 1, 12679], [6464, 1, 12879], [6464, 1, 13200], [6464, -1, -1], [6465, 1, 10151], [6465, 1, 10185], [6465, 1, 10380], [6465, 1, 10641], [6465, 1, 12294], [6465, -1, -1], [6466, 1, 9860], [6466, 1, 10047], [6466, 1, 12791], [6466, 1, 12826], [6466, 1, 13022], [6466, 1, 13105], [6466, 1, 13314], [6466, -1, -1], [6467, 1, 9815], [6467, 1, 9999], [6467, 1, 10163], [6467, 1, 12689], [6467, 1, 12891], [6467, -1, -1]]"
1752865894.4602,9.999947018921375,12805.82108722471,12805.821388947927,12816.46169020682,15865.460891638904,"[[6468, 1, 9127], [6468, 1, 9317], [6468, 1, 11895], [6468, 1, 12094], [6468, -1, -1], [6469, 1, 11943], [6469, 1, 11977], [6469, 1, 12144], [6469, 1, 12198], [6469, 1, 12373], [6469, 1, 12669], [6469, 1, 12737], [6469, 1, 12782], [6469, 1, 12953], [6469, 1, 13152], [6469, -1, -1], [6470, -1, -1], [6471, -1, -1], [6472, -1, -1], [6473, 1, 11815], [6473, 1, 11858], [6473, 1, 12066], [6473, 1, 12226], [6473, 1, 12788], [6473, 1, 12991], [6473, -1, -1], [6474, -1, -1], [6475, 1, 11776], [6475, 1, 11820], [6475, 1, 12010], [6475, 1, 12345], [6475, -1, -1], [6476, 1, 11798], [6476, 1, 11997], [6476, 1, 12191], [6476, 1, 12583], [6476, 1, 12767], [6476, -1, -1], [6477, 1, 11354], [6477, 1, 11389], [6477, 1, 11526], [6477, 1, 11650], [6477, 1, 11726], [6477, 1, 11838], [6477, -1, -1], [6478, 1, 10297], [6478, 1, 11704], [6478, 1, 11845], [6478, 1, 11891], [6478, -1, -1]]"
1752865894.5705,11.999947346746922,12805.821128278354,12805.821389019635,12816.46169020682,15865.460891638904,"[[6479, 1, 11185], [6479, 1, 11220], [6479, 1, 11441], [6479, 1, 11506], [6479, 1, 11564], [6479, 1, 11640], [6479, 1, 11769], [6479, -1, -1], [6480, -1, -1], [6481, 1, 11284], [6481, 1, 11487], [6481, 1, 11560], [6481, 1, 11594], [6481, 1, 11791], [6481, 1, 11981], [6481, -1, -1], [6482, -1, -1], [6483, -1, -1], [6484, -1, -1], [6485, 1, 11358], [6485, 1, 11396], [6485, 1, 11588], [6485, -1, -1], [6486, 1, 10612], [6486, 1, 10814], [6486, 1, 10995], [6486, 1, 11029], [6486, 1, 11224], [6486, -1, -1], [6487, 1, 10395], [6487, 1, 10430], [6487, 1, 10626], [6487, 1, 10771], [6487, -1, -1], [6488, 1, 14505], [6488, 1, 14690], [6488, -1, -1], [6489, 1, 11317], [6489, 1, 11520], [6489, -1, -1]]"
1752865894.6795,13.999946743249893,12805.821128278354,12805.821389019635,12816.461681670467,15865.460891638904,"[[6490, 1, 10725], [6490, 1, 10751], [6490, 1, 10955], [6490, -1, -1], [6491, 1, 13643], [6491, 1, 13845], [6491, -1, -1], [6492, 1, 10590], [6492, 1, 10788], [6492, -1, -1], [6493, 1, 13760], [6493, 1, 13963], [6493, 1, 14041], [6493, -1, -1], [6494, -1, -1], [6495, -1, -1], [6496, -1, -1], [6497, -1, -1], [6498, -1, -1], [6499, -1, -1], [6500, -1, -1]]"
1752865894.7895,15.999947071075438,12805.821161237745,12805.821400491526,12816.461681670467,15865.460891638904,"[[6501, 1, 9112], [6501, 1, 9321], [6501, 1, 9658], [6501, -1, -1], [6502, -1, -1], [6503, -1, -1], [6504, -1, -1], [6505, -1, -1], [6506, -1, -1], [6507, -1, -1], [6508, -1, -1], [6509, -1, -1], [6510, -1, -1], [6511, -1, -1]]"
1752865894.8985,17.999947398900986,12805.821161237745,12805.821400491526,12816.461683306463,15865.460891638904,"[[6512, 1, 10859], [6512, 1, 10897], [6512, 1, 11090], [6512, 1, 11384], [6512, -1, -1], [6513, -1, -1], [6514, 1, 13330], [6514, 1, 13529], [6514, -1, -1], [6515, 1, 10899], [6515, 1, 11087], [6515, -1, -1], [6516, 1, 10289], [6516, 1, 10333], [6516, 1, 10526], [6516, 1, 10705], [6516, 1, 11478], [6516, -1, -1], [6517, -1, -1], [6518, -1, -1], [6519, -1, -1], [6520, -1, -1], [6521, -1, -1], [6522, 1, 10940], [6522, 1, 11144], [6522, -1, -1]]"
1752865895.0086,19.999947726726532,12805.821130645807,12805.821384762612,12816.461683306463,15865.460891638904,"[[6523, -1, -1], [6524, -1, -1], [6525, -1, -1], [6526, 1, 13116], [6526, 1, 13150], [6526, 1, 13345], [6526, -1, -1], [6527, -1, -1], [6528, -1, -1], [6529, -1, -1], [6530, 1, 9590], [6530, 1, 9624], [6530, 1, 9820], [6530, 1, 10083], [6530, -1, -1], [6531, -1, -1], [6532, -1, -1], [6533, -1, -1]]"
1752865895.1185,21.99994805455208,12805.821130645807,12805.821382447239,12816.461682741876,15865.460891638904,"[[6534, -1, -1], [6535, -1, -1], [6536, -1, -1], [6537, 1, 15247], [6537, 1, 15446], [6537, -1, -1], [6538, -1, -1], [6539, -1, -1], [6540, -1, -1], [6541, -1, -1], [6542, -1, -1], [6543, -1, -1], [6544, -1, -1]]"
1752865895.2285,23.999948382377625,12805.821083449619,12805.821382447239,12816.461682741876,15865.460891638904,"[[6545, -1, -1], [6546, -1, -1], [6547, 1, 11420], [6547, 1, 11454], [6547, 1, 11650], [6547, 1, 11895], [6547, -1, -1], [6548, -1, -1], [6549, -1, -1], [6550, 1, 10179], [6550, 1, 10224], [6550, 1, 10412], [6550, 1, 10953], [6550, -1, -1], [6551, 1, 10205], [6551, 1, 10335], [6551, 1, 10404], [6551, 1, 10634], [6551, -1, -1], [6552, -1, -1], [6553, -1, -1], [6554, -1, -1], [6555, -1, -1]]"
1752865895.3375,25.99994871020317,12805.821083449619,12805.821387486953,12816.461681922743,15865.460891638904,"[[6556, -1, -1], [6557, -1, -1], [6558, -1, -1], [6559, -1, -1], [6560, -1, -1], [6561, -1, -1], [6562, -1, -1], [6563, -1, -1], [6564, 1, 11404], [6564, 1, 11603], [6564, -1, -1], [6565, 1, 11298], [6565, -1, -1], [6566, -1, -1]]"
1752865895.4465,27.999949038028717,12805.821052993171,12805.821387486953,12816.461681922743,15865.460891638904,"[[6567, -1, -1], [6568, 1, 11999], [6568, 1, 12197], [6568, -1, -1], [6569, -1, -1], [6570, -1, -1], [6571, -1, -1], [6572, -1, -1], [6573, -1, -1], [6574, -1, -1], [6575, -1, -1], [6576, -1, -1], [6577, -1, -1]]"
1752865895.5565,29.999949365854263,12805.821052993171,12805.821385005374,12816.46168438762,15865.460891638904,"[[6578, 1, 10627], [6578, 1, 10672], [6578, 1, 10860], [6578, -1, -1], [6579, -1, -1], [6580, -1, -1], [6581, -1, -1], [6582, -1, -1], [6583, -1, -1], [6584, -1, -1], [6585, -1, -1], [6586, -1, -1], [6587, -1, -1], [6588, 1, 9806], [6588, 1, 9993], [6588, -1, -1]]"
1752865895.6665,31.99994969367981,12805.821097804639,12805.821385005374,12816.461685946555,15865.460891638904,"[[6589, -1, -1], [6590, -1, -1], [6591, -1, -1], [6592, -1, -1], [6593, -1, -1], [6594, -1, -1], [6595, -1, -1], [6596, -1, -1], [6597, -1, -1], [6598, -1, -1], [6599, -1, -1]]"
1752865895.7755,33.999950021505356,12805.821097804639,12805.821383422315,12816.461685946555,15865.460891638904,"[[6600, 1, 12376], [6600, 1, 12563], [6600, -1, -1], [6601, -1, -1], [6602, -1, -1], [6603, -1, -1], [6604, -1, -1], [6605, -1, -1], [6606, -1, -1], [6607, -1, -1], [6608, -1, -1], [6609, -1, -1], [6610, -1, -1]]"
1752865895.8845,35.9999503493309,12805.82121168166,12805.821383422315,12816.461685946555,15865.460891638904,"[[6611, -1, -1], [6612, -1, -1], [6613, -1, -1], [6614, -1, -1], [6615, -1, -1], [6616, -1, -1], [6617, -1, -1], [6618, -1, -1], [6619, -1, -1], [6620, -1, -1], [6621, -1, -1]]"
1752865895.9945,37.99995067715645,12805.82121168166,12805.821383422315,12816.461691683713,15865.460891638904,"[[6622, -1, -1], [6623, -1, -1], [6624, -1, -1], [6625, 1, 10007], [6625, 1, 10209], [6625, -1, -1], [6626, -1, -1], [6627, -1, -1], [6628, -1, -1], [6629, -1, -1], [6630, -1, -1], [6631, -1, -1], [6632, -1, -1]]"
1752865896.1035,39.999951004981995,12805.821180321926,12805.821381426991,12816.461691683713,15865.460891638904,"[[6633, -1, -1], [6634, -1, -1], [6635, -1, -1], [6636, -1, -1], [6637, -1, -1], [6638, 1, 12512], [6638, 1, 12710], [6638, 1, 12864], [6638, -1, -1], [6639, -1, -1], [6640, -1, -1], [6641, -1, -1], [6642, -1, -1], [6643, -1, -1]]"
1752865896.2125,41.99995133280754,12805.821180321926,12805.821381534572,12816.461674732496,15865.460891638904,"[[6644, -1, -1], [6645, -1, -1], [6646, -1, -1], [6647, -1, -1], [6648, -1, -1], [6649, -1, -1], [6650, -1, -1], [6651, -1, -1], [6652, -1, -1], [6653, -1, -1], [6654, -1, -1]]"
1752865896.3215,43.99995166063309,12805.8210714725,12805.821381534572,12816.461674732496,15865.460891638904,"[[6655, -1, -1], [6656, -1, -1], [6657, -1, -1], [6658, -1, -1], [6659, -1, -1], [6660, -1, -1], [6661, -1, -1], [6662, -1, -1], [6663, -1, -1], [6664, -1, -1], [6665, -1, -1]]"
1752865896.432,45.99995198845863,12805.8210714725,12805.821388535936,12816.461688601048,15865.460891638904,"[[6666, -1, -1], [6667, -1, -1], [6668, -1, -1], [6669, -1, -1], [6670, -1, -1], [6671, -1, -1], [6672, -1, -1], [6673, -1, -1], [6674, -1, -1], [6675, 1, 11362], [6675, 1, 11565], [6675, -1, -1]]"
1752865896.5425,47.99995231628418,12805.821039575716,12805.821388535936,12816.461688601048,15865.460891638904,"[[6677, -1, -1], [6678, 1, 9305], [6678, 1, 9508], [6678, 1, 9656], [6678, -1, -1], [6679, -1, -1], [6680, -1, -1], [6681, -1, -1], [6682, -1, -1], [6683, -1, -1], [6684, -1, -1], [6685, -1, -1], [6686, -1, -1], [6687, -1, -1]]"
1752865896.652,49.999952644109726,12805.821039575716,12805.821388123157,12816.46168516179,15865.460891638904,"[[6688, -1, -1], [6689, -1, -1], [6690, -1, -1], [6691, -1, -1], [6692, -1, -1], [6693, -1, -1], [6694, 1, 11064], [6694, 1, 11249], [6694, -1, -1], [6695, -1, -1], [6696, -1, -1], [6697, -1, -1]]"
1752865896.761,51.99995297193527,12805.821104927429,12805.821388123157,12816.46168516179,15865.460891638904,"[[6699, -1, -1], [6700, -1, -1], [6701, -1, -1], [6702, -1, -1], [6703, -1, -1], [6704, -1, -1], [6705, -1, -1], [6706, 1, 13988], [6706, 1, 14187], [6706, -1, -1], [6707, -1, -1], [6708, -1, -1]]"
1752865896.8709,53.99995329976082,12805.821104927429,12805.821389183757,12816.461684510065,15865.460891638904,"[[6710, -1, -1], [6711, -1, -1], [6712, -1, -1], [6713, -1, -1], [6714, -1, -1], [6715, -1, -1], [6716, -1, -1], [6717, -1, -1], [6718, -1, -1], [6719, -1, -1]]"
1752865896.981,55.999953627586365,12805.821150876003,12805.821389183757,12816.461686904711,15865.460891638904,"[[6721, 1, 222768], [6721, -1, -1], [6722, -1, -1], [6723, -1, -1], [6724, -1, -1], [6725, -1, -1], [6726, -1, -1], [6727, -1, -1], [6728, -1, -1], [6729, -1, -1], [6730, -1, -1]]"
1752865897.092,57.99995395541191,12805.821150876003,12805.821391493704,12816.461686904711,15865.460891638904,"[[6732, -1, -1], [6733, -1, -1], [6734, -1, -1], [6735, -1, -1], [6736, -1, -1], [6737, -1, -1], [6738, -1, -1], [6739, -1, -1], [6740, -1, -1], [6741, -1, -1]]"
1752865897.202,59.99995428323746,12805.821150934611,12805.821391493704,12816.461687000603,15865.460891638904,"[[6743, -1, -1], [6744, -1, -1], [6745, -1, -1], [6746, -1, -1], [6747, -1, -1], [6748, -1, -1], [6749, -1, -1], [6750, -1, -1], [6751, -1, -1], [6752, -1, -1]]"
1752865897.3109,61.999950885772705,12805.821150934611,12805.821399283397,12816.461687000603,15865.460891638904,"[[6754, -1, -1], [6755, -1, -1], [6756, -1, -1], [6757, -1, -1], [6758, -1, -1], [6759, -1, -1], [6760, -1, -1], [6761, -1, -1], [6762, -1, -1], [6763, -1, -1]]"
1752865897.4205,63.99994748830795,12805.82113230719,12805.821399283397,12816.461687124829,15865.460891638904,"[[6765, -1, -1], [6766, -1, -1], [6767, -1, -1], [6768, -1, -1], [6769, -1, -1], [6770, -1, -1], [6771, 1, 13179], [6771, 1, 13382], [6771, 1, 13638], [6771, -1, -1], [6772, -1, -1], [6773, -1, -1], [6774, -1, -1]]"
1752865897.5319,65.9999440908432,12805.821045196491,12805.821399442944,12816.461687124829,15865.460891638904,"[[6775, 1, 9769], [6775, 1, 9972], [6775, -1, -1], [6776, -1, -1], [6777, -1, -1], [6778, -1, -1], [6779, -1, -1], [6780, -1, -1], [6781, -1, -1], [6782, -1, -1], [6783, -1, -1], [6784, -1, -1], [6785, -1, -1]]"
1752865897.6425,67.99994069337845,12805.821045196491,12805.821399442944,12816.461688740972,15865.460891638904,"[[6787, -1, -1], [6788, -1, -1], [6789, -1, -1], [6790, -1, -1], [6791, -1, -1], [6792, 1, 10585], [6792, 1, 10772], [6792, -1, -1], [6793, -1, -1], [6794, -1, -1], [6795, -1, -1], [6796, -1, -1], [6797, -1, -1]]"
1752865897.7525,69.9999372959137,12805.821063984647,12805.821397170213,12816.461688740972,15865.460891638904,"[[6798, -1, -1], [6799, 1, 10788], [6799, 1, 10830], [6799, 1, 11025], [6799, 1, 11201], [6799, 1, 11379], [6799, -1, -1], [6800, -1, -1], [6801, -1, -1], [6802, -1, -1], [6803, -1, -1], [6804, -1, -1], [6805, -1, -1], [6806, -1, -1], [6807, -1, -1], [6808, -1, -1]]"
1752865897.8615,71.99993389844894,12805.821063984647,12805.821397170213,12816.461688723593,15865.460891638904,"[[6809, -1, -1], [6810, -1, -1], [6811, -1, -1], [6812, -1, -1], [6813, -1, -1], [6814, -1, -1], [6815, -1, -1], [6816, -1, -1], [6817, -1, -1], [6818, -1, -1], [6819, -1, -1]]"
1752865897.9709,73.99993050098419,12805.821122656107,12805.821398692498,12816.461688723593,15865.460891638904,"[[6820, -1, -1], [6821, -1, -1], [6822, -1, -1], [6823, -1, -1], [6824, -1, -1], [6825, -1, -1], [6826, 1, 11481], [6826, 1, 11680], [6826, -1, -1], [6827, -1, -1], [6828, -1, -1], [6829, -1, -1]]"
1752865898.081,75.99992710351944,12805.821122656107,12805.821396243055,12816.461689790249,15865.460891638904,"[[6831, -1, -1], [6832, -1, -1], [6833, -1, -1], [6834, -1, -1], [6835, -1, -1], [6836, -1, -1], [6837, -1, -1], [6838, -1, -1], [6839, -1, -1], [6840, -1, -1]]"
1752865898.1905,77.99992370605469,12805.82119346632,12805.821396243055,12816.461689790249,15865.460891638904,"[[6842, -1, -1], [6843, -1, -1], [6844, -1, -1], [6845, -1, -1], [6846, -1, -1], [6847, -1, -1], [6848, -1, -1], [6849, -1, -1], [6850, -1, -1], [6851, -1, -1]]"
1752865898.3005,79.99992030858994,12805.82119346632,12805.82138875585,12816.461681795472,15865.460891638904,"[[6852, -1, -1], [6853, -1, -1], [6854, -1, -1], [6855, -1, -1], [6856, -1, -1], [6857, -1, -1], [6858, -1, -1], [6859, -1, -1], [6860, -1, -1], [6861, -1, -1], [6862, -1, -1]]"
1752865898.411,81.99991691112518,12805.821119777216,12805.82138875585,12816.461681795472,15865.460891638904,"[[6863, -1, -1], [6864, -1, -1], [6865, -1, -1], [6866, -1, -1], [6867, -1, -1], [6868, -1, -1], [6869, -1, -1], [6870, -1, -1], [6871, -1, -1], [6872, -1, -1], [6873, -1, -1]]"
1752865898.521,83.99991351366043,12805.821119777216,12805.82140511161,12816.461688325973,15865.460891638904,"[[6875, -1, -1], [6876, -1, -1], [6877, -1, -1], [6878, -1, -1], [6879, -1, -1], [6880, -1, -1], [6881, -1, -1], [6882, -1, -1], [6883, 1, 11473], [6883, 1, 11659], [6883, -1, -1], [6884, -1, -1]]"
1752865898.6312,85.99991011619568,12805.821036239806,12805.82140511161,12816.4616775566,15865.460891638904,"[[6886, -1, -1], [6887, -1, -1], [6888, -1, -1], [6889, -1, -1], [6890, -1, -1], [6891, -1, -1], [6892, -1, -1], [6893, 1, 10373], [6893, 1, 10564], [6893, -1, -1], [6894, -1, -1], [6895, -1, -1]]"
1752865898.7405,87.99990671873093,12805.821036239806,12805.821394323862,12816.4616775566,15865.460891638904,"[[6896, -1, -1], [6897, -1, -1], [6898, -1, -1], [6899, -1, -1], [6900, -1, -1], [6901, -1, -1], [6902, -1, -1], [6903, -1, -1], [6904, -1, -1], [6905, -1, -1], [6906, -1, -1]]"
1752865898.849,89.99990332126617,12805.821076407152,12805.821394323862,12816.461686233739,15865.460891638904,"[[6907, -1, -1], [6908, -1, -1], [6909, -1, -1], [6910, -1, -1], [6911, -1, -1], [6912, -1, -1], [6913, -1, -1], [6914, -1, -1], [6915, -1, -1], [6916, -1, -1], [6917, -1, -1]]"
1752865898.9585,91.99989992380142,12805.821076407152,12805.821390736082,12816.461686233739,15865.460891638904,"[[6918, -1, -1], [6919, -1, -1], [6920, -1, -1], [6921, -1, -1], [6922, -1, -1], [6923, -1, -1], [6924, -1, -1], [6925, -1, -1], [6926, -1, -1], [6927, -1, -1], [6928, -1, -1]]"
1752865899.0685,93.99989652633667,12805.821068983989,12805.821390736082,12816.461675122353,15865.460891638904,"[[6929, -1, -1], [6930, -1, -1], [6931, -1, -1], [6932, -1, -1], [6933, -1, -1], [6934, -1, -1], [6935, -1, -1], [6936, 1, 21145], [6936, 1, 21333], [6936, -1, -1], [6937, -1, -1], [6938, -1, -1], [6939, -1, -1]]"
1752865899.1775,95.99989312887192,12805.821068983989,12805.821385439804,12816.461675122353,15865.460891638904,"[[6940, -1, -1], [6941, -1, -1], [6942, -1, -1], [6943, -1, -1], [6944, -1, -1], [6945, -1, -1], [6946, -1, -1], [6947, -1, -1], [6948, -1, -1], [6949, -1, -1], [6950, -1, -1]]"
1752865899.2865,97.99988973140717,12805.821156126498,12805.821385439804,12816.46168774812,15865.460891638904,"[[6951, -1, -1], [6952, -1, -1], [6953, -1, -1], [6954, -1, -1], [6955, -1, -1], [6956, -1, -1], [6957, -1, -1], [6958, -1, -1], [6959, -1, -1], [6960, -1, -1], [6961, -1, -1]]"
1752865899.4075,-152.00000596046448,12805.821156090678,12805.82139312937,12816.46168774812,15865.460891638904,"[[6963, -1, -1], [6964, -1, -1], [6965, -1, -1], [6966, -1, -1], [6967, -1, -1], [6968, -1, -1], [6969, -1, -1], [6970, -1, -1], [6971, -1, -1], [6972, -1, -1], [6973, -1, -1]]"
1752865899.5165,-150.00000190734863,12805.821156090678,12805.82139312937,12816.461685446366,15865.460891638904,"[[6974, -1, -1], [6975, -1, -1], [6976, 1, 11655], [6976, -1, -1], [6977, -1, -1], [6978, -1, -1], [6979, -1, -1], [6980, -1, -1], [6981, -1, -1], [6982, -1, -1], [6983, -1, -1], [6984, -1, -1]]"
1752865899.6255,-147.9999978542328,12805.821096030515,12805.821396221065,12816.461685446366,15865.460891638904,"[[6985, -1, -1], [6986, -1, -1], [6987, -1, -1], [6988, -1, -1], [6989, -1, -1], [6990, -1, -1], [6991, -1, -1], [6992, -1, -1], [6993, -1, -1], [6994, -1, -1], [6995, -1, -1]]"
1752865899.7345,-145.99999380111694,12805.821096030515,12805.821396221065,12816.461685614653,15865.460891638904,"[[6996, -1, -1], [6997, -1, -1], [6998, -1, -1], [6999, -1, -1], [7000, -1, -1], [7001, 1, 14147], [7001, 1, 14184], [7001, 1, 14377], [7001, 1, 14587], [7001, -1, -1], [7002, -1, -1], [7003, -1, -1], [7004, -1, -1], [7005, -1, -1], [7006, -1, -1]]"
1752865899.8435,-143.9999897480011,12805.821031421608,12805.82139875983,12816.461685614653,15865.460891638904,"[[7007, -1, -1], [7008, -1, -1], [7009, -1, -1], [7010, -1, -1], [7011, -1, -1], [7012, -1, -1], [7013, -1, -1], [7014, -1, -1], [7015, -1, -1], [7016, -1, -1], [7017, -1, -1]]"
1752865899.9525,-141.99998569488525,12805.821031421608,12805.82139875983,12816.461685140399,15865.460891638904,"[[7018, -1, -1], [7019, -1, -1], [7020, -1, -1], [7021, -1, -1], [7022, -1, -1], [7023, -1, -1], [7024, -1, -1], [7025, -1, -1], [7026, -1, -1], [7027, -1, -1], [7028, -1, -1]]"
1752865900.0636,-139.9999816417694,12805.821080902695,12805.821386254493,12816.461685140399,15865.460891638904,"[[7029, 1, 9074], [7029, 1, 9169], [7029, 1, 9277], [7029, -1, -1], [7030, -1, -1], [7031, -1, -1], [7032, -1, -1], [7033, -1, -1], [7034, -1, -1], [7035, -1, -1], [7036, -1, -1], [7037, -1, -1], [7038, -1, -1], [7039, -1, -1]]"
1752865900.1725,-137.99997758865356,12805.821080902695,12805.821391282749,12816.461688171981,15865.460891638904,"[[7040, -1, -1], [7041, -1, -1], [7042, -1, -1], [7043, -1, -1], [7044, -1, -1], [7045, -1, -1], [7046, -1, -1], [7047, -1, -1], [7048, -1, -1], [7049, -1, -1], [7050, -1, -1]]"
1752865900.2819,-135.99997353553772,12805.821125887485,12805.821391282749,12816.461688171981,15865.460891638904,"[[7051, -1, -1], [7052, -1, -1], [7053, -1, -1], [7054, -1, -1], [7055, -1, -1], [7056, -1, -1], [7057, -1, -1], [7058, -1, -1], [7059, -1, -1], [7060, -1, -1]]"
1752865900.3909,-133.99996948242188,12805.821125887485,12805.82139519853,12816.461686645469,15865.460891638904,"[[7062, -1, -1], [7063, -1, -1], [7064, -1, -1], [7065, -1, -1], [7066, -1, -1], [7067, -1, -1], [7068, -1, -1], [7069, -1, -1], [7070, -1, -1], [7071, -1, -1]]"
1752865900.5005,-131.99996542930603,12805.821157000195,12805.82139519853,12816.461686645469,15865.460891638904,"[[7073, -1, -1], [7074, -1, -1], [7075, -1, -1], [7076, -1, -1], [7077, 1, 55830], [7077, -1, -1], [7078, -1, -1], [7079, -1, -1], [7080, -1, -1], [7081, -1, -1], [7082, -1, -1]]"
1752865900.6105,-129.99996137619019,12805.821157000195,12805.821391425716,12816.461689821712,15865.460891638904,"[[7083, -1, -1], [7084, -1, -1], [7085, -1, -1], [7086, -1, -1], [7087, -1, -1], [7088, -1, -1], [7089, -1, -1], [7090, -1, -1], [7091, -1, -1], [7092, -1, -1], [7093, -1, -1]]"
1752865900.7195,-127.99995732307434,12805.821141696397,12805.821391425716,12816.461681732115,15865.460891638904,"[[7094, -1, -1], [7095, -1, -1], [7096, -1, -1], [7097, -1, -1], [7098, -1, -1], [7099, 1, 11765], [7099, 1, 11798], [7099, 1, 11994], [7099, -1, -1], [7100, -1, -1], [7101, -1, -1], [7102, -1, -1], [7103, -1, -1], [7104, -1, -1]]"
1752865900.8285,-125.9999607205391,12805.821141696397,12805.821386016216,12816.461681732115,15865.460891638904,"[[7105, -1, -1], [7106, -1, -1], [7107, -1, -1], [7108, -1, -1], [7109, -1, -1], [7110, -1, -1], [7111, -1, -1], [7112, -1, -1], [7113, -1, -1], [7114, -1, -1], [7115, -1, -1]]"
1752865900.9385,-123.99996411800385,12805.821057392457,12805.821386016216,12816.461686713266,15865.460891638904,"[[7116, -1, -1], [7117, 1, 9626], [7117, 1, 9812], [7117, -1, -1], [7118, -1, -1], [7119, -1, -1], [7120, -1, -1], [7121, -1, -1], [7122, -1, -1], [7123, 1, 10086], [7123, 1, 10124], [7123, 1, 10316], [7123, -1, -1], [7124, -1, -1], [7125, -1, -1], [7126, -1, -1]]"
1752865901.0485,-121.9999675154686,12805.821057392457,12805.821403675338,12816.461686713266,15865.460891638904,"[[7127, -1, -1], [7128, -1, -1], [7129, -1, -1], [7130, -1, -1], [7131, -1, -1], [7132, -1, -1], [7133, -1, -1], [7134, -1, -1], [7135, -1, -1], [7136, -1, -1], [7137, -1, -1]]"
1752865901.1575,-119.99997091293335,12805.821074332458,12805.821403675338,12816.461684024807,15865.460891638904,"[[7138, -1, -1], [7139, -1, -1], [7140, -1, -1], [7141, -1, -1], [7142, -1, -1], [7143, -1, -1], [7144, -1, -1], [7145, 1, 10428], [7145, 1, 10614], [7145, -1, -1], [7146, -1, -1], [7147, -1, -1], [7148, -1, -1]]"
1752865901.2665,-117.9999743103981,12805.821129068472,12805.821405813955,12816.461684024807,15865.460891638904,"[[7149, -1, -1], [7150, -1, -1], [7151, -1, -1], [7152, -1, -1], [7153, -1, -1], [7154, -1, -1], [7155, 1, 7138], [7155, 1, 7173], [7155, 1, 7367], [7155, -1, -1], [7156, -1, -1], [7157, -1, -1], [7158, 1, 10106], [7158, 1, 10140], [7158, 1, 10336], [7158, 1, 10706], [7158, -1, -1], [7159, -1, -1]]"
1752865901.3756,-115.99997770786285,12805.821129068472,12805.821405813955,12816.461686992638,15865.460891638904,"[[7160, -1, -1], [7161, -1, -1], [7162, -1, -1], [7163, 1, 9444], [7163, 1, 9629], [7163, -1, -1], [7164, -1, -1], [7165, -1, -1], [7166, -1, -1], [7167, -1, -1], [7168, -1, -1], [7169, -1, -1], [7170, -1, -1]]"
1752865901.4845,-113.9999811053276,12805.821211277724,12805.82141822202,12816.461686992638,15865.460891638904,"[[7171, -1, -1], [7172, -1, -1], [7173, -1, -1], [7174, -1, -1], [7175, -1, -1], [7176, -1, -1], [7177, -1, -1], [7178, -1, -1], [7179, -1, -1], [7180, -1, -1], [7181, -1, -1]]"
1752865901.5935,-111.99998450279236,12805.821211277724,12805.82141822202,12816.461686555378,15865.460891638904,"[[7182, -1, -1], [7183, -1, -1], [7184, -1, -1], [7185, 1, 12081], [7185, 1, 12284], [7185, -1, -1], [7186, -1, -1], [7187, -1, -1], [7188, -1, -1], [7189, -1, -1], [7190, -1, -1], [7191, -1, -1], [7192, -1, -1]]"
1752865901.7035,-109.99998790025711,12805.821210060874,12805.821417505209,12816.461686555378,15865.460891638904,"[[7193, -1, -1], [7194, -1, -1], [7195, -1, -1], [7196, -1, -1], [7197, -1, -1], [7198, -1, -1], [7199, -1, -1], [7200, -1, -1], [7201, 1, 11212], [7201, 1, 11397], [7201, -1, -1], [7202, -1, -1], [7203, -1, -1]]"
1752865901.8125,-107.99999129772186,12805.821210060874,12805.821423283734,12816.461684385748,15865.460891638904,"[[7204, -1, -1], [7205, -1, -1], [7206, -1, -1], [7207, -1, -1], [7208, -1, -1], [7209, -1, -1], [7210, -1, -1], [7211, -1, -1], [7212, -1, -1], [7213, -1, -1], [7214, 1, 11100], [7214, 1, 11134], [7214, 1, 11196], [7214, 1, 11330], [7214, 1, 11436], [7214, 1, 11644], [7214, -1, -1]]"
1752865901.9225,-105.99999469518661,12805.821116791249,12805.821423283734,12816.461684385748,15865.460891638904,"[[7215, -1, -1], [7216, -1, -1], [7217, -1, -1], [7218, -1, -1], [7219, 1, 8891], [7219, 1, 9076], [7219, -1, -1], [7220, -1, -1], [7221, -1, -1], [7222, -1, -1], [7223, 1, 5428], [7223, 1, 5614], [7223, -1, -1], [7224, 1, 9573], [7224, 1, 9615], [7224, 1, 9805], [7224, -1, -1], [7225, -1, -1]]"
1752865902.0325,-103.99999809265137,12805.821116791249,12805.821420222812,12816.461683711046,15865.460891638904,"[[7226, -1, -1], [7227, -1, -1], [7228, -1, -1], [7229, -1, -1], [7230, -1, -1], [7231, -1, -1], [7232, -1, -1], [7233, -1, -1], [7234, -1, -1], [7235, -1, -1], [7236, -1, -1]]"
1752865902.1435,-102.00000149011612,12805.821106513533,12805.821420222812,12816.461678945618,15865.460891638904,"[[7237, -1, -1], [7238, 1, 10485], [7238, 1, 10523], [7238, 1, 10715], [7238, -1, -1], [7239, -1, -1], [7240, -1, -1], [7241, -1, -1], [7242, -1, -1], [7243, -1, -1], [7244, -1, -1], [7245, -1, -1], [7246, -1, -1], [7247, -1, -1]]"
1752865902.2525,-100.00000488758087,12805.821106513533,12805.8214332312,12816.461678945618,15865.460891638904,"[[7248, -1, -1], [7249, -1, -1], [7250, -1, -1], [7251, -1, -1], [7252, -1, -1], [7253, -1, -1], [7254, 1, 10859], [7254, 1, 11058], [7254, -1, -1], [7255, -1, -1], [7256, -1, -1], [7257, -1, -1], [7258, -1, -1]]"
1752865902.3619,-98.00000828504562,12805.821113485485,12805.8214332312,12816.461682821282,15865.460891638904,"[[7259, -1, -1], [7260, -1, -1], [7261, -1, -1], [7262, -1, -1], [7263, -1, -1], [7264, -1, -1], [7265, -1, -1], [7266, -1, -1], [7267, -1, -1], [7268, 1, 270176], [7268, 1, 270379], [7268, -1, -1]]"
1752865902.4709,-96.00001168251038,12805.821113485485,12805.821424107047,12816.461682821282,15865.460891638904,"[[7270, -1, -1], [7271, -1, -1], [7272, -1, -1], [7273, -1, -1], [7274, -1, -1], [7275, 1, 10999], [7275, -1, -1], [7276, -1, -1], [7277, -1, -1], [7278, -1, -1], [7279, -1, -1]]"
1752865902.5819,-94.00001507997513,12805.82119835035,12805.821424107047,12816.461680056867,15865.460891638904,"[[7281, -1, -1], [7282, -1, -1], [7283, -1, -1], [7284, -1, -1], [7285, -1, -1], [7286, -1, -1], [7287, -1, -1], [7288, -1, -1], [7289, -1, -1], [7290, -1, -1]]"
1752865902.6909,-92.00001847743988,12805.82119835035,12805.821422718896,12816.461680056867,15865.460891638904,"[[7292, -1, -1], [7293, -1, -1], [7294, -1, -1], [7295, -1, -1], [7296, -1, -1], [7297, -1, -1], [7298, -1, -1], [7299, 1, 11737], [7299, 1, 11937], [7299, -1, -1], [7300, -1, -1], [7301, -1, -1]]"
1752865902.8009,-90.00002187490463,12805.82123784147,12805.821422718896,12816.461684299114,15865.460891638904,"[[7303, -1, -1], [7304, -1, -1], [7305, -1, -1], [7306, -1, -1], [7307, -1, -1], [7308, -1, -1], [7309, -1, -1], [7310, -1, -1], [7311, -1, -1], [7312, -1, -1]]"
1752865902.9105,-88.00002527236938,12805.82123784147,12805.821422445904,12816.461684299114,15865.460891638904,"[[7314, -1, -1], [7315, -1, -1], [7316, -1, -1], [7317, -1, -1], [7318, -1, -1], [7319, -1, -1], [7320, -1, -1], [7321, -1, -1], [7322, -1, -1], [7323, -1, -1]]"
1752865903.0195,-86.00002866983414,12805.82111440343,12805.821422445904,12816.461685841869,15865.460891638904,"[[7324, -1, -1], [7325, -1, -1], [7326, -1, -1], [7327, -1, -1], [7328, -1, -1], [7329, -1, -1], [7330, -1, -1], [7331, -1, -1], [7332, -1, -1], [7333, -1, -1], [7334, -1, -1]]"
1752865903.1312,-84.00003206729889,12805.82111440343,12805.821404007647,12816.461685841869,15865.460891638904,"[[7335, -1, -1], [7336, -1, -1], [7337, -1, -1], [7338, -1, -1], [7339, -1, -1], [7340, -1, -1], [7341, -1, -1], [7342, -1, -1], [7343, -1, -1], [7344, -1, -1], [7345, -1, -1]]"
1752865903.2405,-82.00003546476364,12805.821087476963,12805.821404007647,12816.461687248904,15865.460891638904,"[[7346, -1, -1], [7347, -1, -1], [7348, -1, -1], [7349, -1, -1], [7350, -1, -1], [7351, -1, -1], [7352, -1, -1], [7353, -1, -1], [7354, -1, -1], [7355, 1, 12690], [7355, 1, 12866], [7355, -1, -1], [7356, -1, -1]]"
1752865903.349,-80.0000388622284,12805.821087476963,12805.821391982237,12816.461687248904,15865.460891638904,"[[7357, -1, -1], [7358, -1, -1], [7359, -1, -1], [7360, -1, -1], [7361, -1, -1], [7362, -1, -1], [7363, 1, 11236], [7363, 1, 11421], [7363, -1, -1], [7364, -1, -1], [7365, -1, -1], [7366, -1, -1], [7367, -1, -1]]"
1752865903.4585,-78.00004225969315,12805.821111149959,12805.821391982237,12816.461686237475,15865.460891638904,"[[7368, 1, 10504], [7368, 1, 10539], [7368, 1, 10660], [7368, 1, 10735], [7368, 1, 10812], [7368, -1, -1], [7369, 1, 10884], [7369, 1, 11067], [7369, -1, -1], [7370, -1, -1], [7371, 1, 10210], [7371, 1, 10245], [7371, 1, 10440], [7371, 1, 10795], [7371, -1, -1], [7372, -1, -1], [7373, -1, -1], [7374, -1, -1], [7375, -1, -1], [7376, -1, -1], [7377, -1, -1], [7378, -1, -1]]"
1752865903.5685,-76.0000456571579,12805.821175621579,12805.82139101395,12816.461686237475,15865.460891638904,"[[7379, -1, -1], [7380, -1, -1], [7381, -1, -1], [7382, 1, 11587], [7382, 1, 11790], [7382, -1, -1], [7383, -1, -1], [7384, -1, -1], [7385, -1, -1], [7386, -1, -1], [7387, -1, -1], [7388, -1, -1], [7389, -1, -1]]"
1752865903.6785,-74.00004905462265,12805.821175621579,12805.82139101395,12816.461682773488,15865.460891638904,"[[7390, -1, -1], [7391, -1, -1], [7392, -1, -1], [7393, -1, -1], [7394, -1, -1], [7395, -1, -1], [7396, -1, -1], [7397, 1, 13511], [7397, 1, 13701], [7397, 1, 13889], [7397, -1, -1], [7398, -1, -1], [7399, -1, -1], [7400, -1, -1]]"
1752865903.7875,-72.0000524520874,12805.821178357726,12805.821384955847,12816.461682773488,15865.460891638904,"[[7401, 1, 16843], [7401, 1, 17046], [7401, -1, -1], [7402, 1, 10749], [7402, 1, 10948], [7402, 1, 11046], [7402, 1, 11246], [7402, -1, -1], [7403, -1, -1], [7404, -1, -1], [7405, 1, 11146], [7405, 1, 11201], [7405, 1, 11344], [7405, -1, -1], [7406, -1, -1], [7407, -1, -1], [7408, -1, -1], [7409, -1, -1], [7410, -1, -1], [7411, 1, 9281], [7411, 1, 9325], [7411, 1, 9514], [7411, -1, -1]]"
1752865903.8975,-70.00005584955215,12805.821178357726,12805.821384955847,12816.461679436372,15865.460891638904,"[[7412, -1, -1], [7413, -1, -1], [7414, 1, 11957], [7414, 1, 12160], [7414, -1, -1], [7415, -1, -1], [7416, -1, -1], [7417, -1, -1], [7418, -1, -1], [7419, -1, -1], [7420, 1, 9499], [7420, 1, 9687], [7420, 1, 9879], [7420, -1, -1], [7421, -1, -1], [7422, -1, -1]]"
1752865904.0075,-68.0000592470169,12805.821133366853,12805.821384228331,12816.461679436372,15865.460891638904,"[[7423, -1, -1], [7424, -1, -1], [7425, -1, -1], [7426, -1, -1], [7427, -1, -1], [7428, -1, -1], [7429, 1, 9826], [7429, 1, 9991], [7429, -1, -1], [7430, -1, -1], [7431, -1, -1], [7432, -1, -1], [7433, -1, -1]]"
1752865904.1185,-66.00006264448166,12805.821133366853,12805.821368754087,12816.461679238762,15865.460891638904,"[[7434, 1, 10962], [7434, 1, 11165], [7434, -1, -1], [7435, -1, -1], [7436, -1, -1], [7437, -1, -1], [7438, -1, -1], [7439, -1, -1], [7440, -1, -1], [7441, -1, -1], [7442, -1, -1], [7443, 1, 12271], [7443, 1, 12474], [7443, -1, -1], [7444, -1, -1]]"
1752865904.2285,-64.00006231665611,12805.821093039809,12805.821368754087,12816.461679238762,15865.460891638904,"[[7445, 1, 12304], [7445, 1, 12503], [7445, -1, -1], [7446, -1, -1], [7447, -1, -1], [7448, -1, -1], [7449, -1, -1], [7450, -1, -1], [7451, -1, -1], [7452, -1, -1], [7453, -1, -1], [7454, -1, -1], [7455, -1, -1]]"
1752865904.3385,-62.000061988830566,12805.821093039809,12805.82136890569,12816.461684865624,15865.460891638904,"[[7456, -1, -1], [7457, -1, -1], [7458, 1, 11110], [7458, 1, 11313], [7458, -1, -1], [7459, -1, -1], [7460, -1, -1], [7461, -1, -1], [7462, -1, -1], [7463, -1, -1], [7464, 1, 10513], [7464, 1, 10716], [7464, -1, -1], [7465, -1, -1], [7466, -1, -1]]"
1752865904.4485,-60.00006166100502,12805.82109274261,12805.82136890569,12816.461684865624,15865.460891638904,"[[7467, -1, -1], [7468, -1, -1], [7469, -1, -1], [7470, 1, 10008], [7470, 1, 10208], [7470, -1, -1], [7471, -1, -1], [7472, -1, -1], [7473, -1, -1], [7474, -1, -1], [7475, -1, -1], [7476, -1, -1], [7477, -1, -1]]"
1752865904.5585,-58.000061333179474,12805.82109274261,12805.821377052225,12816.461682644283,15865.460891638904,"[[7478, -1, -1], [7479, -1, -1], [7480, -1, -1], [7481, -1, -1], [7482, -1, -1], [7483, 1, 44733], [7483, 1, 45058], [7483, -1, -1], [7484, -1, -1], [7485, -1, -1], [7486, -1, -1], [7487, -1, -1], [7488, -1, -1]]"
1752865904.6685,-56.00006100535393,12805.821136547715,12805.821377052225,12816.461682644283,15865.460891638904,"[[7489, -1, -1], [7490, -1, -1], [7491, -1, -1], [7492, -1, -1], [7493, -1, -1], [7494, -1, -1], [7495, 1, 10537], [7495, 1, 10736], [7495, 1, 12418], [7495, 1, 12621], [7495, 1, 12850], [7495, -1, -1], [7496, -1, -1], [7497, 1, 10490], [7497, 1, 10676], [7497, -1, -1], [7498, -1, -1], [7499, -1, -1]]"
1752865904.7785,-54.00006067752838,12805.821136547715,12805.821377564753,12816.461684302645,15865.460891638904,"[[7500, -1, -1], [7501, -1, -1], [7502, -1, -1], [7503, -1, -1], [7504, -1, -1], [7505, -1, -1], [7506, -1, -1], [7507, -1, -1], [7508, -1, -1], [7509, -1, -1], [7510, -1, -1]]"
1752865904.8875,-52.000060349702835,12805.821177515705,12805.821377564753,12816.461684302645,15865.460891638904,"[[7511, -1, -1], [7512, -1, -1], [7513, 1, 10233], [7513, -1, -1], [7514, -1, -1], [7515, -1, -1], [7516, -1, -1], [7517, -1, -1], [7518, -1, -1], [7519, -1, -1], [7520, -1, -1], [7521, -1, -1]]"
1752865904.9975,-50.00006002187729,12805.821177515705,12805.821384809575,12816.461684637196,15865.460891638904,"[[7522, -1, -1], [7523, -1, -1], [7524, 1, 7670], [7524, 1, 7873], [7524, 1, 8011], [7524, -1, -1], [7525, -1, -1], [7526, -1, -1], [7527, -1, -1], [7528, -1, -1], [7529, 1, 9616], [7529, 1, 9653], [7529, 1, 9846], [7529, -1, -1], [7530, 1, 9038], [7530, -1, -1], [7531, -1, -1], [7532, -1, -1]]"
1752865905.1085,-48.00005969405174,12805.821171449561,12805.821384809575,12816.461684637196,15865.460891638904,"[[7533, -1, -1], [7534, -1, -1], [7535, 1, 12496], [7535, -1, -1], [7536, -1, -1], [7537, -1, -1], [7538, -1, -1], [7539, -1, -1], [7540, -1, -1], [7541, -1, -1], [7542, 1, 10084], [7542, 1, 10115], [7542, 1, 10315], [7542, -1, -1], [7543, -1, -1]]"
1752865905.2175,-46.000059366226196,12805.821171449561,12805.821389796149,12816.461684917831,15865.460891638904,"[[7544, -1, -1], [7545, -1, -1], [7546, -1, -1], [7547, 1, 10195], [7547, 1, 10394], [7547, 1, 10584], [7547, -1, -1], [7548, -1, -1], [7549, -1, -1], [7550, -1, -1], [7551, 1, 11088], [7551, 1, 11272], [7551, 1, 11609], [7551, -1, -1], [7552, -1, -1], [7553, -1, -1], [7554, -1, -1]]"
1752865905.3265,-44.00005903840065,12805.821137033508,12805.821389796149,12816.461682722158,15865.460891638904,"[[7555, 1, 10079], [7555, 1, 10282], [7555, -1, -1], [7556, -1, -1], [7557, -1, -1], [7558, -1, -1], [7559, -1, -1], [7560, -1, -1], [7561, -1, -1], [7562, 1, 9338], [7562, 1, 9499], [7562, 1, 9777], [7562, -1, -1], [7563, 1, 9967], [7563, 1, 10157], [7563, -1, -1], [7564, 1, 9786], [7564, 1, 9989], [7564, -1, -1], [7565, -1, -1]]"
1752865905.4355,-42.000058710575104,12805.821137033508,12805.821385140853,12816.461682722158,15865.460891638904,"[[7566, -1, -1], [7567, -1, -1], [7568, -1, -1], [7569, -1, -1], [7570, -1, -1], [7571, 1, 10349], [7571, 1, 10536], [7571, -1, -1], [7572, -1, -1], [7573, -1, -1], [7574, -1, -1], [7575, -1, -1], [7576, -1, -1]]"
1752865905.5446,-40.00005838274956,12805.82109496221,12805.821385140853,12816.46168252024,15865.460891638904,"[[7577, -1, -1], [7578, -1, -1], [7579, -1, -1], [7580, -1, -1], [7581, -1, -1], [7582, 1, 9967], [7582, 1, 10170], [7582, -1, -1], [7583, -1, -1], [7584, -1, -1], [7585, -1, -1], [7586, -1, -1], [7587, -1, -1]]"
1752865905.6544,-38.00005805492401,12805.821117472791,12805.821385349343,12816.46168252024,15865.460891638904,"[[7588, 1, 10316], [7588, 1, 10519], [7588, 1, 10658], [7588, -1, -1], [7589, -1, -1], [7590, 1, 12606], [7590, 1, 12646], [7590, 1, 12838], [7590, -1, -1], [7591, 1, 11575], [7591, 1, 11623], [7591, 1, 11805], [7591, -1, -1], [7592, -1, -1], [7593, -1, -1], [7594, -1, -1], [7595, -1, -1], [7596, -1, -1], [7597, -1, -1], [7598, -1, -1]]"
1752865905.7635,-36.000057727098465,12805.821117472791,12805.821385349343,12816.461680170118,15865.460891638904,"[[7599, -1, -1], [7600, -1, -1], [7601, -1, -1], [7602, 1, 9541], [7602, 1, 9726], [7602, -1, -1], [7603, -1, -1], [7604, -1, -1], [7605, -1, -1], [7606, 1, 10970], [7606, -1, -1], [7607, -1, -1], [7608, 1, 11227], [7608, 1, 11430], [7608, -1, -1], [7609, -1, -1]]"
1752865905.8736,-34.00005739927292,12805.821200697126,12805.821395354056,12816.461680170118,15865.460891638904,"[[7610, 1, 10826], [7610, 1, 11014], [7610, -1, -1], [7611, -1, -1], [7612, -1, -1], [7613, -1, -1], [7614, 1, 10630], [7614, 1, 10829], [7614, 1, 11073], [7614, 1, 11272], [7614, -1, -1], [7615, 1, 11273], [7615, 1, 11476], [7615, -1, -1], [7616, -1, -1], [7617, -1, -1], [7618, -1, -1], [7619, 1, 8443], [7619, 1, 8641], [7619, -1, -1], [7620, -1, -1]]"
1752865905.9835,-32.00005707144737,12805.821200697126,12805.821395354056,12816.461681447876,15865.460891638904,"[[7621, -1, -1], [7622, -1, -1], [7623, 1, 12419], [7623, 1, 12584], [7623, -1, -1], [7624, -1, -1], [7625, -1, -1], [7626, -1, -1], [7627, -1, -1], [7628, -1, -1], [7629, -1, -1], [7630, -1, -1], [7631, -1, -1]]"
1752865906.0935,-30.000056743621826,12805.821216322049,12805.821394839511,12816.461681447876,15865.460891638904,"[[7632, 1, 11196], [7632, 1, 11381], [7632, 1, 11573], [7632, -1, -1], [7633, -1, -1], [7634, -1, -1], [7635, -1, -1], [7636, -1, -1], [7637, -1, -1], [7638, -1, -1], [7639, -1, -1], [7640, 1, 153455], [7640, 1, 153643], [7640, -1, -1], [7641, -1, -1], [7642, -1, -1]]"
1752865906.2035,-28.00005641579628,12805.821216322049,12805.8213998865,12816.461683536827,15865.460891638904,"[[7643, -1, -1], [7644, -1, -1], [7645, -1, -1], [7646, -1, -1], [7647, -1, -1], [7648, -1, -1], [7649, -1, -1], [7650, -1, -1], [7651, -1, -1], [7652, -1, -1], [7653, -1, -1]]"
1752865906.3135,-26.000056087970734,12805.821176955154,12805.8213998865,12816.461683536827,15865.460891638904,"[[7654, -1, -1], [7655, 1, 7644], [7655, 1, 7842], [7655, 1, 9266], [7655, 1, 9466], [7655, -1, -1], [7656, -1, -1], [7657, -1, -1], [7658, 1, 10901], [7658, 1, 11104], [7658, 1, 11652], [7658, 1, 11860], [7658, 1, 14474], [7658, 1, 14673], [7658, -1, -1], [7659, -1, -1], [7660, 1, 12081], [7660, 1, 12267], [7660, -1, -1], [7661, 1, 12328], [7661, 1, 12527], [7661, -1, -1], [7662, -1, -1], [7663, 1, 11303], [7663, 1, 11486], [7663, -1, -1], [7664, -1, -1]]"
1752865906.4225,-24.000055760145187,12805.821176955154,12805.82139523494,12816.461679994643,15865.460891638904,"[[7665, -1, -1], [7666, -1, -1], [7667, 1, 8797], [7667, 1, 9001], [7667, 1, 9339], [7667, 1, 9538], [7667, 1, 10748], [7667, 1, 10947], [7667, -1, -1], [7668, -1, -1], [7669, -1, -1], [7670, -1, -1], [7671, 1, 14059], [7671, 1, 14258], [7671, -1, -1], [7672, -1, -1], [7673, -1, -1], [7674, 1, 11191], [7674, 1, 11228], [7674, 1, 11421], [7674, -1, -1], [7675, -1, -1]]"
1752865906.5325,-22.00005543231964,12805.821129356933,12805.82139523494,12816.46168505927,15865.460891638904,"[[7676, -1, -1], [7677, -1, -1], [7678, -1, -1], [7679, 1, 10079], [7679, 1, 10114], [7679, 1, 10310], [7679, -1, -1], [7680, -1, -1], [7681, 1, 11899], [7681, 1, 11933], [7681, 1, 12129], [7681, -1, -1], [7682, 1, 11981], [7682, 1, 12166], [7682, -1, -1], [7683, 1, 12560], [7683, 1, 12744], [7683, -1, -1], [7684, -1, -1], [7685, 1, 10900], [7685, 1, 11102], [7685, -1, -1], [7686, -1, -1]]"
1752865906.6425,-20.000055104494095,12805.821129356933,12805.821413423808,12816.46168505927,15865.460891638904,"[[7687, -1, -1], [7688, -1, -1], [7689, -1, -1], [7690, -1, -1], [7691, 1, 10208], [7691, 1, 10407], [7691, -1, -1], [7692, -1, -1], [7693, -1, -1], [7694, -1, -1], [7695, 1, 11755], [7695, 1, 11946], [7695, -1, -1], [7696, -1, -1], [7697, -1, -1]]"
1752865906.7525,-18.00005477666855,12805.821150579737,12805.821413423808,12816.461691490891,15865.460891638904,"[[7698, -1, -1], [7699, 1, 11254], [7699, 1, 11457], [7699, -1, -1], [7700, -1, -1], [7701, -1, -1], [7702, -1, -1], [7703, -1, -1], [7704, -1, -1], [7705, 1, 10842], [7705, 1, 11029], [7705, -1, -1], [7706, 1, 11758], [7706, 1, 11943], [7706, -1, -1], [7707, 1, 11318], [7707, 1, 11367], [7707, 1, 11552], [7707, 1, 11645], [7707, -1, -1], [7708, -1, -1]]"
1752865906.8615,-16.000054448843002,12805.821150579737,12805.821421013947,12816.461691490891,15865.460891638904,"[[7709, -1, -1], [7710, -1, -1], [7711, -1, -1], [7712, -1, -1], [7713, 1, 9914], [7713, 1, 9953], [7713, 1, 10145], [7713, 1, 11748], [7713, 1, 11951], [7713, -1, -1], [7714, -1, -1], [7715, 1, 10762], [7715, 1, 10966], [7715, -1, -1], [7716, -1, -1], [7717, -1, -1], [7718, -1, -1], [7719, -1, -1]]"
1752865906.9709,-14.000054121017456,12805.821197090718,12805.821421013947,12816.461684771988,15865.460891638904,"[[7720, 1, 9504], [7720, 1, 9689], [7720, -1, -1], [7721, -1, -1], [7722, -1, -1], [7723, -1, -1], [7724, -1, -1], [7725, 1, 9540], [7725, 1, 9577], [7725, 1, 9770], [7725, -1, -1], [7726, -1, -1], [7727, 1, 11852], [7727, 1, 12054], [7727, -1, -1], [7728, 1, 12234], [7728, 1, 12433], [7728, -1, -1], [7729, -1, -1]]"
1752865907.082,-12.00005379319191,12805.821197090718,12805.82141727273,12816.461684771988,15865.460891638904,"[[7731, -1, -1], [7732, -1, -1], [7733, 1, 12073], [7733, 1, 12262], [7733, -1, -1], [7734, 1, 11111], [7734, 1, 11342], [7734, 1, 12883], [7734, 1, 13099], [7734, 1, 13302], [7734, -1, -1], [7735, 1, 10522], [7735, 1, 10708], [7735, -1, -1], [7736, 1, 10091], [7736, 1, 10126], [7736, 1, 10322], [7736, 1, 10648], [7736, 1, 11461], [7736, 1, 11509], [7736, 1, 11698], [7736, 1, 11932], [7736, 1, 12637], [7736, 1, 12821], [7736, -1, -1], [7737, 1, 10752], [7737, 1, 10955], [7737, -1, -1], [7738, -1, -1], [7739, 1, 9690], [7739, 1, 9889], [7739, 1, 10574], [7739, 1, 10778], [7739, -1, -1], [7740, 1, 10102], [7740, 1, 10301], [7740, 1, 10487], [7740, 1, 11546], [7740, 1, 11733], [7740, -1, -1]]"
1752865907.1925,-10.000053465366364,12805.821200156339,12805.82141727273,12816.461689555967,15865.460891638904,"[[7742, 1, 10479], [7742, 1, 10515], [7742, 1, 10709], [7742, 1, 10850], [7742, -1, -1], [7743, 1, 11252], [7743, 1, 11287], [7743, 1, 11482], [7743, -1, -1], [7744, 1, 8899], [7744, 1, 8930], [7744, 1, 9129], [7744, 1, 9709], [7744, 1, 9893], [7744, -1, -1], [7745, 1, 11646], [7745, 1, 11849], [7745, -1, -1], [7746, -1, -1], [7747, 1, 10812], [7747, 1, 11001], [7747, -1, -1], [7748, -1, -1], [7749, -1, -1], [7750, 1, 9629], [7750, 1, 9828], [7750, -1, -1], [7751, 1, 11770], [7751, -1, -1], [7752, -1, -1]]"
1752865907.302,-8.000053603202105,12805.821176109152,12805.821413281254,12816.461689555967,15865.460891638904,"[[7753, 1, 12578], [7753, 1, 12777], [7753, -1, -1], [7754, 1, 11251], [7754, 1, 11285], [7754, 1, 11481], [7754, 1, 11730], [7754, 1, 11825], [7754, 1, 12009], [7754, -1, -1], [7755, -1, -1], [7756, 1, 9759], [7756, 1, 9976], [7756, 1, 10321], [7756, -1, -1], [7757, -1, -1], [7758, 1, 10911], [7758, 1, 11094], [7758, 1, 11559], [7758, 1, 11957], [7758, 1, 12141], [7758, -1, -1], [7759, -1, -1], [7760, 1, 11104], [7760, 1, 11303], [7760, -1, -1], [7761, 1, 12060], [7761, 1, 12248], [7761, 1, 12557], [7761, -1, -1], [7762, 1, 10243], [7762, 1, 10428], [7762, -1, -1]]"
1752865907.4119,-6.000053741037846,12805.821176109152,12805.821413281254,12816.461688715632,15865.460891638904,"[[7764, -1, -1], [7765, 1, 10541], [7765, 1, 10589], [7765, 1, 10772], [7765, 1, 10959], [7765, 1, 11602], [7765, 1, 11801], [7765, -1, -1], [7766, 1, 11118], [7766, 1, 11318], [7766, 1, 11526], [7766, 1, 11726], [7766, -1, -1], [7767, 1, 11668], [7767, 1, 11921], [7767, 1, 12124], [7767, -1, -1], [7768, 1, 10139], [7768, 1, 10338], [7768, -1, -1], [7769, 1, 10378], [7769, 1, 10577], [7769, -1, -1], [7770, 1, 10369], [7770, 1, 10553], [7770, -1, -1], [7771, 1, 9147], [7771, 1, 9346], [7771, 1, 9863], [7771, 1, 11232], [7771, 1, 11435], [7771, -1, -1], [7772, 1, 10079], [7772, 1, 10251], [7772, 1, 10286], [7772, 1, 10490], [7772, 1, 10642], [7772, 1, 13461], [7772, 1, 13488], [7772, 1, 13692], [7772, -1, -1], [7773, -1, -1]]"
1752865907.521,-4.000053646042943,12805.82113346794,12805.821401699734,12816.461688715632,15865.460891638904,"[[7775, 1, 11331], [7775, 1, 11530], [7775, -1, -1], [7776, 1, 10167], [7776, 1, 10366], [7776, 1, 10594], [7776, -1, -1], [7777, 1, 10134], [7777, 1, 10338], [7777, -1, -1], [7778, 1, 9908], [7778, 1, 9948], [7778, 1, 10138], [7778, -1, -1], [7779, 1, 9842], [7779, 1, 10041], [7779, 1, 10226], [7779, 1, 10448], [7779, 1, 10826], [7779, 1, 11016], [7779, -1, -1], [7780, 1, 10402], [7780, 1, 10440], [7780, 1, 10632], [7780, 1, 10863], [7780, 1, 10959], [7780, 1, 11066], [7780, -1, -1], [7781, 1, 10875], [7781, 1, 10910], [7781, 1, 11105], [7781, -1, -1], [7782, 1, 9161], [7782, 1, 9364], [7782, 1, 10035], [7782, 1, 10234], [7782, 1, 10873], [7782, 1, 10905], [7782, 1, 11108], [7782, -1, -1], [7783, 1, 9758], [7783, 1, 9961], [7783, -1, -1], [7784, -1, -1]]"
1752865907.631,-2.0000536460440514,12805.82113346794,12805.821401699734,12816.461679552407,15865.460891638904,"[[7786, 1, 10322], [7786, 1, 10357], [7786, 1, 10553], [7786, 1, 10680], [7786, 1, 12512], [7786, 1, 12554], [7786, 1, 12742], [7786, -1, -1], [7787, 1, 9987], [7787, 1, 10172], [7787, -1, -1], [7788, 1, 9671], [7788, 1, 9871], [7788, 1, 10957], [7788, 1, 11196], [7788, 1, 11403], [7788, 1, 12063], [7788, 1, 12262], [7788, 1, 12569], [7788, 1, 12771], [7788, -1, -1], [7789, 1, 8715], [7789, 1, 8900], [7789, 1, 8977], [7789, 1, 9176], [7789, 1, 9572], [7789, 1, 12760], [7789, 1, 12960], [7789, -1, -1], [7790, 1, 11740], [7790, -1, -1], [7791, 1, 14380], [7791, 1, 14579], [7791, -1, -1], [7792, 1, 10475], [7792, 1, 10678], [7792, 1, 11966], [7792, 1, 12150], [7792, -1, -1], [7793, 1, 9547], [7793, 1, 9732], [7793, 1, 11403], [7793, 1, 11438], [7793, 1, 11577], [7793, 1, 11646], [7793, 1, 11853], [7793, 1, 12107], [7793, -1, -1], [7794, 1, 10694], [7794, 1, 10894], [7794, 1, 11368], [7794, 1, 11596], [7794, 1, 11802], [7794, -1, -1], [7795, 1, 11667], [7795, 1, 11849], [7795, -1, -1]]"
1752865907.7409,-5.368888378147474e-05,12805.82110555909,12805.821405886742,12816.461679552407,15865.460891638904,"[[7797, -1, -1], [7798, 1, 11062], [7798, 1, 11261], [7798, -1, -1], [7799, 1, 10488], [7799, 1, 10540], [7799, 1, 10629], [7799, 1, 10720], [7799, 1, 11022], [7799, 1, 11224], [7799, 1, 11514], [7799, 1, 11614], [7799, -1, -1], [7800, 1, 10944], [7800, 1, 11146], [7800, -1, -1], [7801, 1, 13812], [7801, 1, 14015], [7801, -1, -1], [7802, -1, -1], [7803, 1, 11418], [7803, 1, 11605], [7803, 1, 14454], [7803, 1, 14653], [7803, 1, 14749], [7803, -1, -1], [7804, 1, 10636], [7804, 1, 10822], [7804, 1, 11318], [7804, 1, 11471], [7804, 1, 11520], [7804, 1, 11560], [7804, 1, 11757], [7804, 1, 11936], [7804, -1, -1], [7805, -1, -1], [7806, 1, 11010], [7806, -1, -1]]"
1752865907.8505,1.9999461732804775,12805.82110555909,12805.821405886742,12816.46168975328,15865.460891638904,"[[7808, 1, 10539], [7808, 1, 10725], [7808, 1, 11236], [7808, 1, 11435], [7808, -1, -1], [7809, 1, 9639], [7809, 1, 9842], [7809, 1, 10785], [7809, 1, 10975], [7809, -1, -1], [7810, 1, 6962], [7810, 1, 6988], [7810, 1, 7192], [7810, 1, 10076], [7810, 1, 10285], [7810, 1, 10521], [7810, 1, 10786], [7810, 1, 10988], [7810, 1, 11390], [7810, 1, 11578], [7810, -1, -1], [7811, 1, 9942], [7811, 1, 10050], [7811, 1, 10141], [7811, 1, 10247], [7811, 1, 10435], [7811, -1, -1], [7812, 1, 9950], [7812, 1, 10096], [7812, 1, 10134], [7812, -1, -1], [7813, -1, -1], [7814, 1, 9143], [7814, 1, 9328], [7814, 1, 10222], [7814, 1, 10421], [7814, -1, -1], [7815, 1, 9782], [7815, 1, 9838], [7815, 1, 9876], [7815, 1, 10068], [7815, 1, 12219], [7815, 1, 12467], [7815, 1, 12671], [7815, -1, -1], [7816, -1, -1], [7817, 1, 9029], [7817, 1, 9063], [7817, 1, 9259], [7817, 1, 9595], [7817, 1, 10097], [7817, 1, 10144], [7817, 1, 10334], [7817, 1, 10510], [7817, 1, 10904], [7817, 1, 11106], [7817, 1, 11959], [7817, 1, 12166], [7817, 1, 14899], [7817, 1, 15102], [7817, -1, -1]]"
1752865907.9595,3.9999460354447365,12805.82115097349,12805.821394166438,12816.46168975328,15865.460891638904,"[[7818, 1, 7324], [7818, 1, 7523], [7818, 1, 10800], [7818, 1, 11008], [7818, -1, -1], [7819, -1, -1], [7820, 1, 11697], [7820, 1, 11883], [7820, 1, 12218], [7820, -1, -1], [7821, 1, 11668], [7821, 1, 11872], [7821, -1, -1], [7822, 1, 11431], [7822, 1, 11634], [7822, 1, 11770], [7822, -1, -1], [7823, 1, 15463], [7823, 1, 15666], [7823, -1, -1], [7824, 1, 11358], [7824, 1, 11558], [7824, 1, 11626], [7824, 1, 11846], [7824, -1, -1], [7825, 1, 9261], [7825, 1, 9470], [7825, 1, 11674], [7825, 1, 11863], [7825, 1, 12142], [7825, 1, 12181], [7825, 1, 12376], [7825, 1, 12672], [7825, -1, -1], [7826, -1, -1], [7827, 1, 11371], [7827, 1, 11489], [7827, 1, 11677], [7827, -1, -1], [7828, 1, 11992], [7828, 1, 12040], [7828, 1, 12227], [7828, 1, 12441], [7828, -1, -1]]"
1752865908.0695,5.999946363270283,12805.82115097349,12805.821398244188,12816.461690585531,15865.460891638904,"[[7829, 1, 11605], [7829, 1, 11789], [7829, -1, -1], [7830, 1, 10645], [7830, 1, 10844], [7830, 1, 11033], [7830, 1, 11227], [7830, 1, 11327], [7830, 1, 11535], [7830, -1, -1], [7831, 1, 11549], [7831, 1, 11584], [7831, 1, 11780], [7831, 1, 12046], [7831, 1, 12254], [7831, -1, -1], [7832, -1, -1], [7833, 1, 10413], [7833, 1, 10618], [7833, 1, 10991], [7833, 1, 11026], [7833, 1, 11221], [7833, 1, 11611], [7833, -1, -1], [7834, 1, 11510], [7834, 1, 11735], [7834, -1, -1], [7835, 1, 10893], [7835, 1, 11077], [7835, -1, -1], [7836, 1, 10283], [7836, 1, 10482], [7836, 1, 10637], [7836, 1, 10717], [7836, 1, 10812], [7836, 1, 10840], [7836, 1, 11021], [7836, 1, 13212], [7836, 1, 13411], [7836, -1, -1], [7837, 1, 10447], [7837, 1, 10631], [7837, 1, 12757], [7837, 1, 12789], [7837, 1, 12989], [7837, 1, 13173], [7837, -1, -1], [7838, 1, 10743], [7838, 1, 10942], [7838, -1, -1], [7839, 1, 10422], [7839, 1, 10621], [7839, 1, 10854], [7839, 1, 10936], [7839, 1, 10973], [7839, 1, 11116], [7839, 1, 11166], [7839, 1, 11318], [7839, 1, 11358], [7839, 1, 12154], [7839, -1, -1]]"
1752865908.1795,7.999946691095829,12805.821193815233,12805.821398244188,12816.461690585531,15865.460891638904,"[[7840, 1, 10218], [7840, 1, 10406], [7840, 1, 11157], [7840, 1, 11342], [7840, 1, 11393], [7840, 1, 12654], [7840, 1, 12838], [7840, 1, 13009], [7840, 1, 13217], [7840, -1, -1], [7841, 1, 9657], [7841, 1, 9856], [7841, -1, -1], [7842, -1, -1], [7843, 1, 9887], [7843, 1, 10087], [7843, 1, 10203], [7843, 1, 10238], [7843, 1, 10295], [7843, 1, 10455], [7843, 1, 10531], [7843, 1, 10563], [7843, 1, 10590], [7843, 1, 10712], [7843, 1, 10780], [7843, 1, 11078], [7843, -1, -1], [7844, 1, 12656], [7844, 1, 12826], [7844, 1, 12917], [7844, 1, 13125], [7844, -1, -1], [7845, 1, 12366], [7845, 1, 12409], [7845, 1, 12596], [7845, -1, -1], [7846, 1, 10114], [7846, 1, 10309], [7846, -1, -1], [7847, 1, 12702], [7847, 1, 12889], [7847, 1, 13515], [7847, 1, 13549], [7847, 1, 13745], [7847, 1, 13829], [7847, -1, -1], [7848, -1, -1], [7849, 1, 9917], [7849, 1, 9951], [7849, 1, 10147], [7849, 1, 10347], [7849, 1, 12089], [7849, 1, 12133], [7849, 1, 12320], [7849, 1, 12578], [7849, -1, -1], [7850, 1, 11999], [7850, 1, 12186], [7850, -1, -1]]"
1752865908.2885,9.999947018921375,12805.821193815233,12805.8213961644,12816.461690283331,15865.460891638904,"[[7851, 1, 9099], [7851, 1, 12348], [7851, 1, 12534], [7851, 1, 12849], [7851, 1, 13034], [7851, -1, -1], [7852, 1, 9314], [7852, 1, 9513], [7852, 1, 11640], [7852, 1, 11671], [7852, 1, 11857], [7852, 1, 12175], [7852, -1, -1], [7853, 1, 11678], [7853, 1, 11704], [7853, 1, 11908], [7853, 1, 12075], [7853, 1, 12259], [7853, -1, -1], [7854, 1, 8879], [7854, 1, 9064], [7854, -1, -1], [7855, 1, 11659], [7855, -1, -1], [7856, 1, 11741], [7856, 1, 11833], [7856, 1, 11923], [7856, 1, 11995], [7856, 1, 12029], [7856, 1, 12227], [7856, -1, -1], [7857, -1, -1], [7858, 1, 11787], [7858, 1, 11986], [7858, -1, -1], [7859, 1, 10920], [7859, 1, 10955], [7859, 1, 11150], [7859, 1, 11404], [7859, 1, 11547], [7859, -1, -1], [7860, 1, 11062], [7860, 1, 11261], [7860, 1, 11425], [7860, 1, 12228], [7860, -1, -1], [7861, 1, 10854], [7861, 1, 10900], [7861, 1, 11086], [7861, -1, -1]]"
1752865908.3975,11.999947346746922,12805.821179368895,12805.8213961644,12816.461690283331,15865.460891638904,"[[7862, 1, 11363], [7862, 1, 11567], [7862, 1, 11757], [7862, 1, 11956], [7862, 1, 14231], [7862, 1, 14433], [7862, 1, 15880], [7862, -1, -1], [7863, -1, -1], [7864, 1, 10407], [7864, 1, 10607], [7864, 1, 10971], [7864, 1, 11170], [7864, -1, -1], [7865, 1, 10963], [7865, 1, 11151], [7865, 1, 11290], [7865, 1, 11415], [7865, 1, 11445], [7865, 1, 11492], [7865, 1, 11638], [7865, 1, 11840], [7865, 1, 14482], [7865, 1, 14681], [7865, -1, -1], [7866, -1, -1], [7867, -1, -1], [7868, 1, 10451], [7868, 1, 10654], [7868, -1, -1], [7869, 1, 10210], [7869, 1, 10395], [7869, 1, 10490], [7869, 1, 11119], [7869, 1, 11321], [7869, -1, -1], [7870, -1, -1], [7871, 1, 10398], [7871, 1, 10568], [7871, 1, 11992], [7871, 1, 12184], [7871, 1, 13070], [7871, 1, 13254], [7871, -1, -1], [7872, -1, -1]]"
1752865908.5075,13.999946743249893,12805.821179368895,12805.821386742278,12816.46168244033,15865.460891638904,"[[7873, -1, -1], [7874, 1, 7785], [7874, 1, 7974], [7874, -1, -1], [7875, -1, -1], [7876, -1, -1], [7877, -1, -1], [7878, 1, 9910], [7878, 1, 10109], [7878, -1, -1], [7879, -1, -1], [7880, 1, 12445], [7880, 1, 12629], [7880, 1, 12717], [7880, -1, -1], [7881, 1, 12173], [7881, 1, 12376], [7881, -1, -1], [7882, -1, -1], [7883, 1, 12395], [7883, 1, 12567], [7883, 1, 12602], [7883, -1, -1]]"
1752865908.6165,15.999947071075438,12805.821115707911,12805.821386742278,12816.46168244033,15865.460891638904,"[[7884, -1, -1], [7885, -1, -1], [7886, 1, 11785], [7886, 1, 11815], [7886, 1, 12002], [7886, -1, -1], [7887, -1, -1], [7888, -1, -1], [7889, -1, -1], [7890, -1, -1], [7891, 1, 8975], [7891, 1, 9159], [7891, 1, 11292], [7891, 1, 11491], [7891, 1, 11603], [7891, -1, -1], [7892, -1, -1], [7893, -1, -1], [7894, -1, -1]]"
1752865908.7275,17.999947398900986,12805.821115707911,12805.821386742278,12816.461686243489,15865.460891638904,"[[7895, -1, -1], [7896, -1, -1], [7897, -1, -1], [7898, -1, -1], [7899, 1, 13473], [7899, 1, 13508], [7899, 1, 13703], [7899, -1, -1], [7900, -1, -1], [7901, -1, -1], [7902, -1, -1], [7903, -1, -1], [7904, 1, 10160], [7904, 1, 10343], [7904, -1, -1], [7905, -1, -1]]"
1752865908.8375,19.999947726726532,12805.821083173048,12805.821386742278,12816.461678815642,15865.460891638904,"[[7906, 1, 13585], [7906, -1, -1], [7907, 1, 12152], [7907, 1, 12351], [7907, 1, 12499], [7907, 1, 13077], [7907, -1, -1], [7908, 1, 11410], [7908, 1, 11448], [7908, 1, 11640], [7908, 1, 11814], [7908, -1, -1], [7909, -1, -1], [7910, 1, 12977], [7910, 1, 13177], [7910, -1, -1], [7911, -1, -1], [7912, -1, -1], [7913, -1, -1], [7914, -1, -1], [7915, 1, 12320], [7915, 1, 12354], [7915, 1, 12550], [7915, -1, -1], [7916, -1, -1]]"
1752865908.9475,21.99994805455208,12805.821083173048,12805.821386742278,12816.461678815642,15865.460891638904,"[[7917, -1, -1], [7918, -1, -1], [7919, -1, -1], [7920, 1, 11363], [7920, 1, 11566], [7920, 1, 11678], [7920, -1, -1], [7921, -1, -1], [7922, -1, -1], [7923, -1, -1], [7924, -1, -1], [7925, -1, -1], [7926, 1, 11660], [7926, 1, 11863], [7926, -1, -1], [7927, -1, -1]]"
1752865909.057,23.999948382377625,12805.821092994349,12805.821386742278,12816.461677227571,15865.460891638904,"[[7928, -1, -1], [7929, -1, -1], [7930, -1, -1], [7931, -1, -1], [7932, -1, -1], [7933, -1, -1], [7934, -1, -1], [7935, 1, 10009], [7935, 1, 10218], [7935, 1, 11175], [7935, -1, -1], [7936, -1, -1], [7937, -1, -1], [7938, -1, -1]]"
1752865909.1675,25.99994871020317,12805.821092994349,12805.821386742278,12816.461677227571,15865.460891638904,"[[7939, -1, -1], [7940, -1, -1], [7941, -1, -1], [7942, -1, -1], [7943, -1, -1], [7944, -1, -1], [7945, -1, -1], [7946, -1, -1], [7947, -1, -1], [7948, 1, 9984], [7948, 1, 10171], [7948, -1, -1], [7949, -1, -1]]"
1752865909.2775,27.999949038028717,12805.821176952933,12805.821386742278,12816.461683104004,15865.460891638904,"[[7950, -1, -1], [7951, -1, -1], [7952, -1, -1], [7953, -1, -1], [7954, -1, -1], [7955, -1, -1], [7956, -1, -1], [7957, -1, -1], [7958, -1, -1], [7959, -1, -1], [7960, -1, -1]]"
1752865909.3875,29.999949365854263,12805.82117644533,12805.821386742278,12816.461683104004,15865.460891638904,"[[7961, -1, -1], [7962, -1, -1], [7963, -1, -1], [7964, -1, -1], [7965, -1, -1], [7966, -1, -1], [7967, -1, -1], [7968, -1, -1], [7969, -1, -1], [7970, -1, -1], [7971, -1, -1]]"
1752865909.4975,31.99994969367981,12805.82117644533,12805.821386742278,12816.461688344609,15865.460891638904,"[[7972, -1, -1], [7973, -1, -1], [7974, -1, -1], [7975, 1, 10197], [7975, 1, 10385], [7975, -1, -1], [7976, -1, -1], [7977, -1, -1], [7978, -1, -1], [7979, -1, -1], [7980, 1, 293295], [7980, 1, 293480], [7980, -1, -1], [7981, -1, -1], [7982, -1, -1]]"
1752865909.6075,33.999950021505356,12805.821150017815,12805.821386742278,12816.461688344609,15865.460891638904,"[[7983, -1, -1], [7984, -1, -1], [7985, -1, -1], [7986, -1, -1], [7987, -1, -1], [7988, -1, -1], [7989, -1, -1], [7990, -1, -1], [7991, -1, -1], [7992, -1, -1], [7993, -1, -1]]"
1752865909.7175,35.9999503493309,12805.821150017815,12805.821386742278,12816.461680730903,15865.460891638904,"[[7994, -1, -1], [7995, -1, -1], [7996, -1, -1], [7997, -1, -1], [7998, -1, -1], [7999, -1, -1], [8000, -1, -1], [8001, -1, -1], [8002, -1, -1], [8003, -1, -1], [8004, -1, -1]]"
1752865909.8265,37.99995067715645,12805.821102923093,12805.821386742278,12816.461680730903,15865.460891638904,"[[8005, -1, -1], [8006, -1, -1], [8007, -1, -1], [8008, -1, -1], [8009, -1, -1], [8010, 1, 121688], [8010, -1, -1], [8011, -1, -1], [8012, -1, -1], [8013, -1, -1], [8014, -1, -1], [8015, -1, -1]]"
1752865909.9355,39.999951004981995,12805.821102923093,12805.821386742278,12816.461687407762,15865.460891638904,"[[8016, 1, 11447], [8016, 1, 11634], [8016, -1, -1], [8017, -1, -1], [8018, -1, -1], [8019, -1, -1], [8020, -1, -1], [8021, -1, -1], [8022, -1, -1], [8023, -1, -1], [8024, -1, -1], [8025, -1, -1], [8026, -1, -1]]"
1752865910.0455,41.99995133280754,12805.821093352797,12805.821386742278,12816.461687407762,15865.460891638904,"[[8027, 1, 7061], [8027, 1, 7260], [8027, -1, -1], [8028, -1, -1], [8029, -1, -1], [8030, -1, -1], [8031, -1, -1], [8032, -1, -1], [8033, -1, -1], [8034, -1, -1], [8035, -1, -1], [8036, -1, -1], [8037, -1, -1]]"
1752865910.1565,43.99995166063309,12805.821093352797,12805.821386742278,12816.461684577971,15865.460891638904,"[[8038, -1, -1], [8039, -1, -1], [8040, -1, -1], [8041, -1, -1], [8042, -1, -1], [8043, -1, -1], [8044, -1, -1], [8045, -1, -1], [8046, -1, -1], [8047, -1, -1], [8048, -1, -1]]"
1752865910.2645,45.99995198845863,12805.82114057767,12805.821386742278,12816.461684577971,15865.460891638904,"[[8049, -1, -1], [8050, -1, -1], [8051, -1, -1], [8052, -1, -1], [8053, -1, -1], [8054, -1, -1], [8055, 1, 10127], [8055, 1, 10326], [8055, -1, -1], [8056, -1, -1], [8057, -1, -1], [8058, -1, -1], [8059, -1, -1]]"
1752865910.3745,47.99995231628418,12805.82114057767,12805.821386742278,12816.461689939033,15865.460891638904,"[[8060, -1, -1], [8061, -1, -1], [8062, -1, -1], [8063, -1, -1], [8064, -1, -1], [8065, -1, -1], [8066, -1, -1], [8067, 1, 14762], [8067, -1, -1], [8068, -1, -1], [8069, -1, -1], [8070, -1, -1]]"
1752865910.4846,49.999952644109726,12805.821183535603,12805.821386742278,12816.461689939033,15865.460891638904,"[[8071, 1, 11467], [8071, 1, 11666], [8071, -1, -1], [8072, -1, -1], [8073, -1, -1], [8074, -1, -1], [8075, -1, -1], [8076, 1, 13336], [8076, 1, 13539], [8076, -1, -1], [8077, 1, 11792], [8077, 1, 11981], [8077, -1, -1], [8078, -1, -1], [8079, -1, -1], [8080, -1, -1], [8081, -1, -1]]"
1752865910.5945,51.99995297193527,12805.821183535603,12805.821386742278,12816.461686079167,15865.460891638904,"[[8082, -1, -1], [8083, -1, -1], [8084, -1, -1], [8085, 1, 10691], [8085, 1, 10894], [8085, -1, -1], [8086, -1, -1], [8087, -1, -1], [8088, -1, -1], [8089, -1, -1], [8090, -1, -1], [8091, -1, -1], [8092, -1, -1]]"
1752865910.7045,53.99995329976082,12805.82113805054,12805.821386742278,12816.461686079167,15865.460891638904,"[[8093, -1, -1], [8094, -1, -1], [8095, -1, -1], [8096, -1, -1], [8097, -1, -1], [8098, -1, -1], [8099, -1, -1], [8100, -1, -1], [8101, -1, -1], [8102, -1, -1], [8103, -1, -1]]"
1752865910.8145,55.999953627586365,12805.82113805054,12805.821386742278,12816.461687628836,15865.460891638904,"[[8104, -1, -1], [8105, -1, -1], [8106, 1, 12535], [8106, 1, 12734], [8106, 1, 13030], [8106, -1, -1], [8107, -1, -1], [8108, -1, -1], [8109, -1, -1], [8110, -1, -1], [8111, -1, -1], [8112, -1, -1], [8113, -1, -1], [8114, -1, -1]]"
1752865910.9245,57.99995395541191,12805.821075152762,12805.821386742278,12816.461687628836,15865.460891638904,"[[8115, -1, -1], [8116, -1, -1], [8117, -1, -1], [8118, -1, -1], [8119, -1, -1], [8120, -1, -1], [8121, -1, -1], [8122, -1, -1], [8123, -1, -1], [8124, -1, -1], [8125, -1, -1]]"
1752865911.0346,59.99995428323746,12805.821075152762,12805.821386742278,12816.461685361694,15865.460891638904,"[[8126, -1, -1], [8127, -1, -1], [8128, -1, -1], [8129, -1, -1], [8130, -1, -1], [8131, -1, -1], [8132, -1, -1], [8133, -1, -1], [8134, -1, -1], [8135, -1, -1], [8136, -1, -1]]"
1752865911.1445,61.999950885772705,12805.82106843493,12805.821386742278,12816.46168335462,15865.460891638904,"[[8137, -1, -1], [8138, -1, -1], [8139, -1, -1], [8140, -1, -1], [8141, -1, -1], [8142, -1, -1], [8143, -1, -1], [8144, -1, -1], [8145, -1, -1], [8146, -1, -1], [8147, -1, -1]]"
1752865911.2553,63.99994748830795,12805.82106843493,12805.821386742278,12816.46168335462,15865.460891638904,"[[8148, -1, -1], [8149, 1, 11246], [8149, 1, 11432], [8149, -1, -1], [8150, -1, -1], [8151, -1, -1], [8152, -1, -1], [8153, -1, -1], [8154, -1, -1], [8155, 1, 14787], [8155, 1, 14996], [8155, -1, -1], [8156, -1, -1], [8157, -1, -1], [8158, -1, -1]]"
1752865911.3655,65.9999440908432,12805.821096323905,12805.821386742278,12816.46168972653,15865.460891638904,"[[8159, -1, -1], [8160, 1, 9764], [8160, 1, 9952], [8160, -1, -1], [8161, -1, -1], [8162, -1, -1], [8163, -1, -1], [8164, -1, -1], [8165, -1, -1], [8166, -1, -1], [8167, -1, -1], [8168, -1, -1], [8169, -1, -1]]"
1752865911.4765,67.99994069337845,12805.821167560583,12805.821386742278,12816.46168972653,15865.460891638904,"[[8170, -1, -1], [8171, -1, -1], [8172, -1, -1], [8173, -1, -1], [8174, -1, -1], [8175, -1, -1], [8176, -1, -1], [8177, -1, -1], [8178, -1, -1], [8179, 1, 7356], [8179, 1, 7540], [8179, -1, -1], [8180, -1, -1]]"
1752865911.5855,69.9999372959137,12805.821167560583,12805.821386742278,12816.46167924944,15865.460891638904,"[[8181, -1, -1], [8182, -1, -1], [8183, -1, -1], [8184, -1, -1], [8185, -1, -1], [8186, -1, -1], [8187, -1, -1], [8188, -1, -1], [8189, -1, -1], [8190, -1, -1], [8191, -1, -1]]"
1752865911.6975,71.99993389844894,12805.82115288587,12805.821386742278,12816.46167924944,15865.460891638904,"[[8192, -1, -1], [8193, -1, -1], [8194, -1, -1], [8195, -1, -1], [8196, -1, -1], [8197, -1, -1], [8198, -1, -1], [8199, -1, -1], [8200, -1, -1], [8201, -1, -1], [8202, -1, -1]]"
1752865911.8076,73.99993050098419,12805.82115288587,12805.821386742278,12816.461681840805,15865.460891638904,"[[8203, -1, -1], [8204, -1, -1], [8205, -1, -1], [8206, -1, -1], [8207, -1, -1], [8208, -1, -1], [8209, -1, -1], [8210, -1, -1], [8211, -1, -1], [8212, -1, -1], [8213, -1, -1]]"
1752865911.9175,75.99992710351944,12805.821100013978,12805.821386742278,12816.461681840805,15865.460891638904,"[[8214, -1, -1], [8215, -1, -1], [8216, -1, -1], [8217, -1, -1], [8218, -1, -1], [8219, -1, -1], [8220, -1, -1], [8221, -1, -1], [8222, -1, -1], [8223, -1, -1], [8224, -1, -1]]"
1752865912.0275,77.99992370605469,12805.821100013978,12805.821386742278,12816.46169026621,15865.460891638904,"[[8225, -1, -1], [8226, -1, -1], [8227, -1, -1], [8228, -1, -1], [8229, -1, -1], [8230, -1, -1], [8231, -1, -1], [8232, -1, -1], [8233, -1, -1], [8234, -1, -1], [8235, -1, -1]]"
1752865912.1385,79.99992030858994,12805.82105768958,12805.821386742278,12816.461680733166,15865.460891638904,"[[8236, -1, -1], [8237, -1, -1], [8238, -1, -1], [8239, -1, -1], [8240, -1, -1], [8241, -1, -1], [8242, -1, -1], [8243, -1, -1], [8244, -1, -1], [8245, -1, -1], [8246, -1, -1]]"
1752865912.2495,81.99991691112518,12805.82105768958,12805.821386742278,12816.461680733166,15865.460891638904,"[[8247, -1, -1], [8248, -1, -1], [8249, -1, -1], [8250, -1, -1], [8251, -1, -1], [8252, -1, -1], [8253, -1, -1], [8254, -1, -1], [8255, -1, -1], [8256, -1, -1], [8257, -1, -1]]"
1752865912.3595,83.99991351366043,12805.821111522844,12805.821386742278,12816.461682615338,15865.460891638904,"[[8258, -1, -1], [8259, -1, -1], [8260, -1, -1], [8261, -1, -1], [8262, -1, -1], [8263, -1, -1], [8264, -1, -1], [8265, -1, -1], [8266, -1, -1], [8267, -1, -1], [8268, -1, -1]]"
1752865912.4685,85.99991011619568,12805.821111522844,12805.821386742278,12816.461682615338,15865.460891638904,"[[8269, -1, -1], [8270, -1, -1], [8271, -1, -1], [8272, -1, -1], [8273, -1, -1], [8274, -1, -1], [8275, -1, -1], [8276, -1, -1], [8277, -1, -1], [8278, -1, -1], [8279, -1, -1]]"
1752865912.5795,87.99990671873093,12805.821161225767,12805.821386742278,12816.461689116659,15865.460891638904,"[[8280, -1, -1], [8281, -1, -1], [8282, -1, -1], [8283, -1, -1], [8284, -1, -1], [8285, -1, -1], [8286, -1, -1], [8287, -1, -1], [8288, -1, -1], [8289, -1, -1], [8290, -1, -1]]"
1752865912.6905,89.99990332126617,12805.821148717561,12805.821386742278,12816.461689116659,15865.460891638904,"[[8291, -1, -1], [8292, -1, -1], [8293, 1, 11548], [8293, 1, 11592], [8293, 1, 11782], [8293, 1, 11986], [8293, -1, -1], [8294, 1, 11458], [8294, 1, 11494], [8294, 1, 11689], [8294, 1, 11828], [8294, -1, -1], [8295, -1, -1], [8296, 1, 14212], [8296, 1, 14411], [8296, -1, -1], [8297, -1, -1], [8298, -1, -1], [8299, -1, -1], [8300, -1, -1], [8301, -1, -1]]"
1752865912.8005,91.99989992380142,12805.821148717561,12805.821386742278,12816.461685020677,15865.460891638904,"[[8302, -1, -1], [8303, -1, -1], [8304, -1, -1], [8305, -1, -1], [8306, -1, -1], [8307, -1, -1], [8308, -1, -1], [8309, -1, -1], [8310, 1, 10545], [8310, 1, 10733], [8310, -1, -1], [8311, 1, 10829], [8311, 1, 11015], [8311, -1, -1], [8312, -1, -1]]"
1752865912.9105,93.99989652633667,12805.821114960982,12805.821386742278,12816.461685020677,15865.460891638904,"[[8313, -1, -1], [8314, -1, -1], [8315, -1, -1], [8316, -1, -1], [8317, -1, -1], [8318, -1, -1], [8319, -1, -1], [8320, 1, 11880], [8320, 1, 12068], [8320, -1, -1], [8321, -1, -1], [8322, -1, -1], [8323, -1, -1]]"
1752865913.0209,95.99989312887192,12805.821114960982,12805.821386742278,12816.461680831744,15865.460891638904,"[[8324, -1, -1], [8325, -1, -1], [8326, -1, -1], [8327, -1, -1], [8328, -1, -1], [8329, -1, -1], [8330, -1, -1], [8331, -1, -1], [8332, -1, -1], [8333, -1, -1], [8334, -1, -1]]"
1752865913.1309,97.99988973140717,12805.821055860542,12805.821386742278,12816.461680831744,15865.460891638904,"[[8336, -1, -1], [8337, -1, -1], [8338, -1, -1], [8339, -1, -1], [8340, -1, -1], [8341, -1, -1], [8342, -1, -1], [8343, -1, -1], [8344, -1, -1], [8345, -1, -1]]"
1752865913.2535,-152.00000596046448,12805.821055860542,12805.821386742278,12816.461684019145,15865.460891638904,"[[8348, -1, -1], [8349, -1, -1], [8350, -1, -1], [8351, -1, -1], [8352, -1, -1], [8353, -1, -1], [8354, -1, -1], [8355, -1, -1], [8356, -1, -1], [8357, -1, -1], [8358, -1, -1]]"
1752865913.3635,-150.00000190734863,12805.821051127154,12805.821386742278,12816.461684019145,15865.460891638904,"[[8359, -1, -1], [8360, -1, -1], [8361, -1, -1], [8362, -1, -1], [8363, -1, -1], [8364, -1, -1], [8365, -1, -1], [8366, -1, -1], [8367, -1, -1], [8368, -1, -1], [8369, -1, -1]]"
1752865913.4741,-147.9999978542328,12805.821051127154,12805.821386742278,12816.461688551075,15865.460891638904,"[[8370, -1, -1], [8371, -1, -1], [8372, -1, -1], [8373, -1, -1], [8374, -1, -1], [8375, -1, -1], [8376, -1, -1], [8377, -1, -1], [8378, -1, -1], [8379, -1, -1], [8380, -1, -1]]"
1752865913.5845,-145.99999380111694,12805.821098694061,12805.821386742278,12816.461688551075,15865.460891638904,"[[8381, -1, -1], [8382, -1, -1], [8383, -1, -1], [8384, -1, -1], [8385, -1, -1], [8386, -1, -1], [8387, -1, -1], [8388, -1, -1], [8389, -1, -1], [8390, -1, -1], [8391, -1, -1]]"
1752865913.6965,-143.9999897480011,12805.821098694061,12805.821386742278,12816.46168550032,15865.460891638904,"[[8392, -1, -1], [8393, -1, -1], [8394, -1, -1], [8395, -1, -1], [8396, -1, -1], [8397, -1, -1], [8398, -1, -1], [8399, -1, -1], [8400, -1, -1], [8401, -1, -1], [8402, -1, -1]]"
1752865913.8055,-141.99998569488525,12805.82116945967,12805.821386742278,12816.46168550032,15865.460891638904,"[[8403, -1, -1], [8404, -1, -1], [8405, -1, -1], [8406, -1, -1], [8407, -1, -1], [8408, -1, -1], [8409, -1, -1], [8410, -1, -1], [8411, -1, -1], [8412, -1, -1], [8413, -1, -1]]"
1752865913.9165,-139.9999816417694,12805.82116945967,12805.821386742278,12816.461684249374,15865.460891638904,"[[8414, -1, -1], [8415, -1, -1], [8416, -1, -1], [8417, -1, -1], [8418, 1, 12387], [8418, 1, 12586], [8418, 1, 12849], [8418, -1, -1], [8419, -1, -1], [8420, -1, -1], [8421, 1, 12107], [8421, 1, 12142], [8421, 1, 12338], [8421, -1, -1], [8422, -1, -1], [8423, -1, -1], [8424, -1, -1]]"
1752865914.0255,-137.99997758865356,12805.821129087784,12805.821386742278,12816.461688703632,15865.460891638904,"[[8425, -1, -1], [8426, -1, -1], [8427, -1, -1], [8428, -1, -1], [8429, -1, -1], [8430, -1, -1], [8431, -1, -1], [8432, -1, -1], [8433, -1, -1], [8434, -1, -1], [8435, -1, -1]]"
1752865914.1365,-135.99997353553772,12805.821129087784,12805.821386742278,12816.461688703632,15865.460891638904,"[[8436, -1, -1], [8437, -1, -1], [8438, -1, -1], [8439, -1, -1], [8440, -1, -1], [8441, -1, -1], [8442, 1, 11262], [8442, 1, 11465], [8442, -1, -1], [8443, -1, -1], [8444, -1, -1], [8445, -1, -1], [8446, -1, -1]]"
1752865914.2475,-133.99996948242188,12805.821093926555,12805.821386742278,12816.46168416894,15865.460891638904,"[[8447, -1, -1], [8448, -1, -1], [8449, -1, -1], [8450, -1, -1], [8451, -1, -1], [8452, 1, 11738], [8452, 1, 11941], [8452, 1, 12329], [8452, -1, -1], [8453, -1, -1], [8454, -1, -1], [8455, -1, -1], [8456, -1, -1], [8457, -1, -1]]"
1752865914.3585,-131.99996542930603,12805.821041134239,12805.821386742278,12816.46168416894,15865.460891638904,"[[8458, -1, -1], [8459, -1, -1], [8460, -1, -1], [8461, 1, 8249], [8461, 1, 8283], [8461, 1, 8478], [8461, -1, -1], [8462, 1, 10478], [8462, 1, 10681], [8462, -1, -1], [8463, -1, -1], [8464, -1, -1], [8465, -1, -1], [8466, -1, -1], [8467, -1, -1], [8468, -1, -1]]"
1752865914.4685,-129.99996137619019,12805.821041134239,12805.821386742278,12816.461679824342,15865.460891638904,"[[8469, -1, -1], [8470, 1, 9723], [8470, 1, 9912], [8470, -1, -1], [8471, -1, -1], [8472, 1, 11323], [8472, 1, 11521], [8472, -1, -1], [8473, -1, -1], [8474, -1, -1], [8475, -1, -1], [8476, -1, -1], [8477, -1, -1], [8478, -1, -1], [8479, -1, -1]]"
1752865914.5785,-127.99995732307434,12805.821084676365,12805.821386742278,12816.461679824342,15865.460891638904,"[[8480, 1, 10161], [8480, 1, 10195], [8480, 1, 10390], [8480, -1, -1], [8481, -1, -1], [8482, -1, -1], [8483, -1, -1], [8484, -1, -1], [8485, -1, -1], [8486, -1, -1], [8487, -1, -1], [8488, -1, -1], [8489, -1, -1], [8490, -1, -1]]"
1752865914.6885,-125.9999607205391,12805.821084676365,12805.821386742278,12816.461686667972,15865.460891638904,"[[8491, -1, -1], [8492, -1, -1], [8493, -1, -1], [8494, -1, -1], [8495, -1, -1], [8496, -1, -1], [8497, -1, -1], [8498, -1, -1], [8499, 1, 11487], [8499, 1, 11690], [8499, -1, -1], [8500, -1, -1], [8501, -1, -1]]"
1752865914.7995,-123.99996411800385,12805.821142563229,12805.821386742278,12816.461686667972,15865.460891638904,"[[8502, -1, -1], [8503, -1, -1], [8504, -1, -1], [8505, 1, 9629], [8505, 1, 9814], [8505, -1, -1], [8506, -1, -1], [8507, -1, -1], [8508, 1, 9620], [8508, 1, 9656], [8508, 1, 9850], [8508, -1, -1], [8509, -1, -1], [8510, -1, -1], [8511, -1, -1], [8512, -1, -1]]"
1752865914.9095,-121.9999675154686,12805.821142563229,12805.821386742278,12816.4616855055,15865.460891638904,"[[8513, -1, -1], [8514, -1, -1], [8515, -1, -1], [8516, 1, 12003], [8516, 1, 12189], [8516, -1, -1], [8517, -1, -1], [8518, -1, -1], [8519, -1, -1], [8520, -1, -1], [8521, -1, -1], [8522, -1, -1], [8523, -1, -1]]"
1752865915.0195,-119.99997091293335,12805.821162758395,12805.821386742278,12816.4616845636,15865.460891638904,"[[8524, -1, -1], [8525, -1, -1], [8526, -1, -1], [8527, -1, -1], [8528, -1, -1], [8529, -1, -1], [8530, -1, -1], [8531, -1, -1], [8532, -1, -1], [8533, -1, -1], [8534, -1, -1]]"
1752865915.1295,-117.9999743103981,12805.821162758395,12805.821406562975,12816.4616845636,15865.460891638904,"[[8535, -1, -1], [8536, -1, -1], [8537, -1, -1], [8538, -1, -1], [8539, -1, -1], [8540, -1, -1], [8541, -1, -1], [8542, -1, -1], [8543, -1, -1], [8544, -1, -1], [8545, -1, -1]]"
1752865915.2395,-115.99997770786285,12805.8211680048,12805.821406562975,12816.461684872635,15865.460891638904,"[[8546, -1, -1], [8547, -1, -1], [8548, -1, -1], [8549, 1, 12054], [8549, 1, 12252], [8549, -1, -1], [8550, -1, -1], [8551, -1, -1], [8552, -1, -1], [8553, 1, 11324], [8553, 1, 11509], [8553, -1, -1], [8554, -1, -1], [8555, -1, -1], [8556, 1, 9686], [8556, 1, 9875], [8556, -1, -1]]"
1752865915.3493,-113.9999811053276,12805.8211680048,12805.821409337961,12816.461684872635,15865.460891638904,"[[8557, -1, -1], [8558, -1, -1], [8559, -1, -1], [8560, -1, -1], [8561, -1, -1], [8562, 1, 10288], [8562, 1, 10319], [8562, 1, 10519], [8562, -1, -1], [8563, -1, -1], [8564, -1, -1], [8565, -1, -1], [8566, -1, -1], [8567, -1, -1]]"
1752865915.459,-111.99998450279236,12805.821045731987,12805.821409337961,12816.461679736436,15865.460891638904,"[[8568, -1, -1], [8569, -1, -1], [8570, -1, -1], [8571, -1, -1], [8572, -1, -1], [8573, -1, -1], [8574, -1, -1], [8575, -1, -1], [8576, -1, -1], [8577, -1, -1], [8578, -1, -1]]"
1752865915.5675,-109.99998790025711,12805.821045731987,12805.82139993362,12816.461679736436,15865.460891638904,"[[8579, -1, -1], [8580, -1, -1], [8581, -1, -1], [8582, -1, -1], [8583, -1, -1], [8584, -1, -1], [8585, -1, -1], [8586, -1, -1], [8587, -1, -1], [8588, -1, -1], [8589, -1, -1]]"
1752865915.6775,-107.99999129772186,12805.821112621044,12805.82139993362,12816.461688084788,15865.460891638904,"[[8590, 1, 12772], [8590, 1, 12957], [8590, -1, -1], [8591, -1, -1], [8592, -1, -1], [8593, -1, -1], [8594, -1, -1], [8595, -1, -1], [8596, -1, -1], [8597, 1, 13350], [8597, 1, 13549], [8597, -1, -1], [8598, -1, -1], [8599, -1, -1], [8600, 1, 10498], [8600, 1, 10536], [8600, 1, 10728], [8600, -1, -1]]"
1752865915.7886,-105.99999469518661,12805.82109514592,12805.821399584243,12816.461688084788,15865.460891638904,"[[8601, -1, -1], [8602, -1, -1], [8603, -1, -1], [8604, -1, -1], [8605, -1, -1], [8606, -1, -1], [8607, -1, -1], [8608, -1, -1], [8609, -1, -1], [8610, -1, -1], [8611, -1, -1]]"
1752865915.8985,-103.99999809265137,12805.82109514592,12805.821399584243,12816.461691345685,15865.460891638904,"[[8612, -1, -1], [8613, -1, -1], [8614, -1, -1], [8615, -1, -1], [8616, 1, 9902], [8616, 1, 10102], [8616, -1, -1], [8617, -1, -1], [8618, -1, -1], [8619, -1, -1], [8620, 1, 9685], [8620, 1, 9952], [8620, 1, 10137], [8620, -1, -1], [8621, -1, -1], [8622, -1, -1]]"
1752865916.0085,-102.00000149011612,12805.821164313345,12805.821400296882,12816.461691345685,15865.460891638904,"[[8623, -1, -1], [8624, -1, -1], [8625, -1, -1], [8626, -1, -1], [8627, 1, 12718], [8627, 1, 12921], [8627, -1, -1], [8628, -1, -1], [8629, -1, -1], [8630, -1, -1], [8631, -1, -1], [8632, -1, -1], [8633, -1, -1]]"
1752865916.1185,-100.00000488758087,12805.821164313345,12805.821400296882,12816.46168346046,15865.460891638904,"[[8634, -1, -1], [8635, -1, -1], [8636, -1, -1], [8637, -1, -1], [8638, -1, -1], [8639, -1, -1], [8640, -1, -1], [8641, -1, -1], [8642, -1, -1], [8643, -1, -1], [8644, -1, -1]]"
1752865916.2285,-98.00000828504562,12805.821143308496,12805.82139383037,12816.46168346046,15865.460891638904,"[[8645, -1, -1], [8646, -1, -1], [8647, -1, -1], [8648, -1, -1], [8649, -1, -1], [8650, -1, -1], [8651, -1, -1], [8652, -1, -1], [8653, -1, -1], [8654, 1, 10879], [8654, 1, 11079], [8654, -1, -1], [8655, -1, -1]]"
1752865916.3386,-96.00001168251038,12805.821143308496,12805.82139383037,12816.46167409743,15865.460891638904,"[[8656, -1, -1], [8657, -1, -1], [8658, -1, -1], [8659, -1, -1], [8660, -1, -1], [8661, -1, -1], [8662, -1, -1], [8663, -1, -1], [8664, -1, -1], [8665, -1, -1], [8666, -1, -1]]"
1752865916.4485,-94.00001507997513,12805.821072407816,12805.821404402252,12816.46167409743,15865.460891638904,"[[8667, -1, -1], [8668, -1, -1], [8669, 1, 9327], [8669, 1, 9513], [8669, -1, -1], [8670, 1, 11620], [8670, 1, 11819], [8670, -1, -1], [8671, -1, -1], [8672, -1, -1], [8673, -1, -1], [8674, -1, -1], [8675, -1, -1], [8676, -1, -1], [8677, -1, -1]]"
1752865916.5575,-92.00001847743988,12805.821072407816,12805.821404402252,12816.461687799389,15865.460891638904,"[[8678, -1, -1], [8679, -1, -1], [8680, -1, -1], [8681, -1, -1], [8682, -1, -1], [8683, -1, -1], [8684, -1, -1], [8685, -1, -1], [8686, -1, -1], [8687, -1, -1], [8688, -1, -1]]"
1752865916.6665,-90.00002187490463,12805.8210495523,12805.821398011129,12816.461687799389,15865.460891638904,"[[8689, -1, -1], [8690, -1, -1], [8691, -1, -1], [8692, -1, -1], [8693, -1, -1], [8694, -1, -1], [8695, -1, -1], [8696, -1, -1], [8697, -1, -1], [8698, -1, -1], [8699, -1, -1]]"
1752865916.7765,-88.00002527236938,12805.8210495523,12805.821400791983,12816.461682977131,15865.460891638904,"[[8700, -1, -1], [8701, -1, -1], [8702, -1, -1], [8703, -1, -1], [8704, -1, -1], [8705, -1, -1], [8706, -1, -1], [8707, -1, -1], [8708, -1, -1], [8709, -1, -1], [8710, -1, -1]]"
1752865916.8865,-86.00002866983414,12805.821120507846,12805.821400791983,12816.461682977131,15865.460891638904,"[[8711, -1, -1], [8712, -1, -1], [8713, -1, -1], [8714, -1, -1], [8715, -1, -1], [8716, -1, -1], [8717, -1, -1], [8718, -1, -1], [8719, -1, -1], [8720, -1, -1], [8721, -1, -1]]"
1752865916.9965,-84.00003206729889,12805.821120507846,12805.821402032732,12816.461679885442,15865.460891638904,"[[8722, -1, -1], [8723, -1, -1], [8724, -1, -1], [8725, 1, 11871], [8725, 1, 12074], [8725, -1, -1], [8726, -1, -1], [8727, -1, -1], [8728, -1, -1], [8729, -1, -1], [8730, -1, -1], [8731, -1, -1], [8732, -1, -1]]"
1752865917.1075,-82.00003546476364,12805.821151602293,12805.821402032732,12816.461679885442,15865.460891638904,"[[8733, 1, 14021], [8733, 1, 14220], [8733, -1, -1], [8734, -1, -1], [8735, -1, -1], [8736, -1, -1], [8737, -1, -1], [8738, -1, -1], [8739, -1, -1], [8740, -1, -1], [8741, -1, -1], [8742, 1, 10625], [8742, 1, 10662], [8742, 1, 10855], [8742, -1, -1], [8743, -1, -1]]"
1752865917.2175,-80.0000388622284,12805.821151602293,12805.821391337884,12816.46168636331,15865.460891638904,"[[8744, -1, -1], [8745, -1, -1], [8746, -1, -1], [8747, -1, -1], [8748, -1, -1], [8749, -1, -1], [8750, -1, -1], [8751, -1, -1], [8752, -1, -1], [8753, -1, -1], [8754, -1, -1]]"
1752865917.3275,-78.00004225969315,12805.821141926073,12805.821391337884,12816.461686972243,15865.460891638904,"[[8755, -1, -1], [8756, -1, -1], [8757, -1, -1], [8758, -1, -1], [8759, -1, -1], [8760, -1, -1], [8761, -1, -1], [8762, -1, -1], [8763, -1, -1], [8764, -1, -1], [8765, -1, -1]]"
1752865917.4375,-76.0000456571579,12805.821141926073,12805.82139794512,12816.461686972243,15865.460891638904,"[[8766, -1, -1], [8767, -1, -1], [8768, -1, -1], [8769, -1, -1], [8770, -1, -1], [8771, 1, 10728], [8771, 1, 10927], [8771, -1, -1], [8772, -1, -1], [8773, -1, -1], [8774, -1, -1], [8775, -1, -1], [8776, -1, -1]]"
1752865917.5465,-74.00004905462265,12805.821096770504,12805.82139794512,12816.46168056432,15865.460891638904,"[[8777, -1, -1], [8778, -1, -1], [8779, -1, -1], [8780, 1, 9247], [8780, -1, -1], [8781, -1, -1], [8782, -1, -1], [8783, -1, -1], [8784, -1, -1], [8785, -1, -1], [8786, -1, -1], [8787, -1, -1]]"
1752865917.6555,-72.0000524520874,12805.821096770504,12805.821396115329,12816.46168056432,15865.460891638904,"[[8788, -1, -1], [8789, -1, -1], [8790, -1, -1], [8791, -1, -1], [8792, -1, -1], [8793, 1, 9775], [8793, 1, 9962], [8793, -1, -1], [8794, -1, -1], [8795, -1, -1], [8796, -1, -1], [8797, 1, 9674], [8797, 1, 9708], [8797, 1, 9904], [8797, 1, 10033], [8797, 1, 10240], [8797, 1, 10539], [8797, -1, -1], [8798, -1, -1]]"
1752865917.7655,-70.00005584955215,12805.821059290667,12805.821396115329,12816.461688486632,15865.460891638904,"[[8799, -1, -1], [8800, -1, -1], [8801, -1, -1], [8802, -1, -1], [8803, -1, -1], [8804, -1, -1], [8805, -1, -1], [8806, 1, 11248], [8806, 1, 11282], [8806, 1, 11478], [8806, 1, 11678], [8806, -1, -1], [8807, -1, -1], [8808, -1, -1], [8809, -1, -1]]"
1752865917.8755,-68.0000592470169,12805.821059290667,12805.821388914976,12816.461688486632,15865.460891638904,"[[8810, -1, -1], [8811, -1, -1], [8812, 1, 10954], [8812, 1, 11153], [8812, 1, 11623], [8812, 1, 13530], [8812, 1, 13733], [8812, -1, -1], [8813, -1, -1], [8814, -1, -1], [8815, -1, -1], [8816, -1, -1], [8817, 1, 13020], [8817, -1, -1], [8818, -1, -1], [8819, -1, -1], [8820, -1, -1]]"
1752865917.9845,-66.00006264448166,12805.821051894116,12805.821388914976,12816.461688293013,15865.460891638904,"[[8821, 1, 11708], [8821, 1, 11894], [8821, -1, -1], [8822, -1, -1], [8823, -1, -1], [8824, -1, -1], [8825, -1, -1], [8826, -1, -1], [8827, -1, -1], [8828, -1, -1], [8829, 1, 13314], [8829, 1, 13544], [8829, -1, -1], [8830, -1, -1], [8831, -1, -1]]"
1752865918.0935,-64.00006231665611,12805.821113694925,12805.821385037172,12816.461688293013,15865.460891638904,"[[8832, -1, -1], [8833, -1, -1], [8834, -1, -1], [8835, -1, -1], [8836, -1, -1], [8837, -1, -1], [8838, -1, -1], [8839, 1, 10884], [8839, 1, 10920], [8839, 1, 11115], [8839, -1, -1], [8840, -1, -1], [8841, -1, -1], [8842, -1, -1]]"
1752865918.2025,-62.000061988830566,12805.821113694925,12805.821385037172,12816.46168687412,15865.460891638904,"[[8843, -1, -1], [8844, 1, 8151], [8844, 1, 8185], [8844, 1, 8381], [8844, -1, -1], [8845, -1, -1], [8846, -1, -1], [8847, -1, -1], [8848, -1, -1], [8849, -1, -1], [8850, -1, -1], [8851, -1, -1], [8852, -1, -1], [8853, -1, -1]]"
1752865918.3135,-60.00006166100502,12805.821186298626,12805.821389427343,12816.46168687412,15865.460891638904,"[[8854, -1, -1], [8855, -1, -1], [8856, -1, -1], [8857, -1, -1], [8858, -1, -1], [8859, -1, -1], [8860, -1, -1], [8861, -1, -1], [8862, -1, -1], [8863, -1, -1], [8864, -1, -1]]"
1752865918.4225,-58.000061333179474,12805.821186298626,12805.821389427343,12816.461684932912,15865.460891638904,"[[8865, -1, -1], [8866, -1, -1], [8867, 1, 10658], [8867, 1, 10693], [8867, 1, 10888], [8867, -1, -1], [8868, 1, 9464], [8868, 1, 9669], [8868, 1, 9804], [8868, -1, -1], [8869, -1, -1], [8870, -1, -1], [8871, -1, -1], [8872, 1, 10647], [8872, -1, -1], [8873, -1, -1], [8874, -1, -1], [8875, -1, -1]]"
1752865918.5335,-56.00006100535393,12805.82111939796,12805.821396766254,12816.461684932912,15865.460891638904,"[[8876, 1, 13403], [8876, 1, 13606], [8876, -1, -1], [8877, 1, 12621], [8877, 1, 12808], [8877, -1, -1], [8878, -1, -1], [8879, -1, -1], [8880, -1, -1], [8881, -1, -1], [8882, -1, -1], [8883, 1, 9915], [8883, 1, 10114], [8883, 1, 10214], [8883, -1, -1], [8884, -1, -1], [8885, 1, 11062], [8885, 1, 11253], [8885, -1, -1], [8886, -1, -1]]"
1752865918.6425,-54.00006067752838,12805.82111939796,12805.821396766254,12816.461686022085,15865.460891638904,"[[8887, -1, -1], [8888, 1, 10099], [8888, 1, 10286], [8888, -1, -1], [8889, -1, -1], [8890, 1, 11760], [8890, 1, 11944], [8890, 1, 12252], [8890, -1, -1], [8891, -1, -1], [8892, -1, -1], [8893, 1, 10725], [8893, 1, 10910], [8893, -1, -1], [8894, -1, -1], [8895, -1, -1], [8896, -1, -1], [8897, 1, 11893], [8897, 1, 12095], [8897, 1, 12546], [8897, -1, -1]]"
1752865918.7525,-52.000060349702835,12805.821064090278,12805.821404157607,12816.461686022085,15865.460891638904,"[[8898, -1, -1], [8899, 1, 11897], [8899, 1, 11928], [8899, 1, 12128], [8899, 1, 12236], [8899, -1, -1], [8900, 1, 11434], [8900, 1, 11643], [8900, -1, -1], [8901, 1, 11114], [8901, 1, 11312], [8901, 1, 14295], [8901, 1, 14329], [8901, 1, 14525], [8901, -1, -1], [8902, -1, -1], [8903, -1, -1], [8904, -1, -1], [8905, -1, -1], [8906, -1, -1], [8907, -1, -1], [8908, -1, -1]]"
1752865918.8635,-50.00006002187729,12805.821064090278,12805.821404784438,12816.46167884703,15865.460891638904,"[[8909, 1, 11405], [8909, 1, 11445], [8909, 1, 11636], [8909, -1, -1], [8910, 1, 10615], [8910, 1, 10798], [8910, -1, -1], [8911, -1, -1], [8912, 1, 8975], [8912, 1, 9177], [8912, -1, -1], [8913, -1, -1], [8914, -1, -1], [8915, -1, -1], [8916, -1, -1], [8917, -1, -1], [8918, -1, -1], [8919, 1, 11713], [8919, 1, 11899], [8919, 1, 12142], [8919, -1, -1]]"
1752865918.9725,-48.00005969405174,12805.821064090278,12805.821404784438,12816.46167884703,15865.460891638904,"[[8920, -1, -1], [8921, -1, -1], [8922, -1, -1], [8923, -1, -1], [8924, -1, -1], [8925, -1, -1], [8926, -1, -1], [8927, 1, 10799], [8927, 1, 10984], [8927, -1, -1], [8928, -1, -1], [8929, -1, -1], [8930, -1, -1]]"
1752865919.0825,-46.000059366226196,12805.821093595667,12805.821404784438,12816.461687057832,15865.460891638904,"[[8931, -1, -1], [8932, 1, 11102], [8932, 1, 11301], [8932, -1, -1], [8933, -1, -1], [8934, 1, 12455], [8934, 1, 12654], [8934, -1, -1], [8935, -1, -1], [8936, 1, 13464], [8936, 1, 13495], [8936, 1, 13695], [8936, 1, 14438], [8936, -1, -1], [8937, 1, 9348], [8937, 1, 9547], [8937, -1, -1], [8938, -1, -1], [8939, -1, -1], [8940, -1, -1], [8941, 1, 11081], [8941, 1, 11107], [8941, 1, 11148], [8941, 1, 11311], [8941, -1, -1]]"
1752865919.1925,-44.00005903840065,12805.821133929145,12805.821399802233,12816.461687057832,15865.460891638904,"[[8942, -1, -1], [8943, -1, -1], [8944, -1, -1], [8945, -1, -1], [8946, -1, -1], [8947, -1, -1], [8948, -1, -1], [8949, -1, -1], [8950, -1, -1], [8951, -1, -1], [8952, -1, -1]]"
1752865919.3025,-42.000058710575104,12805.821133929145,12805.821399802233,12816.461691556044,15865.460891638904,"[[8953, -1, -1], [8954, 1, 11569], [8954, 1, 11772], [8954, -1, -1], [8955, -1, -1], [8956, -1, -1], [8957, -1, -1], [8958, -1, -1], [8959, -1, -1], [8960, 1, 10358], [8960, -1, -1], [8961, -1, -1], [8962, -1, -1], [8963, -1, -1]]"
1752865919.4119,-40.00005838274956,12805.82116723241,12805.821400395926,12816.461691556044,15865.460891638904,"[[8964, -1, -1], [8965, -1, -1], [8966, -1, -1], [8967, -1, -1], [8968, 1, 11821], [8968, 1, 12001], [8968, -1, -1], [8969, -1, -1], [8970, -1, -1], [8971, 1, 10305], [8971, 1, 10339], [8971, 1, 10535], [8971, -1, -1], [8972, -1, -1], [8973, -1, -1]]"
1752865919.522,-38.00005805492401,12805.82116723241,12805.821400395926,12816.46168083754,15865.460891638904,"[[8975, -1, -1], [8976, -1, -1], [8977, -1, -1], [8978, -1, -1], [8979, -1, -1], [8980, -1, -1], [8981, -1, -1], [8982, -1, -1], [8983, -1, -1], [8984, 1, 11644], [8984, -1, -1]]"
1752865919.6309,-36.000057727098465,12805.821138482985,12805.8213891514,12816.46168083754,15865.460891638904,"[[8986, 1, 9162], [8986, 1, 9365], [8986, 1, 9907], [8986, -1, -1], [8987, -1, -1], [8988, 1, 10544], [8988, 1, 10579], [8988, 1, 10774], [8988, 1, 11056], [8988, -1, -1], [8989, -1, -1], [8990, -1, -1], [8991, -1, -1], [8992, -1, -1], [8993, -1, -1], [8994, -1, -1], [8995, -1, -1]]"
1752865919.7405,-34.00005739927292,12805.821138482985,12805.821386965763,12816.46168824084,15865.460891638904,"[[8997, -1, -1], [8998, 1, 10843], [8998, 1, 11052], [8998, -1, -1], [8999, 1, 10268], [8999, 1, 10316], [8999, 1, 10499], [8999, -1, -1], [9000, -1, -1], [9001, -1, -1], [9002, 1, 10683], [9002, 1, 10717], [9002, 1, 10913], [9002, -1, -1], [9003, 1, 7988], [9003, 1, 8176], [9003, -1, -1], [9004, -1, -1], [9005, -1, -1], [9006, -1, -1]]"
1752865919.851,-32.00005707144737,12805.821087524106,12805.821386965763,12816.46168824084,15865.460891638904,"[[9007, -1, -1], [9008, 1, 12162], [9008, 1, 12200], [9008, 1, 12392], [9008, -1, -1], [9009, -1, -1], [9010, 1, 12104], [9010, 1, 12303], [9010, -1, -1], [9011, 1, 9389], [9011, 1, 9452], [9011, 1, 9619], [9011, 1, 10409], [9011, 1, 10609], [9011, -1, -1], [9012, 1, 11710], [9012, 1, 11896], [9012, -1, -1], [9013, -1, -1], [9014, 1, 5738], [9014, 1, 5921], [9014, -1, -1], [9015, -1, -1], [9016, 1, 9222], [9016, 1, 9422], [9016, 1, 10207], [9016, 1, 10397], [9016, -1, -1], [9017, 1, 11508], [9017, 1, 11691], [9017, -1, -1]]"
1752865919.9605,-30.000056743621826,12805.821087524106,12805.82138870036,12816.46168946462,15865.460891638904,"[[9019, 1, 11862], [9019, 1, 11896], [9019, 1, 12092], [9019, -1, -1], [9020, 1, 11221], [9020, 1, 11420], [9020, -1, -1], [9021, -1, -1], [9022, 1, 10768], [9022, 1, 10845], [9022, 1, 10972], [9022, 1, 12061], [9022, 1, 13995], [9022, 1, 14183], [9022, -1, -1], [9023, 1, 10180], [9023, 1, 10215], [9023, 1, 10411], [9023, -1, -1], [9024, -1, -1], [9025, 1, 8553], [9025, 1, 8738], [9025, -1, -1], [9026, -1, -1], [9027, 1, 11750], [9027, 1, 11913], [9027, -1, -1], [9028, -1, -1]]"
1752865920.0705,-28.00005641579628,12805.821063285133,12805.82138870036,12816.46168946462,15865.460891638904,"[[9029, 1, 10403], [9029, 1, 10433], [9029, 1, 10632], [9029, -1, -1], [9030, -1, -1], [9031, 1, 9310], [9031, 1, 9496], [9031, 1, 10244], [9031, 1, 10429], [9031, -1, -1], [9032, -1, -1], [9033, -1, -1], [9034, -1, -1], [9035, -1, -1], [9036, 1, 10140], [9036, 1, 10309], [9036, -1, -1], [9037, -1, -1], [9038, -1, -1], [9039, 1, 10869], [9039, 1, 11057], [9039, 1, 11248], [9039, 1, 11436], [9039, -1, -1]]"
1752865920.1805,-26.000056087970734,12805.821063285133,12805.82139391562,12816.461692055142,15865.460891638904,"[[9040, -1, -1], [9041, 1, 9306], [9041, 1, 9494], [9041, -1, -1], [9042, 1, 10954], [9042, 1, 11153], [9042, 1, 11652], [9042, -1, -1], [9043, -1, -1], [9044, 1, 12696], [9044, 1, 12882], [9044, -1, -1], [9045, -1, -1], [9046, 1, 11612], [9046, 1, 11652], [9046, 1, 11847], [9046, 1, 12091], [9046, 1, 12279], [9046, 1, 12790], [9046, 1, 12992], [9046, -1, -1], [9047, -1, -1], [9048, -1, -1], [9049, 1, 10627], [9049, 1, 10826], [9049, 1, 11145], [9049, 1, 12663], [9049, 1, 12700], [9049, 1, 12893], [9049, 1, 13113], [9049, -1, -1], [9050, -1, -1]]"
1752865920.2905,-24.000055760145187,12805.82113440163,12805.82139391562,12816.461692219154,15865.460891638904,"[[9051, -1, -1], [9052, -1, -1], [9053, -1, -1], [9054, 1, 10046], [9054, 1, 10249], [9054, -1, -1], [9055, -1, -1], [9056, 1, 9899], [9056, 1, 9933], [9056, 1, 10129], [9056, -1, -1], [9057, -1, -1], [9058, -1, -1], [9059, -1, -1], [9060, -1, -1], [9061, -1, -1]]"
1752865920.3995,-22.00005543231964,12805.82113440163,12805.821388346169,12816.461692219154,15865.460891638904,"[[9062, 1, 10889], [9062, 1, 11035], [9062, 1, 11076], [9062, 1, 11157], [9062, -1, -1], [9063, -1, -1], [9064, -1, -1], [9065, -1, -1], [9066, 1, 10531], [9066, 1, 10564], [9066, 1, 10762], [9066, -1, -1], [9067, 1, 10336], [9067, 1, 10536], [9067, -1, -1], [9068, -1, -1], [9069, -1, -1], [9070, -1, -1], [9071, -1, -1], [9072, -1, -1]]"
1752865920.5095,-20.000055104494095,12805.821153506116,12805.821388346169,12816.461692315823,15865.460891638904,"[[9073, 1, 9476], [9073, 1, 9663], [9073, 1, 10672], [9073, 1, 10855], [9073, -1, -1], [9074, 1, 10108], [9074, 1, 10141], [9074, 1, 10337], [9074, -1, -1], [9075, -1, -1], [9076, -1, -1], [9077, 1, 10976], [9077, 1, 11012], [9077, 1, 11206], [9077, -1, -1], [9078, 1, 12180], [9078, 1, 12378], [9078, 1, 12566], [9078, -1, -1], [9079, -1, -1], [9080, 1, 10658], [9080, 1, 10844], [9080, -1, -1], [9081, 1, 9829], [9081, 1, 10028], [9081, -1, -1], [9082, -1, -1], [9083, -1, -1]]"
1752865920.6195,-18.00005477666855,12805.821153506116,12805.821387791659,12816.461692315823,15865.460891638904,"[[9084, -1, -1], [9085, -1, -1], [9086, -1, -1], [9087, 1, 11114], [9087, 1, 11165], [9087, 1, 11313], [9087, -1, -1], [9088, -1, -1], [9089, -1, -1], [9090, -1, -1], [9091, -1, -1], [9092, 1, 10936], [9092, 1, 10971], [9092, 1, 11167], [9092, -1, -1], [9093, -1, -1], [9094, -1, -1]]"
1752865920.7285,-16.000054448843002,12805.821169515177,12805.821387791659,12816.461677792611,15865.460891638904,"[[9095, -1, -1], [9096, -1, -1], [9097, 1, 9928], [9097, 1, 9958], [9097, 1, 10158], [9097, -1, -1], [9098, -1, -1], [9099, 1, 10241], [9099, 1, 10426], [9099, -1, -1], [9100, 1, 10434], [9100, 1, 10468], [9100, 1, 10664], [9100, 1, 10834], [9100, -1, -1], [9101, -1, -1], [9102, -1, -1], [9103, 1, 9984], [9103, 1, 10168], [9103, 1, 13307], [9103, -1, -1], [9104, -1, -1], [9105, -1, -1]]"
1752865920.8405,-14.000054121017456,12805.821169515177,12805.821383069966,12816.461677792611,15865.460891638904,"[[9106, 1, 11596], [9106, 1, 11785], [9106, -1, -1], [9107, 1, 9485], [9107, 1, 9687], [9107, -1, -1], [9108, 1, 9845], [9108, 1, 9884], [9108, 1, 10076], [9108, -1, -1], [9109, -1, -1], [9110, 1, 11809], [9110, 1, 12008], [9110, 1, 12128], [9110, -1, -1], [9111, -1, -1], [9112, 1, 11243], [9112, 1, 11442], [9112, -1, -1], [9113, 1, 11349], [9113, 1, 11548], [9113, 1, 11967], [9113, 1, 12171], [9113, -1, -1], [9114, 1, 8733], [9114, 1, 8932], [9114, -1, -1], [9115, 1, 9476], [9115, 1, 9661], [9115, -1, -1], [9116, 1, 10470], [9116, 1, 10508], [9116, 1, 10700], [9116, 1, 11036], [9116, -1, -1]]"
1752865920.9495,-12.00005379319191,12805.821088841467,12805.821383069966,12816.461689600017,15865.460891638904,"[[9117, 1, 9690], [9117, 1, 9876], [9117, 1, 9972], [9117, -1, -1], [9118, -1, -1], [9119, -1, -1], [9120, -1, -1], [9121, 1, 10541], [9121, 1, 10575], [9121, 1, 10771], [9121, 1, 10918], [9121, -1, -1], [9122, 1, 10305], [9122, 1, 10343], [9122, 1, 10535], [9122, -1, -1], [9123, 1, 11589], [9123, 1, 11793], [9123, -1, -1], [9124, 1, 10572], [9124, 1, 10771], [9124, 1, 10942], [9124, -1, -1], [9125, -1, -1], [9126, -1, -1], [9127, -1, -1]]"
1752865921.0585,-10.000053465366364,12805.821088841467,12805.82138278967,12816.461689600017,15865.460891638904,"[[9128, 1, 12723], [9128, 1, 12908], [9128, -1, -1], [9129, 1, 10141], [9129, 1, 10340], [9129, 1, 10926], [9129, 1, 11126], [9129, -1, -1], [9130, -1, -1], [9131, 1, 11036], [9131, 1, 11219], [9131, 1, 13873], [9131, -1, -1], [9132, 1, 10712], [9132, 1, 10747], [9132, 1, 10942], [9132, -1, -1], [9133, 1, 10540], [9133, 1, 10739], [9133, -1, -1], [9134, -1, -1], [9135, -1, -1], [9136, 1, 9882], [9136, 1, 10081], [9136, 1, 11022], [9136, 1, 11206], [9136, 1, 11946], [9136, 1, 11976], [9136, 1, 12176], [9136, 1, 12614], [9136, 1, 12798], [9136, 1, 12904], [9136, -1, -1], [9137, 1, 9872], [9137, 1, 9906], [9137, 1, 10102], [9137, 1, 10444], [9137, -1, -1], [9138, 1, 12081], [9138, 1, 12280], [9138, -1, -1]]"
1752865921.1675,-8.000053603202105,12805.821031430689,12805.82138278967,12816.461688788431,15865.460891638904,"[[9139, -1, -1], [9140, 1, 11297], [9140, 1, 11331], [9140, 1, 11527], [9140, 1, 11597], [9140, 1, 11824], [9140, 1, 12081], [9140, 1, 12203], [9140, 1, 12284], [9140, -1, -1], [9141, 1, 9476], [9141, 1, 9511], [9141, 1, 9706], [9141, 1, 11593], [9141, 1, 11792], [9141, -1, -1], [9142, 1, 11715], [9142, 1, 11914], [9142, -1, -1], [9143, -1, -1], [9144, 1, 8388], [9144, 1, 8597], [9144, 1, 11586], [9144, 1, 11794], [9144, 1, 11999], [9144, 1, 12189], [9144, -1, -1], [9145, 1, 10651], [9145, 1, 10850], [9145, 1, 11373], [9145, 1, 11572], [9145, 1, 11767], [9145, 1, 11806], [9145, 1, 12004], [9145, 1, 12181], [9145, -1, -1], [9146, -1, -1], [9147, 1, 10502], [9147, 1, 10701], [9147, -1, -1], [9148, 1, 10709], [9148, 1, 10744], [9148, 1, 10940], [9148, -1, -1], [9149, 1, 9669], [9149, 1, 9718], [9149, 1, 9827], [9149, 1, 9903], [9149, 1, 10015], [9149, 1, 10188], [9149, 1, 10580], [9149, -1, -1]]"
1752865921.2765,-6.000053741037846,12805.821075132877,12805.821376043506,12816.461688788431,15865.460891638904,"[[9150, -1, -1], [9151, -1, -1], [9152, 1, 10119], [9152, 1, 10151], [9152, 1, 10350], [9152, 1, 10514], [9152, 1, 10553], [9152, 1, 10943], [9152, 1, 11127], [9152, -1, -1], [9153, 1, 11430], [9153, 1, 11465], [9153, 1, 11661], [9153, -1, -1], [9154, 1, 10226], [9154, 1, 10260], [9154, 1, 10456], [9154, 1, 10854], [9154, 1, 10890], [9154, 1, 11086], [9154, 1, 11336], [9154, -1, -1], [9155, 1, 11752], [9155, 1, 11955], [9155, -1, -1], [9156, -1, -1], [9157, 1, 11451], [9157, 1, 11650], [9157, 1, 12502], [9157, 1, 12704], [9157, -1, -1], [9158, -1, -1], [9159, 1, 10480], [9159, 1, 10669], [9159, -1, -1], [9160, -1, -1]]"
1752865921.3875,-4.000053646042943,12805.821075132877,12805.821376043506,12816.46168908109,15865.460891638904,"[[9161, 1, 10825], [9161, 1, 11008], [9161, 1, 12881], [9161, 1, 12916], [9161, 1, 13112], [9161, 1, 13224], [9161, -1, -1], [9162, 1, 9377], [9162, 1, 9576], [9162, 1, 9729], [9162, -1, -1], [9163, -1, -1], [9164, 1, 9971], [9164, 1, 10009], [9164, 1, 10201], [9164, 1, 10640], [9164, 1, 12298], [9164, 1, 12333], [9164, 1, 12528], [9164, -1, -1], [9165, -1, -1], [9166, -1, -1], [9167, 1, 10633], [9167, 1, 10832], [9167, -1, -1], [9168, 1, 10652], [9168, 1, 10690], [9168, 1, 10882], [9168, 1, 11720], [9168, 1, 11919], [9168, 1, 12090], [9168, -1, -1], [9169, 1, 9062], [9169, 1, 9253], [9169, -1, -1], [9170, 1, 11613], [9170, 1, 11648], [9170, 1, 11843], [9170, -1, -1], [9171, 1, 11811], [9171, 1, 11889], [9171, 1, 12060], [9171, -1, -1]]"
1752865921.4975,-2.0000536460440514,12805.82114794088,12805.821369684412,12816.46168908109,15865.460891638904,"[[9172, 1, 9205], [9172, 1, 9390], [9172, -1, -1], [9173, -1, -1], [9174, 1, 10046], [9174, 1, 10078], [9174, 1, 10276], [9174, 1, 11624], [9174, 1, 11662], [9174, 1, 11855], [9174, -1, -1], [9175, -1, -1], [9176, 1, 8507], [9176, 1, 8693], [9176, 1, 11619], [9176, 1, 11803], [9176, 1, 12210], [9176, 1, 12394], [9176, -1, -1], [9177, 1, 11509], [9177, 1, 11712], [9177, -1, -1], [9178, 1, 8528], [9178, 1, 8719], [9178, -1, -1], [9179, 1, 12495], [9179, 1, 12679], [9179, -1, -1], [9180, -1, -1], [9181, -1, -1], [9182, 1, 12909], [9182, 1, 13093], [9182, 1, 13490], [9182, 1, 13693], [9182, -1, -1]]"
1752865921.6076,-5.368888378147474e-05,12805.82114794088,12805.821369684412,12816.461687324265,15865.460891638904,"[[9183, -1, -1], [9184, 1, 11449], [9184, 1, 11484], [9184, 1, 11679], [9184, 1, 12518], [9184, 1, 12552], [9184, 1, 12749], [9184, -1, -1], [9185, 1, 12033], [9185, 1, 12242], [9185, -1, -1], [9186, 1, 9367], [9186, 1, 9554], [9186, 1, 10050], [9186, 1, 10950], [9186, 1, 11135], [9186, 1, 11477], [9186, 1, 11531], [9186, 1, 11664], [9186, 1, 11738], [9186, 1, 13713], [9186, -1, -1], [9187, -1, -1], [9188, -1, -1], [9189, 1, 10119], [9189, 1, 10306], [9189, -1, -1], [9190, 1, 10334], [9190, 1, 10534], [9190, 1, 10890], [9190, 1, 11075], [9190, 1, 11111], [9190, 1, 11182], [9190, 1, 11211], [9190, 1, 11303], [9190, 1, 11414], [9190, 1, 11626], [9190, -1, -1], [9191, 1, 9856], [9191, 1, 10055], [9191, -1, -1], [9192, 1, 10425], [9192, 1, 10460], [9192, 1, 10656], [9192, 1, 10855], [9192, 1, 11039], [9192, 1, 11345], [9192, 1, 11762], [9192, -1, -1], [9193, -1, -1]]"
1752865921.7165,1.9999461732804775,12805.821163586796,12805.821369874275,12816.461687324265,15865.460891638904,"[[9194, 1, 9673], [9194, 1, 9876], [9194, -1, -1], [9195, 1, 10042], [9195, 1, 10245], [9195, 1, 12459], [9195, 1, 12658], [9195, -1, -1], [9196, 1, 10167], [9196, 1, 10376], [9196, 1, 10847], [9196, 1, 11056], [9196, 1, 11982], [9196, 1, 12166], [9196, 1, 13058], [9196, 1, 13266], [9196, -1, -1], [9197, 1, 9617], [9197, 1, 9820], [9197, 1, 10444], [9197, 1, 10634], [9197, -1, -1], [9198, 1, 12307], [9198, 1, 12507], [9198, -1, -1], [9199, -1, -1], [9200, 1, 10034], [9200, 1, 10264], [9200, 1, 10671], [9200, 1, 10856], [9200, 1, 10990], [9200, -1, -1], [9201, 1, 9465], [9201, 1, 9653], [9201, 1, 11448], [9201, 1, 11650], [9201, 1, 11723], [9201, 1, 108196], [9201, -1, -1], [9202, 1, 8769], [9202, 1, 8957], [9202, 1, 10428], [9202, 1, 10529], [9202, 1, 11475], [9202, 1, 11683], [9202, -1, -1], [9203, 1, 10770], [9203, 1, 10974], [9203, -1, -1], [9204, 1, 11485], [9204, 1, 11673], [9204, -1, -1]]"
1752865921.8265,3.9999460354447365,12805.821163586796,12805.821369874275,12816.461686467017,15865.460891638904,"[[9205, 1, 11268], [9205, 1, 11467], [9205, 1, 11583], [9205, 1, 11820], [9205, 1, 14088], [9205, 1, 14272], [9205, -1, -1], [9206, 1, 9231], [9206, 1, 9430], [9206, -1, -1], [9207, -1, -1], [9208, -1, -1], [9209, 1, 11097], [9209, 1, 11134], [9209, 1, 11327], [9209, 1, 11849], [9209, 1, 12010], [9209, 1, 12894], [9209, 1, 13093], [9209, -1, -1], [9210, 1, 10988], [9210, 1, 11025], [9210, 1, 11218], [9210, 1, 11711], [9210, 1, 11826], [9210, 1, 11909], [9210, 1, 12016], [9210, 1, 12094], [9210, 1, 14372], [9210, -1, -1], [9211, 1, 11040], [9211, 1, 11147], [9211, 1, 11239], [9211, 1, 11651], [9211, 1, 11693], [9211, 1, 11864], [9211, 1, 12063], [9211, -1, -1], [9212, -1, -1], [9213, 1, 11053], [9213, 1, 11252], [9213, 1, 11501], [9213, -1, -1], [9214, 1, 13438], [9214, 1, 13637], [9214, -1, -1], [9215, -1, -1]]"
1752865921.9365,5.999946363270283,12805.821091232197,12805.821365165686,12816.461686467017,15865.460891638904,"[[9216, 1, 11051], [9216, 1, 11086], [9216, 1, 11283], [9216, 1, 12743], [9216, -1, -1], [9217, 1, 11427], [9217, 1, 11614], [9217, -1, -1], [9218, 1, 11041], [9218, 1, 11228], [9218, 1, 11596], [9218, 1, 11782], [9218, -1, -1], [9219, 1, 14200], [9219, 1, 14384], [9219, -1, -1], [9220, 1, 10279], [9220, 1, 10482], [9220, 1, 10892], [9220, 1, 11076], [9220, -1, -1], [9221, 1, 10321], [9221, 1, 10521], [9221, 1, 10587], [9221, 1, 10790], [9221, -1, -1], [9222, 1, 10780], [9222, 1, 10963], [9222, -1, -1], [9223, 1, 10452], [9223, 1, 10655], [9223, -1, -1], [9224, 1, 9971], [9224, 1, 10170], [9224, 1, 10669], [9224, 1, 10877], [9224, -1, -1], [9225, 1, 9601], [9225, 1, 9801], [9225, 1, 9897], [9225, 1, 9946], [9225, 1, 10065], [9225, 1, 10128], [9225, 1, 10221], [9225, -1, -1], [9226, -1, -1]]"
1752865922.0455,7.999946691095829,12805.821091232197,12805.821366145416,12816.461688782483,15865.460891638904,"[[9227, 1, 9725], [9227, 1, 9910], [9227, 1, 10837], [9227, 1, 11003], [9227, -1, -1], [9228, 1, 10188], [9228, 1, 10387], [9228, 1, 10622], [9228, -1, -1], [9229, 1, 9109], [9229, 1, 9147], [9229, 1, 9339], [9229, -1, -1], [9230, -1, -1], [9231, 1, 13696], [9231, 1, 13899], [9231, -1, -1], [9232, 1, 10076], [9232, 1, 10276], [9232, 1, 12128], [9232, 1, 12331], [9232, -1, -1], [9233, -1, -1], [9234, 1, 11811], [9234, 1, 11992], [9234, -1, -1], [9235, -1, -1], [9236, 1, 8870], [9236, 1, 9073], [9236, 1, 12525], [9236, 1, 12721], [9236, 1, 12921], [9236, 1, 13113], [9236, -1, -1], [9237, -1, -1]]"
1752865922.1545,9.999947018921375,12805.82103602729,12805.821366145416,12816.461688782483,15865.460891638904,"[[9238, -1, -1], [9239, 1, 11385], [9239, 1, 11588], [9239, -1, -1], [9240, -1, -1], [9241, 1, 11311], [9241, 1, 11510], [9241, -1, -1], [9242, 1, 11477], [9242, 1, 11610], [9242, 1, 11662], [9242, 1, 11710], [9242, 1, 11793], [9242, 1, 11898], [9242, -1, -1], [9243, 1, 11192], [9243, 1, 11400], [9243, -1, -1], [9244, 1, 11233], [9244, 1, 11272], [9244, 1, 11361], [9244, 1, 11463], [9244, 1, 11566], [9244, 1, 11751], [9244, 1, 11870], [9244, 1, 11976], [9244, 1, 12231], [9244, -1, -1], [9245, 1, 11381], [9245, 1, 11455], [9245, -1, -1], [9246, 1, 10932], [9246, 1, 10975], [9246, 1, 11162], [9246, -1, -1], [9247, -1, -1], [9248, 1, 13489], [9248, 1, 13679], [9248, -1, -1]]"
1752865922.2635,11.999947346746922,12805.82103602729,12805.821359725138,12816.461690144293,15865.460891638904,"[[9249, 1, 10854], [9249, 1, 10949], [9249, 1, 11057], [9249, 1, 11157], [9249, -1, -1], [9250, 1, 10887], [9250, 1, 11072], [9250, 1, 13676], [9250, 1, 13875], [9250, -1, -1], [9251, -1, -1], [9252, 1, 10804], [9252, 1, 11013], [9252, -1, -1], [9253, -1, -1], [9254, 1, 12947], [9254, 1, 13146], [9254, 1, 13622], [9254, 1, 13806], [9254, -1, -1], [9255, 1, 10059], [9255, 1, 10097], [9255, 1, 10202], [9255, 1, 10290], [9255, 1, 10413], [9255, -1, -1], [9256, 1, 10131], [9256, 1, 10169], [9256, 1, 10361], [9256, -1, -1], [9257, -1, -1], [9258, -1, -1], [9259, -1, -1]]"
1752865922.3736,13.999946743249893,12805.821072642693,12805.821359725138,12816.461690144293,15865.460891638904,"[[9260, -1, -1], [9261, 1, 12018], [9261, 1, 12052], [9261, 1, 12139], [9261, 1, 12249], [9261, 1, 12328], [9261, -1, -1], [9262, -1, -1], [9263, 1, 10083], [9263, 1, 10145], [9263, 1, 10315], [9263, -1, -1], [9264, 1, 12750], [9264, 1, 12786], [9264, 1, 12980], [9264, 1, 13062], [9264, 1, 13302], [9264, -1, -1], [9265, -1, -1], [9266, -1, -1], [9267, 1, 12622], [9267, 1, 12821], [9267, -1, -1], [9268, 1, 11780], [9268, 1, 11816], [9268, 1, 12013], [9268, 1, 12286], [9268, -1, -1], [9269, -1, -1], [9270, -1, -1]]"
1752865922.4835,15.999947071075438,12805.821072642693,12805.821357643352,12816.461685180835,15865.460891638904,"[[9271, -1, -1], [9272, -1, -1], [9273, -1, -1], [9274, -1, -1], [9275, -1, -1], [9276, -1, -1], [9277, 1, 11292], [9277, 1, 11340], [9277, 1, 11526], [9277, 1, 11819], [9277, -1, -1], [9278, -1, -1], [9279, -1, -1], [9280, 1, 10944], [9280, 1, 11112], [9280, -1, -1], [9281, 1, 10300], [9281, 1, 10499], [9281, 1, 11197], [9281, 1, 11232], [9281, 1, 11427], [9281, 1, 11526], [9281, -1, -1]]"
1752865922.5935,17.999947398900986,12805.821128798634,12805.821357643352,12816.461685180835,15865.460891638904,"[[9282, -1, -1], [9283, -1, -1], [9284, -1, -1], [9285, -1, -1], [9286, -1, -1], [9287, 1, 13275], [9287, 1, 13310], [9287, 1, 13376], [9287, 1, 13506], [9287, -1, -1], [9288, 1, 10222], [9288, 1, 10421], [9288, 1, 10605], [9288, 1, 10794], [9288, 1, 11194], [9288, -1, -1], [9289, 1, 10252], [9289, 1, 10451], [9289, -1, -1], [9290, -1, -1], [9291, -1, -1], [9292, -1, -1]]"
1752865922.7025,19.999947726726532,12805.821128798634,12805.821359211806,12816.461677237503,15865.460891638904,"[[9293, -1, -1], [9294, -1, -1], [9295, -1, -1], [9296, -1, -1], [9297, -1, -1], [9298, -1, -1], [9299, -1, -1], [9300, -1, -1], [9301, -1, -1], [9302, -1, -1], [9303, -1, -1]]"
1752865922.8121,21.99994805455208,12805.821132995161,12805.821359211806,12816.461685655986,15865.460891638904,"[[9304, -1, -1], [9305, -1, -1], [9306, -1, -1], [9307, -1, -1], [9308, -1, -1], [9309, -1, -1], [9310, -1, -1], [9311, -1, -1], [9312, 1, 10481], [9312, 1, 10665], [9312, -1, -1], [9313, -1, -1]]"
1752865922.9225,23.999948382377625,12805.821132995161,12805.8213681121,12816.461685655986,15865.460891638904,"[[9315, -1, -1], [9316, -1, -1], [9317, -1, -1], [9318, -1, -1], [9319, -1, -1], [9320, -1, -1], [9321, -1, -1], [9322, -1, -1], [9323, -1, -1], [9324, -1, -1], [9325, -1, -1]]"
1752865923.0325,25.99994871020317,12805.821138422312,12805.8213681121,12816.461678156149,15865.460891638904,"[[9326, -1, -1], [9327, -1, -1], [9328, -1, -1], [9329, -1, -1], [9330, -1, -1], [9331, -1, -1], [9332, 1, 10718], [9332, 1, 10917], [9332, -1, -1], [9333, 1, 11463], [9333, 1, 11497], [9333, 1, 11693], [9333, -1, -1], [9334, -1, -1], [9335, -1, -1], [9336, -1, -1]]"
1752865923.1409,27.999949038028717,12805.821138422312,12805.821383682032,12816.461678156149,15865.460891638904,"[[9337, -1, -1], [9338, -1, -1], [9339, -1, -1], [9340, -1, -1], [9341, -1, -1], [9342, 1, 14066], [9342, 1, 14270], [9342, 1, 14548], [9342, -1, -1], [9343, -1, -1], [9344, -1, -1], [9345, -1, -1], [9346, -1, -1]]"
1752865923.2505,29.999949365854263,12805.821082253775,12805.821383682032,12816.461684188744,15865.460891638904,"[[9348, -1, -1], [9349, -1, -1], [9350, -1, -1], [9351, -1, -1], [9352, -1, -1], [9353, 1, 12859], [9353, 1, 13050], [9353, -1, -1], [9354, -1, -1], [9355, -1, -1], [9356, -1, -1], [9357, -1, -1]]"
1752865923.3609,31.99994969367981,12805.821070011516,12805.821381815182,12816.461684188744,15865.460891638904,"[[9358, -1, -1], [9359, -1, -1], [9360, -1, -1], [9361, -1, -1], [9362, 1, 12026], [9362, 1, 12060], [9362, 1, 12256], [9362, 1, 12286], [9362, -1, -1], [9363, -1, -1], [9364, -1, -1], [9365, -1, -1], [9366, -1, -1], [9367, -1, -1], [9368, -1, -1]]"
1752865923.4709,33.999950021505356,12805.821070011516,12805.821381815182,12816.46168476207,15865.460891638904,"[[9370, -1, -1], [9371, -1, -1], [9372, -1, -1], [9373, -1, -1], [9374, -1, -1], [9375, -1, -1], [9376, -1, -1], [9377, -1, -1], [9378, -1, -1], [9379, -1, -1]]"
1752865923.5805,35.9999503493309,12805.821133749218,12805.821390912944,12816.46168476207,15865.460891638904,"[[9381, -1, -1], [9382, -1, -1], [9383, -1, -1], [9384, -1, -1], [9385, -1, -1], [9386, -1, -1], [9387, -1, -1], [9388, -1, -1], [9389, -1, -1], [9390, -1, -1]]"
1752865923.6905,37.99995067715645,12805.821133749218,12805.821390912944,12816.461682948266,15865.460891638904,"[[9391, -1, -1], [9392, -1, -1], [9393, -1, -1], [9394, -1, -1], [9395, -1, -1], [9396, -1, -1], [9397, -1, -1], [9398, -1, -1], [9399, -1, -1], [9400, -1, -1], [9401, -1, -1]]"
1752865923.7995,39.999951004981995,12805.821173697088,12805.821392254078,12816.461682948266,15865.460891638904,"[[9402, -1, -1], [9403, -1, -1], [9404, -1, -1], [9405, -1, -1], [9406, -1, -1], [9407, -1, -1], [9408, -1, -1], [9409, -1, -1], [9410, -1, -1], [9411, -1, -1], [9412, 1, 13364], [9412, 1, 13567], [9412, 1, 13759], [9412, -1, -1]]"
1752865923.9095,41.99995133280754,12805.821173697088,12805.821392254078,12816.461689256912,15865.460891638904,"[[9413, -1, -1], [9414, -1, -1], [9415, -1, -1], [9416, -1, -1], [9417, -1, -1], [9418, -1, -1], [9419, -1, -1], [9420, -1, -1], [9421, -1, -1], [9422, -1, -1], [9423, -1, -1]]"
1752865924.0195,43.99995166063309,12805.821189976108,12805.821396937468,12816.461689256912,15865.460891638904,"[[9424, -1, -1], [9425, -1, -1], [9426, -1, -1], [9427, -1, -1], [9428, -1, -1], [9429, -1, -1], [9430, -1, -1], [9431, -1, -1], [9432, 1, 10958], [9432, 1, 11142], [9432, -1, -1], [9433, -1, -1], [9434, -1, -1]]"
1752865924.1295,45.99995198845863,12805.821189976108,12805.821387712214,12816.461692296944,15865.460891638904,"[[9435, -1, -1], [9436, -1, -1], [9437, -1, -1], [9438, -1, -1], [9439, -1, -1], [9440, -1, -1], [9441, -1, -1], [9442, -1, -1], [9443, -1, -1], [9444, -1, -1], [9445, -1, -1]]"
1752865924.2385,47.99995231628418,12805.821135923437,12805.821387712214,12816.461692296944,15865.460891638904,"[[9446, -1, -1], [9447, -1, -1], [9448, -1, -1], [9449, -1, -1], [9450, -1, -1], [9451, -1, -1], [9452, -1, -1], [9453, -1, -1], [9454, -1, -1], [9455, -1, -1], [9456, -1, -1]]"
1752865924.3495,49.999952644109726,12805.821135923437,12805.821388571876,12816.461683878046,15865.460891638904,"[[9457, -1, -1], [9458, -1, -1], [9459, -1, -1], [9460, -1, -1], [9461, -1, -1], [9462, -1, -1], [9463, 1, 11311], [9463, 1, 11514], [9463, -1, -1], [9464, -1, -1], [9465, -1, -1], [9466, -1, -1], [9467, -1, -1]]"
1752865924.4585,51.99995297193527,12805.821098962591,12805.821388571876,12816.461683878046,15865.460891638904,"[[9468, -1, -1], [9469, -1, -1], [9470, -1, -1], [9471, -1, -1], [9472, -1, -1], [9473, -1, -1], [9474, -1, -1], [9475, -1, -1], [9476, -1, -1], [9477, -1, -1], [9478, -1, -1]]"
1752865924.5675,53.99995329976082,12805.821098962591,12805.821390033201,12816.461689343783,15865.460891638904,"[[9479, -1, -1], [9480, -1, -1], [9481, -1, -1], [9482, -1, -1], [9483, -1, -1], [9484, -1, -1], [9485, -1, -1], [9486, -1, -1], [9487, -1, -1], [9488, -1, -1], [9489, -1, -1]]"
1752865924.6755,55.999953627586365,12805.821132105844,12805.821390033201,12816.461689343783,15865.460891638904,"[[9490, 1, 13476], [9490, 1, 13664], [9490, 1, 13757], [9490, -1, -1], [9491, -1, -1], [9492, -1, -1], [9493, -1, -1], [9494, -1, -1], [9495, -1, -1], [9496, -1, -1], [9497, -1, -1], [9498, -1, -1], [9499, -1, -1], [9500, -1, -1]]"
1752865924.7845,57.99995395541191,12805.821132105844,12805.821389434159,12816.461683842013,15865.460891638904,"[[9501, -1, -1], [9502, -1, -1], [9503, -1, -1], [9504, -1, -1], [9505, -1, -1], [9506, -1, -1], [9507, -1, -1], [9508, -1, -1], [9509, -1, -1], [9510, -1, -1], [9511, -1, -1]]"
1752865924.8945,59.99995428323746,12805.821143496603,12805.821389434159,12816.461688822998,15865.460891638904,"[[9512, -1, -1], [9513, -1, -1], [9514, -1, -1], [9515, -1, -1], [9516, -1, -1], [9517, -1, -1], [9518, -1, -1], [9519, -1, -1], [9520, -1, -1], [9521, -1, -1], [9522, -1, -1]]"
1752865925.0035,61.999950885772705,12805.821143496603,12805.82139777167,12816.461688822998,15865.460891638904,"[[9523, -1, -1], [9524, -1, -1], [9525, -1, -1], [9526, -1, -1], [9527, -1, -1], [9528, -1, -1], [9529, -1, -1], [9530, -1, -1], [9531, -1, -1], [9532, -1, -1], [9533, -1, -1]]"
1752865925.1135,63.99994748830795,12805.821205452576,12805.82139777167,12816.46168518785,15865.460891638904,"[[9534, -1, -1], [9535, -1, -1], [9536, -1, -1], [9537, -1, -1], [9538, -1, -1], [9539, -1, -1], [9540, -1, -1], [9541, -1, -1], [9542, -1, -1], [9543, -1, -1], [9544, -1, -1]]"
1752865925.2235,65.9999440908432,12805.821205452576,12805.82140404652,12816.46168518785,15865.460891638904,"[[9545, -1, -1], [9546, -1, -1], [9547, -1, -1], [9548, -1, -1], [9549, -1, -1], [9550, -1, -1], [9551, -1, -1], [9552, -1, -1], [9553, -1, -1], [9554, -1, -1], [9555, -1, -1]]"
1752865925.332,67.99994069337845,12805.821146165226,12805.82140404652,12816.461687802439,15865.460891638904,"[[9556, -1, -1], [9557, -1, -1], [9558, -1, -1], [9559, -1, -1], [9560, -1, -1], [9561, -1, -1], [9562, -1, -1], [9563, -1, -1], [9564, -1, -1], [9565, -1, -1]]"
1752865925.4425,69.9999372959137,12805.821098771068,12805.821388051547,12816.461687802439,15865.460891638904,"[[9567, 1, 9962], [9567, 1, 9998], [9567, 1, 10194], [9567, -1, -1], [9568, -1, -1], [9569, -1, -1], [9570, -1, -1], [9571, -1, -1], [9572, -1, -1], [9573, -1, -1], [9574, -1, -1], [9575, 1, 9282], [9575, 1, 9466], [9575, -1, -1], [9576, -1, -1], [9577, -1, -1]]"
1752865925.5519,71.99993389844894,12805.821098771068,12805.821388051547,12816.46168506133,15865.460891638904,"[[9578, -1, -1], [9579, -1, -1], [9580, -1, -1], [9581, -1, -1], [9582, -1, -1], [9583, -1, -1], [9584, -1, -1], [9585, -1, -1], [9586, -1, -1], [9587, 1, 10412], [9587, 1, 10612], [9587, -1, -1]]"
1752865925.6609,73.99993050098419,12805.821120951032,12805.821390745952,12816.46168506133,15865.460891638904,"[[9589, -1, -1], [9590, -1, -1], [9591, -1, -1], [9592, -1, -1], [9593, 1, 9615], [9593, 1, 9649], [9593, 1, 9845], [9593, -1, -1], [9594, -1, -1], [9595, -1, -1], [9596, -1, -1], [9597, -1, -1], [9598, -1, -1]]"
1752865925.7705,75.99992710351944,12805.821120951032,12805.821390745952,12816.461683330412,15865.460891638904,"[[9600, -1, -1], [9601, -1, -1], [9602, -1, -1], [9603, -1, -1], [9604, -1, -1], [9605, -1, -1], [9606, -1, -1], [9607, -1, -1], [9608, -1, -1], [9609, -1, -1]]"
1752865925.8809,77.99992370605469,12805.821174672961,12805.821391700954,12816.461683330412,15865.460891638904,"[[9610, -1, -1], [9611, -1, -1], [9612, -1, -1], [9613, -1, -1], [9614, -1, -1], [9615, -1, -1], [9616, -1, -1], [9617, -1, -1], [9618, -1, -1], [9619, -1, -1], [9620, -1, -1]]"
1752865925.9905,79.99992030858994,12805.821174672961,12805.821391700954,12816.461685514963,15865.460891638904,"[[9622, -1, -1], [9623, -1, -1], [9624, -1, -1], [9625, -1, -1], [9626, 1, 11468], [9626, 1, 11503], [9626, 1, 11699], [9626, -1, -1], [9627, -1, -1], [9628, -1, -1], [9629, -1, -1], [9630, -1, -1], [9631, -1, -1]]"
1752865926.099,81.99991691112518,12805.82117810369,12805.82139661822,12816.461685514963,15865.460891638904,"[[9632, -1, -1], [9633, -1, -1], [9634, -1, -1], [9635, -1, -1], [9636, -1, -1], [9637, -1, -1], [9638, -1, -1], [9639, -1, -1], [9640, -1, -1], [9641, 1, 9915], [9641, 1, 10102], [9641, -1, -1], [9642, -1, -1]]"
1752865926.2095,83.99991351366043,12805.82117810369,12805.821402618369,12816.461683519465,15865.460891638904,"[[9643, -1, -1], [9644, -1, -1], [9645, -1, -1], [9646, -1, -1], [9647, -1, -1], [9648, -1, -1], [9649, -1, -1], [9650, -1, -1], [9651, -1, -1], [9652, -1, -1], [9653, -1, -1]]"
1752865926.3195,85.99991011619568,12805.821170802637,12805.821402618369,12816.461683519465,15865.460891638904,"[[9654, -1, -1], [9655, -1, -1], [9656, -1, -1], [9657, -1, -1], [9658, -1, -1], [9659, -1, -1], [9660, -1, -1], [9661, -1, -1], [9662, -1, -1], [9663, -1, -1], [9664, -1, -1]]"
1752865926.4305,87.99990671873093,12805.821170802637,12805.821384069945,12816.461684895745,15865.460891638904,"[[9665, -1, -1], [9666, -1, -1], [9667, -1, -1], [9668, -1, -1], [9669, -1, -1], [9670, -1, -1], [9671, -1, -1], [9672, -1, -1], [9673, -1, -1], [9674, -1, -1], [9675, -1, -1]]"
1752865926.5495,89.99990332126617,12805.821125850038,12805.821384069945,12816.46168636084,15865.460891638904,"[[9676, -1, -1], [9677, 1, 10490], [9677, 1, 10689], [9677, 1, 10932], [9677, -1, -1], [9678, -1, -1], [9679, -1, -1], [9680, -1, -1], [9681, -1, -1], [9682, -1, -1], [9683, -1, -1], [9684, -1, -1], [9685, -1, -1], [9686, -1, -1], [9687, -1, -1]]"
1752865926.6585,91.99989992380142,12805.821125850038,12805.821390188967,12816.46168636084,15865.460891638904,"[[9688, -1, -1], [9689, -1, -1], [9690, -1, -1], [9691, -1, -1], [9692, -1, -1], [9693, 1, 10567], [9693, 1, 10602], [9693, 1, 10797], [9693, 1, 10886], [9693, -1, -1], [9694, -1, -1], [9695, -1, -1], [9696, -1, -1], [9697, -1, -1], [9698, 1, 11411], [9698, 1, 11487], [9698, 1, 11642], [9698, 1, 11671], [9698, 1, 11897], [9698, -1, -1]]"
1752865926.7685,93.99989652633667,12805.82109387518,12805.821390188967,12816.461682303154,15865.460891638904,"[[9699, -1, -1], [9700, -1, -1], [9701, -1, -1], [9702, -1, -1], [9703, -1, -1], [9704, -1, -1], [9705, -1, -1], [9706, -1, -1], [9707, -1, -1], [9708, -1, -1], [9709, -1, -1]]"
1752865926.8785,95.99989312887192,12805.82109387518,12805.821387485163,12816.461682303154,15865.460891638904,"[[9710, -1, -1], [9711, -1, -1], [9712, -1, -1], [9713, -1, -1], [9714, -1, -1], [9715, -1, -1], [9716, -1, -1], [9717, -1, -1], [9718, -1, -1], [9719, -1, -1], [9720, -1, -1]]"
1752865926.9885,97.99988973140717,12805.821122790887,12805.821387485163,12816.461681234647,15865.460891638904,"[[9721, -1, -1], [9722, -1, -1], [9723, 1, 7002], [9723, 1, 7040], [9723, 1, 7232], [9723, -1, -1], [9724, -1, -1], [9725, -1, -1], [9726, -1, -1], [9727, -1, -1], [9728, -1, -1], [9729, -1, -1], [9730, -1, -1], [9731, -1, -1]]"
1752865927.1085,-152.00000596046448,12805.82117735466,12805.82138779289,12816.461681234647,15865.460891638904,"[[9733, -1, -1], [9734, -1, -1], [9735, -1, -1], [9736, 1, 9615], [9736, 1, 9819], [9736, -1, -1], [9737, -1, -1], [9738, -1, -1], [9739, -1, -1], [9740, -1, -1], [9741, -1, -1], [9742, -1, -1], [9743, -1, -1]]"
1752865927.2185,-150.00000190734863,12805.82117735466,12805.821381114127,12816.461684961516,15865.460891638904,"[[9744, -1, -1], [9745, -1, -1], [9746, -1, -1], [9747, -1, -1], [9748, -1, -1], [9749, 1, 10581], [9749, 1, 10616], [9749, 1, 10812], [9749, 1, 10971], [9749, 1, 11114], [9749, -1, -1], [9750, -1, -1], [9751, -1, -1], [9752, -1, -1], [9753, -1, -1], [9754, -1, -1]]"
1752865927.3285,-147.9999978542328,12805.821175933175,12805.821381114127,12816.461684961516,15865.460891638904,"[[9755, -1, -1], [9756, -1, -1], [9757, 1, 9800], [9757, 1, 10003], [9757, -1, -1], [9758, -1, -1], [9759, -1, -1], [9760, -1, -1], [9761, -1, -1], [9762, -1, -1], [9763, -1, -1], [9764, 1, 11822], [9764, 1, 11864], [9764, 1, 12056], [9764, 1, 12236], [9764, -1, -1], [9765, -1, -1]]"
1752865927.4385,-145.99999380111694,12805.821175933175,12805.821375395315,12816.461688930769,15865.460891638904,"[[9766, -1, -1], [9767, -1, -1], [9768, -1, -1], [9769, -1, -1], [9770, -1, -1], [9771, -1, -1], [9772, -1, -1], [9773, -1, -1], [9774, 1, 15102], [9774, 1, 15286], [9774, -1, -1], [9775, -1, -1], [9776, -1, -1]]"
1752865927.5485,-143.9999897480011,12805.821138346784,12805.821375395315,12816.461680446138,15865.460891638904,"[[9777, -1, -1], [9778, -1, -1], [9779, -1, -1], [9780, -1, -1], [9781, -1, -1], [9782, -1, -1], [9783, -1, -1], [9784, -1, -1], [9785, -1, -1], [9786, -1, -1], [9787, -1, -1]]"
1752865927.6585,-141.99998569488525,12805.821138346784,12805.821383546148,12816.461680446138,15865.460891638904,"[[9788, -1, -1], [9789, -1, -1], [9790, -1, -1], [9791, -1, -1], [9792, -1, -1], [9793, -1, -1], [9794, -1, -1], [9795, -1, -1], [9796, -1, -1], [9797, -1, -1], [9798, -1, -1]]"
1752865927.7675,-139.9999816417694,12805.821104647912,12805.821383546148,12816.461684857317,15865.460891638904,"[[9799, -1, -1], [9800, -1, -1], [9801, -1, -1], [9802, -1, -1], [9803, -1, -1], [9804, -1, -1], [9805, -1, -1], [9806, -1, -1], [9807, -1, -1], [9808, -1, -1], [9809, -1, -1]]"
1752865927.8775,-137.99997758865356,12805.821104647912,12805.821384307932,12816.461684857317,15865.460891638904,"[[9810, -1, -1], [9811, -1, -1], [9812, -1, -1], [9813, -1, -1], [9814, -1, -1], [9815, -1, -1], [9816, -1, -1], [9817, -1, -1], [9818, -1, -1], [9819, -1, -1], [9820, -1, -1]]"
1752865927.9875,-135.99997353553772,12805.82107133657,12805.821384307932,12816.461687416713,15865.460891638904,"[[9821, -1, -1], [9822, -1, -1], [9823, -1, -1], [9824, -1, -1], [9825, -1, -1], [9826, -1, -1], [9827, -1, -1], [9828, -1, -1], [9829, -1, -1], [9830, -1, -1], [9831, -1, -1]]"
1752865928.0975,-133.99996948242188,12805.821154726504,12805.82137560198,12816.461687416713,15865.460891638904,"[[9832, -1, -1], [9833, -1, -1], [9834, -1, -1], [9835, -1, -1], [9836, 1, 11636], [9836, -1, -1], [9837, -1, -1], [9838, -1, -1], [9839, -1, -1], [9840, -1, -1], [9841, -1, -1], [9842, -1, -1]]"
1752865928.2065,-131.99996542930603,12805.821154726504,12805.82137560198,12816.461684701231,15865.460891638904,"[[9843, -1, -1], [9844, -1, -1], [9845, -1, -1], [9846, -1, -1], [9847, -1, -1], [9848, -1, -1], [9849, -1, -1], [9850, -1, -1], [9851, -1, -1], [9852, 1, 10109], [9852, 1, 10312], [9852, 1, 10596], [9852, 1, 11052], [9852, -1, -1], [9853, -1, -1]]"
1752865928.3155,-129.99996137619019,12805.821157147066,12805.821374735957,12816.461684701231,15865.460891638904,"[[9854, -1, -1], [9855, -1, -1], [9856, 1, 13132], [9856, 1, 13318], [9856, -1, -1], [9857, -1, -1], [9858, -1, -1], [9859, -1, -1], [9860, -1, -1], [9861, -1, -1], [9862, -1, -1], [9863, 1, 12629], [9863, 1, 12828], [9863, -1, -1], [9864, -1, -1]]"
1752865928.4245,-127.99995732307434,12805.821157147066,12805.821374735957,12816.461692333369,15865.460891638904,"[[9865, -1, -1], [9866, -1, -1], [9867, -1, -1], [9868, -1, -1], [9869, -1, -1], [9870, -1, -1], [9871, -1, -1], [9872, -1, -1], [9873, -1, -1], [9874, -1, -1], [9875, -1, -1]]"
1752865928.5335,-125.9999607205391,12805.821148754061,12805.821368880845,12816.461692333369,15865.460891638904,"[[9876, -1, -1], [9877, -1, -1], [9878, -1, -1], [9879, -1, -1], [9880, 1, 229071], [9880, 1, 229254], [9880, -1, -1], [9881, -1, -1], [9882, -1, -1], [9883, -1, -1], [9884, -1, -1], [9885, -1, -1], [9886, -1, -1]]"
1752865928.6425,-123.99996411800385,12805.821148754061,12805.821368880845,12816.461685053227,15865.460891638904,"[[9887, -1, -1], [9888, -1, -1], [9889, -1, -1], [9890, -1, -1], [9891, -1, -1], [9892, -1, -1], [9893, -1, -1], [9894, -1, -1], [9895, -1, -1], [9896, -1, -1], [9897, -1, -1]]"
1752865928.7525,-121.9999675154686,12805.821113546295,12805.821377171387,12816.461685053227,15865.460891638904,"[[9898, -1, -1], [9899, -1, -1], [9900, 1, 11331], [9900, 1, 11530], [9900, -1, -1], [9901, -1, -1], [9902, 1, 12085], [9902, 1, 12272], [9902, -1, -1], [9903, -1, -1], [9904, -1, -1], [9905, -1, -1], [9906, -1, -1], [9907, -1, -1], [9908, -1, -1]]"
1752865928.8619,-119.99997091293335,12805.821113546295,12805.821366521819,12816.46168248421,15865.460891638904,"[[9909, -1, -1], [9910, -1, -1], [9911, -1, -1], [9912, -1, -1], [9913, -1, -1], [9914, 1, 10178], [9914, 1, 10365], [9914, -1, -1], [9915, -1, -1], [9916, -1, -1], [9917, -1, -1], [9918, -1, -1]]"
1752865928.9725,-117.9999743103981,12805.82109728002,12805.821366521819,12816.46168248421,15865.460891638904,"[[9920, -1, -1], [9921, -1, -1], [9922, -1, -1], [9923, -1, -1], [9924, -1, -1], [9925, -1, -1], [9926, -1, -1], [9927, -1, -1], [9928, -1, -1], [9929, -1, -1], [9930, -1, -1]]"
1752865929.0819,-115.99997770786285,12805.82109728002,12805.821368840448,12816.461682555679,15865.460891638904,"[[9931, -1, -1], [9932, -1, -1], [9933, -1, -1], [9934, -1, -1], [9935, -1, -1], [9936, -1, -1], [9937, -1, -1], [9938, -1, -1], [9939, -1, -1], [9940, -1, -1]]"
1752865929.1909,-113.9999811053276,12805.821136417875,12805.821368840448,12816.461682555679,15865.460891638904,"[[9942, -1, -1], [9943, -1, -1], [9944, -1, -1], [9945, -1, -1], [9946, 1, 10343], [9946, 1, 10548], [9946, -1, -1], [9947, -1, -1], [9948, -1, -1], [9949, -1, -1], [9950, -1, -1], [9951, -1, -1]]"
1752865929.301,-111.99998450279236,12805.821136417875,12805.821373891155,12816.46168930325,15865.460891638904,"[[9953, -1, -1], [9954, -1, -1], [9955, -1, -1], [9956, -1, -1], [9957, -1, -1], [9958, -1, -1], [9959, -1, -1], [9960, -1, -1], [9961, -1, -1], [9962, -1, -1]]"
1752865929.4119,-109.99998790025711,12805.821181913307,12805.821373891155,12816.46168754049,15865.460891638904,"[[9964, -1, -1], [9965, -1, -1], [9966, -1, -1], [9967, -1, -1], [9968, -1, -1], [9969, 1, 9317], [9969, 1, 9516], [9969, -1, -1], [9970, -1, -1], [9971, -1, -1], [9972, -1, -1], [9973, -1, -1]]"
1752865929.522,-107.99999129772186,12805.821181913307,12805.821379064,12816.46168754049,15865.460891638904,"[[9975, -1, -1], [9976, -1, -1], [9977, -1, -1], [9978, -1, -1], [9979, -1, -1], [9980, 1, 10094], [9980, 1, 10282], [9980, 1, 10438], [9980, -1, -1], [9981, -1, -1], [9982, -1, -1], [9983, -1, -1], [9984, -1, -1]]"
1752865929.6319,-105.99999469518661,12805.821183141767,12805.821379064,12816.46168722359,15865.460891638904,"[[9986, -1, -1], [9987, -1, -1], [9988, -1, -1], [9989, -1, -1], [9990, -1, -1], [9991, -1, -1], [9992, -1, -1], [9993, -1, -1], [9994, -1, -1], [9995, -1, -1]]"
1752865929.7409,-103.99999809265137,12805.821132292649,12805.821378114744,12816.46168722359,15865.460891638904,"[[9997, -1, -1], [9998, -1, -1], [9999, 1, 10080], [9999, 1, 10279], [9999, -1, -1], [10000, -1, -1], [10001, -1, -1], [10002, -1, -1], [10003, -1, -1], [10004, -1, -1], [10005, -1, -1], [10006, -1, -1]]"
1752865929.8505,-102.00000149011612,12805.821132292649,12805.821378114744,12816.461686668532,15865.460891638904,"[[10008, -1, -1], [10009, -1, -1], [10010, -1, -1], [10011, 1, 13409], [10011, 1, 13458], [10011, 1, 13612], [10011, 1, 13643], [10011, 1, 13832], [10011, -1, -1], [10012, -1, -1], [10013, -1, -1], [10014, -1, -1], [10015, -1, -1], [10016, -1, -1], [10017, -1, -1]]"
1752865929.961,-100.00000488758087,12805.8210973077,12805.8213843817,12816.461686668532,15865.460891638904,"[[10018, -1, -1], [10019, -1, -1], [10020, -1, -1], [10021, -1, -1], [10022, -1, -1], [10023, 1, 8781], [10023, 1, 8969], [10023, 1, 9340], [10023, -1, -1], [10024, -1, -1], [10025, -1, -1], [10026, -1, -1], [10027, 1, 9212], [10027, 1, 9397], [10027, -1, -1], [10028, 1, 10718], [10028, 1, 10917], [10028, -1, -1]]"
1752865930.0709,-98.00000828504562,12805.8210973077,12805.8213843817,12816.461687712566,15865.460891638904,"[[10030, 1, 209456], [10030, -1, -1], [10031, -1, -1], [10032, -1, -1], [10033, -1, -1], [10034, 1, 14773], [10034, 1, 14957], [10034, -1, -1], [10035, -1, -1], [10036, -1, -1], [10037, -1, -1], [10038, -1, -1], [10039, -1, -1]]"
1752865930.1805,-96.00001168251038,12805.821122316396,12805.821410066696,12816.461687712566,15865.460891638904,"[[10041, -1, -1], [10042, -1, -1], [10043, -1, -1], [10044, -1, -1], [10045, -1, -1], [10046, -1, -1], [10047, -1, -1], [10048, -1, -1], [10049, -1, -1], [10050, -1, -1]]"
1752865930.2895,-94.00001507997513,12805.821122316396,12805.821405108103,12816.461686347242,15865.460891638904,"[[10051, -1, -1], [10052, -1, -1], [10053, -1, -1], [10054, -1, -1], [10055, -1, -1], [10056, -1, -1], [10057, -1, -1], [10058, -1, -1], [10059, -1, -1], [10060, -1, -1], [10061, -1, -1]]"
1752865930.3985,-92.00001847743988,12805.821181345624,12805.821405108103,12816.461686347242,15865.460891638904,"[[10062, -1, -1], [10063, -1, -1], [10064, -1, -1], [10065, -1, -1], [10066, -1, -1], [10067, -1, -1], [10068, -1, -1], [10069, -1, -1], [10070, -1, -1], [10071, -1, -1], [10072, -1, -1]]"
1752865930.5085,-90.00002187490463,12805.821181345624,12805.821402284631,12816.461678909236,15865.460891638904,"[[10073, -1, -1], [10074, -1, -1], [10075, -1, -1], [10076, 1, 10153], [10076, 1, 10336], [10076, -1, -1], [10077, 1, 12191], [10077, 1, 12378], [10077, -1, -1], [10078, -1, -1], [10079, -1, -1], [10080, -1, -1], [10081, -1, -1], [10082, 1, 11738], [10082, -1, -1], [10083, -1, -1]]"
1752865930.6185,-88.00002527236938,12805.821224863528,12805.821402284631,12816.461678909236,15865.460891638904,"[[10084, -1, -1], [10085, -1, -1], [10086, -1, -1], [10087, -1, -1], [10088, 1, 12459], [10088, 1, 12646], [10088, -1, -1], [10089, -1, -1], [10090, -1, -1], [10091, -1, -1], [10092, -1, -1], [10093, -1, -1], [10094, -1, -1]]"
1752865930.7275,-86.00002866983414,12805.821224863528,12805.821396861584,12816.461690302529,15865.460891638904,"[[10095, -1, -1], [10096, -1, -1], [10097, 1, 10055], [10097, 1, 10242], [10097, 1, 10321], [10097, -1, -1], [10098, -1, -1], [10099, -1, -1], [10100, -1, -1], [10101, -1, -1], [10102, -1, -1], [10103, -1, -1], [10104, -1, -1], [10105, -1, -1]]"
1752865930.8385,-84.00003206729889,12805.82117760357,12805.821396861584,12816.461690302529,15865.460891638904,"[[10106, -1, -1], [10107, -1, -1], [10108, -1, -1], [10109, -1, -1], [10110, -1, -1], [10111, -1, -1], [10112, -1, -1], [10113, -1, -1], [10114, -1, -1], [10115, -1, -1], [10116, -1, -1]]"
1752865930.9485,-82.00003546476364,12805.82117760357,12805.821398320604,12816.461689579182,15865.460891638904,"[[10117, -1, -1], [10118, -1, -1], [10119, -1, -1], [10120, -1, -1], [10121, -1, -1], [10122, -1, -1], [10123, -1, -1], [10124, -1, -1], [10125, -1, -1], [10126, -1, -1], [10127, -1, -1]]"
1752865931.0585,-80.0000388622284,12805.821120267958,12805.821398320604,12816.461690226562,15865.460891638904,"[[10128, -1, -1], [10129, -1, -1], [10130, -1, -1], [10131, -1, -1], [10132, -1, -1], [10133, -1, -1], [10134, -1, -1], [10135, -1, -1], [10136, -1, -1], [10137, -1, -1], [10138, -1, -1]]"
1752865931.1675,-78.00004225969315,12805.821120267958,12805.821405604438,12816.461690226562,15865.460891638904,"[[10139, -1, -1], [10140, -1, -1], [10141, -1, -1], [10142, -1, -1], [10143, -1, -1], [10144, -1, -1], [10145, -1, -1], [10146, -1, -1], [10147, -1, -1], [10148, -1, -1], [10149, 1, 180828], [10149, 1, 181031], [10149, -1, -1]]"
1752865931.2775,-76.0000456571579,12805.821114684344,12805.821405604438,12816.461678855272,15865.460891638904,"[[10150, -1, -1], [10151, -1, -1], [10152, -1, -1], [10153, -1, -1], [10154, 1, 10549], [10154, 1, 10748], [10154, -1, -1], [10155, -1, -1], [10156, -1, -1], [10157, -1, -1], [10158, -1, -1], [10159, -1, -1], [10160, -1, -1]]"
1752865931.3865,-74.00004905462265,12805.821114684344,12805.821397515158,12816.461678855272,15865.460891638904,"[[10161, -1, -1], [10162, 1, 12379], [10162, 1, 12567], [10162, -1, -1], [10163, -1, -1], [10164, -1, -1], [10165, -1, -1], [10166, -1, -1], [10167, -1, -1], [10168, -1, -1], [10169, -1, -1], [10170, -1, -1], [10171, -1, -1]]"
1752865931.4965,-72.0000524520874,12805.821147120687,12805.821397515158,12816.461681369597,15865.460891638904,"[[10172, -1, -1], [10173, -1, -1], [10174, -1, -1], [10175, -1, -1], [10176, -1, -1], [10177, -1, -1], [10178, -1, -1], [10179, -1, -1], [10180, -1, -1], [10181, -1, -1], [10182, -1, -1]]"
1752865931.6056,-70.00005584955215,12805.821183834196,12805.821396148858,12816.461681369597,15865.460891638904,"[[10183, -1, -1], [10184, -1, -1], [10185, -1, -1], [10186, -1, -1], [10187, -1, -1], [10188, -1, -1], [10189, -1, -1], [10190, -1, -1], [10191, -1, -1], [10192, -1, -1], [10193, -1, -1]]"
1752865931.7145,-68.0000592470169,12805.821183834196,12805.821396148858,12816.46168868585,15865.460891638904,"[[10194, -1, -1], [10195, -1, -1], [10196, -1, -1], [10197, -1, -1], [10198, 1, 58423], [10198, -1, -1], [10199, -1, -1], [10200, -1, -1], [10201, 1, 12811], [10201, 1, 13010], [10201, -1, -1], [10202, 1, 10643], [10202, 1, 10843], [10202, -1, -1], [10203, -1, -1], [10204, -1, -1]]"
1752865931.8235,-66.00006264448166,12805.821178659102,12805.821405371602,12816.46168868585,15865.460891638904,"[[10205, -1, -1], [10206, -1, -1], [10207, -1, -1], [10208, -1, -1], [10209, -1, -1], [10210, 1, 11725], [10210, 1, 11760], [10210, 1, 11955], [10210, 1, 12481], [10210, -1, -1], [10211, -1, -1], [10212, -1, -1], [10213, -1, -1], [10214, -1, -1], [10215, -1, -1]]"
1752865931.9345,-64.00006231665611,12805.821178659102,12805.821405371602,12816.461684833392,15865.460891638904,"[[10216, -1, -1], [10217, -1, -1], [10218, -1, -1], [10219, -1, -1], [10220, -1, -1], [10221, -1, -1], [10222, -1, -1], [10223, 1, 11185], [10223, 1, 11384], [10223, 1, 11541], [10223, -1, -1], [10224, -1, -1], [10225, -1, -1], [10226, -1, -1]]"
1752865932.0435,-62.000061988830566,12805.82110558517,12805.821401174986,12816.461684833392,15865.460891638904,"[[10227, -1, -1], [10228, 1, 11624], [10228, 1, 11658], [10228, 1, 11854], [10228, 1, 12143], [10228, -1, -1], [10229, -1, -1], [10230, -1, -1], [10231, -1, -1], [10232, -1, -1], [10233, -1, -1], [10234, -1, -1], [10235, -1, -1], [10236, -1, -1], [10237, -1, -1]]"
1752865932.1525,-60.00006166100502,12805.82110558517,12805.821401174986,12816.461682175235,15865.460891638904,"[[10238, -1, -1], [10239, -1, -1], [10240, -1, -1], [10241, -1, -1], [10242, -1, -1], [10243, -1, -1], [10244, -1, -1], [10245, -1, -1], [10246, -1, -1], [10247, -1, -1], [10248, -1, -1]]"
1752865932.2625,-58.000061333179474,12805.821104654377,12805.82139458912,12816.461682175235,15865.460891638904,"[[10249, 1, 12594], [10249, -1, -1], [10250, -1, -1], [10251, -1, -1], [10252, 1, 11790], [10252, 1, 11990], [10252, -1, -1], [10253, -1, -1], [10254, -1, -1], [10255, -1, -1], [10256, -1, -1], [10257, -1, -1], [10258, -1, -1], [10259, -1, -1]]"
1752865932.3709,-56.00006100535393,12805.821104654377,12805.82140591094,12816.461689682143,15865.460891638904,"[[10260, -1, -1], [10261, -1, -1], [10262, -1, -1], [10263, -1, -1], [10264, 1, 11075], [10264, 1, 11260], [10264, 1, 11969], [10264, -1, -1], [10265, -1, -1], [10266, -1, -1], [10267, -1, -1], [10268, -1, -1], [10269, -1, -1]]"
1752865932.4819,-54.00006067752838,12805.821135043281,12805.82140591094,12816.461689682143,15865.460891638904,"[[10271, -1, -1], [10272, -1, -1], [10273, -1, -1], [10274, -1, -1], [10275, -1, -1], [10276, -1, -1], [10277, -1, -1], [10278, -1, -1], [10279, -1, -1], [10280, 1, 14710], [10280, 1, 14909], [10280, -1, -1]]"
1752865932.5909,-52.000060349702835,12805.821135043281,12805.821405055221,12816.461681576746,15865.460891638904,"[[10282, -1, -1], [10283, 1, 9866], [10283, 1, 10050], [10283, -1, -1], [10284, -1, -1], [10285, -1, -1], [10286, -1, -1], [10287, 1, 11383], [10287, 1, 11414], [10287, 1, 11617], [10287, 1, 11826], [10287, -1, -1], [10288, -1, -1], [10289, -1, -1], [10290, -1, -1], [10291, -1, -1]]"
1752865932.7005,-50.00006002187729,12805.821180058674,12805.821405055221,12816.461681576746,15865.460891638904,"[[10293, -1, -1], [10294, -1, -1], [10295, -1, -1], [10296, -1, -1], [10297, -1, -1], [10298, 1, 10177], [10298, 1, 10364], [10298, -1, -1], [10299, -1, -1], [10300, -1, -1], [10301, -1, -1], [10302, 1, 12129], [10302, 1, 12333], [10302, -1, -1]]"
1752865932.8105,-48.00005969405174,12805.821180058674,12805.82140877973,12816.461687471541,15865.460891638904,"[[10303, -1, -1], [10304, -1, -1], [10305, -1, -1], [10306, -1, -1], [10307, -1, -1], [10308, -1, -1], [10309, -1, -1], [10310, -1, -1], [10311, -1, -1], [10312, 1, 10115], [10312, 1, 10299], [10312, -1, -1], [10313, -1, -1]]"
1752865932.9195,-46.000059366226196,12805.821234589965,12805.82140877973,12816.461687471541,15865.460891638904,"[[10314, -1, -1], [10315, 1, 11537], [10315, -1, -1], [10316, -1, -1], [10317, 1, 11337], [10317, 1, 11540], [10317, -1, -1], [10318, 1, 11609], [10318, 1, 11812], [10318, -1, -1], [10319, -1, -1], [10320, 1, 11336], [10320, 1, 11523], [10320, 1, 11975], [10320, -1, -1], [10321, 1, 11184], [10321, 1, 11371], [10321, -1, -1], [10322, -1, -1], [10323, -1, -1], [10324, -1, -1]]"
1752865933.0305,-44.00005903840065,12805.821234589965,12805.821409397351,12816.46168628309,15865.460891638904,"[[10325, -1, -1], [10326, -1, -1], [10327, -1, -1], [10328, -1, -1], [10329, -1, -1], [10330, -1, -1], [10331, -1, -1], [10332, -1, -1], [10333, -1, -1], [10334, -1, -1], [10335, -1, -1]]"
1752865933.1405,-42.000058710575104,12805.821162936605,12805.821409397351,12816.46168628309,15865.460891638904,"[[10336, -1, -1], [10337, 1, 9354], [10337, 1, 9516], [10337, 1, 9588], [10337, -1, -1], [10338, -1, -1], [10339, -1, -1], [10340, -1, -1], [10341, -1, -1], [10342, 1, 11213], [10342, 1, 11398], [10342, 1, 11771], [10342, 1, 12430], [10342, -1, -1], [10343, -1, -1], [10344, 1, 10430], [10344, 1, 10464], [10344, 1, 10660], [10344, 1, 10792], [10344, 1, 11088], [10344, 1, 11291], [10344, -1, -1], [10345, -1, -1], [10346, -1, -1]]"
1752865933.2505,-40.00005838274956,12805.821162936605,12805.821413594575,12816.461686491804,15865.460891638904,"[[10347, 1, 11692], [10347, 1, 11892], [10347, 1, 12130], [10347, -1, -1], [10348, -1, -1], [10349, -1, -1], [10350, -1, -1], [10351, -1, -1], [10352, -1, -1], [10353, -1, -1], [10354, 1, 9581], [10354, 1, 9768], [10354, -1, -1], [10355, -1, -1], [10356, -1, -1], [10357, 1, 12990], [10357, 1, 13193], [10357, -1, -1]]"
1752865933.3595,-38.00005805492401,12805.821130510558,12805.821413594575,12816.461686491804,15865.460891638904,"[[10358, -1, -1], [10359, -1, -1], [10360, -1, -1], [10361, -1, -1], [10362, -1, -1], [10363, 1, 9879], [10363, 1, 9912], [10363, 1, 10110], [10363, 1, 10556], [10363, -1, -1], [10364, -1, -1], [10365, -1, -1], [10366, -1, -1], [10367, 1, 9150], [10367, 1, 9178], [10367, 1, 9381], [10367, 1, 9699], [10367, -1, -1], [10368, 1, 11408], [10368, 1, 11454], [10368, 1, 11638], [10368, -1, -1]]"
1752865933.4695,-36.000057727098465,12805.821130510558,12805.821407581761,12816.461688432022,15865.460891638904,"[[10369, 1, 10285], [10369, 1, 10315], [10369, 1, 10515], [10369, 1, 10817], [10369, -1, -1], [10370, 1, 12507], [10370, 1, 12710], [10370, 1, 13243], [10370, -1, -1], [10371, -1, -1], [10372, 1, 9463], [10372, 1, 9666], [10372, 1, 10170], [10372, -1, -1], [10373, -1, -1], [10374, 1, 9204], [10374, 1, 9407], [10374, -1, -1], [10375, 1, 14794], [10375, 1, 14834], [10375, 1, 15024], [10375, -1, -1], [10376, -1, -1], [10377, -1, -1], [10378, -1, -1], [10379, 1, 10656], [10379, 1, 10847], [10379, -1, -1]]"
1752865933.5785,-34.00005739927292,12805.821128400823,12805.821407581761,12816.46169261819,15865.460891638904,"[[10380, 1, 9456], [10380, 1, 9638], [10380, -1, -1], [10381, 1, 12030], [10381, 1, 12064], [10381, 1, 12260], [10381, -1, -1], [10382, 1, 10762], [10382, 1, 10945], [10382, 1, 11236], [10382, -1, -1], [10383, -1, -1], [10384, 1, 10337], [10384, 1, 10386], [10384, 1, 10568], [10384, -1, -1], [10385, -1, -1], [10386, -1, -1], [10387, 1, 11777], [10387, 1, 11976], [10387, -1, -1], [10388, 1, 9976], [10388, 1, 10161], [10388, -1, -1], [10389, -1, -1], [10390, -1, -1]]"
1752865933.6875,-32.00005707144737,12805.821128400823,12805.821408376318,12816.46169261819,15865.460891638904,"[[10391, 1, 11011], [10391, 1, 11046], [10391, 1, 11241], [10391, -1, -1], [10392, -1, -1], [10393, 1, 10205], [10393, 1, 10389], [10393, -1, -1], [10394, -1, -1], [10395, -1, -1], [10396, 1, 10985], [10396, 1, 12105], [10396, 1, 12304], [10396, -1, -1], [10397, 1, 12403], [10397, 1, 12591], [10397, 1, 12739], [10397, -1, -1], [10398, -1, -1], [10399, -1, -1], [10400, 1, 10033], [10400, 1, 10067], [10400, 1, 10263], [10400, -1, -1], [10401, -1, -1]]"
1752865933.7965,-30.000056743621826,12805.82118293829,12805.821408376318,12816.461684499825,15865.460891638904,"[[10402, -1, -1], [10403, -1, -1], [10404, -1, -1], [10405, -1, -1], [10406, 1, 14904], [10406, 1, 15091], [10406, -1, -1], [10407, -1, -1], [10408, -1, -1], [10409, 1, 8991], [10409, 1, 9029], [10409, 1, 9221], [10409, -1, -1], [10410, -1, -1], [10411, 1, 12644], [10411, -1, -1], [10412, -1, -1]]"
1752865933.9065,-28.00005641579628,12805.82118293829,12805.821415081547,12816.461684499825,15865.460891638904,"[[10413, -1, -1], [10414, -1, -1], [10415, -1, -1], [10416, 1, 9586], [10416, 1, 9784], [10416, -1, -1], [10417, 1, 9348], [10417, 1, 9386], [10417, 1, 9578], [10417, -1, -1], [10418, -1, -1], [10419, -1, -1], [10420, -1, -1], [10421, -1, -1], [10422, 1, 11630], [10422, 1, 11815], [10422, -1, -1], [10423, -1, -1]]"
1752865934.0165,-26.000056087970734,12805.821216212125,12805.821415081547,12816.461685893177,15865.460891638904,"[[10424, 1, 12173], [10424, 1, 12358], [10424, -1, -1], [10425, -1, -1], [10426, 1, 11421], [10426, 1, 11609], [10426, 1, 11815], [10426, 1, 12503], [10426, 1, 12702], [10426, 1, 13029], [10426, -1, -1], [10427, 1, 11783], [10427, 1, 11818], [10427, 1, 11900], [10427, 1, 12013], [10427, -1, -1], [10428, -1, -1], [10429, -1, -1], [10430, -1, -1], [10431, -1, -1], [10432, -1, -1], [10433, -1, -1], [10434, -1, -1]]"
1752865934.1255,-24.000055760145187,12805.821204295498,12805.821414928863,12816.461685893177,15865.460891638904,"[[10435, -1, -1], [10436, -1, -1], [10437, -1, -1], [10438, -1, -1], [10439, 1, 10578], [10439, 1, 10611], [10439, 1, 10807], [10439, -1, -1], [10440, -1, -1], [10441, -1, -1], [10442, -1, -1], [10443, -1, -1], [10444, -1, -1], [10445, -1, -1]]"
1752865934.2345,-22.00005543231964,12805.821204295498,12805.821414928863,12816.461683154783,15865.460891638904,"[[10446, 1, 10104], [10446, 1, 10288], [10446, -1, -1], [10447, 1, 10574], [10447, 1, 10609], [10447, 1, 10804], [10447, 1, 11237], [10447, 1, 11307], [10447, 1, 11421], [10447, 1, 11514], [10447, -1, -1], [10448, -1, -1], [10449, -1, -1], [10450, -1, -1], [10451, -1, -1], [10452, -1, -1], [10453, -1, -1], [10454, 1, 9904], [10454, 1, 10091], [10454, -1, -1], [10455, -1, -1], [10456, -1, -1]]"
1752865934.3445,-20.000055104494095,12805.821113718084,12805.821411943043,12816.461683154783,15865.460891638904,"[[10457, 1, 11571], [10457, 1, 11773], [10457, -1, -1], [10458, 1, 12012], [10458, 1, 12201], [10458, -1, -1], [10459, 1, 9504], [10459, 1, 9707], [10459, 1, 9852], [10459, 1, 10557], [10459, 1, 10741], [10459, -1, -1], [10460, -1, -1], [10461, -1, -1], [10462, 1, 10304], [10462, 1, 10340], [10462, 1, 10536], [10462, 1, 12274], [10462, 1, 12477], [10462, 1, 12716], [10462, -1, -1], [10463, 1, 11258], [10463, 1, 11457], [10463, 1, 11725], [10463, 1, 11849], [10463, 1, 12042], [10463, -1, -1], [10464, -1, -1], [10465, -1, -1], [10466, -1, -1], [10467, 1, 178444], [10467, 1, 178635], [10467, -1, -1]]"
1752865934.4535,-18.00005477666855,12805.821113718084,12805.821411943043,12816.461692560993,15865.460891638904,"[[10468, 1, 10133], [10468, 1, 10331], [10468, -1, -1], [10469, 1, 10531], [10469, 1, 10716], [10469, 1, 10767], [10469, -1, -1], [10470, 1, 9738], [10470, 1, 9926], [10470, 1, 11947], [10470, 1, 11981], [10470, 1, 12177], [10470, -1, -1], [10471, 1, 10463], [10471, 1, 10651], [10471, -1, -1], [10472, -1, -1], [10473, 1, 9322], [10473, 1, 9525], [10473, -1, -1], [10474, -1, -1], [10475, 1, 10030], [10475, 1, 10233], [10475, -1, -1], [10476, -1, -1], [10477, 1, 10724], [10477, 1, 10759], [10477, 1, 10955], [10477, -1, -1], [10478, -1, -1]]"
1752865934.5635,-16.000054448843002,12805.82110497128,12805.821426374527,12816.461692560993,15865.460891638904,"[[10479, -1, -1], [10480, -1, -1], [10481, 1, 10730], [10481, 1, 10852], [10481, 1, 10929], [10481, 1, 11060], [10481, -1, -1], [10482, 1, 11043], [10482, 1, 11242], [10482, -1, -1], [10483, -1, -1], [10484, -1, -1], [10485, -1, -1], [10486, -1, -1], [10487, 1, 9105], [10487, 1, 9304], [10487, -1, -1], [10488, 1, 12534], [10488, 1, 12733], [10488, 1, 12985], [10488, -1, -1], [10489, 1, 10647], [10489, 1, 10833], [10489, -1, -1]]"
1752865934.6735,-14.000054121017456,12805.82110497128,12805.821428452751,12816.461682882078,15865.460891638904,"[[10490, 1, 11041], [10490, 1, 11244], [10490, 1, 11820], [10490, 1, 11854], [10490, 1, 12051], [10490, -1, -1], [10491, -1, -1], [10492, -1, -1], [10493, -1, -1], [10494, -1, -1], [10495, 1, 11248], [10495, 1, 11427], [10495, -1, -1], [10496, -1, -1], [10497, -1, -1], [10498, 1, 13625], [10498, 1, 13812], [10498, 1, 14231], [10498, 1, 14258], [10498, 1, 14461], [10498, -1, -1], [10499, 1, 10964], [10499, 1, 10998], [10499, 1, 11193], [10499, 1, 13201], [10499, 1, 13385], [10499, -1, -1], [10500, 1, 10107], [10500, 1, 10310], [10500, -1, -1]]"
1752865934.7819,-12.00005379319191,12805.821183788163,12805.821428452751,12816.461682882078,15865.460891638904,"[[10501, -1, -1], [10502, -1, -1], [10503, 1, 10976], [10503, 1, 11160], [10503, 1, 11230], [10503, 1, 11291], [10503, 1, 11490], [10503, 1, 11886], [10503, 1, 12070], [10503, -1, -1], [10504, 1, 10853], [10504, 1, 11039], [10504, 1, 12532], [10504, 1, 12722], [10504, -1, -1], [10505, 1, 10350], [10505, -1, -1], [10506, -1, -1], [10507, -1, -1], [10508, 1, 12566], [10508, 1, 12608], [10508, 1, 12778], [10508, 1, 12906], [10508, 1, 12978], [10508, 1, 13192], [10508, -1, -1], [10509, -1, -1], [10510, 1, 8827], [10510, 1, 9013], [10510, 1, 9295], [10510, 1, 9330], [10510, 1, 9527], [10510, 1, 10735], [10510, -1, -1]]"
1752865934.8919,-10.000053465366364,12805.821183788163,12805.821428374344,12816.461686458784,15865.460891638904,"[[10512, -1, -1], [10513, 1, 10075], [10513, 1, 10278], [10513, -1, -1], [10514, 1, 9606], [10514, 1, 9806], [10514, 1, 10780], [10514, 1, 10980], [10514, 1, 11309], [10514, -1, -1], [10515, 1, 12549], [10515, 1, 12583], [10515, 1, 12780], [10515, 1, 12897], [10515, -1, -1], [10516, 1, 13493], [10516, 1, 13692], [10516, -1, -1], [10517, 1, 11511], [10517, 1, 11710], [10517, 1, 11839], [10517, 1, 12023], [10517, -1, -1], [10518, -1, -1], [10519, 1, 9282], [10519, 1, 9467], [10519, -1, -1], [10520, -1, -1], [10521, 1, 9773], [10521, 1, 9959], [10521, -1, -1]]"
1752865935.0019,-8.000053603202105,12805.8212388225,12805.821428374344,12816.461686458784,15865.460891638904,"[[10523, 1, 11050], [10523, 1, 11088], [10523, 1, 11280], [10523, 1, 12003], [10523, 1, 12203], [10523, -1, -1], [10524, 1, 9890], [10524, 1, 9921], [10524, 1, 10121], [10524, -1, -1], [10525, 1, 10616], [10525, 1, 10815], [10525, -1, -1], [10526, -1, -1], [10527, 1, 10466], [10527, 1, 10651], [10527, 1, 11077], [10527, 1, 11276], [10527, 1, 13609], [10527, 1, 13793], [10527, -1, -1], [10528, 1, 10604], [10528, 1, 10803], [10528, 1, 11446], [10528, 1, 12033], [10528, 1, 12235], [10528, -1, -1], [10529, -1, -1], [10530, 1, 10888], [10530, 1, 11075], [10530, 1, 11445], [10530, 1, 11489], [10530, 1, 11675], [10530, -1, -1], [10531, 1, 13208], [10531, 1, 13243], [10531, 1, 13438], [10531, -1, -1], [10532, 1, 9210], [10532, 1, 9244], [10532, 1, 9439], [10532, -1, -1]]"
1752865935.1109,-6.000053741037846,12805.8212388225,12805.821423699803,12816.461686677681,15865.460891638904,"[[10534, 1, 10871], [10534, 1, 10907], [10534, 1, 11103], [10534, -1, -1], [10535, 1, 10532], [10535, 1, 10718], [10535, -1, -1], [10536, -1, -1], [10537, 1, 10666], [10537, 1, 10851], [10537, 1, 11018], [10537, -1, -1], [10538, 1, 10737], [10538, 1, 10940], [10538, 1, 11269], [10538, -1, -1], [10539, 1, 11152], [10539, 1, 11339], [10539, -1, -1], [10540, 1, 11344], [10540, 1, 11543], [10540, 1, 11740], [10540, 1, 224235], [10540, 1, 224418], [10540, -1, -1], [10541, -1, -1], [10542, -1, -1], [10543, 1, 9177], [10543, 1, 9216], [10543, 1, 9410], [10543, 1, 9622], [10543, 1, 11834], [10543, 1, 11893], [10543, 1, 12033], [10543, 1, 12887], [10543, 1, 13071], [10543, -1, -1]]"
1752865935.2205,-4.000053646042943,12805.821208573732,12805.821423699803,12816.461688197633,15865.460891638904,"[[10545, -1, -1], [10546, 1, 12176], [10546, -1, -1], [10547, 1, 9110], [10547, 1, 9298], [10547, -1, -1], [10548, 1, 9583], [10548, 1, 9786], [10548, 1, 11973], [10548, 1, 12145], [10548, -1, -1], [10549, -1, -1], [10550, 1, 10086], [10550, 1, 10121], [10550, 1, 10316], [10550, 1, 10342], [10550, 1, 10376], [10550, 1, 10574], [10550, 1, 10867], [10550, 1, 10903], [10550, 1, 11423], [10550, 1, 11608], [10550, -1, -1], [10551, 1, 10912], [10551, 1, 11111], [10551, 1, 11388], [10551, 1, 12569], [10551, 1, 12772], [10551, -1, -1], [10552, -1, -1], [10553, -1, -1], [10554, 1, 11592], [10554, 1, 11795], [10554, 1, 12428], [10554, -1, -1]]"
1752865935.3295,-2.0000536460440514,12805.821208573732,12805.821423416413,12816.461688197633,15865.460891638904,"[[10555, -1, -1], [10556, 1, 10877], [10556, 1, 11076], [10556, -1, -1], [10557, 1, 9123], [10557, 1, 9308], [10557, -1, -1], [10558, 1, 8889], [10558, 1, 9084], [10558, 1, 9114], [10558, 1, 9318], [10558, 1, 12252], [10558, 1, 12460], [10558, -1, -1], [10559, 1, 14109], [10559, 1, 14295], [10559, -1, -1], [10560, 1, 10832], [10560, 1, 11035], [10560, 1, 11181], [10560, 1, 11384], [10560, 1, 11476], [10560, 1, 11662], [10560, -1, -1], [10561, 1, 11806], [10561, 1, 12009], [10561, -1, -1], [10562, -1, -1], [10563, 1, 5675], [10563, 1, 5860], [10563, 1, 10875], [10563, 1, 10910], [10563, 1, 11103], [10563, 1, 11340], [10563, 1, 11582], [10563, 1, 11772], [10563, 1, 11927], [10563, 1, 12135], [10563, 1, 12305], [10563, 1, 12506], [10563, -1, -1], [10564, 1, 9928], [10564, 1, 10131], [10564, 1, 12593], [10564, 1, 12792], [10564, -1, -1], [10565, 1, 10608], [10565, 1, 10817], [10565, 1, 11095], [10565, 1, 11304], [10565, -1, -1]]"
1752865935.4386,-5.368888378147474e-05,12805.821122568392,12805.821423416413,12816.461691487086,15865.460891638904,"[[10566, 1, 10729], [10566, 1, 10773], [10566, 1, 10959], [10566, -1, -1], [10567, 1, 9877], [10567, 1, 10080], [10567, 1, 11377], [10567, 1, 11409], [10567, 1, 11606], [10567, -1, -1], [10568, 1, 10353], [10568, 1, 10537], [10568, 1, 12041], [10568, 1, 12225], [10568, -1, -1], [10569, 1, 12138], [10569, 1, 12337], [10569, -1, -1], [10570, -1, -1], [10571, 1, 10375], [10571, 1, 10574], [10571, 1, 10910], [10571, 1, 11058], [10571, 1, 11095], [10571, 1, 11257], [10571, 1, 11635], [10571, 1, 11665], [10571, 1, 11864], [10571, -1, -1], [10572, 1, 10099], [10572, 1, 10298], [10572, 1, 10816], [10572, 1, 10866], [10572, 1, 11006], [10572, 1, 12954], [10572, 1, 13142], [10572, -1, -1], [10573, 1, 10789], [10573, 1, 10992], [10573, 1, 11037], [10573, 1, 11147], [10573, -1, -1], [10574, 1, 10676], [10574, 1, 10879], [10574, 1, 11165], [10574, 1, 11369], [10574, 1, 11598], [10574, -1, -1], [10575, 1, 9299], [10575, 1, 9345], [10575, 1, 9415], [10575, 1, 9531], [10575, 1, 9601], [10575, 1, 9931], [10575, 1, 9971], [10575, 1, 10168], [10575, 1, 10347], [10575, 1, 10462], [10575, 1, 10646], [10575, 1, 12543], [10575, 1, 12744], [10575, 1, 13332], [10575, 1, 13532], [10575, -1, -1], [10576, 1, 11934], [10576, 1, 12137], [10576, 1, 12271], [10576, -1, -1]]"
1752865935.5485,1.9999461732804775,12805.821122568392,12805.821432515067,12816.461691487086,15865.460891638904,"[[10577, -1, -1], [10578, 1, 10039], [10578, 1, 10222], [10578, 1, 10510], [10578, 1, 11487], [10578, 1, 11525], [10578, 1, 11717], [10578, 1, 12457], [10578, 1, 12487], [10578, 1, 12687], [10578, 1, 12734], [10578, 1, 12942], [10578, 1, 13169], [10578, -1, -1], [10579, -1, -1], [10580, 1, 9784], [10580, 1, 9982], [10580, 1, 10186], [10580, -1, -1], [10581, 1, 11847], [10581, 1, 11881], [10581, 1, 12077], [10581, 1, 12388], [10581, 1, 12590], [10581, -1, -1], [10582, 1, 9542], [10582, 1, 9746], [10582, 1, 9825], [10582, 1, 10024], [10582, 1, 10271], [10582, 1, 10388], [10582, 1, 10572], [10582, 1, 10913], [10582, 1, 11738], [10582, -1, -1], [10583, 1, 9499], [10583, 1, 9529], [10583, 1, 9729], [10583, 1, 9870], [10583, 1, 10149], [10583, 1, 10333], [10583, 1, 11551], [10583, 1, 11733], [10583, 1, 12221], [10583, -1, -1], [10584, 1, 10325], [10584, 1, 10525], [10584, 1, 11436], [10584, 1, 11635], [10584, -1, -1], [10585, 1, 11139], [10585, 1, 11433], [10585, 1, 11632], [10585, 1, 11767], [10585, 1, 11846], [10585, 1, 11950], [10585, 1, 12054], [10585, -1, -1], [10586, 1, 10747], [10586, 1, 10931], [10586, 1, 14823], [10586, 1, 15008], [10586, -1, -1], [10587, 1, 10414], [10587, 1, 10614], [10587, 1, 10938], [10587, 1, 11283], [10587, 1, 11332], [10587, 1, 11532], [10587, 1, 11681], [10587, 1, 11869], [10587, -1, -1]]"
1752865935.6585,3.9999460354447365,12805.821117978223,12805.821432515067,12816.461684290922,15865.460891638904,"[[10588, 1, 12832], [10588, 1, 13016], [10588, 1, 13148], [10588, -1, -1], [10589, 1, 11494], [10589, 1, 11697], [10589, -1, -1], [10590, 1, 11767], [10590, 1, 11805], [10590, 1, 11895], [10590, 1, 11996], [10590, 1, 12102], [10590, 1, 12241], [10590, 1, 12440], [10590, -1, -1], [10591, 1, 9274], [10591, 1, 9476], [10591, 1, 10983], [10591, 1, 11019], [10591, 1, 11128], [10591, 1, 11212], [10591, 1, 11371], [10591, 1, 11557], [10591, 1, 11606], [10591, 1, 12046], [10591, 1, 12245], [10591, 1, 13026], [10591, -1, -1], [10592, 1, 12061], [10592, 1, 12095], [10592, 1, 12291], [10592, -1, -1], [10593, 1, 11138], [10593, 1, 11173], [10593, 1, 11369], [10593, -1, -1], [10594, 1, 11053], [10594, 1, 11252], [10594, 1, 11442], [10594, 1, 11644], [10594, 1, 11886], [10594, 1, 12094], [10594, 1, 12812], [10594, 1, 12995], [10594, -1, -1], [10595, 1, 11235], [10595, 1, 11423], [10595, 1, 12136], [10595, 1, 12335], [10595, -1, -1], [10596, 1, 8642], [10596, 1, 8679], [10596, 1, 8871], [10596, 1, 10649], [10596, 1, 10848], [10596, -1, -1], [10597, 1, 10703], [10597, 1, 10917], [10597, 1, 10960], [10597, 1, 11152], [10597, 1, 12109], [10597, 1, 12280], [10597, -1, -1], [10598, 1, 10546], [10598, 1, 10707], [10598, 1, 10743], [10598, 1, 10939], [10598, 1, 10972], [10598, 1, 11003], [10598, 1, 11067], [10598, 1, 11206], [10598, 1, 11467], [10598, 1, 11655], [10598, -1, -1]]"
1752865935.7685,5.999946363270283,12805.821159013007,12805.821418666845,12816.461684290922,15865.460891638904,"[[10599, 1, 10909], [10599, 1, 11093], [10599, 1, 11272], [10599, 1, 11329], [10599, 1, 11528], [10599, -1, -1], [10600, 1, 8223], [10600, 1, 8261], [10600, 1, 8452], [10600, 1, 10514], [10600, 1, 10699], [10600, 1, 10807], [10600, 1, 10997], [10600, -1, -1], [10601, 1, 9730], [10601, 1, 10041], [10601, 1, 10084], [10601, 1, 10274], [10601, 1, 10551], [10601, -1, -1], [10602, 1, 10526], [10602, 1, 10729], [10602, 1, 11467], [10602, 1, 11666], [10602, -1, -1], [10603, 1, 10641], [10603, 1, 10840], [10603, 1, 11195], [10603, 1, 11361], [10603, 1, 11393], [10603, 1, 11590], [10603, -1, -1], [10604, 1, 10969], [10604, 1, 11172], [10604, -1, -1], [10605, -1, -1], [10606, 1, 10562], [10606, 1, 10762], [10606, 1, 12730], [10606, 1, 12770], [10606, 1, 12960], [10606, -1, -1], [10607, 1, 9953], [10607, 1, 10156], [10607, -1, -1], [10608, 1, 10049], [10608, 1, 10241], [10608, -1, -1], [10609, 1, 10287], [10609, 1, 10486], [10609, 1, 12752], [10609, 1, 12890], [10609, 1, 12954], [10609, 1, 13823], [10609, 1, 14025], [10609, -1, -1]]"
1752865935.8785,7.999946691095829,12805.821159013007,12805.821418666845,12816.461683824497,15865.460891638904,"[[10610, 1, 10133], [10610, 1, 10259], [10610, 1, 10331], [10610, 1, 10462], [10610, -1, -1], [10611, 1, 9624], [10611, 1, 9726], [10611, 1, 9796], [10611, 1, 9987], [10611, 1, 10140], [10611, 1, 10173], [10611, 1, 10220], [10611, -1, -1], [10612, 1, 9304], [10612, 1, 9504], [10612, 1, 12347], [10612, 1, 12546], [10612, 1, 12642], [10612, -1, -1], [10613, 1, 9681], [10613, 1, 9880], [10613, 1, 10051], [10613, 1, 10083], [10613, 1, 10288], [10613, 1, 12389], [10613, -1, -1], [10614, 1, 10065], [10614, 1, 10285], [10614, 1, 11532], [10614, 1, 11716], [10614, 1, 12747], [10614, 1, 12932], [10614, -1, -1], [10615, -1, -1], [10616, 1, 12646], [10616, 1, 12688], [10616, 1, 12875], [10616, 1, 13060], [10616, 1, 13129], [10616, -1, -1], [10617, 1, 13001], [10617, 1, 13185], [10617, -1, -1], [10618, 1, 10024], [10618, 1, 10208], [10618, -1, -1], [10619, 1, 9556], [10619, 1, 9590], [10619, 1, 9786], [10619, 1, 10074], [10619, -1, -1], [10620, 1, 9391], [10620, 1, 9575], [10620, 1, 11544], [10620, 1, 11582], [10620, 1, 11705], [10620, 1, 11774], [10620, 1, 11909], [10620, 1, 12652], [10620, 1, 12686], [10620, 1, 12883], [10620, 1, 13017], [10620, -1, -1]]"
1752865935.9885,9.999947018921375,12805.821181090649,12805.821421525126,12816.461683824497,15865.460891638904,"[[10621, 1, 9376], [10621, 1, 9407], [10621, 1, 9536], [10621, 1, 9606], [10621, 1, 9722], [10621, 1, 9918], [10621, 1, 11236], [10621, 1, 11272], [10621, 1, 11469], [10621, 1, 11744], [10621, 1, 11803], [10621, 1, 11993], [10621, -1, -1], [10622, 1, 11257], [10622, 1, 11288], [10622, 1, 11487], [10622, -1, -1], [10623, 1, 11447], [10623, 1, 11635], [10623, 1, 11797], [10623, 1, 12641], [10623, 1, 12830], [10623, -1, -1], [10624, 1, 11860], [10624, 1, 12016], [10624, 1, 12062], [10624, -1, -1], [10625, 1, 11621], [10625, 1, 11657], [10625, 1, 11852], [10625, -1, -1], [10626, 1, 11295], [10626, 1, 11330], [10626, 1, 11524], [10626, 1, 11606], [10626, 1, 11804], [10626, 1, 12476], [10626, 1, 12664], [10626, -1, -1], [10627, 1, 11503], [10627, 1, 11537], [10627, 1, 11734], [10627, -1, -1], [10628, 1, 10672], [10628, 1, 10858], [10628, 1, 11053], [10628, 1, 11129], [10628, 1, 11251], [10628, 1, 11336], [10628, 1, 11518], [10628, 1, 11740], [10628, -1, -1], [10629, 1, 10807], [10629, 1, 11006], [10629, 1, 11150], [10629, 1, 11335], [10629, 1, 11774], [10629, -1, -1], [10630, 1, 7952], [10630, 1, 8137], [10630, 1, 10501], [10630, 1, 10689], [10630, 1, 10993], [10630, 1, 11098], [10630, 1, 11197], [10630, 1, 11282], [10630, 1, 11461], [10630, -1, -1], [10631, 1, 10814], [10631, 1, 10915], [10631, 1, 11016], [10631, 1, 11102], [10631, 1, 11166], [10631, 1, 11203], [10631, 1, 11398], [10631, 1, 11704], [10631, 1, 14376], [10631, 1, 14575], [10631, -1, -1]]"
1752865936.0985,11.999947346746922,12805.821181090649,12805.821394012592,12816.461686543458,15865.460891638904,"[[10632, 1, 10862], [10632, 1, 11061], [10632, 1, 11191], [10632, 1, 11377], [10632, -1, -1], [10633, 1, 10809], [10633, 1, 11012], [10633, -1, -1], [10634, 1, 10903], [10634, 1, 11103], [10634, 1, 11147], [10634, 1, 11181], [10634, 1, 11266], [10634, 1, 11379], [10634, -1, -1], [10635, 1, 10421], [10635, 1, 10624], [10635, 1, 10679], [10635, 1, 10912], [10635, 1, 13701], [10635, -1, -1], [10636, 1, 10414], [10636, 1, 10601], [10636, 1, 10865], [10636, 1, 10900], [10636, 1, 11096], [10636, -1, -1], [10637, 1, 10041], [10637, 1, 10076], [10637, 1, 10271], [10637, 1, 10660], [10637, 1, 10835], [10637, -1, -1], [10638, 1, 10382], [10638, 1, 10418], [10638, 1, 10488], [10638, 1, 10543], [10638, 1, 10613], [10638, 1, 10692], [10638, 1, 10956], [10638, -1, -1], [10639, -1, -1], [10640, -1, -1], [10641, 1, 10503], [10641, 1, 10690], [10641, -1, -1], [10642, 1, 10065], [10642, 1, 10205], [10642, 1, 10263], [10642, 1, 10389], [10642, 1, 12482], [10642, 1, 12689], [10642, -1, -1]]"
1752865936.2075,13.999946743249893,12805.821187988246,12805.821394012592,12816.461686543458,15865.460891638904,"[[10643, -1, -1], [10644, -1, -1], [10645, 1, 13212], [10645, 1, 13442], [10645, -1, -1], [10646, -1, -1], [10647, 1, 9599], [10647, 1, 9798], [10647, 1, 12292], [10647, 1, 12328], [10647, 1, 12523], [10647, -1, -1], [10648, -1, -1], [10649, 1, 10631], [10649, 1, 10817], [10649, -1, -1], [10650, -1, -1], [10651, -1, -1], [10652, 1, 12021], [10652, 1, 12207], [10652, -1, -1], [10653, -1, -1]]"
1752865936.3175,15.999947071075438,12805.821187988246,12805.821394473203,12816.461684915555,15865.460891638904,"[[10654, -1, -1], [10655, 1, 11694], [10655, 1, 11897], [10655, -1, -1], [10656, 1, 11085], [10656, 1, 11289], [10656, -1, -1], [10657, -1, -1], [10658, -1, -1], [10659, -1, -1], [10660, 1, 11742], [10660, 1, 11776], [10660, 1, 11972], [10660, 1, 12295], [10660, -1, -1], [10661, 1, 11052], [10661, 1, 11256], [10661, -1, -1], [10662, -1, -1], [10663, -1, -1], [10664, -1, -1]]"
1752865936.4255,17.999947398900986,12805.821149875072,12805.821394473203,12816.461684915555,15865.460891638904,"[[10665, 1, 10733], [10665, 1, 10918], [10665, -1, -1], [10666, -1, -1], [10667, -1, -1], [10668, -1, -1], [10669, -1, -1], [10670, 1, 12235], [10670, 1, 12419], [10670, -1, -1], [10671, -1, -1], [10672, -1, -1], [10673, -1, -1], [10674, 1, 9725], [10674, 1, 9910], [10674, 1, 13260], [10674, 1, 13463], [10674, -1, -1], [10675, -1, -1]]"
1752865936.5355,19.999947726726532,12805.821149875072,12805.821388311979,12816.461678943419,15865.460891638904,"[[10676, -1, -1], [10677, -1, -1], [10678, -1, -1], [10679, -1, -1], [10680, -1, -1], [10681, -1, -1], [10682, -1, -1], [10683, -1, -1], [10684, -1, -1], [10685, -1, -1], [10686, 1, 311783], [10686, -1, -1]]"
1752865936.6445,21.99994805455208,12805.821088398001,12805.821388311979,12816.461687381247,15865.460891638904,"[[10687, -1, -1], [10688, -1, -1], [10689, -1, -1], [10690, -1, -1], [10691, -1, -1], [10692, -1, -1], [10693, 1, 11243], [10693, 1, 11274], [10693, 1, 11474], [10693, 1, 11561], [10693, 1, 11592], [10693, 1, 11792], [10693, -1, -1], [10694, -1, -1], [10695, -1, -1], [10696, -1, -1], [10697, -1, -1]]"
1752865936.7545,23.999948382377625,12805.821088398001,12805.821386961357,12816.461687381247,15865.460891638904,"[[10698, 1, 10639], [10698, 1, 10674], [10698, 1, 10870], [10698, -1, -1], [10699, -1, -1], [10700, -1, -1], [10701, -1, -1], [10702, 1, 12146], [10702, 1, 12350], [10702, 1, 12718], [10702, -1, -1], [10703, -1, -1], [10704, -1, -1], [10705, -1, -1], [10706, -1, -1], [10707, -1, -1], [10708, -1, -1]]"
1752865936.8635,25.99994871020317,12805.821094078825,12805.821386961357,12816.461686158798,15865.460891638904,"[[10709, -1, -1], [10710, -1, -1], [10711, -1, -1], [10712, -1, -1], [10713, -1, -1], [10714, -1, -1], [10715, -1, -1], [10716, -1, -1], [10717, -1, -1], [10718, -1, -1], [10719, -1, -1]]"
1752865936.9725,27.999949038028717,12805.821094078825,12805.82139898709,12816.461686158798,15865.460891638904,"[[10720, -1, -1], [10721, 1, 10386], [10721, 1, 10424], [10721, 1, 10616], [10721, 1, 11706], [10721, 1, 11896], [10721, -1, -1], [10722, -1, -1], [10723, -1, -1], [10724, 1, 10132], [10724, 1, 10335], [10724, -1, -1], [10725, -1, -1], [10726, -1, -1], [10727, -1, -1], [10728, -1, -1], [10729, -1, -1], [10730, -1, -1]]"
1752865937.0845,29.999949365854263,12805.821131922363,12805.82139898709,12816.461690592494,15865.460891638904,"[[10731, -1, -1], [10732, -1, -1], [10733, -1, -1], [10734, -1, -1], [10735, -1, -1], [10736, -1, -1], [10737, 1, 11489], [10737, 1, 11692], [10737, -1, -1], [10738, -1, -1], [10739, 1, 9951], [10739, 1, 10154], [10739, 1, 11430], [10739, -1, -1], [10740, -1, -1], [10741, -1, -1]]"
1752865937.1955,31.99994969367981,12805.821192012585,12805.821389039187,12816.461690592494,15865.460891638904,"[[10742, -1, -1], [10743, -1, -1], [10744, -1, -1], [10745, -1, -1], [10746, -1, -1], [10747, -1, -1], [10748, -1, -1], [10749, -1, -1], [10750, -1, -1], [10751, -1, -1], [10752, -1, -1]]"
1752865937.3055,33.999950021505356,12805.821192012585,12805.821389039187,12816.461690105702,15865.460891638904,"[[10753, -1, -1], [10754, -1, -1], [10755, -1, -1], [10756, -1, -1], [10757, -1, -1], [10758, -1, -1], [10759, -1, -1], [10760, -1, -1], [10761, -1, -1], [10762, -1, -1], [10763, -1, -1]]"
1752865937.4145,35.9999503493309,12805.821180859097,12805.821382691855,12816.461690105702,15865.460891638904,"[[10764, -1, -1], [10765, -1, -1], [10766, -1, -1], [10767, -1, -1], [10768, -1, -1], [10769, -1, -1], [10770, -1, -1], [10771, -1, -1], [10772, -1, -1], [10773, -1, -1], [10774, -1, -1]]"
1752865937.5245,37.99995067715645,12805.821180859097,12805.821382691855,12816.461697568768,15865.460891638904,"[[10775, -1, -1], [10776, -1, -1], [10777, -1, -1], [10778, -1, -1], [10779, -1, -1], [10780, -1, -1], [10781, -1, -1], [10782, -1, -1], [10783, -1, -1], [10784, -1, -1], [10785, -1, -1]]"
1752865937.6336,39.999951004981995,12805.821128068847,12805.82138955425,12816.461697568768,15865.460891638904,"[[10786, -1, -1], [10787, -1, -1], [10788, -1, -1], [10789, -1, -1], [10790, -1, -1], [10791, -1, -1], [10792, -1, -1], [10793, -1, -1], [10794, -1, -1], [10795, -1, -1], [10796, -1, -1]]"
1752865937.7425,41.99995133280754,12805.821128068847,12805.82138955425,12816.461683858393,15865.460891638904,"[[10797, -1, -1], [10798, -1, -1], [10799, -1, -1], [10800, -1, -1], [10801, -1, -1], [10802, -1, -1], [10803, -1, -1], [10804, -1, -1], [10805, -1, -1], [10806, -1, -1], [10807, -1, -1]]"
1752865937.8525,43.99995166063309,12805.821096149439,12805.821385165553,12816.461683858393,15865.460891638904,"[[10808, -1, -1], [10809, -1, -1], [10810, -1, -1], [10811, -1, -1], [10812, -1, -1], [10813, -1, -1], [10814, -1, -1], [10815, -1, -1], [10816, -1, -1], [10817, -1, -1], [10818, -1, -1]]"
1752865937.9625,45.99995198845863,12805.821096149439,12805.821385165553,12816.461691834864,15865.460891638904,"[[10819, -1, -1], [10820, -1, -1], [10821, -1, -1], [10822, -1, -1], [10823, 1, 10876], [10823, -1, -1], [10824, -1, -1], [10825, -1, -1], [10826, -1, -1], [10827, -1, -1], [10828, -1, -1], [10829, -1, -1]]"
1752865938.0725,47.99995231628418,12805.821119519394,12805.821383601677,12816.461691834864,15865.460891638904,"[[10830, -1, -1], [10831, -1, -1], [10832, -1, -1], [10833, -1, -1], [10834, -1, -1], [10835, -1, -1], [10836, -1, -1], [10837, -1, -1], [10838, -1, -1], [10839, -1, -1], [10840, -1, -1]]"
1752865938.1819,49.999952644109726,12805.821119519394,12805.821389552675,12816.461687795223,15865.460891638904,"[[10841, -1, -1], [10842, -1, -1], [10843, -1, -1], [10844, -1, -1], [10845, -1, -1], [10846, -1, -1], [10847, -1, -1], [10848, -1, -1], [10849, -1, -1], [10850, -1, -1]]"
1752865938.2909,51.99995297193527,12805.821191264768,12805.821389552675,12816.461687795223,15865.460891638904,"[[10852, 1, 11244], [10852, -1, -1], [10853, -1, -1], [10854, -1, -1], [10855, -1, -1], [10856, -1, -1], [10857, -1, -1], [10858, -1, -1], [10859, -1, -1], [10860, -1, -1], [10861, -1, -1]]"
1752865938.4009,53.99995329976082,12805.821191264768,12805.821386542651,12816.461691234093,15865.460891638904,"[[10863, -1, -1], [10864, -1, -1], [10865, -1, -1], [10866, 1, 9392], [10866, 1, 9577], [10866, -1, -1], [10867, -1, -1], [10868, -1, -1], [10869, -1, -1], [10870, -1, -1], [10871, -1, -1], [10872, 1, 10673], [10872, 1, 10872], [10872, -1, -1]]"
1752865938.5111,55.999953627586365,12805.821196802253,12805.821386542651,12816.461691234093,15865.460891638904,"[[10874, -1, -1], [10875, -1, -1], [10876, -1, -1], [10877, -1, -1], [10878, -1, -1], [10879, -1, -1], [10880, -1, -1], [10881, -1, -1], [10882, -1, -1], [10883, -1, -1]]"
1752865938.6209,57.99995395541191,12805.821196802253,12805.821391010804,12816.461685221173,15865.460891638904,"[[10885, -1, -1], [10886, -1, -1], [10887, -1, -1], [10888, -1, -1], [10889, -1, -1], [10890, -1, -1], [10891, -1, -1], [10892, -1, -1], [10893, -1, -1], [10894, -1, -1]]"
1752865938.7309,59.99995428323746,12805.821146251345,12805.821391010804,12816.461685221173,15865.460891638904,"[[10896, -1, -1], [10897, -1, -1], [10898, -1, -1], [10899, -1, -1], [10900, -1, -1], [10901, -1, -1], [10902, -1, -1], [10903, -1, -1], [10904, -1, -1], [10905, -1, -1]]"
1752865938.8405,61.999950885772705,12805.821146251345,12805.821389731243,12816.46168476758,15865.460891638904,"[[10907, -1, -1], [10908, -1, -1], [10909, -1, -1], [10910, -1, -1], [10911, -1, -1], [10912, -1, -1], [10913, -1, -1], [10914, -1, -1], [10915, -1, -1], [10916, -1, -1]]"
1752865938.9509,63.99994748830795,12805.821106525093,12805.821389731243,12816.461680027978,15865.460891638904,"[[10917, -1, -1], [10918, 1, 9983], [10918, 1, 10167], [10918, -1, -1], [10919, -1, -1], [10920, -1, -1], [10921, -1, -1], [10922, -1, -1], [10923, -1, -1], [10924, -1, -1], [10925, -1, -1], [10926, -1, -1], [10927, -1, -1]]"
1752865939.0625,65.9999440908432,12805.821106525093,12805.82137835364,12816.461680027978,15865.460891638904,"[[10929, -1, -1], [10930, -1, -1], [10931, -1, -1], [10932, -1, -1], [10933, 1, 9657], [10933, 1, 9844], [10933, -1, -1], [10934, -1, -1], [10935, 1, 79716], [10935, 1, 79905], [10935, -1, -1], [10936, -1, -1], [10937, -1, -1], [10938, -1, -1], [10939, -1, -1]]"
1752865939.1719,67.99994069337845,12805.821097274431,12805.82137835364,12816.461684105654,15865.460891638904,"[[10940, -1, -1], [10941, -1, -1], [10942, -1, -1], [10943, -1, -1], [10944, -1, -1], [10945, -1, -1], [10946, -1, -1], [10947, -1, -1], [10948, -1, -1], [10949, -1, -1]]"
1752865939.2819,69.9999372959137,12805.821097274431,12805.821384786213,12816.461684105654,15865.460891638904,"[[10951, -1, -1], [10952, 1, 216993], [10952, -1, -1], [10953, -1, -1], [10954, -1, -1], [10955, -1, -1], [10956, -1, -1], [10957, -1, -1], [10958, -1, -1], [10959, 1, 11108], [10959, 1, 11292], [10959, -1, -1], [10960, 1, 10486], [10960, 1, 10669], [10960, -1, -1]]"
1752865939.392,71.99993389844894,12805.821152119177,12805.821384786213,12816.461687276125,15865.460891638904,"[[10962, -1, -1], [10963, -1, -1], [10964, -1, -1], [10965, -1, -1], [10966, -1, -1], [10967, -1, -1], [10968, -1, -1], [10969, -1, -1], [10970, -1, -1], [10971, -1, -1]]"
1752865939.5019,73.99993050098419,12805.821185193028,12805.821385503585,12816.461687276125,15865.460891638904,"[[10973, -1, -1], [10974, 1, 11554], [10974, 1, 11588], [10974, 1, 11784], [10974, 1, 12200], [10974, -1, -1], [10975, -1, -1], [10976, -1, -1], [10977, -1, -1], [10978, -1, -1], [10979, -1, -1], [10980, -1, -1], [10981, -1, -1], [10982, -1, -1]]"
1752865939.6125,75.99992710351944,12805.821185193028,12805.821358550782,12816.461687276125,15865.460891638904,"[[10984, -1, -1], [10985, -1, -1], [10986, -1, -1], [10987, -1, -1], [10988, -1, -1], [10989, -1, -1], [10990, -1, -1], [10991, -1, -1], [10992, -1, -1], [10993, -1, -1], [10994, -1, -1]]"
1752865939.7225,77.99992370605469,12805.821157820033,12805.821358550782,12816.461687276125,15865.460891638904,"[[10995, -1, -1], [10996, -1, -1], [10997, -1, -1], [10998, -1, -1], [10999, -1, -1], [11000, -1, -1], [11001, -1, -1], [11002, 1, 11182], [11002, 1, 11370], [11002, -1, -1], [11003, -1, -1], [11004, -1, -1], [11005, -1, -1]]"
1752865939.8325,79.99992030858994,12805.821157820033,12805.821367832912,12816.46167829038,15865.460891638904,"[[11006, -1, -1], [11007, -1, -1], [11008, -1, -1], [11009, -1, -1], [11010, -1, -1], [11011, -1, -1], [11012, -1, -1], [11013, -1, -1], [11014, 1, 11390], [11014, 1, 11588], [11014, -1, -1], [11015, -1, -1], [11016, -1, -1]]"
1752865939.9425,81.99991691112518,12805.821091096564,12805.821367832912,12816.46167829038,15865.460891638904,"[[11017, -1, -1], [11018, -1, -1], [11019, -1, -1], [11020, -1, -1], [11021, -1, -1], [11022, -1, -1], [11023, -1, -1], [11024, 1, 13529], [11024, 1, 13720], [11024, -1, -1], [11025, -1, -1], [11026, -1, -1], [11027, -1, -1]]"
1752865940.0525,83.99991351366043,12805.821091096564,12805.821367832912,12816.461687671323,15865.460891638904,"[[11028, -1, -1], [11029, -1, -1], [11030, -1, -1], [11031, -1, -1], [11032, -1, -1], [11033, -1, -1], [11034, 1, 9813], [11034, 1, 10012], [11034, -1, -1], [11035, -1, -1], [11036, -1, -1], [11037, -1, -1], [11038, -1, -1]]"
1752865940.1619,85.99991011619568,12805.821084257714,12805.821367832912,12816.461687671323,15865.460891638904,"[[11039, -1, -1], [11040, -1, -1], [11041, -1, -1], [11042, -1, -1], [11043, -1, -1], [11044, -1, -1], [11045, -1, -1], [11046, -1, -1], [11047, -1, -1], [11048, -1, -1]]"
1752865940.2719,87.99990671873093,12805.821084257714,12805.82138950161,12816.461685403376,15865.460891638904,"[[11050, 1, 9440], [11050, 1, 9643], [11050, -1, -1], [11051, -1, -1], [11052, 1, 380194], [11052, 1, 380380], [11052, 1, 380554], [11052, -1, -1], [11053, -1, -1], [11054, -1, -1], [11055, -1, -1], [11056, -1, -1], [11057, -1, -1], [11058, -1, -1], [11059, -1, -1]]"
1752865940.3809,89.99990332126617,12805.821141780529,12805.82138950161,12816.461685403376,15865.460891638904,"[[11061, -1, -1], [11062, -1, -1], [11063, -1, -1], [11064, -1, -1], [11065, -1, -1], [11066, -1, -1], [11067, -1, -1], [11068, -1, -1], [11069, -1, -1], [11070, -1, -1]]"
1752865940.4905,91.99989992380142,12805.821141780529,12805.821379861869,12816.461688122821,15865.460891638904,"[[11072, -1, -1], [11073, -1, -1], [11074, -1, -1], [11075, -1, -1], [11076, -1, -1], [11077, -1, -1], [11078, -1, -1], [11079, -1, -1], [11080, -1, -1], [11081, -1, -1]]"
1752865940.6009,93.99989652633667,12805.821180193838,12805.821379861869,12816.461687564917,15865.460891638904,"[[11082, -1, -1], [11083, -1, -1], [11084, -1, -1], [11085, -1, -1], [11086, -1, -1], [11087, -1, -1], [11088, -1, -1], [11089, -1, -1], [11090, -1, -1], [11091, -1, -1], [11092, -1, -1]]"
1752865940.7105,95.99989312887192,12805.821180193838,12805.82138160795,12816.461687564917,15865.460891638904,"[[11094, -1, -1], [11095, -1, -1], [11096, -1, -1], [11097, -1, -1], [11098, -1, -1], [11099, -1, -1], [11100, -1, -1], [11101, -1, -1], [11102, -1, -1], [11103, -1, -1]]"
1752865940.8205,97.99988973140717,12805.821159793652,12805.82138160795,12816.461678188703,15865.460891638904,"[[11104, -1, -1], [11105, -1, -1], [11106, -1, -1], [11107, -1, -1], [11108, -1, -1], [11109, -1, -1], [11110, -1, -1], [11111, -1, -1], [11112, -1, -1], [11113, -1, -1], [11114, -1, -1]]"
1752865940.941,-152.00000596046448,12805.821159793652,12805.821383282002,12816.461678188703,15865.460891638904,"[[11117, -1, -1], [11118, -1, -1], [11119, -1, -1], [11120, -1, -1], [11121, -1, -1], [11122, -1, -1], [11123, -1, -1], [11124, -1, -1], [11125, -1, -1], [11126, -1, -1]]"
1752865941.0509,-150.00000190734863,12805.821133743586,12805.821383282002,12816.461687541392,15865.460891638904,"[[11128, -1, -1], [11129, -1, -1], [11130, -1, -1], [11131, -1, -1], [11132, -1, -1], [11133, -1, -1], [11134, -1, -1], [11135, -1, -1], [11136, -1, -1], [11137, -1, -1]]"
1752865941.1609,-147.9999978542328,12805.821133743586,12805.821372217486,12816.461687541392,15865.460891638904,"[[11139, -1, -1], [11140, -1, -1], [11141, -1, -1], [11142, -1, -1], [11143, -1, -1], [11144, -1, -1], [11145, -1, -1], [11146, -1, -1], [11147, -1, -1], [11148, -1, -1]]"
1752865941.2705,-145.99999380111694,12805.821071729859,12805.821372217486,12816.461687484165,15865.460891638904,"[[11150, -1, -1], [11151, -1, -1], [11152, -1, -1], [11153, -1, -1], [11154, -1, -1], [11155, -1, -1], [11156, -1, -1], [11157, -1, -1], [11158, -1, -1], [11159, 1, 10735], [11159, 1, 10938], [11159, -1, -1]]"
1752865941.3811,-143.9999897480011,12805.821095062125,12805.821381734198,12816.461687484165,15865.460891638904,"[[11160, -1, -1], [11161, -1, -1], [11162, -1, -1], [11163, -1, -1], [11164, -1, -1], [11165, -1, -1], [11166, -1, -1], [11167, -1, -1], [11168, -1, -1], [11169, -1, -1], [11170, -1, -1]]"
1752865941.4905,-141.99998569488525,12805.821095062125,12805.821381734198,12816.461682531406,15865.460891638904,"[[11171, -1, -1], [11172, -1, -1], [11173, -1, -1], [11174, -1, -1], [11175, -1, -1], [11176, -1, -1], [11177, 1, 12730], [11177, 1, 12916], [11177, -1, -1], [11178, 1, 10183], [11178, 1, 10382], [11178, -1, -1], [11179, -1, -1], [11180, -1, -1], [11181, -1, -1]]"
1752865941.6019,-139.9999816417694,12805.821179059487,12805.82137511333,12816.461682531406,15865.460891638904,"[[11182, -1, -1], [11183, -1, -1], [11184, -1, -1], [11185, -1, -1], [11186, -1, -1], [11187, -1, -1], [11188, -1, -1], [11189, -1, -1], [11190, -1, -1], [11191, -1, -1], [11192, -1, -1]]"
1752865941.7109,-137.99997758865356,12805.821179059487,12805.82137511333,12816.461688255833,15865.460891638904,"[[11194, -1, -1], [11195, -1, -1], [11196, -1, -1], [11197, -1, -1], [11198, -1, -1], [11199, -1, -1], [11200, -1, -1], [11201, -1, -1], [11202, -1, -1], [11203, -1, -1]]"
1752865941.8209,-135.99997353553772,12805.821204217067,12805.821376064641,12816.461688255833,15865.460891638904,"[[11205, -1, -1], [11206, -1, -1], [11207, -1, -1], [11208, -1, -1], [11209, -1, -1], [11210, -1, -1], [11211, -1, -1], [11212, -1, -1], [11213, -1, -1], [11214, -1, -1]]"
1752865941.9305,-133.99996948242188,12805.821204217067,12805.821376064641,12816.461688128165,15865.460891638904,"[[11216, -1, -1], [11217, -1, -1], [11218, -1, -1], [11219, -1, -1], [11220, -1, -1], [11221, -1, -1], [11222, -1, -1], [11223, -1, -1], [11224, -1, -1], [11225, -1, -1]]"
1752865942.0409,-131.99996542930603,12805.821124068008,12805.821388484275,12816.461688128165,15865.460891638904,"[[11226, -1, -1], [11227, -1, -1], [11228, 1, 10684], [11228, 1, 10869], [11228, -1, -1], [11229, -1, -1], [11230, -1, -1], [11231, -1, -1], [11232, -1, -1], [11233, -1, -1], [11234, -1, -1], [11235, -1, -1], [11236, -1, -1]]"
1752865942.1519,-129.99996137619019,12805.821124068008,12805.821388484275,12816.46169087216,15865.460891638904,"[[11238, 1, 12051], [11238, -1, -1], [11239, -1, -1], [11240, -1, -1], [11241, -1, -1], [11242, -1, -1], [11243, -1, -1], [11244, -1, -1], [11245, -1, -1], [11246, -1, -1], [11247, -1, -1]]"
1752865942.2619,-127.99995732307434,12805.82110784402,12805.82138968539,12816.46169087216,15865.460891638904,"[[11249, -1, -1], [11250, -1, -1], [11251, -1, -1], [11252, -1, -1], [11253, -1, -1], [11254, -1, -1], [11255, 1, 12918], [11255, 1, 12949], [11255, 1, 13128], [11255, -1, -1], [11256, -1, -1], [11257, -1, -1], [11258, -1, -1]]"
1752865942.3709,-125.9999607205391,12805.82110784402,12805.821380422514,12816.461680759563,15865.460891638904,"[[11260, -1, -1], [11261, -1, -1], [11262, -1, -1], [11263, -1, -1], [11264, -1, -1], [11265, -1, -1], [11266, -1, -1], [11267, -1, -1], [11268, -1, -1], [11269, -1, -1]]"
1752865942.4805,-123.99996411800385,12805.821138100464,12805.821380422514,12816.461680759563,15865.460891638904,"[[11271, -1, -1], [11272, -1, -1], [11273, -1, -1], [11274, -1, -1], [11275, -1, -1], [11276, -1, -1], [11277, -1, -1], [11278, -1, -1], [11279, -1, -1], [11280, -1, -1]]"
1752865942.5905,-121.9999675154686,12805.821138100464,12805.821390120162,12816.46168555948,15865.460891638904,"[[11281, -1, -1], [11282, -1, -1], [11283, -1, -1], [11284, -1, -1], [11285, -1, -1], [11286, -1, -1], [11287, -1, -1], [11288, -1, -1], [11289, -1, -1], [11290, -1, -1], [11291, -1, -1]]"
1752865942.6995,-119.99997091293335,12805.821188999207,12805.821390120162,12816.46168555948,15865.460891638904,"[[11292, -1, -1], [11293, -1, -1], [11294, -1, -1], [11295, -1, -1], [11296, -1, -1], [11297, -1, -1], [11298, -1, -1], [11299, -1, -1], [11300, -1, -1], [11301, -1, -1], [11302, -1, -1]]"
1752865942.8085,-117.9999743103981,12805.821188999207,12805.82139587382,12816.461684866614,15865.460891638904,"[[11303, -1, -1], [11304, -1, -1], [11305, -1, -1], [11306, -1, -1], [11307, -1, -1], [11308, -1, -1], [11309, -1, -1], [11310, -1, -1], [11311, -1, -1], [11312, -1, -1], [11313, -1, -1]]"
1752865942.9185,-115.99997770786285,12805.821198620459,12805.82139587382,12816.461684866614,15865.460891638904,"[[11314, -1, -1], [11315, -1, -1], [11316, -1, -1], [11317, -1, -1], [11318, -1, -1], [11319, -1, -1], [11320, -1, -1], [11321, -1, -1], [11322, -1, -1], [11323, -1, -1], [11324, -1, -1]]"
1752865943.0275,-113.9999811053276,12805.821198620459,12805.821390141642,12816.46168728404,15865.460891638904,"[[11325, -1, -1], [11326, -1, -1], [11327, -1, -1], [11328, -1, -1], [11329, -1, -1], [11330, -1, -1], [11331, -1, -1], [11332, -1, -1], [11333, -1, -1], [11334, -1, -1], [11335, -1, -1]]"
1752865943.1385,-111.99998450279236,12805.821198620459,12805.821390141642,12816.46168745666,15865.460891638904,"[[11336, -1, -1], [11337, -1, -1], [11338, -1, -1], [11339, -1, -1], [11340, -1, -1], [11341, -1, -1], [11342, -1, -1], [11343, -1, -1], [11344, -1, -1], [11345, -1, -1], [11346, -1, -1]]"
1752865943.2475,-109.99998790025711,12805.821124255404,12805.82139704903,12816.46168745666,15865.460891638904,"[[11347, -1, -1], [11348, -1, -1], [11349, -1, -1], [11350, -1, -1], [11351, -1, -1], [11352, -1, -1], [11353, -1, -1], [11354, -1, -1], [11355, -1, -1], [11356, -1, -1], [11357, -1, -1]]"
1752865943.3566,-107.99999129772186,12805.821124255404,12805.821396987012,12816.461682297184,15865.460891638904,"[[11358, -1, -1], [11359, -1, -1], [11360, -1, -1], [11361, -1, -1], [11362, -1, -1], [11363, -1, -1], [11364, -1, -1], [11365, -1, -1], [11366, 1, 9791], [11366, 1, 9831], [11366, 1, 10025], [11366, 1, 10247], [11366, -1, -1], [11367, -1, -1], [11368, -1, -1]]"
1752865943.4665,-105.99999469518661,12805.821107607548,12805.821396987012,12816.461682297184,15865.460891638904,"[[11369, -1, -1], [11370, -1, -1], [11371, -1, -1], [11372, -1, -1], [11373, -1, -1], [11374, -1, -1], [11375, -1, -1], [11376, -1, -1], [11377, -1, -1], [11378, -1, -1], [11379, -1, -1]]"
1752865943.5765,-103.99999809265137,12805.821107607548,12805.821384268922,12816.461685480608,15865.460891638904,"[[11380, -1, -1], [11381, -1, -1], [11382, -1, -1], [11383, -1, -1], [11384, -1, -1], [11385, -1, -1], [11386, -1, -1], [11387, -1, -1], [11388, -1, -1], [11389, -1, -1], [11390, -1, -1]]"
1752865943.6865,-102.00000149011612,12805.821106316236,12805.821384268922,12816.461684187772,15865.460891638904,"[[11391, -1, -1], [11392, -1, -1], [11393, -1, -1], [11394, -1, -1], [11395, -1, -1], [11396, -1, -1], [11397, -1, -1], [11398, -1, -1], [11399, -1, -1], [11400, -1, -1], [11401, -1, -1]]"
1752865943.7965,-100.00000488758087,12805.821106316236,12805.821396443083,12816.461684187772,15865.460891638904,"[[11402, -1, -1], [11403, -1, -1], [11404, -1, -1], [11405, -1, -1], [11406, -1, -1], [11407, -1, -1], [11408, -1, -1], [11409, -1, -1], [11410, -1, -1], [11411, -1, -1], [11412, -1, -1]]"
1752865943.9055,-98.00000828504562,12805.821194457201,12805.821396443083,12816.46169210423,15865.460891638904,"[[11413, -1, -1], [11414, -1, -1], [11415, -1, -1], [11416, -1, -1], [11417, -1, -1], [11418, -1, -1], [11419, -1, -1], [11420, -1, -1], [11421, -1, -1], [11422, -1, -1], [11423, -1, -1]]"
1752865944.0155,-96.00001168251038,12805.821194457201,12805.821389935276,12816.46169210423,15865.460891638904,"[[11424, -1, -1], [11425, -1, -1], [11426, -1, -1], [11427, -1, -1], [11428, -1, -1], [11429, -1, -1], [11430, -1, -1], [11431, -1, -1], [11432, -1, -1], [11433, -1, -1], [11434, -1, -1]]"
1752865944.1265,-94.00001507997513,12805.82120329058,12805.821389935276,12816.46168747163,15865.460891638904,"[[11435, -1, -1], [11436, -1, -1], [11437, -1, -1], [11438, -1, -1], [11439, -1, -1], [11440, -1, -1], [11441, -1, -1], [11442, -1, -1], [11443, -1, -1], [11444, -1, -1], [11445, -1, -1]]"
1752865944.2355,-92.00001847743988,12805.821152784521,12805.821387838649,12816.46168747163,15865.460891638904,"[[11446, -1, -1], [11447, -1, -1], [11448, -1, -1], [11449, -1, -1], [11450, -1, -1], [11451, -1, -1], [11452, -1, -1], [11453, -1, -1], [11454, -1, -1], [11455, -1, -1], [11456, -1, -1]]"
1752865944.3435,-90.00002187490463,12805.821152784521,12805.821387838649,12816.461683861582,15865.460891638904,"[[11457, -1, -1], [11458, 1, 10838], [11458, 1, 11023], [11458, -1, -1], [11459, -1, -1], [11460, -1, -1], [11461, -1, -1], [11462, -1, -1], [11463, 1, 10845], [11463, 1, 11044], [11463, -1, -1], [11464, -1, -1], [11465, -1, -1], [11466, -1, -1], [11467, -1, -1]]"
1752865944.4525,-88.00002527236938,12805.821098880064,12805.821382553191,12816.461683861582,15865.460891638904,"[[11468, -1, -1], [11469, -1, -1], [11470, -1, -1], [11471, -1, -1], [11472, -1, -1], [11473, -1, -1], [11474, -1, -1], [11475, 1, 11844], [11475, 1, 12029], [11475, -1, -1], [11476, -1, -1], [11477, -1, -1], [11478, -1, -1]]"
1752865944.5619,-86.00002866983414,12805.821098880064,12805.821382553191,12816.46168651014,15865.460891638904,"[[11479, 1, 11023], [11479, 1, 11222], [11479, 1, 11282], [11479, -1, -1], [11480, -1, -1], [11481, -1, -1], [11482, -1, -1], [11483, -1, -1], [11484, -1, -1], [11485, -1, -1], [11486, -1, -1], [11487, -1, -1], [11488, -1, -1]]"
1752865944.6725,-84.00003206729889,12805.821095641211,12805.821378539973,12816.46168651014,15865.460891638904,"[[11490, -1, -1], [11491, -1, -1], [11492, -1, -1], [11493, -1, -1], [11494, -1, -1], [11495, -1, -1], [11496, -1, -1], [11497, -1, -1], [11498, -1, -1], [11499, -1, -1], [11500, -1, -1]]"
1752865944.7819,-82.00003546476364,12805.821095641211,12805.821367539802,12816.461690499285,15865.460891638904,"[[11501, -1, -1], [11502, -1, -1], [11503, -1, -1], [11504, -1, -1], [11505, -1, -1], [11506, -1, -1], [11507, -1, -1], [11508, -1, -1], [11509, -1, -1], [11510, -1, -1]]"
1752865944.8935,-80.0000388622284,12805.82114708926,12805.821367539802,12816.461690499285,15865.460891638904,"[[11512, -1, -1], [11513, -1, -1], [11514, 1, 11167], [11514, 1, 11365], [11514, -1, -1], [11515, -1, -1], [11516, -1, -1], [11517, -1, -1], [11518, -1, -1], [11519, -1, -1], [11520, -1, -1], [11521, -1, -1], [11522, -1, -1]]"
1752865945.0035,-78.00004225969315,12805.82114708926,12805.821369368829,12816.461683309084,15865.460891638904,"[[11523, -1, -1], [11524, 1, 11538], [11524, 1, 11723], [11524, -1, -1], [11525, -1, -1], [11526, -1, -1], [11527, -1, -1], [11528, -1, -1], [11529, -1, -1], [11530, -1, -1], [11531, 1, 11860], [11531, 1, 12062], [11531, -1, -1], [11532, 1, 11187], [11532, 1, 11390], [11532, -1, -1], [11533, -1, -1]]"
1752865945.1135,-76.0000456571579,12805.821171536281,12805.821369368829,12816.461683309084,15865.460891638904,"[[11534, -1, -1], [11535, -1, -1], [11536, -1, -1], [11537, -1, -1], [11538, 1, 8737], [11538, 1, 8922], [11538, -1, -1], [11539, -1, -1], [11540, -1, -1], [11541, -1, -1], [11542, -1, -1], [11543, -1, -1], [11544, -1, -1]]"
1752865945.2242,-74.00004905462265,12805.821171536281,12805.821366301994,12816.461689320737,15865.460891638904,"[[11545, -1, -1], [11546, -1, -1], [11547, -1, -1], [11548, -1, -1], [11549, -1, -1], [11550, -1, -1], [11551, -1, -1], [11552, -1, -1], [11553, -1, -1], [11554, -1, -1], [11555, 1, 8463], [11555, 1, 8646], [11555, -1, -1]]"
1752865945.3345,-72.0000524520874,12805.82113422122,12805.821366301994,12816.461682743395,15865.460891638904,"[[11556, -1, -1], [11557, -1, -1], [11558, -1, -1], [11559, -1, -1], [11560, -1, -1], [11561, -1, -1], [11562, -1, -1], [11563, -1, -1], [11564, -1, -1], [11565, -1, -1], [11566, -1, -1]]"
1752865945.4445,-70.00005584955215,12805.82113422122,12805.821372677645,12816.461682743395,15865.460891638904,"[[11567, -1, -1], [11568, -1, -1], [11569, -1, -1], [11570, -1, -1], [11571, 1, 9160], [11571, 1, 9330], [11571, -1, -1], [11572, -1, -1], [11573, -1, -1], [11574, -1, -1], [11575, -1, -1], [11576, -1, -1], [11577, -1, -1]]"
1752865945.5545,-68.0000592470169,12805.821063988244,12805.821372677645,12816.461682743395,15865.460891638904,"[[11578, -1, -1], [11579, -1, -1], [11580, -1, -1], [11581, -1, -1], [11582, -1, -1], [11583, -1, -1], [11584, -1, -1], [11585, -1, -1], [11586, -1, -1], [11587, -1, -1], [11588, -1, -1]]"
1752865945.6655,-66.00006264448166,12805.821063988244,12805.821372677645,12816.461687558183,15865.460891638904,"[[11589, -1, -1], [11590, -1, -1], [11591, -1, -1], [11592, 1, 12954], [11592, 1, 13152], [11592, -1, -1], [11593, -1, -1], [11594, 1, 11234], [11594, 1, 11418], [11594, -1, -1], [11595, -1, -1], [11596, -1, -1], [11597, -1, -1], [11598, -1, -1], [11599, -1, -1]]"
1752865945.7745,-64.00006231665611,12805.82110022268,12805.821366237147,12816.461687558183,15865.460891638904,"[[11600, -1, -1], [11601, -1, -1], [11602, -1, -1], [11603, 1, 10923], [11603, 1, 11108], [11603, -1, -1], [11604, -1, -1], [11605, -1, -1], [11606, -1, -1], [11607, -1, -1], [11608, -1, -1], [11609, -1, -1], [11610, -1, -1]]"
1752865945.8835,-62.000061988830566,12805.82110022268,12805.821366237147,12816.461683213833,15865.460891638904,"[[11611, -1, -1], [11612, 1, 11635], [11612, 1, 11834], [11612, -1, -1], [11613, 1, 14108], [11613, 1, 14307], [11613, 1, 14819], [11613, -1, -1], [11614, -1, -1], [11615, 1, 10164], [11615, 1, 10331], [11615, 1, 10518], [11615, -1, -1], [11616, -1, -1], [11617, -1, -1], [11618, -1, -1], [11619, 1, 10710], [11619, 1, 10744], [11619, 1, 10939], [11619, -1, -1], [11620, -1, -1], [11621, 1, 10288], [11621, 1, 10491], [11621, -1, -1]]"
1752865945.9925,-60.00006166100502,12805.821137546587,12805.821380074862,12816.461683213833,15865.460891638904,"[[11622, -1, -1], [11623, -1, -1], [11624, -1, -1], [11625, 1, 11816], [11625, 1, 11912], [11625, 1, 11957], [11625, 1, 11999], [11625, 1, 12144], [11625, -1, -1], [11626, -1, -1], [11627, -1, -1], [11628, -1, -1], [11629, -1, -1], [11630, 1, 10207], [11630, 1, 10394], [11630, -1, -1], [11631, -1, -1], [11632, -1, -1]]"
1752865946.1019,-58.000061333179474,12805.821137546587,12805.821364547874,12816.461688586765,15865.460891638904,"[[11633, -1, -1], [11634, -1, -1], [11635, -1, -1], [11636, 1, 11196], [11636, 1, 11404], [11636, 1, 12697], [11636, 1, 12896], [11636, 1, 13096], [11636, -1, -1], [11637, -1, -1], [11638, -1, -1], [11639, -1, -1], [11640, -1, -1], [11641, -1, -1], [11642, -1, -1]]"
1752865946.2125,-56.00006100535393,12805.821177774727,12805.821364547874,12816.461688586765,15865.460891638904,"[[11644, -1, -1], [11645, 1, 12752], [11645, -1, -1], [11646, -1, -1], [11647, -1, -1], [11648, -1, -1], [11649, -1, -1], [11650, 1, 10389], [11650, 1, 10572], [11650, -1, -1], [11651, -1, -1], [11652, -1, -1], [11653, -1, -1], [11654, -1, -1]]"
1752865946.3219,-54.00006067752838,12805.821177774727,12805.821364547874,12816.461689777268,15865.460891638904,"[[11655, -1, -1], [11656, -1, -1], [11657, -1, -1], [11658, -1, -1], [11659, 1, 12231], [11659, 1, 12430], [11659, -1, -1], [11660, -1, -1], [11661, -1, -1], [11662, -1, -1], [11663, -1, -1], [11664, -1, -1]]"
1752865946.4309,-52.000060349702835,12805.821127015173,12805.821371151183,12816.461689777268,15865.460891638904,"[[11666, 1, 9832], [11666, 1, 10021], [11666, -1, -1], [11667, -1, -1], [11668, 1, 11784], [11668, 1, 11824], [11668, 1, 12019], [11668, -1, -1], [11669, -1, -1], [11670, -1, -1], [11671, -1, -1], [11672, -1, -1], [11673, 1, 11874], [11673, 1, 11912], [11673, 1, 12103], [11673, -1, -1], [11674, -1, -1], [11675, -1, -1]]"
1752865946.5405,-50.00006002187729,12805.821127015173,12805.821371151183,12816.46168284126,15865.460891638904,"[[11677, -1, -1], [11678, -1, -1], [11679, 1, 10829], [11679, 1, 10863], [11679, 1, 11058], [11679, 1, 11219], [11679, 1, 11269], [11679, 1, 11457], [11679, 1, 12378], [11679, 1, 12586], [11679, -1, -1], [11680, 1, 13394], [11680, 1, 13579], [11680, -1, -1], [11681, -1, -1], [11682, 1, 12094], [11682, 1, 12293], [11682, -1, -1], [11683, -1, -1], [11684, -1, -1], [11685, -1, -1], [11686, 1, 11506], [11686, 1, 11540], [11686, 1, 11736], [11686, 1, 11912], [11686, -1, -1]]"
1752865946.6505,-48.00005969405174,12805.821121209927,12805.821389561266,12816.46168284126,15865.460891638904,"[[11687, -1, -1], [11688, -1, -1], [11689, -1, -1], [11690, -1, -1], [11691, 1, 11714], [11691, 1, 11905], [11691, -1, -1], [11692, -1, -1], [11693, -1, -1], [11694, -1, -1], [11695, 1, 13547], [11695, 1, 13750], [11695, -1, -1], [11696, -1, -1], [11697, 1, 10362], [11697, 1, 10396], [11697, 1, 10593], [11697, -1, -1]]"
1752865946.7605,-46.000059366226196,12805.821121209927,12805.821389561266,12816.461688776762,15865.460891638904,"[[11698, -1, -1], [11699, -1, -1], [11700, 1, 10466], [11700, 1, 10665], [11700, -1, -1], [11701, -1, -1], [11702, 1, 11646], [11702, 1, 11846], [11702, -1, -1], [11703, -1, -1], [11704, -1, -1], [11705, 1, 11905], [11705, 1, 12090], [11705, -1, -1], [11706, -1, -1], [11707, -1, -1], [11708, -1, -1]]"
1752865946.8704,-44.00005903840065,12805.821082509266,12805.821400269424,12816.461688776762,15865.460891638904,"[[11709, 1, 11671], [11709, 1, 11707], [11709, 1, 11902], [11709, -1, -1], [11710, -1, -1], [11711, -1, -1], [11712, -1, -1], [11713, -1, -1], [11714, -1, -1], [11715, 1, 10955], [11715, 1, 11155], [11715, 1, 12602], [11715, 1, 12810], [11715, -1, -1], [11716, -1, -1], [11717, -1, -1], [11718, -1, -1], [11719, -1, -1]]"
1752865946.9795,-42.000058710575104,12805.821082509266,12805.821392644288,12816.46168575267,15865.460891638904,"[[11720, -1, -1], [11721, -1, -1], [11722, -1, -1], [11723, -1, -1], [11724, -1, -1], [11725, -1, -1], [11726, -1, -1], [11727, -1, -1], [11728, -1, -1], [11729, -1, -1], [11730, -1, -1]]"
1752865947.0885,-40.00005838274956,12805.821161164331,12805.821392644288,12816.46168575267,15865.460891638904,"[[11731, 1, 9976], [11731, 1, 10175], [11731, 1, 10541], [11731, 1, 11858], [11731, -1, -1], [11732, -1, -1], [11733, -1, -1], [11734, -1, -1], [11735, -1, -1], [11736, -1, -1], [11737, -1, -1], [11738, 1, 10858], [11738, 1, 11061], [11738, -1, -1], [11739, 1, 9528], [11739, 1, 9730], [11739, 1, 13377], [11739, -1, -1], [11740, 1, 31648], [11740, 1, 31851], [11740, -1, -1], [11741, -1, -1]]"
1752865947.1995,-38.00005805492401,12805.821161164331,12805.821406477815,12816.461692122573,15865.460891638904,"[[11742, 1, 10796], [11742, 1, 10830], [11742, 1, 11026], [11742, -1, -1], [11743, -1, -1], [11744, 1, 9824], [11744, 1, 10023], [11744, -1, -1], [11745, -1, -1], [11746, -1, -1], [11747, -1, -1], [11748, 1, 14330], [11748, 1, 14515], [11748, -1, -1], [11749, 1, 11752], [11749, 1, 11954], [11749, -1, -1], [11750, 1, 9688], [11750, 1, 9873], [11750, -1, -1], [11751, 1, 10510], [11751, 1, 10697], [11751, -1, -1], [11752, -1, -1]]"
1752865947.3085,-36.000057727098465,12805.821201655035,12805.821406477815,12816.461692122573,15865.460891638904,"[[11753, -1, -1], [11754, -1, -1], [11755, 1, 10312], [11755, 1, 10510], [11755, -1, -1], [11756, -1, -1], [11757, 1, 11519], [11757, 1, 11718], [11757, -1, -1], [11758, 1, 10557], [11758, 1, 10614], [11758, 1, 10755], [11758, 1, 10820], [11758, 1, 12652], [11758, 1, 12686], [11758, 1, 12882], [11758, -1, -1], [11759, 1, 10461], [11759, 1, 10495], [11759, 1, 10691], [11759, 1, 10834], [11759, -1, -1], [11760, 1, 10976], [11760, 1, 11179], [11760, -1, -1], [11761, -1, -1], [11762, 1, 11577], [11762, 1, 11605], [11762, 1, 11808], [11762, -1, -1], [11763, -1, -1]]"
1752865947.4175,-34.00005739927292,12805.821201655035,12805.821400901239,12816.461679756758,15865.460891638904,"[[11764, 1, 9848], [11764, 1, 10046], [11764, -1, -1], [11765, -1, -1], [11766, -1, -1], [11767, 1, 9470], [11767, 1, 9669], [11767, -1, -1], [11768, -1, -1], [11769, 1, 11158], [11769, 1, 11344], [11769, -1, -1], [11770, -1, -1], [11771, -1, -1], [11772, 1, 11177], [11772, 1, 11216], [11772, 1, 11407], [11772, 1, 11642], [11772, -1, -1], [11773, -1, -1], [11774, -1, -1]]"
1752865947.5275,-32.00005707144737,12805.821198506495,12805.821400901239,12816.461684851703,15865.460891638904,"[[11775, -1, -1], [11776, 1, 9660], [11776, 1, 9696], [11776, 1, 9891], [11776, 1, 10031], [11776, 1, 11963], [11776, 1, 12147], [11776, -1, -1], [11777, -1, -1], [11778, -1, -1], [11779, -1, -1], [11780, 1, 9101], [11780, 1, 9300], [11780, 1, 9393], [11780, 1, 9552], [11780, 1, 10121], [11780, 1, 10321], [11780, -1, -1], [11781, -1, -1], [11782, -1, -1], [11783, -1, -1], [11784, -1, -1], [11785, -1, -1]]"
1752865947.6365,-30.000056743621826,12805.821198506495,12805.821402329942,12816.461684851703,15865.460891638904,"[[11786, -1, -1], [11787, -1, -1], [11788, 1, 14099], [11788, 1, 14283], [11788, 1, 14341], [11788, -1, -1], [11789, -1, -1], [11790, -1, -1], [11791, -1, -1], [11792, -1, -1], [11793, 1, 10727], [11793, 1, 10927], [11793, -1, -1], [11794, -1, -1], [11795, -1, -1], [11796, 1, 8951], [11796, 1, 9155], [11796, 1, 10487], [11796, 1, 10671], [11796, -1, -1]]"
1752865947.7465,-28.00005641579628,12805.82113266917,12805.821402329942,12816.46168812834,15865.460891638904,"[[11797, -1, -1], [11798, -1, -1], [11799, 1, 10725], [11799, 1, 10912], [11799, -1, -1], [11800, -1, -1], [11801, -1, -1], [11802, -1, -1], [11803, 1, 9915], [11803, 1, 9953], [11803, 1, 10144], [11803, -1, -1], [11804, -1, -1], [11805, -1, -1], [11806, -1, -1], [11807, -1, -1]]"
1752865947.8575,-26.000056087970734,12805.82113266917,12805.821406033292,12816.46168812834,15865.460891638904,"[[11808, 1, 9425], [11808, 1, 9461], [11808, 1, 9654], [11808, -1, -1], [11809, 1, 11607], [11809, 1, 11792], [11809, -1, -1], [11810, 1, 13169], [11810, 1, 13201], [11810, 1, 13401], [11810, -1, -1], [11811, -1, -1], [11812, -1, -1], [11813, -1, -1], [11814, -1, -1], [11815, -1, -1], [11816, -1, -1], [11817, 1, 10722], [11817, 1, 10905], [11817, -1, -1], [11818, 1, 9520], [11818, 1, 9557], [11818, 1, 9608], [11818, 1, 9750], [11818, -1, -1]]"
1752865947.9665,-24.000055760145187,12805.82109794307,12805.821406033292,12816.461687437522,15865.460891638904,"[[11819, -1, -1], [11820, -1, -1], [11821, -1, -1], [11822, 1, 7877], [11822, 1, 7907], [11822, 1, 8107], [11822, 1, 12238], [11822, 1, 12437], [11822, -1, -1], [11823, -1, -1], [11824, -1, -1], [11825, -1, -1], [11826, 1, 10298], [11826, 1, 10331], [11826, 1, 10527], [11826, 1, 10707], [11826, 1, 11991], [11826, -1, -1], [11827, -1, -1], [11828, -1, -1], [11829, -1, -1]]"
1752865948.0765,-22.00005543231964,12805.82111077885,12805.821410448674,12816.461687437522,15865.460891638904,"[[11830, 1, 11589], [11830, 1, 11789], [11830, 1, 12087], [11830, -1, -1], [11831, 1, 11975], [11831, 1, 12178], [11831, 1, 12707], [11831, 1, 12915], [11831, 1, 13742], [11831, 1, 13779], [11831, 1, 13972], [11831, -1, -1], [11832, -1, -1], [11833, -1, -1], [11834, -1, -1], [11835, -1, -1], [11836, -1, -1], [11837, -1, -1], [11838, 1, 11869], [11838, 1, 12069], [11838, 1, 12326], [11838, -1, -1], [11839, -1, -1], [11840, -1, -1]]"
1752865948.1875,-20.000055104494095,12805.82111077885,12805.821410448674,12816.461692075829,15865.460891638904,"[[11841, -1, -1], [11842, -1, -1], [11843, -1, -1], [11844, 1, 10157], [11844, 1, 10361], [11844, -1, -1], [11845, -1, -1], [11846, -1, -1], [11847, -1, -1], [11848, 1, 9430], [11848, 1, 9629], [11848, 1, 10094], [11848, 1, 10399], [11848, -1, -1], [11849, -1, -1], [11850, 1, 8017], [11850, 1, 8202], [11850, 1, 8391], [11850, 1, 8575], [11850, 1, 8673], [11850, 1, 8703], [11850, 1, 9835], [11850, 1, 9870], [11850, 1, 10065], [11850, 1, 10190], [11850, -1, -1], [11851, -1, -1]]"
1752865948.2975,-18.00005477666855,12805.821179305636,12805.821403548687,12816.461692075829,15865.460891638904,"[[11852, 1, 12092], [11852, 1, 12284], [11852, -1, -1], [11853, -1, -1], [11854, -1, -1], [11855, -1, -1], [11856, -1, -1], [11857, 1, 11001], [11857, 1, 11243], [11857, -1, -1], [11858, -1, -1], [11859, -1, -1], [11860, 1, 12295], [11860, 1, 12498], [11860, -1, -1], [11861, -1, -1], [11862, 1, 10875], [11862, 1, 10909], [11862, 1, 11106], [11862, -1, -1]]"
1752865948.4075,-16.000054448843002,12805.821179305636,12805.821403548687,12816.461688603758,15865.460891638904,"[[11863, -1, -1], [11864, 1, 9165], [11864, 1, 9315], [11864, -1, -1], [11865, -1, -1], [11866, 1, 11795], [11866, -1, -1], [11867, -1, -1], [11868, -1, -1], [11869, 1, 12003], [11869, 1, 12206], [11869, -1, -1], [11870, -1, -1], [11871, 1, 12334], [11871, 1, 12365], [11871, 1, 12565], [11871, -1, -1], [11872, 1, 9118], [11872, 1, 9306], [11872, 1, 12594], [11872, 1, 12781], [11872, -1, -1], [11873, 1, 10217], [11873, 1, 10416], [11873, -1, -1]]"
1752865948.5165,-14.000054121017456,12805.82119368315,12805.821403418146,12816.461688603758,15865.460891638904,"[[11874, -1, -1], [11875, 1, 11078], [11875, 1, 11278], [11875, -1, -1], [11876, 1, 12295], [11876, 1, 12480], [11876, 1, 12761], [11876, -1, -1], [11877, -1, -1], [11878, -1, -1], [11879, -1, -1], [11880, 1, 12084], [11880, 1, 12287], [11880, -1, -1], [11881, 1, 9895], [11881, 1, 10079], [11881, -1, -1], [11882, -1, -1], [11883, -1, -1], [11884, 1, 10060], [11884, 1, 10248], [11884, -1, -1]]"
1752865948.6265,-12.00005379319191,12805.82119368315,12805.821403418146,12816.461683768688,15865.460891638904,"[[11885, -1, -1], [11886, -1, -1], [11887, 1, 10976], [11887, 1, 11161], [11887, -1, -1], [11888, 1, 10997], [11888, 1, 11190], [11888, 1, 14803], [11888, 1, 14838], [11888, 1, 15065], [11888, -1, -1], [11889, 1, 9341], [11889, 1, 9372], [11889, 1, 9571], [11889, -1, -1], [11890, -1, -1], [11891, -1, -1], [11892, -1, -1], [11893, -1, -1], [11894, -1, -1], [11895, -1, -1]]"
1752865948.7365,-10.000053465366364,12805.821134387957,12805.82139864047,12816.461683768688,15865.460891638904,"[[11896, -1, -1], [11897, 1, 10876], [11897, 1, 11064], [11897, -1, -1], [11898, 1, 9399], [11898, 1, 9601], [11898, -1, -1], [11899, -1, -1], [11900, -1, -1], [11901, -1, -1], [11902, 1, 10470], [11902, 1, 10527], [11902, 1, 10672], [11902, 1, 10717], [11902, -1, -1], [11903, -1, -1], [11904, 1, 9515], [11904, 1, 9549], [11904, 1, 9745], [11904, 1, 10088], [11904, 1, 10287], [11904, -1, -1], [11905, 1, 10248], [11905, -1, -1], [11906, 1, 10960], [11906, 1, 11010], [11906, 1, 11194], [11906, 1, 11482], [11906, -1, -1]]"
1752865948.8464,-8.000053603202105,12805.821134387957,12805.82139864047,12816.461681540413,15865.460891638904,"[[11907, -1, -1], [11908, 1, 12068], [11908, 1, 12253], [11908, -1, -1], [11909, -1, -1], [11910, -1, -1], [11911, 1, 8804], [11911, 1, 9003], [11911, 1, 9149], [11911, -1, -1], [11912, 1, 10387], [11912, 1, 10422], [11912, 1, 10617], [11912, -1, -1], [11913, -1, -1], [11914, 1, 10376], [11914, 1, 10585], [11914, -1, -1], [11915, 1, 8707], [11915, 1, 8898], [11915, 1, 11924], [11915, 1, 11954], [11915, 1, 12154], [11915, 1, 12249], [11915, -1, -1], [11916, 1, 11108], [11916, 1, 11308], [11916, -1, -1], [11917, 1, 11635], [11917, 1, 11818], [11917, -1, -1]]"
1752865948.9555,-6.000053741037846,12805.821106230153,12805.821416438694,12816.461681540413,15865.460891638904,"[[11918, 1, 10394], [11918, 1, 10597], [11918, 1, 12427], [11918, 1, 12470], [11918, 1, 12665], [11918, 1, 12842], [11918, -1, -1], [11919, 1, 10195], [11919, 1, 10394], [11919, -1, -1], [11920, 1, 11134], [11920, 1, 11337], [11920, 1, 12927], [11920, 1, 13127], [11920, 1, 13349], [11920, -1, -1], [11921, 1, 9859], [11921, 1, 9915], [11921, 1, 10043], [11921, 1, 10123], [11921, 1, 11022], [11921, 1, 11230], [11921, -1, -1], [11922, -1, -1], [11923, -1, -1], [11924, 1, 9544], [11924, 1, 10588], [11924, 1, 10614], [11924, 1, 10818], [11924, -1, -1], [11925, 1, 8813], [11925, 1, 9017], [11925, 1, 10587], [11925, 1, 10786], [11925, -1, -1], [11926, 1, 10570], [11926, 1, 10602], [11926, 1, 10801], [11926, -1, -1], [11927, 1, 9428], [11927, 1, 9617], [11927, -1, -1], [11928, 1, 10509], [11928, 1, 10540], [11928, 1, 10740], [11928, 1, 10936], [11928, 1, 11044], [11928, 1, 11124], [11928, 1, 11348], [11928, 1, 11383], [11928, 1, 11578], [11928, -1, -1]]"
1752865949.0656,-4.000053646042943,12805.821106230153,12805.821416438694,12816.461677274741,15865.460891638904,"[[11929, -1, -1], [11930, 1, 9942], [11930, 1, 10130], [11930, 1, 10226], [11930, 1, 10425], [11930, 1, 10524], [11930, 1, 10558], [11930, 1, 10662], [11930, 1, 10755], [11930, 1, 10908], [11930, 1, 10983], [11930, 1, 11092], [11930, 1, 11315], [11930, -1, -1], [11931, -1, -1], [11932, 1, 11931], [11932, 1, 12130], [11932, 1, 12292], [11932, 1, 12480], [11932, -1, -1], [11933, -1, -1], [11934, -1, -1], [11935, -1, -1], [11936, 1, 11665], [11936, 1, 11697], [11936, 1, 11897], [11936, -1, -1], [11937, -1, -1], [11938, -1, -1], [11939, -1, -1]]"
1752865949.1765,-2.0000536460440514,12805.82109083779,12805.821397938922,12816.461677274741,15865.460891638904,"[[11940, 1, 12834], [11940, 1, 13036], [11940, -1, -1], [11941, 1, 11631], [11941, 1, 11819], [11941, -1, -1], [11942, 1, 9192], [11942, 1, 9392], [11942, 1, 10733], [11942, 1, 10778], [11942, 1, 10951], [11942, 1, 11170], [11942, 1, 11238], [11942, -1, -1], [11943, 1, 11743], [11943, 1, 11930], [11943, -1, -1], [11944, 1, 11735], [11944, 1, 11934], [11944, 1, 12534], [11944, 1, 12718], [11944, -1, -1], [11945, 1, 11219], [11945, 1, 11254], [11945, 1, 11504], [11945, 1, 11695], [11945, 1, 11908], [11945, -1, -1], [11946, 1, 11677], [11946, 1, 11865], [11946, 1, 12873], [11946, 1, 13076], [11946, -1, -1], [11947, -1, -1], [11948, 1, 13248], [11948, 1, 13432], [11948, 1, 14125], [11948, -1, -1], [11949, 1, 10390], [11949, 1, 10589], [11949, 1, 10846], [11949, 1, 11049], [11949, 1, 12076], [11949, 1, 12261], [11949, 1, 12417], [11949, 1, 12624], [11949, 1, 14033], [11949, 1, 14220], [11949, -1, -1], [11950, 1, 10159], [11950, 1, 10232], [11950, 1, 10361], [11950, 1, 10431], [11950, 1, 10795], [11950, 1, 10999], [11950, 1, 11184], [11950, -1, -1]]"
1752865949.2871,-5.368888378147474e-05,12805.82109083779,12805.821403804406,12816.461676162487,15865.460891638904,"[[11951, 1, 11737], [11951, 1, 11772], [11951, 1, 11968], [11951, -1, -1], [11952, -1, -1], [11953, 1, 11856], [11953, 1, 12047], [11953, 1, 13269], [11953, 1, 13472], [11953, 1, 14671], [11953, 1, 14857], [11953, -1, -1], [11954, -1, -1], [11955, 1, 11844], [11955, 1, 11881], [11955, 1, 11943], [11955, 1, 12073], [11955, 1, 12146], [11955, -1, -1], [11956, 1, 9963], [11956, 1, 10166], [11956, 1, 10703], [11956, 1, 10902], [11956, 1, 11068], [11956, -1, -1], [11957, 1, 9822], [11957, 1, 10031], [11957, 1, 11894], [11957, 1, 12079], [11957, -1, -1], [11958, -1, -1], [11959, 1, 10272], [11959, 1, 10459], [11959, 1, 11216], [11959, 1, 11418], [11959, -1, -1], [11960, 1, 9792], [11960, 1, 9976], [11960, -1, -1], [11961, 1, 9831], [11961, 1, 9901], [11961, 1, 10041], [11961, 1, 10091], [11961, -1, -1]]"
1752865949.3975,1.9999461732804775,12805.821170352983,12805.821403804406,12816.461676162487,15865.460891638904,"[[11962, 1, 9790], [11962, 1, 9993], [11962, 1, 10200], [11962, -1, -1], [11963, -1, -1], [11964, 1, 9126], [11964, 1, 9275], [11964, 1, 9329], [11964, 1, 9532], [11964, 1, 9720], [11964, 1, 9962], [11964, 1, 10032], [11964, 1, 10202], [11964, 1, 10476], [11964, 1, 10664], [11964, 1, 11042], [11964, 1, 11231], [11964, -1, -1], [11965, 1, 10859], [11965, 1, 11059], [11965, -1, -1], [11966, 1, 11738], [11966, 1, 11793], [11966, 1, 11937], [11966, 1, 11981], [11966, 1, 12857], [11966, 1, 13041], [11966, -1, -1], [11967, -1, -1], [11968, 1, 9882], [11968, 1, 9917], [11968, 1, 10112], [11968, 1, 11556], [11968, 1, 11765], [11968, -1, -1], [11969, -1, -1], [11970, 1, 11949], [11970, 1, 12148], [11970, -1, -1], [11971, 1, 9451], [11971, 1, 9650], [11971, 1, 11497], [11971, 1, 11705], [11971, -1, -1], [11972, 1, 12386], [11972, 1, 12590], [11972, 1, 13974], [11972, 1, 14182], [11972, -1, -1]]"
1752865949.5065,3.9999460354447365,12805.821170352983,12805.821411929319,12816.461687403395,15865.460891638904,"[[11973, 1, 12066], [11973, 1, 12266], [11973, -1, -1], [11974, -1, -1], [11975, 1, 11810], [11975, 1, 12009], [11975, 1, 12338], [11975, -1, -1], [11976, 1, 10349], [11976, 1, 10383], [11976, 1, 10578], [11976, -1, -1], [11977, 1, 11128], [11977, 1, 11167], [11977, 1, 11218], [11977, 1, 11360], [11977, 1, 11426], [11977, -1, -1], [11978, -1, -1], [11979, -1, -1], [11980, 1, 10764], [11980, 1, 10901], [11980, 1, 10949], [11980, 1, 11131], [11980, 1, 11579], [11980, 1, 11769], [11980, 1, 12521], [11980, 1, 12704], [11980, 1, 13400], [11980, 1, 13602], [11980, -1, -1], [11981, -1, -1], [11982, 1, 11658], [11982, 1, 11841], [11982, 1, 12338], [11982, -1, -1], [11983, -1, -1]]"
1752865949.6165,5.999946363270283,12805.821185304292,12805.821411929319,12816.461687403395,15865.460891638904,"[[11984, 1, 10919], [11984, 1, 11106], [11984, 1, 13326], [11984, 1, 13525], [11984, -1, -1], [11985, 1, 11292], [11985, 1, 11479], [11985, -1, -1], [11986, 1, 10550], [11986, 1, 10601], [11986, 1, 10749], [11986, 1, 10790], [11986, -1, -1], [11987, 1, 9794], [11987, 1, 9982], [11987, 1, 10139], [11987, -1, -1], [11988, 1, 9967], [11988, 1, 10153], [11988, 1, 11768], [11988, 1, 11977], [11988, -1, -1], [11989, 1, 13405], [11989, 1, 13604], [11989, -1, -1], [11990, 1, 10045], [11990, 1, 10232], [11990, -1, -1], [11991, 1, 10285], [11991, 1, 10489], [11991, 1, 10708], [11991, 1, 10908], [11991, 1, 10985], [11991, 1, 11143], [11991, 1, 11248], [11991, -1, -1], [11992, -1, -1], [11993, 1, 10318], [11993, 1, 10503], [11993, -1, -1], [11994, -1, -1]]"
1752865949.7285,7.999946691095829,12805.821185304292,12805.82141641831,12816.461690419,15865.460891638904,"[[11995, 1, 10411], [11995, 1, 10614], [11995, 1, 10960], [11995, -1, -1], [11996, 1, 9944], [11996, 1, 9983], [11996, 1, 10235], [11996, 1, 10401], [11996, 1, 10562], [11996, -1, -1], [11997, 1, 10346], [11997, 1, 10545], [11997, 1, 11954], [11997, 1, 12139], [11997, 1, 12304], [11997, 1, 12348], [11997, 1, 12534], [11997, -1, -1], [11998, -1, -1], [11999, 1, 12021], [11999, 1, 12224], [11999, 1, 12286], [11999, 1, 12321], [11999, 1, 12517], [11999, -1, -1], [12000, 1, 11972], [12000, 1, 12176], [12000, 1, 12340], [12000, -1, -1], [12001, 1, 12440], [12001, 1, 12643], [12001, -1, -1], [12002, 1, 9219], [12002, 1, 9406], [12002, 1, 12131], [12002, 1, 12224], [12002, 1, 12329], [12002, 1, 12452], [12002, 1, 12635], [12002, -1, -1], [12003, 1, 12701], [12003, 1, 12900], [12003, -1, -1], [12004, 1, 11960], [12004, 1, 12159], [12004, 1, 12363], [12004, 1, 12552], [12004, -1, -1], [12005, 1, 8973], [12005, 1, 9176], [12005, -1, -1]]"
1752865949.8395,9.999947018921375,12805.821179793802,12805.82141641831,12816.461690419,15865.460891638904,"[[12006, -1, -1], [12007, 1, 14127], [12007, 1, 14312], [12007, -1, -1], [12008, 1, 11148], [12008, 1, 11179], [12008, 1, 11207], [12008, 1, 11417], [12008, 1, 11763], [12008, 1, 11966], [12008, -1, -1], [12009, 1, 11630], [12009, 1, 11782], [12009, -1, -1], [12010, -1, -1], [12011, 1, 11117], [12011, 1, 11226], [12011, 1, 11316], [12011, 1, 11394], [12011, 1, 11918], [12011, 1, 12120], [12011, -1, -1], [12012, 1, 11372], [12012, 1, 11400], [12012, 1, 11603], [12012, 1, 11825], [12012, -1, -1], [12013, 1, 11354], [12013, 1, 11498], [12013, 1, 11559], [12013, 1, 11680], [12013, 1, 11766], [12013, 1, 12580], [12013, 1, 12780], [12013, 1, 12937], [12013, 1, 12990], [12013, -1, -1], [12014, 1, 10678], [12014, 1, 10881], [12014, -1, -1], [12015, 1, 10823], [12015, 1, 11008], [12015, 1, 11286], [12015, 1, 11320], [12015, 1, 11363], [12015, 1, 11399], [12015, 1, 11515], [12015, 1, 11596], [12015, -1, -1], [12016, -1, -1]]"
1752865949.9495,11.999947346746922,12805.821179793802,12805.821405960509,12816.461684875232,15865.460891638904,"[[12017, 1, 10089], [12017, 1, 10319], [12017, 1, 10590], [12017, 1, 10692], [12017, 1, 10779], [12017, 1, 10857], [12017, -1, -1], [12018, 1, 11033], [12018, 1, 11236], [12018, -1, -1], [12019, 1, 13250], [12019, 1, 13435], [12019, -1, -1], [12020, -1, -1], [12021, 1, 11341], [12021, 1, 11539], [12021, -1, -1], [12022, 1, 9710], [12022, 1, 9896], [12022, 1, 10276], [12022, 1, 10462], [12022, 1, 11136], [12022, 1, 11174], [12022, 1, 11366], [12022, -1, -1], [12023, -1, -1], [12024, -1, -1], [12025, -1, -1], [12026, 1, 12475], [12026, 1, 12663], [12026, -1, -1], [12027, 1, 8729], [12027, 1, 8761], [12027, 1, 8960], [12027, -1, -1]]"
1752865950.0595,13.999946743249893,12805.82109137191,12805.821405960509,12816.46169194527,15865.460891638904,"[[12028, 1, 12364], [12028, 1, 12552], [12028, -1, -1], [12029, -1, -1], [12030, 1, 9511], [12030, 1, 9546], [12030, 1, 9742], [12030, 1, 12404], [12030, 1, 12588], [12030, -1, -1], [12031, -1, -1], [12032, 1, 12384], [12032, 1, 12571], [12032, -1, -1], [12033, 1, 12563], [12033, 1, 12766], [12033, -1, -1], [12034, 1, 11901], [12034, 1, 12109], [12034, 1, 12520], [12034, 1, 12719], [12034, -1, -1], [12035, -1, -1], [12036, 1, 11334], [12036, 1, 11518], [12036, -1, -1], [12037, 1, 11682], [12037, 1, 11865], [12037, -1, -1], [12038, -1, -1]]"
1752865950.1693,15.999947071075438,12805.82109137191,12805.82141279326,12816.46169194527,15865.460891638904,"[[12039, 1, 11150], [12039, 1, 11353], [12039, -1, -1], [12040, -1, -1], [12041, 1, 14867], [12041, 1, 15055], [12041, -1, -1], [12042, -1, -1], [12043, 1, 11114], [12043, 1, 11318], [12043, -1, -1], [12044, 1, 11743], [12044, 1, 11930], [12044, -1, -1], [12045, -1, -1], [12046, -1, -1], [12047, -1, -1], [12048, 1, 13356], [12048, 1, 13559], [12048, -1, -1], [12049, -1, -1]]"
1752865950.2805,17.999947398900986,12805.821108469121,12805.82141279326,12816.46168356945,15865.460891638904,"[[12050, -1, -1], [12051, 1, 10670], [12051, 1, 10854], [12051, -1, -1], [12052, -1, -1], [12053, -1, -1], [12054, 1, 10176], [12054, -1, -1], [12055, 1, 9894], [12055, 1, 9936], [12055, 1, 10127], [12055, -1, -1], [12056, -1, -1], [12057, -1, -1], [12058, -1, -1], [12059, -1, -1], [12060, 1, 13158], [12060, 1, 13343], [12060, -1, -1]]"
1752865950.3905,19.999947726726532,12805.821108469121,12805.821406526778,12816.46168356945,15865.460891638904,"[[12061, 1, 12411], [12061, 1, 12445], [12061, 1, 12640], [12061, -1, -1], [12062, -1, -1], [12063, -1, -1], [12064, -1, -1], [12065, -1, -1], [12066, -1, -1], [12067, -1, -1], [12068, -1, -1], [12069, -1, -1], [12070, -1, -1], [12071, -1, -1]]"
1752865950.4995,21.99994805455208,12805.821171567897,12805.821406526778,12816.461687194755,15865.460891638904,"[[12072, -1, -1], [12073, -1, -1], [12074, -1, -1], [12075, -1, -1], [12076, -1, -1], [12077, -1, -1], [12078, -1, -1], [12079, -1, -1], [12080, -1, -1], [12081, -1, -1], [12082, -1, -1]]"
1752865950.6095,23.999948382377625,12805.821171567897,12805.821401786985,12816.461687194755,15865.460891638904,"[[12083, -1, -1], [12084, -1, -1], [12085, -1, -1], [12086, -1, -1], [12087, -1, -1], [12088, -1, -1], [12089, -1, -1], [12090, -1, -1], [12091, -1, -1], [12092, -1, -1], [12093, -1, -1]]"
1752865950.7205,25.99994871020317,12805.82118960002,12805.821401786985,12816.461679874108,15865.460891638904,"[[12094, -1, -1], [12095, -1, -1], [12096, -1, -1], [12097, -1, -1], [12098, -1, -1], [12099, -1, -1], [12100, 1, 11241], [12100, 1, 11275], [12100, 1, 11473], [12100, -1, -1], [12101, 1, 12783], [12101, 1, 12968], [12101, -1, -1], [12102, -1, -1], [12103, -1, -1], [12104, -1, -1]]"
1752865950.8295,27.999949038028717,12805.821161209058,12805.821401729601,12816.461679874108,15865.460891638904,"[[12105, -1, -1], [12106, -1, -1], [12107, -1, -1], [12108, 1, 11353], [12108, 1, 11388], [12108, 1, 11585], [12108, -1, -1], [12109, -1, -1], [12110, -1, -1], [12111, -1, -1], [12112, -1, -1], [12113, -1, -1], [12114, -1, -1], [12115, -1, -1]]"
1752865950.9385,29.999949365854263,12805.821161209058,12805.821401729601,12816.461680961014,15865.460891638904,"[[12116, -1, -1], [12117, -1, -1], [12118, -1, -1], [12119, -1, -1], [12120, -1, -1], [12121, -1, -1], [12122, -1, -1], [12123, -1, -1], [12124, -1, -1], [12125, -1, -1], [12126, -1, -1]]"
1752865951.0475,31.99994969367981,12805.82111527619,12805.821405124265,12816.461680961014,15865.460891638904,"[[12127, -1, -1], [12128, -1, -1], [12129, -1, -1], [12130, -1, -1], [12131, -1, -1], [12132, -1, -1], [12133, -1, -1], [12134, -1, -1], [12135, -1, -1], [12136, -1, -1], [12137, -1, -1]]"
1752865951.1565,33.999950021505356,12805.82111527619,12805.821405124265,12816.461692052735,15865.460891638904,"[[12138, -1, -1], [12139, -1, -1], [12140, 1, 10172], [12140, 1, 10371], [12140, 1, 93075], [12140, 1, 93259], [12140, -1, -1], [12141, -1, -1], [12142, -1, -1], [12143, -1, -1], [12144, -1, -1], [12145, -1, -1], [12146, -1, -1], [12147, -1, -1], [12148, -1, -1]]"
1752865951.2675,35.9999503493309,12805.821072040066,12805.821398005255,12816.461692052735,15865.460891638904,"[[12149, -1, -1], [12150, 1, 10219], [12150, 1, 10256], [12150, 1, 10450], [12150, -1, -1], [12151, -1, -1], [12152, -1, -1], [12153, -1, -1], [12154, -1, -1], [12155, 1, 9919], [12155, 1, 10118], [12155, 1, 10387], [12155, 1, 10595], [12155, -1, -1], [12156, -1, -1], [12157, -1, -1], [12158, -1, -1], [12159, -1, -1]]"
1752865951.3765,37.99995067715645,12805.821072040066,12805.821412686144,12816.461687976253,15865.460891638904,"[[12160, -1, -1], [12161, -1, -1], [12162, -1, -1], [12163, -1, -1], [12164, 1, 13748], [12164, 1, 13947], [12164, -1, -1], [12165, -1, -1], [12166, -1, -1], [12167, -1, -1], [12168, -1, -1], [12169, -1, -1], [12170, -1, -1]]"
1752865951.4855,39.999951004981995,12805.821134474796,12805.821412686144,12816.461687976253,15865.460891638904,"[[12171, -1, -1], [12172, -1, -1], [12173, -1, -1], [12174, -1, -1], [12175, -1, -1], [12176, -1, -1], [12177, -1, -1], [12178, -1, -1], [12179, -1, -1], [12180, -1, -1], [12181, -1, -1]]"
1752865951.5946,41.99995133280754,12805.821134474796,12805.821399303431,12816.461686387669,15865.460891638904,"[[12182, -1, -1], [12183, 1, 9784], [12183, 1, 9818], [12183, 1, 10014], [12183, -1, -1], [12184, -1, -1], [12185, -1, -1], [12186, -1, -1], [12187, -1, -1], [12188, -1, -1], [12189, -1, -1], [12190, -1, -1], [12191, -1, -1], [12192, -1, -1]]"
1752865951.7055,43.99995166063309,12805.821174247994,12805.821399303431,12816.461686387669,15865.460891638904,"[[12193, -1, -1], [12194, -1, -1], [12195, -1, -1], [12196, -1, -1], [12197, -1, -1], [12198, -1, -1], [12199, -1, -1], [12200, -1, -1], [12201, -1, -1], [12202, -1, -1], [12203, -1, -1]]"
1752865951.8145,45.99995198845863,12805.821174247994,12805.821404154996,12816.461691017414,15865.460891638904,"[[12204, -1, -1], [12205, -1, -1], [12206, -1, -1], [12207, -1, -1], [12208, -1, -1], [12209, -1, -1], [12210, 1, 174896], [12210, 1, 175086], [12210, -1, -1], [12211, -1, -1], [12212, -1, -1], [12213, -1, -1], [12214, -1, -1]]"
1752865951.9245,47.99995231628418,12805.821179612098,12805.821404154996,12816.461691017414,15865.460891638904,"[[12215, -1, -1], [12216, -1, -1], [12217, -1, -1], [12218, -1, -1], [12219, -1, -1], [12220, -1, -1], [12221, -1, -1], [12222, -1, -1], [12223, -1, -1], [12224, -1, -1], [12225, -1, -1]]"
1752865952.0335,49.999952644109726,12805.821179612098,12805.821401255052,12816.461691017414,15865.460891638904,"[[12226, 1, 9951], [12226, 1, 10138], [12226, -1, -1], [12227, -1, -1], [12228, -1, -1], [12229, -1, -1], [12230, -1, -1], [12231, -1, -1], [12232, -1, -1], [12233, -1, -1], [12234, -1, -1], [12235, -1, -1], [12236, -1, -1]]"
1752865952.1435,51.99995297193527,12805.821122738045,12805.821401255052,12816.461691017414,15865.460891638904,"[[12237, -1, -1], [12238, -1, -1], [12239, -1, -1], [12240, 1, 13000], [12240, 1, 13199], [12240, -1, -1], [12241, -1, -1], [12242, -1, -1], [12243, -1, -1], [12244, -1, -1], [12245, -1, -1], [12246, -1, -1], [12247, -1, -1]]"
1752865952.2535,53.99995329976082,12805.82107758338,12805.821403357844,12816.461691017414,15865.460891638904,"[[12248, -1, -1], [12249, -1, -1], [12250, -1, -1], [12251, -1, -1], [12252, -1, -1], [12253, -1, -1], [12254, -1, -1], [12255, -1, -1], [12256, -1, -1], [12257, -1, -1], [12258, -1, -1]]"
1752865952.3625,55.999953627586365,12805.82107758338,12805.821403357844,12816.461691017414,15865.460891638904,"[[12259, -1, -1], [12260, -1, -1], [12261, -1, -1], [12262, -1, -1], [12263, -1, -1], [12264, -1, -1], [12265, -1, -1], [12266, -1, -1], [12267, -1, -1], [12268, -1, -1], [12269, -1, -1]]"
1752865952.4725,57.99995395541191,12805.82108601972,12805.821393831007,12816.461691017414,15865.460891638904,"[[12270, -1, -1], [12271, -1, -1], [12272, -1, -1], [12273, -1, -1], [12274, -1, -1], [12275, -1, -1], [12276, -1, -1], [12277, -1, -1], [12278, -1, -1], [12279, -1, -1], [12280, -1, -1]]"
1752865952.582,59.99995428323746,12805.82108601972,12805.821404323087,12816.461691017414,15865.460891638904,"[[12281, -1, -1], [12282, -1, -1], [12283, -1, -1], [12284, -1, -1], [12285, -1, -1], [12286, -1, -1], [12287, 1, 11507], [12287, 1, 11541], [12287, 1, 11711], [12287, 1, 11737], [12287, 1, 11897], [12287, 1, 12135], [12287, -1, -1], [12288, -1, -1], [12289, -1, -1], [12290, -1, -1]]"
1752865952.6919,61.999950885772705,12805.821157023833,12805.821404323087,12816.461691017414,15865.460891638904,"[[12292, -1, -1], [12293, -1, -1], [12294, -1, -1], [12295, -1, -1], [12296, -1, -1], [12297, -1, -1], [12298, -1, -1], [12299, -1, -1], [12300, -1, -1], [12301, -1, -1]]"
1752865952.8025,63.99994748830795,12805.821157023833,12805.821401015693,12816.461691017414,15865.460891638904,"[[12303, -1, -1], [12304, -1, -1], [12305, -1, -1], [12306, -1, -1], [12307, -1, -1], [12308, -1, -1], [12309, -1, -1], [12310, -1, -1], [12311, -1, -1], [12312, -1, -1], [12313, -1, -1]]"
1752865952.9119,65.9999440908432,12805.821172672959,12805.821401015693,12816.461691017414,15865.460891638904,"[[12314, -1, -1], [12315, -1, -1], [12316, -1, -1], [12317, -1, -1], [12318, -1, -1], [12319, -1, -1], [12320, -1, -1], [12321, -1, -1], [12322, -1, -1], [12323, -1, -1]]"
1752865953.0219,67.99994069337845,12805.821172672959,12805.821396388777,12816.461691017414,15865.460891638904,"[[12325, -1, -1], [12326, -1, -1], [12327, -1, -1], [12328, -1, -1], [12329, 1, 10371], [12329, 1, 10557], [12329, 1, 30213], [12329, 1, 30404], [12329, -1, -1], [12330, -1, -1], [12331, -1, -1], [12332, -1, -1], [12333, -1, -1], [12334, -1, -1]]"
1752865953.1319,69.9999372959137,12805.821170726045,12805.821396388777,12816.461691017414,15865.460891638904,"[[12336, -1, -1], [12337, -1, -1], [12338, -1, -1], [12339, -1, -1], [12340, -1, -1], [12341, -1, -1], [12342, -1, -1], [12343, -1, -1], [12344, -1, -1], [12345, -1, -1]]"
1752865953.2425,71.99993389844894,12805.821170726045,12805.821389030594,12816.461691017414,15865.460891638904,"[[12347, -1, -1], [12348, -1, -1], [12349, 1, 11674], [12349, 1, 11877], [12349, -1, -1], [12350, -1, -1], [12351, -1, -1], [12352, -1, -1], [12353, -1, -1], [12354, -1, -1], [12355, -1, -1], [12356, -1, -1], [12357, -1, -1]]"
1752865953.3526,73.99993050098419,12805.821105882946,12805.821389030594,12816.461691017414,15865.460891638904,"[[12358, 1, 11255], [12358, 1, 11299], [12358, 1, 11485], [12358, -1, -1], [12359, -1, -1], [12360, 1, 12429], [12360, 1, 12613], [12360, -1, -1], [12361, 1, 9133], [12361, 1, 9332], [12361, -1, -1], [12362, -1, -1], [12363, -1, -1], [12364, -1, -1], [12365, -1, -1], [12366, -1, -1], [12367, -1, -1], [12368, -1, -1]]"
1752865953.4635,75.99992710351944,12805.821105882946,12805.821399014258,12816.461691017414,15865.460891638904,"[[12369, -1, -1], [12370, -1, -1], [12371, -1, -1], [12372, -1, -1], [12373, 1, 12267], [12373, 1, 12450], [12373, -1, -1], [12374, -1, -1], [12375, -1, -1], [12376, 1, 11907], [12376, 1, 12106], [12376, 1, 12444], [12376, 1, 12647], [12376, -1, -1], [12377, -1, -1], [12378, -1, -1], [12379, -1, -1]]"
1752865953.5725,77.99992370605469,12805.821105882946,12805.821391219963,12816.461691017414,15865.460891638904,"[[12380, 1, 12060], [12380, -1, -1], [12381, -1, -1], [12382, -1, -1], [12383, -1, -1], [12384, -1, -1], [12385, -1, -1], [12386, -1, -1], [12387, -1, -1], [12388, -1, -1], [12389, -1, -1], [12390, -1, -1]]"
1752865953.6825,79.99992030858994,12805.821105882946,12805.821391219963,12816.461691017414,15865.460891638904,"[[12391, -1, -1], [12392, -1, -1], [12393, -1, -1], [12394, -1, -1], [12395, -1, -1], [12396, -1, -1], [12397, -1, -1], [12398, -1, -1], [12399, -1, -1], [12400, -1, -1], [12401, -1, -1]]"
1752865953.7925,81.99991691112518,12805.821105882946,12805.821393868464,12816.461691017414,15865.460891638904,"[[12402, -1, -1], [12403, -1, -1], [12404, -1, -1], [12405, -1, -1], [12406, -1, -1], [12407, -1, -1], [12408, -1, -1], [12409, -1, -1], [12410, -1, -1], [12411, -1, -1], [12412, -1, -1]]"
1752865953.9019,83.99991351366043,12805.821105882946,12805.821393868464,12816.461691017414,15865.460891638904,"[[12413, -1, -1], [12414, -1, -1], [12415, -1, -1], [12416, -1, -1], [12417, -1, -1], [12418, -1, -1], [12419, -1, -1], [12420, -1, -1], [12421, -1, -1], [12422, -1, -1]]"
1752865954.0125,85.99991011619568,12805.821105882946,12805.821389621675,12816.461691017414,15865.460891638904,"[[12424, -1, -1], [12425, -1, -1], [12426, -1, -1], [12427, -1, -1], [12428, -1, -1], [12429, -1, -1], [12430, -1, -1], [12431, -1, -1], [12432, -1, -1], [12433, -1, -1], [12434, -1, -1]]"
1752865954.1225,87.99990671873093,12805.821105882946,12805.821389621675,12816.461691017414,15865.460891638904,"[[12435, 1, 94470], [12435, -1, -1], [12436, -1, -1], [12437, -1, -1], [12438, -1, -1], [12439, -1, -1], [12440, -1, -1], [12441, -1, -1], [12442, -1, -1], [12443, -1, -1], [12444, -1, -1], [12445, -1, -1]]"
1752865954.2325,89.99990332126617,12805.821105882946,12805.821393140905,12816.461691017414,15865.460891638904,"[[12446, 1, 257301], [12446, 1, 257487], [12446, -1, -1], [12447, -1, -1], [12448, -1, -1], [12449, -1, -1], [12450, -1, -1], [12451, -1, -1], [12452, -1, -1], [12453, -1, -1], [12454, -1, -1], [12455, -1, -1], [12456, -1, -1]]"
1752865954.3425,91.99989992380142,12805.821105882946,12805.821393140905,12816.461691017414,15865.460891638904,"[[12457, -1, -1], [12458, -1, -1], [12459, -1, -1], [12460, -1, -1], [12461, -1, -1], [12462, -1, -1], [12463, -1, -1], [12464, 1, 9916], [12464, 1, 10115], [12464, -1, -1], [12465, -1, -1], [12466, -1, -1], [12467, -1, -1]]"
1752865954.4519,93.99989652633667,12805.821105882946,12805.821395035988,12816.461691017414,15865.460891638904,"[[12468, -1, -1], [12469, -1, -1], [12470, -1, -1], [12471, -1, -1], [12472, -1, -1], [12473, -1, -1], [12474, -1, -1], [12475, -1, -1], [12476, -1, -1], [12477, -1, -1]]"
1752865954.5609,95.99989312887192,12805.821105882946,12805.821393786919,12816.461691017414,15865.460891638904,"[[12479, -1, -1], [12480, -1, -1], [12481, -1, -1], [12482, -1, -1], [12483, -1, -1], [12484, -1, -1], [12485, -1, -1], [12486, -1, -1], [12487, -1, -1], [12488, -1, -1]]"
1752865954.6709,97.99988973140717,12805.821105882946,12805.821393786919,12816.461691017414,15865.460891638904,"[[12490, -1, -1], [12491, -1, -1], [12492, -1, -1], [12493, -1, -1], [12494, -1, -1], [12495, -1, -1], [12496, -1, -1], [12497, -1, -1], [12498, -1, -1], [12499, -1, -1]]"
1752865954.7935,-152.00000596046448,12805.821105882946,12805.82139712396,12816.461691017414,15865.460891638904,"[[12502, -1, -1], [12503, -1, -1], [12504, 1, 12035], [12504, 1, 12234], [12504, -1, -1], [12505, -1, -1], [12506, -1, -1], [12507, -1, -1], [12508, -1, -1], [12509, -1, -1], [12510, -1, -1], [12511, -1, -1], [12512, -1, -1]]"
1752865954.9035,-150.00000190734863,12805.821105882946,12805.82139712396,12816.461691017414,15865.460891638904,"[[12513, -1, -1], [12514, -1, -1], [12515, -1, -1], [12516, 1, 10998], [12516, 1, 11198], [12516, -1, -1], [12517, -1, -1], [12518, -1, -1], [12519, -1, -1], [12520, -1, -1], [12521, -1, -1], [12522, -1, -1], [12523, -1, -1]]"
1752865955.0125,-147.9999978542328,12805.821105882946,12805.821389673561,12816.461691017414,15865.460891638904,"[[12524, -1, -1], [12525, -1, -1], [12526, -1, -1], [12527, -1, -1], [12528, -1, -1], [12529, -1, -1], [12530, -1, -1], [12531, -1, -1], [12532, -1, -1], [12533, -1, -1], [12534, 1, 10139], [12534, 1, 10338], [12534, -1, -1]]"
1752865955.1235,-145.99999380111694,12805.821105882946,12805.821395154358,12816.461691017414,15865.460891638904,"[[12535, -1, -1], [12536, -1, -1], [12537, -1, -1], [12538, -1, -1], [12539, -1, -1], [12540, -1, -1], [12541, -1, -1], [12542, -1, -1], [12543, -1, -1], [12544, 1, 11252], [12544, 1, 11455], [12544, -1, -1], [12545, -1, -1]]"
1752865955.2348,-143.9999897480011,12805.821105882946,12805.821395154358,12816.461691017414,15865.460891638904,"[[12546, -1, -1], [12547, -1, -1], [12548, -1, -1], [12549, -1, -1], [12550, -1, -1], [12551, -1, -1], [12552, -1, -1], [12553, -1, -1], [12554, -1, -1], [12555, -1, -1], [12556, -1, -1]]"
1752865955.3465,-141.99998569488525,12805.821105882946,12805.821402595435,12816.461691017414,15865.460891638904,"[[12557, -1, -1], [12558, -1, -1], [12559, -1, -1], [12560, -1, -1], [12561, -1, -1], [12562, -1, -1], [12563, -1, -1], [12564, -1, -1], [12565, -1, -1], [12566, -1, -1], [12567, -1, -1]]"
1752865955.4565,-139.9999816417694,12805.821105882946,12805.821402595435,12816.461691017414,15865.460891638904,"[[12568, -1, -1], [12569, -1, -1], [12570, -1, -1], [12571, -1, -1], [12572, -1, -1], [12573, -1, -1], [12574, -1, -1], [12575, -1, -1], [12576, -1, -1], [12577, 1, 14082], [12577, 1, 14267], [12577, -1, -1], [12578, -1, -1]]"
1752865955.5675,-137.99997758865356,12805.821105882946,12805.821411175972,12816.461691017414,15865.460891638904,"[[12579, -1, -1], [12580, -1, -1], [12581, -1, -1], [12582, -1, -1], [12583, -1, -1], [12584, -1, -1], [12585, -1, -1], [12586, -1, -1], [12587, -1, -1], [12588, -1, -1], [12589, -1, -1]]"
1752865955.6785,-135.99997353553772,12805.821105882946,12805.821411175972,12816.461691017414,15865.460891638904,"[[12590, -1, -1], [12591, -1, -1], [12592, -1, -1], [12593, -1, -1], [12594, -1, -1], [12595, -1, -1], [12596, -1, -1], [12597, -1, -1], [12598, -1, -1], [12599, -1, -1], [12600, -1, -1]]"
1752865955.7895,-133.99996948242188,12805.821105882946,12805.821393208977,12816.461691017414,15865.460891638904,"[[12601, -1, -1], [12602, -1, -1], [12603, -1, -1], [12604, -1, -1], [12605, -1, -1], [12606, -1, -1], [12607, -1, -1], [12608, -1, -1], [12609, -1, -1], [12610, -1, -1], [12611, -1, -1]]"
1752865955.8995,-131.99996542930603,12805.821105882946,12805.821393208977,12816.461691017414,15865.460891638904,"[[12612, -1, -1], [12613, -1, -1], [12614, -1, -1], [12615, -1, -1], [12616, -1, -1], [12617, -1, -1], [12618, -1, -1], [12619, -1, -1], [12620, -1, -1], [12621, -1, -1], [12622, -1, -1]]"
1752865956.0095,-129.99996137619019,12805.821105882946,12805.8213977664,12816.461691017414,15865.460891638904,"[[12623, -1, -1], [12624, -1, -1], [12625, -1, -1], [12626, -1, -1], [12627, -1, -1], [12628, -1, -1], [12629, -1, -1], [12630, -1, -1], [12631, -1, -1], [12632, -1, -1], [12633, -1, -1]]"
1752865956.1195,-127.99995732307434,12805.821105882946,12805.821386425292,12816.461691017414,15865.460891638904,"[[12634, -1, -1], [12635, -1, -1], [12636, -1, -1], [12637, -1, -1], [12638, -1, -1], [12639, -1, -1], [12640, -1, -1], [12641, -1, -1], [12642, -1, -1], [12643, -1, -1], [12644, -1, -1]]"
1752865956.2305,-125.9999607205391,12805.821105882946,12805.821386425292,12816.461691017414,15865.460891638904,"[[12645, -1, -1], [12646, -1, -1], [12647, -1, -1], [12648, -1, -1], [12649, -1, -1], [12650, -1, -1], [12651, -1, -1], [12652, -1, -1], [12653, -1, -1], [12654, 1, 13720], [12654, 1, 13907], [12654, -1, -1], [12655, -1, -1]]"
1752865956.3409,-123.99996411800385,12805.821105882946,12805.82139370388,12816.461691017414,15865.460891638904,"[[12656, -1, -1], [12657, -1, -1], [12658, 1, 10355], [12658, 1, 10555], [12658, -1, -1], [12659, -1, -1], [12660, -1, -1], [12661, -1, -1], [12662, -1, -1], [12663, -1, -1], [12664, -1, -1], [12665, -1, -1], [12666, -1, -1]]"
1752865956.4509,-121.9999675154686,12805.821105882946,12805.82139370388,12816.461691017414,15865.460891638904,"[[12668, -1, -1], [12669, -1, -1], [12670, -1, -1], [12671, -1, -1], [12672, -1, -1], [12673, -1, -1], [12674, -1, -1], [12675, -1, -1], [12676, -1, -1], [12677, -1, -1]]"
1752865956.561,-119.99997091293335,12805.821105882946,12805.821396116811,12816.461691017414,15865.460891638904,"[[12679, -1, -1], [12680, -1, -1], [12681, -1, -1], [12682, -1, -1], [12683, -1, -1], [12684, -1, -1], [12685, -1, -1], [12686, -1, -1], [12687, -1, -1], [12688, -1, -1]]"
1752865956.6709,-117.9999743103981,12805.821105882946,12805.821395792973,12816.461691017414,15865.460891638904,"[[12690, -1, -1], [12691, -1, -1], [12692, 1, 12048], [12692, 1, 12082], [12692, 1, 12278], [12692, -1, -1], [12693, -1, -1], [12694, -1, -1], [12695, -1, -1], [12696, -1, -1], [12697, -1, -1], [12698, -1, -1], [12699, -1, -1]]"
1752865956.7809,-115.99997770786285,12805.821105882946,12805.821395792973,12816.461691017414,15865.460891638904,"[[12701, -1, -1], [12702, 1, 13223], [12702, 1, 13408], [12702, -1, -1], [12703, -1, -1], [12704, -1, -1], [12705, -1, -1], [12706, -1, -1], [12707, 1, 10971], [12707, 1, 11174], [12707, -1, -1], [12708, -1, -1], [12709, -1, -1], [12710, -1, -1]]"
1752865956.8909,-113.9999811053276,12805.821105882946,12805.821393543838,12816.461691017414,15865.460891638904,"[[12712, 1, 11113], [12712, 1, 11315], [12712, -1, -1], [12713, 1, 276316], [12713, -1, -1], [12714, -1, -1], [12715, -1, -1], [12716, -1, -1], [12717, -1, -1], [12718, -1, -1], [12719, -1, -1], [12720, -1, -1], [12721, -1, -1]]"
1752865957.0005,-111.99998450279236,12805.821105882946,12805.821393543838,12816.461691017414,15865.460891638904,"[[12723, -1, -1], [12724, -1, -1], [12725, 1, 11992], [12725, 1, 12024], [12725, 1, 12223], [12725, -1, -1], [12726, -1, -1], [12727, -1, -1], [12728, -1, -1], [12729, -1, -1], [12730, -1, -1], [12731, -1, -1], [12732, -1, -1]]"
1752865957.1105,-109.99998790025711,12805.821105882946,12805.821406251423,12816.461691017414,15865.460891638904,"[[12733, -1, -1], [12734, -1, -1], [12735, -1, -1], [12736, 1, 10270], [12736, 1, 10469], [12736, -1, -1], [12737, -1, -1], [12738, -1, -1], [12739, 1, 11036], [12739, 1, 11239], [12739, -1, -1], [12740, -1, -1], [12741, -1, -1], [12742, -1, -1], [12743, -1, -1]]"
1752865957.2205,-107.99999129772186,12805.821105882946,12805.821406251423,12816.461691017414,15865.460891638904,"[[12744, -1, -1], [12745, -1, -1], [12746, -1, -1], [12747, -1, -1], [12748, -1, -1], [12749, -1, -1], [12750, -1, -1], [12751, -1, -1], [12752, -1, -1], [12753, -1, -1], [12754, 1, 11291], [12754, 1, 11326], [12754, 1, 11522], [12754, -1, -1]]"
1752865957.3305,-105.99999469518661,12805.821105882946,12805.821402644686,12816.461691017414,15865.460891638904,"[[12755, 1, 292830], [12755, 1, 293017], [12755, -1, -1], [12756, -1, -1], [12757, -1, -1], [12758, -1, -1], [12759, -1, -1], [12760, -1, -1], [12761, -1, -1], [12762, -1, -1], [12763, -1, -1], [12764, -1, -1], [12765, -1, -1]]"
1752865957.4405,-103.99999809265137,12805.821105882946,12805.821402644686,12816.461691017414,15865.460891638904,"[[12766, -1, -1], [12767, -1, -1], [12768, -1, -1], [12769, -1, -1], [12770, -1, -1], [12771, -1, -1], [12772, -1, -1], [12773, 1, 174022], [12773, -1, -1], [12774, -1, -1], [12775, 1, 13232], [12775, 1, 13417], [12775, -1, -1], [12776, -1, -1]]"
1752865957.5505,-102.00000149011612,12805.821105882946,12805.82140247313,12816.461691017414,15865.460891638904,"[[12777, -1, -1], [12778, -1, -1], [12779, -1, -1], [12780, -1, -1], [12781, -1, -1], [12782, -1, -1], [12783, -1, -1], [12784, -1, -1], [12785, -1, -1], [12786, -1, -1], [12787, -1, -1]]"
1752865957.6609,-100.00000488758087,12805.821105882946,12805.821397539776,12816.461691017414,15865.460891638904,"[[12788, -1, -1], [12789, -1, -1], [12790, -1, -1], [12791, -1, -1], [12792, -1, -1], [12793, -1, -1], [12794, -1, -1], [12795, -1, -1], [12796, -1, -1], [12797, -1, -1], [12798, -1, -1]]"
1752865957.7709,-98.00000828504562,12805.821105882946,12805.821397539776,12816.461691017414,15865.460891638904,"[[12800, -1, -1], [12801, -1, -1], [12802, -1, -1], [12803, -1, -1], [12804, -1, -1], [12805, 1, 11548], [12805, 1, 11751], [12805, -1, -1], [12806, -1, -1], [12807, -1, -1], [12808, -1, -1], [12809, -1, -1]]"
1752865957.8819,-96.00001168251038,12805.821105882946,12805.821395293378,12816.461691017414,15865.460891638904,"[[12811, -1, -1], [12812, -1, -1], [12813, -1, -1], [12814, -1, -1], [12815, -1, -1], [12816, -1, -1], [12817, -1, -1], [12818, -1, -1], [12819, -1, -1], [12820, -1, -1]]"
1752865957.9925,-94.00001507997513,12805.821105882946,12805.821395293378,12816.461691017414,15865.460891638904,"[[12822, -1, -1], [12823, -1, -1], [12824, -1, -1], [12825, -1, -1], [12826, -1, -1], [12827, -1, -1], [12828, -1, -1], [12829, 1, 10632], [12829, 1, 10831], [12829, -1, -1], [12830, -1, -1], [12831, -1, -1], [12832, -1, -1]]"
1752865958.1035,-92.00001847743988,12805.821105882946,12805.821399783716,12816.461691017414,15865.460891638904,"[[12833, 1, 16215], [12833, 1, 16403], [12833, -1, -1], [12834, -1, -1], [12835, -1, -1], [12836, -1, -1], [12837, -1, -1], [12838, -1, -1], [12839, -1, -1], [12840, -1, -1], [12841, -1, -1], [12842, -1, -1], [12843, -1, -1]]"
1752865958.2145,-90.00002187490463,12805.821105882946,12805.821399783716,12816.461681775501,15865.460891638904,"[[12844, -1, -1], [12845, 1, 10176], [12845, 1, 10210], [12845, 1, 10406], [12845, -1, -1], [12846, -1, -1], [12847, -1, -1], [12848, -1, -1], [12849, -1, -1], [12850, 1, 12947], [12850, 1, 13146], [12850, -1, -1], [12851, 1, 20809], [12851, 1, 21012], [12851, -1, -1], [12852, -1, -1], [12853, -1, -1], [12854, -1, -1]]"
1752865958.3255,-88.00002527236938,12805.821105882946,12805.821381020238,12816.461681775501,15865.460891638904,"[[12855, -1, -1], [12856, -1, -1], [12857, -1, -1], [12858, -1, -1], [12859, -1, -1], [12860, -1, -1], [12861, -1, -1], [12862, -1, -1], [12863, -1, -1], [12864, -1, -1], [12865, -1, -1]]"
1752865958.4365,-86.00002866983414,12805.821105882946,12805.821386545997,12816.461690479215,15865.460891638904,"[[12866, -1, -1], [12867, -1, -1], [12868, -1, -1], [12869, -1, -1], [12870, -1, -1], [12871, -1, -1], [12872, -1, -1], [12873, -1, -1], [12874, -1, -1], [12875, -1, -1], [12876, -1, -1]]"
1752865958.5465,-84.00003206729889,12805.821105882946,12805.821386545997,12816.461690479215,15865.460891638904,"[[12877, 1, 9882], [12877, 1, 10081], [12877, 1, 12021], [12877, 1, 12065], [12877, 1, 12250], [12877, -1, -1], [12878, -1, -1], [12879, -1, -1], [12880, -1, -1], [12881, -1, -1], [12882, -1, -1], [12883, -1, -1], [12884, -1, -1], [12885, -1, -1], [12886, -1, -1], [12887, -1, -1]]"
1752865958.6555,-82.00003546476364,12805.821105882946,12805.821387187614,12816.461683654794,15865.460891638904,"[[12888, -1, -1], [12889, 1, 11680], [12889, -1, -1], [12890, -1, -1], [12891, -1, -1], [12892, -1, -1], [12893, -1, -1], [12894, -1, -1], [12895, -1, -1], [12896, -1, -1], [12897, 1, 11280], [12897, 1, 11483], [12897, -1, -1], [12898, -1, -1]]"
1752865958.7655,-80.0000388622284,12805.821105882946,12805.821387187614,12816.46169012965,15865.460891638904,"[[12899, 1, 90186], [12899, 1, 90377], [12899, -1, -1], [12900, -1, -1], [12901, -1, -1], [12902, -1, -1], [12903, -1, -1], [12904, 1, 12878], [12904, 1, 12912], [12904, 1, 13108], [12904, -1, -1], [12905, -1, -1], [12906, -1, -1], [12907, -1, -1], [12908, -1, -1], [12909, -1, -1]]"
1752865958.8755,-78.00004225969315,12805.821105882946,12805.82138314088,12816.46169012965,15865.460891638904,"[[12910, -1, -1], [12911, -1, -1], [12912, -1, -1], [12913, -1, -1], [12914, -1, -1], [12915, -1, -1], [12916, -1, -1], [12917, -1, -1], [12918, -1, -1], [12919, -1, -1], [12920, -1, -1]]"
1752865958.9845,-76.0000456571579,12805.821105882946,12805.82138314088,12816.461685602173,15865.460891638904,"[[12921, -1, -1], [12922, -1, -1], [12923, -1, -1], [12924, 1, 33455], [12924, 1, 33642], [12924, -1, -1], [12925, -1, -1], [12926, -1, -1], [12927, -1, -1], [12928, -1, -1], [12929, -1, -1], [12930, -1, -1], [12931, -1, -1]]"
1752865959.0945,-74.00004905462265,12805.821105882946,12805.821379340267,12816.461685602173,15865.460891638904,"[[12932, -1, -1], [12933, -1, -1], [12934, -1, -1], [12935, -1, -1], [12936, -1, -1], [12937, -1, -1], [12938, -1, -1], [12939, 1, 9166], [12939, 1, 9351], [12939, -1, -1], [12940, -1, -1], [12941, -1, -1], [12942, -1, -1]]"
1752865959.2045,-72.0000524520874,12805.821105882946,12805.821379340267,12816.461687194602,15865.460891638904,"[[12943, -1, -1], [12944, -1, -1], [12945, -1, -1], [12946, -1, -1], [12947, -1, -1], [12948, -1, -1], [12949, -1, -1], [12950, -1, -1], [12951, -1, -1], [12952, -1, -1], [12953, -1, -1]]"
1752865959.3155,-70.00005584955215,12805.821105882946,12805.8213796837,12816.461687194602,15865.460891638904,"[[12954, -1, -1], [12955, -1, -1], [12956, -1, -1], [12957, -1, -1], [12958, -1, -1], [12959, -1, -1], [12960, -1, -1], [12961, -1, -1], [12962, -1, -1], [12963, -1, -1], [12964, 1, 14312], [12964, 1, 14511], [12964, -1, -1]]"
1752865959.4245,-68.0000592470169,12805.821105882946,12805.8213796837,12816.461685381815,15865.460891638904,"[[12965, -1, -1], [12966, -1, -1], [12967, -1, -1], [12968, -1, -1], [12969, -1, -1], [12970, -1, -1], [12971, -1, -1], [12972, -1, -1], [12973, -1, -1], [12974, -1, -1], [12975, -1, -1]]"
1752865959.5335,-66.00006264448166,12805.821105882946,12805.821386201673,12816.461685381815,15865.460891638904,"[[12976, -1, -1], [12977, -1, -1], [12978, -1, -1], [12979, -1, -1], [12980, -1, -1], [12981, -1, -1], [12982, -1, -1], [12983, -1, -1], [12984, -1, -1], [12985, -1, -1], [12986, 1, 12405], [12986, 1, 12590], [12986, -1, -1]]"
1752865959.6435,-64.00006231665611,12805.821155500864,12805.82138104169,12816.461682987514,15865.460891638904,"[[12987, -1, -1], [12988, -1, -1], [12989, -1, -1], [12990, -1, -1], [12991, -1, -1], [12992, -1, -1], [12993, -1, -1], [12994, -1, -1], [12995, -1, -1], [12996, -1, -1], [12997, -1, -1]]"
1752865959.7535,-62.000061988830566,12805.821135569438,12805.82138104169,12816.461682987514,15865.460891638904,"[[12998, -1, -1], [12999, -1, -1], [13000, -1, -1], [13001, -1, -1], [13002, -1, -1], [13003, -1, -1], [13004, -1, -1], [13005, -1, -1], [13006, -1, -1], [13007, -1, -1], [13008, -1, -1]]"
1752865959.8635,-60.00006166100502,12805.821135569438,12805.821379739966,12816.461689206364,15865.460891638904,"[[13009, -1, -1], [13010, -1, -1], [13011, -1, -1], [13012, -1, -1], [13013, -1, -1], [13014, -1, -1], [13015, -1, -1], [13016, -1, -1], [13017, -1, -1], [13018, -1, -1], [13019, -1, -1]]"
1752865959.9735,-58.000061333179474,12805.821096356432,12805.821379739966,12816.461689206364,15865.460891638904,"[[13020, -1, -1], [13021, -1, -1], [13022, -1, -1], [13023, -1, -1], [13024, -1, -1], [13025, -1, -1], [13026, -1, -1], [13027, -1, -1], [13028, -1, -1], [13029, -1, -1], [13030, -1, -1]]"
1752865960.0825,-56.00006100535393,12805.821096356432,12805.821367864894,12816.461678537022,15865.460891638904,"[[13031, -1, -1], [13032, 1, 10983], [13032, 1, 11183], [13032, -1, -1], [13033, 1, 13913], [13033, 1, 14112], [13033, -1, -1], [13034, 1, 9894], [13034, 1, 10079], [13034, -1, -1], [13035, -1, -1], [13036, -1, -1], [13037, -1, -1], [13038, -1, -1], [13039, -1, -1], [13040, -1, -1], [13041, -1, -1]]"
1752865960.1925,-54.00006067752838,12805.821055384482,12805.821367864894,12816.461687779516,15865.460891638904,"[[13042, -1, -1], [13043, -1, -1], [13044, -1, -1], [13045, -1, -1], [13046, -1, -1], [13047, -1, -1], [13048, -1, -1], [13049, -1, -1], [13050, -1, -1], [13051, -1, -1], [13052, -1, -1]]"
1752865960.3009,-52.000060349702835,12805.821055384482,12805.821362522582,12816.461687779516,15865.460891638904,"[[13053, -1, -1], [13054, -1, -1], [13055, -1, -1], [13056, -1, -1], [13057, -1, -1], [13058, -1, -1], [13059, -1, -1], [13060, -1, -1], [13061, -1, -1], [13062, 1, 10457], [13062, 1, 10492], [13062, 1, 10543], [13062, 1, 10687], [13062, -1, -1]]"
1752865960.4119,-50.00006002187729,12805.821051135317,12805.821362522582,12816.461684273847,15865.460891638904,"[[13064, -1, -1], [13065, -1, -1], [13066, -1, -1], [13067, 1, 15107], [13067, 1, 15149], [13067, 1, 15337], [13067, -1, -1], [13068, -1, -1], [13069, -1, -1], [13070, -1, -1], [13071, -1, -1], [13072, -1, -1], [13073, -1, -1]]"
1752865960.5209,-48.00005969405174,12805.821051135317,12805.821367318014,12816.461684273847,15865.460891638904,"[[13075, -1, -1], [13076, -1, -1], [13077, -1, -1], [13078, -1, -1], [13079, -1, -1], [13080, -1, -1], [13081, -1, -1], [13082, -1, -1], [13083, -1, -1], [13084, -1, -1]]"
1752865960.6309,-46.000059366226196,12805.82112758031,12805.821367318014,12816.461690387921,15865.460891638904,"[[13086, -1, -1], [13087, -1, -1], [13088, 1, 10278], [13088, 1, 10465], [13088, -1, -1], [13089, -1, -1], [13090, -1, -1], [13091, -1, -1], [13092, 1, 11657], [13092, 1, 11845], [13092, -1, -1], [13093, -1, -1], [13094, -1, -1], [13095, -1, -1]]"
1752865960.7405,-44.00005903840065,12805.821146980812,12805.821360197784,12816.461690387921,15865.460891638904,"[[13097, -1, -1], [13098, -1, -1], [13099, -1, -1], [13100, -1, -1], [13101, -1, -1], [13102, -1, -1], [13103, -1, -1], [13104, -1, -1], [13105, -1, -1], [13106, -1, -1]]"
1752865960.8509,-42.000058710575104,12805.821146980812,12805.821360197784,12816.461687133431,15865.460891638904,"[[13107, -1, -1], [13108, -1, -1], [13109, -1, -1], [13110, -1, -1], [13111, -1, -1], [13112, -1, -1], [13113, -1, -1], [13114, -1, -1], [13115, -1, -1], [13116, -1, -1], [13117, -1, -1]]"
1752865960.9605,-40.00005838274956,12805.821103765476,12805.821361759276,12816.461687133431,15865.460891638904,"[[13119, -1, -1], [13120, -1, -1], [13121, -1, -1], [13122, -1, -1], [13123, -1, -1], [13124, 1, 9676], [13124, 1, 9878], [13124, -1, -1], [13125, -1, -1], [13126, -1, -1], [13127, -1, -1], [13128, -1, -1]]"
1752865961.0705,-38.00005805492401,12805.821103765476,12805.821361759276,12816.461687538624,15865.460891638904,"[[13129, -1, -1], [13130, -1, -1], [13131, -1, -1], [13132, 1, 9203], [13132, 1, 9387], [13132, 1, 9776], [13132, 1, 9961], [13132, -1, -1], [13133, 1, 10383], [13133, 1, 10426], [13133, 1, 10614], [13133, -1, -1], [13134, -1, -1], [13135, -1, -1], [13136, -1, -1], [13137, -1, -1], [13138, 1, 10899], [13138, 1, 11099], [13138, -1, -1], [13139, -1, -1]]"
1752865961.1805,-36.000057727098465,12805.821060346349,12805.821369748166,12816.461687538624,15865.460891638904,"[[13140, -1, -1], [13141, -1, -1], [13142, -1, -1], [13143, -1, -1], [13144, 1, 11093], [13144, 1, 11293], [13144, -1, -1], [13145, -1, -1], [13146, -1, -1], [13147, -1, -1], [13148, 1, 11235], [13148, 1, 11269], [13148, 1, 11464], [13148, -1, -1], [13149, -1, -1], [13150, -1, -1]]"
1752865961.2905,-34.00005739927292,12805.821060346349,12805.821369748166,12816.461689028905,15865.460891638904,"[[13151, 1, 11221], [13151, -1, -1], [13152, -1, -1], [13153, -1, -1], [13154, 1, 9654], [13154, 1, 9841], [13154, 1, 9972], [13154, 1, 10162], [13154, -1, -1], [13155, -1, -1], [13156, 1, 9567], [13156, 1, 9750], [13156, 1, 9787], [13156, 1, 13114], [13156, 1, 13298], [13156, -1, -1], [13157, -1, -1], [13158, -1, -1], [13159, 1, 11505], [13159, 1, 11705], [13159, -1, -1], [13160, 1, 11689], [13160, 1, 11720], [13160, 1, 11919], [13160, -1, -1], [13161, -1, -1]]"
1752865961.401,-32.00005707144737,12805.8210557013,12805.821362446357,12816.461689028905,15865.460891638904,"[[13162, -1, -1], [13163, -1, -1], [13164, -1, -1], [13165, 1, 9628], [13165, 1, 9816], [13165, -1, -1], [13166, 1, 11279], [13166, 1, 11466], [13166, 1, 11580], [13166, 1, 12192], [13166, -1, -1], [13167, -1, -1], [13168, -1, -1], [13169, -1, -1], [13170, -1, -1], [13171, 1, 10372], [13171, -1, -1], [13172, 1, 11465], [13172, 1, 11652], [13172, 1, 11914], [13172, -1, -1]]"
1752865961.5109,-30.000056743621826,12805.8210557013,12805.821362446357,12816.46169293732,15865.460891638904,"[[13174, -1, -1], [13175, -1, -1], [13176, -1, -1], [13177, -1, -1], [13178, -1, -1], [13179, -1, -1], [13180, -1, -1], [13181, 1, 10412], [13181, -1, -1], [13182, -1, -1], [13183, 1, 11722], [13183, 1, 11757], [13183, 1, 11953], [13183, -1, -1]]"
1752865961.6209,-28.00005641579628,12805.821096843398,12805.821362878607,12816.46169293732,15865.460891638904,"[[13185, -1, -1], [13186, -1, -1], [13187, -1, -1], [13188, -1, -1], [13189, -1, -1], [13190, 1, 10525], [13190, 1, 10552], [13190, 1, 10756], [13190, -1, -1], [13191, -1, -1], [13192, -1, -1], [13193, -1, -1], [13194, -1, -1]]"
1752865961.7305,-26.000056087970734,12805.821096843398,12805.821362878607,12816.461692465027,15865.460891638904,"[[13196, -1, -1], [13197, -1, -1], [13198, 1, 11710], [13198, 1, 11908], [13198, -1, -1], [13199, -1, -1], [13200, -1, -1], [13201, -1, -1], [13202, 1, 9143], [13202, 1, 9328], [13202, -1, -1], [13203, -1, -1], [13204, -1, -1], [13205, -1, -1]]"
1752865961.841,-24.000055760145187,12805.821186801977,12805.821368106519,12816.461692465027,15865.460891638904,"[[13206, 1, 9973], [13206, 1, 10157], [13206, -1, -1], [13207, 1, 11978], [13207, -1, -1], [13208, -1, -1], [13209, -1, -1], [13210, 1, 10053], [13210, 1, 10256], [13210, -1, -1], [13211, -1, -1], [13212, -1, -1], [13213, 1, 10152], [13213, 1, 10350], [13213, 1, 10516], [13213, 1, 11559], [13213, 1, 11767], [13213, -1, -1], [13214, -1, -1], [13215, 1, 15366], [13215, 1, 15552], [13215, -1, -1], [13216, 1, 11817], [13216, 1, 12020], [13216, -1, -1]]"
1752865961.9505,-22.00005543231964,12805.821186801977,12805.82136657059,12816.461688889534,15865.460891638904,"[[13218, 1, 10399], [13218, 1, 10586], [13218, 1, 11044], [13218, 1, 11229], [13218, -1, -1], [13219, 1, 11713], [13219, 1, 11916], [13219, -1, -1], [13220, 1, 10007], [13220, 1, 10206], [13220, -1, -1], [13221, -1, -1], [13222, -1, -1], [13223, -1, -1], [13224, 1, 10231], [13224, 1, 10417], [13224, -1, -1], [13225, 1, 11140], [13225, 1, 11369], [13225, 1, 11828], [13225, -1, -1], [13226, 1, 11954], [13226, 1, 12158], [13226, 1, 12410], [13226, -1, -1], [13227, -1, -1]]"
1752865962.0595,-20.000055104494095,12805.821117524267,12805.82136657059,12816.461688889534,15865.460891638904,"[[13228, -1, -1], [13229, -1, -1], [13230, -1, -1], [13231, -1, -1], [13232, -1, -1], [13233, 1, 11509], [13233, 1, 11708], [13233, -1, -1], [13234, -1, -1], [13235, 1, 11656], [13235, 1, 11828], [13235, -1, -1], [13236, 1, 11228], [13236, 1, 11267], [13236, 1, 11458], [13236, -1, -1], [13237, 1, 10680], [13237, 1, 10867], [13237, -1, -1], [13238, -1, -1]]"
1752865962.1695,-18.00005477666855,12805.821117524267,12805.821362431863,12816.461690165797,15865.460891638904,"[[13239, -1, -1], [13240, 1, 10496], [13240, 1, 10695], [13240, 1, 11310], [13240, 1, 11509], [13240, -1, -1], [13241, 1, 10688], [13241, 1, 10892], [13241, -1, -1], [13242, -1, -1], [13243, -1, -1], [13244, 1, 10958], [13244, 1, 10988], [13244, 1, 11169], [13244, 1, 13282], [13244, 1, 13481], [13244, -1, -1], [13245, -1, -1], [13246, -1, -1], [13247, -1, -1], [13248, 1, 9155], [13248, 1, 9343], [13248, -1, -1], [13249, -1, -1]]"
1752865962.2795,-16.000054448843002,12805.821090798767,12805.821362431863,12816.461684738319,15865.460891638904,"[[13250, -1, -1], [13251, 1, 10198], [13251, 1, 10400], [13251, -1, -1], [13252, 1, 7781], [13252, 1, 7984], [13252, -1, -1], [13253, -1, -1], [13254, 1, 11445], [13254, 1, 11644], [13254, -1, -1], [13255, 1, 13789], [13255, 1, 13992], [13255, -1, -1], [13256, -1, -1], [13257, 1, 6260], [13257, 1, 6459], [13257, -1, -1], [13258, 1, 10309], [13258, 1, 10344], [13258, 1, 10540], [13258, 1, 10698], [13258, 1, 11616], [13258, 1, 11648], [13258, 1, 11847], [13258, -1, -1], [13259, -1, -1], [13260, 1, 10553], [13260, -1, -1]]"
1752865962.3895,-14.000054121017456,12805.821090798767,12805.82139880444,12816.461684738319,15865.460891638904,"[[13261, -1, -1], [13262, 1, 9189], [13262, 1, 9389], [13262, -1, -1], [13263, 1, 10462], [13263, 1, 10661], [13263, -1, -1], [13264, 1, 9435], [13264, 1, 9469], [13264, 1, 9665], [13264, 1, 9938], [13264, 1, 11210], [13264, 1, 11413], [13264, 1, 11967], [13264, 1, 12167], [13264, -1, -1], [13265, 1, 10533], [13265, 1, 10736], [13265, 1, 11177], [13265, 1, 11215], [13265, 1, 11407], [13265, -1, -1], [13266, 1, 11293], [13266, 1, 11496], [13266, -1, -1], [13267, -1, -1], [13268, 1, 11084], [13268, 1, 11283], [13268, -1, -1], [13269, 1, 10902], [13269, 1, 10939], [13269, 1, 11132], [13269, 1, 11271], [13269, -1, -1], [13270, 1, 11479], [13270, 1, 11508], [13270, 1, 11689], [13270, 1, 11783], [13270, -1, -1], [13271, 1, 9919], [13271, 1, 10106], [13271, 1, 13026], [13271, 1, 13226], [13271, 1, 13723], [13271, -1, -1]]"
1752865962.4995,-12.00005379319191,12805.821060698188,12805.82139880444,12816.4616888652,15865.460891638904,"[[13272, 1, 9061], [13272, 1, 9194], [13272, 1, 9264], [13272, 1, 9378], [13272, 1, 10714], [13272, 1, 12268], [13272, 1, 12306], [13272, 1, 12499], [13272, -1, -1], [13273, -1, -1], [13274, 1, 10086], [13274, 1, 10271], [13274, -1, -1], [13275, -1, -1], [13276, 1, 10318], [13276, 1, 10517], [13276, -1, -1], [13277, -1, -1], [13278, 1, 9534], [13278, 1, 9722], [13278, 1, 11173], [13278, 1, 11209], [13278, 1, 11404], [13278, -1, -1], [13279, 1, 10727], [13279, 1, 10757], [13279, 1, 10957], [13279, -1, -1], [13280, -1, -1], [13281, 1, 11173], [13281, 1, 11372], [13281, 1, 11536], [13281, -1, -1], [13282, -1, -1]]"
1752865962.6095,-10.000053465366364,12805.821060698188,12805.82139432453,12816.4616888652,15865.460891638904,"[[13283, 1, 10065], [13283, 1, 10826], [13283, 1, 11070], [13283, 1, 11259], [13283, -1, -1], [13284, -1, -1], [13285, -1, -1], [13286, 1, 10204], [13286, 1, 10374], [13286, -1, -1], [13287, 1, 10928], [13287, 1, 11162], [13287, 1, 11371], [13287, -1, -1], [13288, 1, 12410], [13288, 1, 12593], [13288, -1, -1], [13289, 1, 10013], [13289, 1, 10212], [13289, 1, 11754], [13289, 1, 11953], [13289, 1, 12427], [13289, 1, 12880], [13289, -1, -1], [13290, 1, 9737], [13290, 1, 9777], [13290, 1, 9879], [13290, 1, 9968], [13290, 1, 13613], [13290, 1, 13803], [13290, -1, -1], [13291, -1, -1], [13292, 1, 9910], [13292, 1, 10113], [13292, -1, -1], [13293, -1, -1]]"
1752865962.7185,-8.000053603202105,12805.821125864815,12805.82139432453,12816.461688409529,15865.460891638904,"[[13294, 1, 11431], [13294, 1, 11617], [13294, -1, -1], [13295, 1, 10275], [13295, 1, 10323], [13295, 1, 10516], [13295, 1, 10632], [13295, 1, 10696], [13295, 1, 10769], [13295, 1, 10953], [13295, -1, -1], [13296, 1, 11493], [13296, 1, 11917], [13296, 1, 12116], [13296, 1, 13170], [13296, 1, 13359], [13296, -1, -1], [13297, 1, 12697], [13297, 1, 12896], [13297, -1, -1], [13298, -1, -1], [13299, 1, 10727], [13299, 1, 10777], [13299, 1, 10959], [13299, 1, 11120], [13299, 1, 11402], [13299, 1, 11549], [13299, 1, 11734], [13299, -1, -1], [13300, 1, 7375], [13300, 1, 7574], [13300, 1, 10373], [13300, 1, 10573], [13300, 1, 10773], [13300, 1, 11636], [13300, 1, 11824], [13300, -1, -1], [13301, 1, 11961], [13301, 1, 12160], [13301, -1, -1], [13302, -1, -1], [13303, 1, 12128], [13303, 1, 12316], [13303, -1, -1], [13304, 1, 10839], [13304, 1, 11024], [13304, -1, -1]]"
1752865962.8285,-6.000053741037846,12805.821125864815,12805.821394074019,12816.461688409529,15865.460891638904,"[[13305, 1, 10460], [13305, 1, 10615], [13305, 1, 10664], [13305, 1, 10845], [13305, 1, 12668], [13305, 1, 12705], [13305, 1, 12898], [13305, 1, 13115], [13305, -1, -1], [13306, 1, 9804], [13306, 1, 10006], [13306, -1, -1], [13307, -1, -1], [13308, 1, 7630], [13308, 1, 7829], [13308, 1, 8011], [13308, 1, 10306], [13308, 1, 10509], [13308, 1, 11250], [13308, 1, 11399], [13308, 1, 11433], [13308, 1, 11598], [13308, 1, 11898], [13308, 1, 12593], [13308, -1, -1], [13309, -1, -1], [13310, 1, 7497], [13310, 1, 7696], [13310, -1, -1], [13311, 1, 9132], [13311, 1, 9317], [13311, 1, 9794], [13311, 1, 9820], [13311, 1, 10024], [13311, -1, -1], [13312, -1, -1], [13313, -1, -1], [13314, 1, 13185], [13314, 1, 13384], [13314, -1, -1], [13315, -1, -1]]"
1752865962.9385,-4.000053646042943,12805.821149472617,12805.821394074019,12816.461684365648,15865.460891638904,"[[13316, 1, 9318], [13316, 1, 9521], [13316, -1, -1], [13317, -1, -1], [13318, 1, 9846], [13318, 1, 10030], [13318, -1, -1], [13319, -1, -1], [13320, 1, 9395], [13320, 1, 9595], [13320, 1, 9779], [13320, 1, 9986], [13320, 1, 10356], [13320, 1, 10565], [13320, 1, 12204], [13320, 1, 12392], [13320, -1, -1], [13321, 1, 10924], [13321, 1, 11115], [13321, 1, 11803], [13321, -1, -1], [13322, 1, 10496], [13322, 1, 10680], [13322, 1, 11648], [13322, 1, 11678], [13322, 1, 11879], [13322, 1, 12031], [13322, 1, 12115], [13322, 1, 12337], [13322, 1, 12371], [13322, 1, 12566], [13322, 1, 12683], [13322, -1, -1], [13323, 1, 13145], [13323, 1, 13180], [13323, 1, 13376], [13323, -1, -1], [13324, 1, 10688], [13324, 1, 10877], [13324, 1, 11909], [13324, 1, 12112], [13324, -1, -1], [13325, 1, 11754], [13325, 1, 11811], [13325, 1, 11944], [13325, -1, -1], [13326, 1, 10675], [13326, 1, 10874], [13326, 1, 11945], [13326, 1, 12152], [13326, -1, -1]]"
1752865963.0495,-2.0000536460440514,12805.821147885257,12805.821393071243,12816.461684365648,15865.460891638904,"[[13327, -1, -1], [13328, -1, -1], [13329, 1, 11770], [13329, 1, 11969], [13329, -1, -1], [13330, 1, 9252], [13330, 1, 9455], [13330, 1, 9687], [13330, 1, 10917], [13330, 1, 11116], [13330, 1, 11782], [13330, -1, -1], [13331, 1, 8809], [13331, 1, 8997], [13331, 1, 11635], [13331, 1, 11684], [13331, 1, 11851], [13331, 1, 12065], [13331, 1, 12126], [13331, -1, -1], [13332, 1, 10273], [13332, 1, 10310], [13332, 1, 10502], [13332, 1, 12883], [13332, 1, 13073], [13332, 1, 13317], [13332, -1, -1], [13333, 1, 10806], [13333, 1, 10976], [13333, -1, -1], [13334, 1, 11171], [13334, 1, 11370], [13334, -1, -1], [13335, 1, 11450], [13335, 1, 11653], [13335, 1, 11877], [13335, -1, -1], [13336, -1, -1], [13337, 1, 10355], [13337, 1, 10554], [13337, -1, -1]]"
1752865963.1585,-5.368888378147474e-05,12805.821147885257,12805.821393071243,12816.461691559707,15865.460891638904,"[[13338, 1, 13127], [13338, 1, 13279], [13338, 1, 13312], [13338, 1, 13467], [13338, 1, 13501], [13338, 1, 13696], [13338, -1, -1], [13339, 1, 10681], [13339, 1, 10867], [13339, -1, -1], [13340, 1, 9766], [13340, 1, 9810], [13340, 1, 9999], [13340, 1, 10276], [13340, 1, 10687], [13340, 1, 10872], [13340, 1, 10943], [13340, 1, 11058], [13340, 1, 11130], [13340, 1, 13238], [13340, 1, 13330], [13340, 1, 13364], [13340, 1, 13440], [13340, 1, 13564], [13340, 1, 13927], [13340, 1, 15722], [13340, -1, -1], [13341, 1, 10787], [13341, 1, 10996], [13341, -1, -1], [13342, 1, 10431], [13342, 1, 10616], [13342, 1, 11139], [13342, 1, 13478], [13342, 1, 13677], [13342, -1, -1], [13343, 1, 10822], [13343, 1, 11025], [13343, -1, -1], [13344, -1, -1], [13345, 1, 12175], [13345, 1, 12202], [13345, 1, 12405], [13345, -1, -1], [13346, 1, 9761], [13346, 1, 9796], [13346, 1, 9992], [13346, 1, 10591], [13346, 1, 10791], [13346, -1, -1], [13347, 1, 9538], [13347, 1, 9574], [13347, 1, 9770], [13347, -1, -1], [13348, 1, 9480], [13348, 1, 9684], [13348, 1, 10612], [13348, 1, 10649], [13348, 1, 10842], [13348, 1, 11923], [13348, 1, 12124], [13348, -1, -1]]"
1752865963.2685,1.9999461732804775,12805.821111680367,12805.821390778132,12816.461691559707,15865.460891638904,"[[13349, 1, 9222], [13349, 1, 9408], [13349, -1, -1], [13350, 1, 10059], [13350, 1, 10279], [13350, 1, 10467], [13350, 1, 12274], [13350, 1, 12463], [13350, -1, -1], [13351, 1, 10285], [13351, 1, 10484], [13351, -1, -1], [13352, 1, 9587], [13352, 1, 9771], [13352, 1, 9861], [13352, 1, 10046], [13352, 1, 10864], [13352, 1, 11048], [13352, -1, -1], [13353, 1, 9244], [13353, 1, 9443], [13353, -1, -1], [13354, 1, 12242], [13354, 1, 12273], [13354, 1, 12452], [13354, -1, -1], [13355, 1, 9388], [13355, 1, 9590], [13355, 1, 9996], [13355, -1, -1], [13356, -1, -1], [13357, -1, -1], [13358, -1, -1], [13359, 1, 9433], [13359, 1, 9541], [13359, 1, 9632], [13359, 1, 9748], [13359, 1, 11850], [13359, 1, 12050], [13359, 1, 12180], [13359, 1, 12361], [13359, -1, -1]]"
1752865963.3795,3.9999460354447365,12805.821111680367,12805.821390778132,12816.461691434308,15865.460891638904,"[[13360, 1, 11416], [13360, 1, 11450], [13360, 1, 11584], [13360, 1, 11645], [13360, 1, 11768], [13360, -1, -1], [13361, -1, -1], [13362, 1, 10047], [13362, 1, 10251], [13362, 1, 11249], [13362, 1, 11451], [13362, 1, 11505], [13362, 1, 11693], [13362, 1, 11798], [13362, 1, 11832], [13362, 1, 11883], [13362, 1, 12026], [13362, -1, -1], [13363, 1, 9051], [13363, 1, 9236], [13363, -1, -1], [13364, 1, 10810], [13364, 1, 11000], [13364, 1, 11169], [13364, 1, 11203], [13364, 1, 11399], [13364, 1, 11698], [13364, 1, 13454], [13364, 1, 13654], [13364, 1, 14883], [13364, 1, 15090], [13364, -1, -1], [13365, 1, 11550], [13365, 1, 11735], [13365, 1, 14771], [13365, 1, 14954], [13365, -1, -1], [13366, 1, 10491], [13366, 1, 10691], [13366, 1, 10873], [13366, 1, 11075], [13366, 1, 11150], [13366, -1, -1], [13367, -1, -1], [13368, 1, 10197], [13368, 1, 10396], [13368, 1, 10912], [13368, 1, 11030], [13368, 1, 11111], [13368, 1, 11240], [13368, 1, 11446], [13368, 1, 11995], [13368, 1, 12202], [13368, -1, -1], [13369, 1, 9848], [13369, 1, 10047], [13369, 1, 11541], [13369, 1, 16989], [13369, -1, -1], [13370, -1, -1]]"
1752865963.4895,5.999946363270283,12805.821100309498,12805.821399321847,12816.461691434308,15865.460891638904,"[[13371, 1, 10237], [13371, 1, 10268], [13371, 1, 10467], [13371, 1, 10654], [13371, 1, 10688], [13371, 1, 10803], [13371, 1, 10884], [13371, 1, 11018], [13371, 1, 11056], [13371, 1, 11248], [13371, 1, 13459], [13371, 1, 13643], [13371, -1, -1], [13372, -1, -1], [13373, 1, 10390], [13373, 1, 10462], [13373, 1, 10592], [13373, 1, 10664], [13373, 1, 10770], [13373, 1, 10865], [13373, 1, 11049], [13373, -1, -1], [13374, 1, 9969], [13374, 1, 10017], [13374, 1, 10199], [13374, 1, 10271], [13374, 1, 10475], [13374, 1, 10618], [13374, 1, 11014], [13374, 1, 11040], [13374, 1, 11212], [13374, 1, 11253], [13374, 1, 11445], [13374, 1, 12951], [13374, 1, 13108], [13374, 1, 13244], [13374, -1, -1], [13375, 1, 10776], [13375, 1, 10885], [13375, 1, 11089], [13375, 1, 11544], [13375, -1, -1], [13376, -1, -1], [13377, 1, 10019], [13377, 1, 10218], [13377, 1, 10777], [13377, 1, 10806], [13377, 1, 11008], [13377, 1, 11297], [13377, 1, 11411], [13377, 1, 11481], [13377, -1, -1], [13378, 1, 10076], [13378, 1, 10275], [13378, 1, 13276], [13378, 1, 13475], [13378, -1, -1], [13379, 1, 9028], [13379, 1, 9259], [13379, 1, 9890], [13379, 1, 10060], [13379, 1, 10391], [13379, 1, 10576], [13379, 1, 10768], [13379, 1, 11620], [13379, 1, 11803], [13379, 1, 12778], [13379, 1, 12962], [13379, -1, -1], [13380, 1, 9900], [13380, 1, 9935], [13380, 1, 10157], [13380, 1, 10364], [13380, 1, 10535], [13380, 1, 10991], [13380, 1, 11175], [13380, 1, 11502], [13380, 1, 11690], [13380, -1, -1], [13381, 1, 9927], [13381, 1, 10113], [13381, -1, -1]]"
1752865963.599,7.999946691095829,12805.821100309498,12805.821390135116,12816.461695876442,15865.460891638904,"[[13382, 1, 9903], [13382, 1, 10090], [13382, 1, 10401], [13382, -1, -1], [13383, 1, 9561], [13383, 1, 9760], [13383, 1, 9871], [13383, 1, 9962], [13383, 1, 10054], [13383, 1, 10146], [13383, 1, 12243], [13383, 1, 12427], [13383, 1, 12511], [13383, 1, 12695], [13383, 1, 12815], [13383, -1, -1], [13384, 1, 9899], [13384, 1, 10332], [13384, 1, 10531], [13384, -1, -1], [13385, 1, 9648], [13385, 1, 9683], [13385, 1, 9878], [13385, 1, 10446], [13385, 1, 10635], [13385, 1, 12009], [13385, 1, 12211], [13385, 1, 12260], [13385, 1, 12470], [13385, -1, -1], [13386, 1, 9322], [13386, 1, 9357], [13386, 1, 9599], [13386, 1, 9801], [13386, 1, 9941], [13386, 1, 10304], [13386, -1, -1], [13387, 1, 9915], [13387, 1, 9949], [13387, 1, 10145], [13387, -1, -1], [13388, 1, 9294], [13388, 1, 9493], [13388, 1, 11712], [13388, 1, 11884], [13388, 1, 11957], [13388, 1, 12093], [13388, 1, 12161], [13388, -1, -1], [13389, -1, -1], [13390, 1, 9607], [13390, 1, 9645], [13390, 1, 9837], [13390, 1, 9913], [13390, 1, 9939], [13390, 1, 10143], [13390, 1, 11912], [13390, 1, 12018], [13390, 1, 12100], [13390, 1, 12195], [13390, 1, 12342], [13390, 1, 12415], [13390, -1, -1], [13391, 1, 11608], [13391, 1, 11811], [13391, 1, 12037], [13391, 1, 12108], [13391, 1, 12236], [13391, 1, 12296], [13391, 1, 12404], [13391, -1, -1], [13392, 1, 11646], [13392, 1, 11845], [13392, 1, 11920], [13392, 1, 11954], [13392, 1, 12027], [13392, 1, 12074], [13392, 1, 12152], [13392, 1, 12230], [13392, 1, 12430], [13392, 1, 12520], [13392, 1, 12705], [13392, 1, 13085], [13392, 1, 13302], [13392, 1, 13504], [13392, -1, -1]]"
1752865963.7085,9.999947018921375,12805.821088771947,12805.821390135116,12816.461695876442,15865.460891638904,"[[13393, 1, 11620], [13393, 1, 11756], [13393, 1, 11818], [13393, 1, 11944], [13393, -1, -1], [13394, 1, 12145], [13394, 1, 12333], [13394, -1, -1], [13395, 1, 11803], [13395, 1, 11989], [13395, -1, -1], [13396, 1, 8768], [13396, 1, 8813], [13396, 1, 9000], [13396, 1, 11569], [13396, 1, 11768], [13396, -1, -1], [13397, 1, 11317], [13397, 1, 11352], [13397, 1, 11548], [13397, 1, 12158], [13397, -1, -1], [13398, 1, 10958], [13398, 1, 11167], [13398, 1, 11369], [13398, 1, 11505], [13398, 1, 11556], [13398, 1, 11694], [13398, -1, -1], [13399, 1, 10742], [13399, 1, 10775], [13399, 1, 10973], [13399, 1, 11132], [13399, 1, 11340], [13399, 1, 11481], [13399, -1, -1], [13400, 1, 10833], [13400, 1, 11036], [13400, 1, 11108], [13400, 1, 11307], [13400, 1, 11491], [13400, 1, 11598], [13400, 1, 11805], [13400, 1, 12080], [13400, -1, -1], [13401, 1, 10951], [13401, 1, 11155], [13401, 1, 11472], [13401, 1, 11680], [13401, -1, -1], [13402, -1, -1], [13403, 1, 10891], [13403, 1, 11093], [13403, 1, 11336], [13403, -1, -1]]"
1752865963.8175,11.999947346746922,12805.821088771947,12805.821386807236,12816.461676816456,15865.460891638904,"[[13404, 1, 10745], [13404, 1, 10929], [13404, 1, 11448], [13404, 1, 11650], [13404, -1, -1], [13405, 1, 10673], [13405, 1, 10707], [13405, 1, 10903], [13405, -1, -1], [13406, 1, 10647], [13406, 1, 10682], [13406, 1, 10878], [13406, 1, 11086], [13406, 1, 11138], [13406, 1, 11316], [13406, -1, -1], [13407, -1, -1], [13408, 1, 13933], [13408, 1, 14121], [13408, -1, -1], [13409, 1, 10128], [13409, 1, 10163], [13409, 1, 10268], [13409, 1, 10358], [13409, 1, 10508], [13409, 1, 10621], [13409, 1, 10694], [13409, 1, 10826], [13409, -1, -1], [13410, 1, 10844], [13410, 1, 11030], [13410, 1, 12949], [13410, 1, 12987], [13410, 1, 13179], [13410, 1, 13246], [13410, -1, -1], [13411, 1, 10407], [13411, 1, 10606], [13411, 1, 13124], [13411, 1, 13323], [13411, -1, -1], [13412, -1, -1], [13413, -1, -1], [13414, 1, 9706], [13414, 1, 9893], [13414, -1, -1]]"
1752865963.9265,13.999946743249893,12805.82114683203,12805.821386807236,12816.461676816456,15865.460891638904,"[[13415, -1, -1], [13416, -1, -1], [13417, -1, -1], [13418, 1, 12596], [13418, 1, 12781], [13418, -1, -1], [13419, -1, -1], [13420, 1, 12142], [13420, 1, 12330], [13420, -1, -1], [13421, -1, -1], [13422, 1, 12328], [13422, 1, 12530], [13422, -1, -1], [13423, 1, 11956], [13423, 1, 12032], [13423, 1, 12232], [13423, -1, -1], [13424, -1, -1], [13425, 1, 11064], [13425, 1, 11252], [13425, -1, -1]]"
1752865964.0365,15.999947071075438,12805.82114683203,12805.821385088346,12816.461687919538,15865.460891638904,"[[13426, -1, -1], [13427, 1, 11067], [13427, 1, 11195], [13427, 1, 11266], [13427, 1, 11402], [13427, 1, 11483], [13427, 1, 11683], [13427, -1, -1], [13428, -1, -1], [13429, 1, 11611], [13429, 1, 11798], [13429, 1, 11999], [13429, -1, -1], [13430, -1, -1], [13431, 1, 11713], [13431, 1, 11911], [13431, 1, 11994], [13431, -1, -1], [13432, 1, 11528], [13432, 1, 11589], [13432, 1, 11727], [13432, 1, 11846], [13432, 1, 11917], [13432, -1, -1], [13433, -1, -1], [13434, -1, -1], [13435, 1, 10644], [13435, 1, 10848], [13435, -1, -1], [13436, -1, -1]]"
1752865964.1465,17.999947398900986,12805.821202180347,12805.821385088346,12816.461691309443,15865.460891638904,"[[13437, -1, -1], [13438, -1, -1], [13439, -1, -1], [13440, -1, -1], [13441, -1, -1], [13442, -1, -1], [13443, -1, -1], [13444, -1, -1], [13445, -1, -1], [13446, -1, -1], [13447, -1, -1]]"
1752865964.2565,19.999947726726532,12805.821202180347,12805.821388760269,12816.461691309443,15865.460891638904,"[[13448, 1, 9877], [13448, 1, 10067], [13448, -1, -1], [13449, -1, -1], [13450, -1, -1], [13451, -1, -1], [13452, 1, 12693], [13452, 1, 12729], [13452, 1, 12923], [13452, -1, -1], [13453, -1, -1], [13454, -1, -1], [13455, -1, -1], [13456, -1, -1], [13457, -1, -1], [13458, -1, -1]]"
1752865964.3665,21.99994805455208,12805.821132415414,12805.821388760269,12816.461687385136,15865.460891638904,"[[13459, -1, -1], [13460, -1, -1], [13461, -1, -1], [13462, -1, -1], [13463, -1, -1], [13464, -1, -1], [13465, -1, -1], [13466, -1, -1], [13467, -1, -1], [13468, -1, -1], [13469, -1, -1]]"
1752865964.4765,23.999948382377625,12805.821132415414,12805.821389515759,12816.461687385136,15865.460891638904,"[[13470, -1, -1], [13471, -1, -1], [13472, -1, -1], [13473, 1, 10681], [13473, 1, 10872], [13473, 1, 13486], [13473, 1, 13689], [13473, 1, 13970], [13473, 1, 14177], [13473, -1, -1], [13474, -1, -1], [13475, -1, -1], [13476, -1, -1], [13477, 1, 13383], [13477, 1, 13526], [13477, 1, 13582], [13477, 1, 13701], [13477, 1, 13827], [13477, -1, -1], [13478, 1, 9036], [13478, 1, 9235], [13478, -1, -1], [13479, -1, -1], [13480, -1, -1]]"
1752865964.5855,25.99994871020317,12805.8210971704,12805.821389515759,12816.461689491247,15865.460891638904,"[[13481, -1, -1], [13482, -1, -1], [13483, -1, -1], [13484, -1, -1], [13485, -1, -1], [13486, -1, -1], [13487, -1, -1], [13488, -1, -1], [13489, -1, -1], [13490, -1, -1], [13491, -1, -1]]"
1752865964.6955,27.999949038028717,12805.8210971704,12805.8213935933,12816.461689491247,15865.460891638904,"[[13492, -1, -1], [13493, -1, -1], [13494, -1, -1], [13495, -1, -1], [13496, -1, -1], [13497, -1, -1], [13498, -1, -1], [13499, -1, -1], [13500, -1, -1], [13501, -1, -1], [13502, -1, -1]]"
1752865964.8055,29.999949365854263,12805.821083865925,12805.8213935933,12816.461690919563,15865.460891638904,"[[13503, -1, -1], [13504, -1, -1], [13505, 1, 10322], [13505, 1, 10525], [13505, -1, -1], [13506, -1, -1], [13507, -1, -1], [13508, -1, -1], [13509, -1, -1], [13510, -1, -1], [13511, 1, 10083], [13511, 1, 10286], [13511, -1, -1], [13512, -1, -1], [13513, -1, -1]]"
1752865964.9175,31.99994969367981,12805.821140201138,12805.821390857594,12816.461690919563,15865.460891638904,"[[13514, -1, -1], [13515, 1, 9812], [13515, 1, 10015], [13515, -1, -1], [13516, -1, -1], [13517, -1, -1], [13518, -1, -1], [13519, 1, 377534], [13519, 1, 377726], [13519, -1, -1], [13520, -1, -1], [13521, -1, -1], [13522, -1, -1], [13523, -1, -1], [13524, -1, -1]]"
1752865965.0265,33.999950021505356,12805.821140201138,12805.821390857594,12816.461687399431,15865.460891638904,"[[13525, -1, -1], [13526, -1, -1], [13527, -1, -1], [13528, -1, -1], [13529, -1, -1], [13530, -1, -1], [13531, -1, -1], [13532, 1, 10811], [13532, 1, 10997], [13532, -1, -1], [13533, -1, -1], [13534, 1, 11975], [13534, 1, 12014], [13534, 1, 12206], [13534, -1, -1], [13535, -1, -1]]"
1752865965.1365,35.9999503493309,12805.821196549006,12805.82140332082,12816.461687399431,15865.460891638904,"[[13536, -1, -1], [13537, -1, -1], [13538, -1, -1], [13539, -1, -1], [13540, -1, -1], [13541, -1, -1], [13542, -1, -1], [13543, -1, -1], [13544, -1, -1], [13545, -1, -1], [13546, -1, -1]]"
1752865965.2465,37.99995067715645,12805.821196549006,12805.82140332082,12816.46169521037,15865.460891638904,"[[13547, -1, -1], [13548, 1, 12472], [13548, 1, 12658], [13548, -1, -1], [13549, -1, -1], [13550, -1, -1], [13551, -1, -1], [13552, -1, -1], [13553, -1, -1], [13554, -1, -1], [13555, -1, -1], [13556, -1, -1], [13557, -1, -1]]"
1752865965.3565,39.999951004981995,12805.82115690292,12805.821389141232,12816.46169521037,15865.460891638904,"[[13558, -1, -1], [13559, -1, -1], [13560, -1, -1], [13561, -1, -1], [13562, -1, -1], [13563, -1, -1], [13564, 1, 10776], [13564, 1, 10984], [13564, -1, -1], [13565, -1, -1], [13566, -1, -1], [13567, -1, -1], [13568, -1, -1]]"
1752865965.4665,41.99995133280754,12805.82115690292,12805.821401279401,12816.461689563113,15865.460891638904,"[[13569, -1, -1], [13570, -1, -1], [13571, -1, -1], [13572, -1, -1], [13573, -1, -1], [13574, -1, -1], [13575, -1, -1], [13576, -1, -1], [13577, -1, -1], [13578, -1, -1], [13579, -1, -1]]"
1752865965.5755,43.99995166063309,12805.821107535825,12805.821401279401,12816.461689563113,15865.460891638904,"[[13580, -1, -1], [13581, -1, -1], [13582, -1, -1], [13583, -1, -1], [13584, -1, -1], [13585, -1, -1], [13586, -1, -1], [13587, -1, -1], [13588, -1, -1], [13589, -1, -1], [13590, -1, -1]]"
1752865965.6855,45.99995198845863,12805.821107535825,12805.821383576775,12816.461682089806,15865.460891638904,"[[13591, -1, -1], [13592, -1, -1], [13593, -1, -1], [13594, -1, -1], [13595, -1, -1], [13596, -1, -1], [13597, -1, -1], [13598, -1, -1], [13599, -1, -1], [13600, -1, -1], [13601, -1, -1]]"
1752865965.7945,47.99995231628418,12805.821098862127,12805.821383576775,12816.461682089806,15865.460891638904,"[[13602, -1, -1], [13603, -1, -1], [13604, -1, -1], [13605, -1, -1], [13606, -1, -1], [13607, -1, -1], [13608, -1, -1], [13609, -1, -1], [13610, -1, -1], [13611, -1, -1], [13612, -1, -1]]"
1752865965.9055,49.999952644109726,12805.821098862127,12805.821387345819,12816.461689046751,15865.460891638904,"[[13613, -1, -1], [13614, -1, -1], [13615, -1, -1], [13616, -1, -1], [13617, -1, -1], [13618, -1, -1], [13619, -1, -1], [13620, -1, -1], [13621, -1, -1], [13622, -1, -1], [13623, -1, -1]]"
1752865966.0155,51.99995297193527,12805.821082508748,12805.821387345819,12816.461689046751,15865.460891638904,"[[13624, -1, -1], [13625, -1, -1], [13626, -1, -1], [13627, -1, -1], [13628, -1, -1], [13629, -1, -1], [13630, -1, -1], [13631, -1, -1], [13632, -1, -1], [13633, -1, -1], [13634, -1, -1]]"
1752865966.1245,53.99995329976082,12805.821082508748,12805.821397019714,12816.461690402733,15865.460891638904,"[[13635, -1, -1], [13636, -1, -1], [13637, -1, -1], [13638, -1, -1], [13639, -1, -1], [13640, -1, -1], [13641, -1, -1], [13642, -1, -1], [13643, -1, -1], [13644, -1, -1], [13645, -1, -1]]"
1752865966.2335,55.999953627586365,12805.821179194803,12805.821397019714,12816.461683708103,15865.460891638904,"[[13646, -1, -1], [13647, -1, -1], [13648, -1, -1], [13649, -1, -1], [13650, -1, -1], [13651, -1, -1], [13652, -1, -1], [13653, -1, -1], [13654, -1, -1], [13655, -1, -1], [13656, -1, -1]]"
1752865966.3435,57.99995395541191,12805.821179194803,12805.821389003548,12816.461683708103,15865.460891638904,"[[13657, -1, -1], [13658, -1, -1], [13659, -1, -1], [13660, -1, -1], [13661, -1, -1], [13662, -1, -1], [13663, -1, -1], [13664, -1, -1], [13665, -1, -1], [13666, -1, -1], [13667, -1, -1]]"
1752865966.4535,59.99995428323746,12805.821174371064,12805.821389003548,12816.461681750961,15865.460891638904,"[[13668, -1, -1], [13669, -1, -1], [13670, -1, -1], [13671, -1, -1], [13672, -1, -1], [13673, -1, -1], [13674, -1, -1], [13675, -1, -1], [13676, -1, -1], [13677, -1, -1], [13678, -1, -1]]"
1752865966.5635,61.999950885772705,12805.821174371064,12805.82138369266,12816.461681750961,15865.460891638904,"[[13679, -1, -1], [13680, -1, -1], [13681, -1, -1], [13682, -1, -1], [13683, -1, -1], [13684, -1, -1], [13685, -1, -1], [13686, -1, -1], [13687, -1, -1], [13688, -1, -1], [13689, -1, -1]]"
1752865966.6725,63.99994748830795,12805.821150526466,12805.82138369266,12816.46168334311,15865.460891638904,"[[13690, -1, -1], [13691, -1, -1], [13692, -1, -1], [13693, -1, -1], [13694, -1, -1], [13695, -1, -1], [13696, -1, -1], [13697, -1, -1], [13698, -1, -1], [13699, -1, -1], [13700, -1, -1]]"
1752865966.7825,65.9999440908432,12805.821150526466,12805.821377928074,12816.46168334311,15865.460891638904,"[[13701, -1, -1], [13702, -1, -1], [13703, -1, -1], [13704, -1, -1], [13705, 1, 181917], [13705, -1, -1], [13706, -1, -1], [13707, -1, -1], [13708, -1, -1], [13709, -1, -1], [13710, -1, -1], [13711, -1, -1]]"
1752865966.8935,67.99994069337845,12805.821094214905,12805.821377928074,12816.461683894904,15865.460891638904,"[[13712, -1, -1], [13713, -1, -1], [13714, -1, -1], [13715, -1, -1], [13716, -1, -1], [13717, -1, -1], [13718, -1, -1], [13719, -1, -1], [13720, -1, -1], [13721, 1, 8907], [13721, 1, 9094], [13721, -1, -1], [13722, -1, -1]]"
1752865967.0035,69.9999372959137,12805.82112239281,12805.821396929387,12816.461683894904,15865.460891638904,"[[13723, -1, -1], [13724, -1, -1], [13725, -1, -1], [13726, -1, -1], [13727, -1, -1], [13728, -1, -1], [13729, -1, -1], [13730, -1, -1], [13731, -1, -1], [13732, -1, -1], [13733, -1, -1]]"
1752865967.1135,71.99993389844894,12805.82112239281,12805.821396929387,12816.461685887476,15865.460891638904,"[[13734, -1, -1], [13735, -1, -1], [13736, -1, -1], [13737, -1, -1], [13738, -1, -1], [13739, -1, -1], [13740, -1, -1], [13741, -1, -1], [13742, 1, 11324], [13742, 1, 11527], [13742, -1, -1], [13743, -1, -1], [13744, 1, 252459], [13744, 1, 252651], [13744, -1, -1]]"
1752865967.2235,73.99993050098419,12805.821165844343,12805.821388291857,12816.461685887476,15865.460891638904,"[[13745, -1, -1], [13746, -1, -1], [13747, -1, -1], [13748, -1, -1], [13749, -1, -1], [13750, -1, -1], [13751, -1, -1], [13752, -1, -1], [13753, -1, -1], [13754, -1, -1], [13755, -1, -1]]"
1752865967.3325,75.99992710351944,12805.821165844343,12805.821388291857,12816.461681110724,15865.460891638904,"[[13756, 1, 9764], [13756, 1, 9797], [13756, 1, 9993], [13756, -1, -1], [13757, -1, -1], [13758, -1, -1], [13759, -1, -1], [13760, -1, -1], [13761, -1, -1], [13762, -1, -1], [13763, 1, 10675], [13763, 1, 10861], [13763, -1, -1], [13764, -1, -1], [13765, -1, -1], [13766, -1, -1]]"
1752865967.4425,77.99992370605469,12805.821165844343,12805.821390514711,12816.461681110724,15865.460891638904,"[[13767, -1, -1], [13768, -1, -1], [13769, 1, 5474], [13769, 1, 5659], [13769, 1, 5754], [13769, 1, 12537], [13769, 1, 12737], [13769, -1, -1], [13770, -1, -1], [13771, -1, -1], [13772, -1, -1], [13773, -1, -1], [13774, -1, -1], [13775, -1, -1], [13776, -1, -1], [13777, -1, -1]]"
1752865967.5519,79.99992030858994,12805.821165844343,12805.821378934077,12816.461679864204,15865.460891638904,"[[13778, -1, -1], [13779, 1, 11028], [13779, 1, 11230], [13779, -1, -1], [13780, -1, -1], [13781, -1, -1], [13782, -1, -1], [13783, -1, -1], [13784, -1, -1], [13785, -1, -1], [13786, -1, -1], [13787, -1, -1]]"
1752865967.6619,81.99991691112518,12805.821151022117,12805.821378934077,12816.461686150647,15865.460891638904,"[[13789, -1, -1], [13790, 1, 9748], [13790, -1, -1], [13791, -1, -1], [13792, -1, -1], [13793, -1, -1], [13794, -1, -1], [13795, -1, -1], [13796, -1, -1], [13797, 1, 9828], [13797, -1, -1], [13798, -1, -1]]"
1752865967.7709,83.99991351366043,12805.821151022117,12805.821379955127,12816.461686150647,15865.460891638904,"[[13800, -1, -1], [13801, -1, -1], [13802, -1, -1], [13803, 1, 11485], [13803, 1, 11517], [13803, 1, 11717], [13803, -1, -1], [13804, -1, -1], [13805, -1, -1], [13806, -1, -1], [13807, -1, -1], [13808, -1, -1], [13809, -1, -1]]"
1752865967.8803,85.99991011619568,12805.821100354236,12805.821379955127,12816.46168117065,15865.460891638904,"[[13811, -1, -1], [13812, -1, -1], [13813, -1, -1], [13814, -1, -1], [13815, -1, -1], [13816, -1, -1], [13817, -1, -1], [13818, -1, -1], [13819, -1, -1], [13820, -1, -1]]"
1752865967.9905,87.99990671873093,12805.821100354236,12805.821378260003,12816.46168117065,15865.460891638904,"[[13821, -1, -1], [13822, -1, -1], [13823, -1, -1], [13824, -1, -1], [13825, -1, -1], [13826, -1, -1], [13827, -1, -1], [13828, -1, -1], [13829, -1, -1], [13830, -1, -1], [13831, -1, -1]]"
1752865968.1005,89.99990332126617,12805.821086855443,12805.821378260003,12816.461677224677,15865.460891638904,"[[13832, -1, -1], [13833, -1, -1], [13834, -1, -1], [13835, -1, -1], [13836, -1, -1], [13837, -1, -1], [13838, -1, -1], [13839, -1, -1], [13840, -1, -1], [13841, -1, -1], [13842, 1, 10997], [13842, 1, 11196], [13842, -1, -1]]"
1752865968.2105,91.99989992380142,12805.821143500807,12805.821383031334,12816.461677224677,15865.460891638904,"[[13843, -1, -1], [13844, 1, 10443], [13844, 1, 10647], [13844, -1, -1], [13845, -1, -1], [13846, -1, -1], [13847, -1, -1], [13848, -1, -1], [13849, -1, -1], [13850, -1, -1], [13851, -1, -1], [13852, -1, -1], [13853, -1, -1]]"
1752865968.3195,93.99989652633667,12805.821143500807,12805.821383031334,12816.461687438916,15865.460891638904,"[[13854, -1, -1], [13855, -1, -1], [13856, -1, -1], [13857, -1, -1], [13858, -1, -1], [13859, -1, -1], [13860, -1, -1], [13861, -1, -1], [13862, -1, -1], [13863, -1, -1], [13864, -1, -1]]"
1752865968.4295,95.99989312887192,12805.82118673724,12805.821384115841,12816.461687438916,15865.460891638904,"[[13865, -1, -1], [13866, -1, -1], [13867, -1, -1], [13868, -1, -1], [13869, -1, -1], [13870, -1, -1], [13871, -1, -1], [13872, -1, -1], [13873, -1, -1], [13874, -1, -1], [13875, 1, 11208], [13875, 1, 11396], [13875, -1, -1]]"
