time,Voltage,InjSeeded,Matisse,Diode,OPO,data
1752866016.8734,-152.00000596046448,12805.821106032867,12805.821378194125,12816.461696528015,15865.460891638904,"[[14, 1, 12034], [14, 1, 12237], [14, 1, 12288], [14, -1, -1], [15, 1, 9672], [15, 1, 9857], [15, -1, -1], [16, -1, -1], [17, -1, -1], [18, -1, -1], [19, -1, -1], [20, -1, -1], [21, -1, -1], [22, -1, -1], [23, -1, -1], [24, -1, -1]]"
1752866016.9835,-150.00000190734863,12805.821087139571,12805.82136934712,12816.461696528015,15865.460891638904,"[[25, -1, -1], [26, -1, -1], [27, -1, -1], [28, 1, 9509], [28, 1, 9551], [28, 1, 9744], [28, 1, 9916], [28, 1, 11519], [28, -1, -1], [29, -1, -1], [30, -1, -1], [31, -1, -1], [32, -1, -1], [33, -1, -1], [34, -1, -1], [35, -1, -1]]"
1752866017.0944,-147.9999978542328,12805.821087139571,12805.82136934712,12816.461686430159,15865.460891638904,"[[36, -1, -1], [37, -1, -1], [38, -1, -1], [39, -1, -1], [40, -1, -1], [41, -1, -1], [42, -1, -1], [43, -1, -1], [44, -1, -1], [45, -1, -1], [46, -1, -1]]"
1752866017.2055,-145.99999380111694,12805.821078967958,12805.821375728665,12816.461686430159,15865.460891638904,"[[47, -1, -1], [48, -1, -1], [49, -1, -1], [50, -1, -1], [51, 1, 9605], [51, 1, 9798], [51, -1, -1], [52, -1, -1], [53, -1, -1], [54, -1, -1], [55, -1, -1], [56, -1, -1], [57, -1, -1]]"
1752866017.3165,-143.9999897480011,12805.821078967958,12805.821366834154,12816.461687624711,15865.460891638904,"[[58, 1, 11248], [58, 1, 11433], [58, -1, -1], [59, -1, -1], [60, -1, -1], [61, -1, -1], [62, -1, -1], [63, -1, -1], [64, -1, -1], [65, -1, -1], [66, -1, -1], [67, -1, -1], [68, -1, -1]]"
1752866017.4275,-141.99998569488525,12805.821135661314,12805.821366834154,12816.461687624711,15865.460891638904,"[[69, -1, -1], [70, -1, -1], [71, -1, -1], [72, -1, -1], [73, -1, -1], [74, -1, -1], [75, -1, -1], [76, -1, -1], [77, -1, -1], [78, -1, -1], [79, -1, -1]]"
1752866017.5384,-139.9999816417694,12805.821135661314,12805.82137060697,12816.461684939848,15865.460891638904,"[[80, 1, 66734], [80, -1, -1], [81, -1, -1], [82, -1, -1], [83, -1, -1], [84, -1, -1], [85, -1, -1], [86, -1, -1], [87, -1, -1], [88, -1, -1], [89, -1, -1], [90, -1, -1]]"
1752866017.6495,-137.99997758865356,12805.821143133942,12805.82137060697,12816.461684939848,15865.460891638904,"[[91, 1, 12312], [91, 1, 12511], [91, 1, 12705], [91, -1, -1], [92, 1, 12415], [92, 1, 12458], [92, 1, 12645], [92, -1, -1], [93, -1, -1], [94, -1, -1], [95, -1, -1], [96, -1, -1], [97, -1, -1], [98, -1, -1], [99, -1, -1], [100, 1, 10384], [100, 1, 10571], [100, -1, -1], [101, -1, -1]]"
1752866017.7594,-135.99997353553772,12805.821143133942,12805.821364605485,12816.461688422165,15865.460891638904,"[[102, -1, -1], [103, -1, -1], [104, -1, -1], [105, 1, 8616], [105, 1, 8804], [105, -1, -1], [106, -1, -1], [107, -1, -1], [108, -1, -1], [109, -1, -1], [110, -1, -1], [111, -1, -1], [112, -1, -1]]"
1752866017.8694,-133.99996948242188,12805.821127646775,12805.821364605485,12816.461686644327,15865.460891638904,"[[113, -1, -1], [114, -1, -1], [115, -1, -1], [116, -1, -1], [117, -1, -1], [118, -1, -1], [119, -1, -1], [120, -1, -1], [121, -1, -1], [122, -1, -1], [123, -1, -1]]"
1752866017.9795,-131.99996542930603,12805.821127646775,12805.821371130785,12816.461686644327,15865.460891638904,"[[124, -1, -1], [125, -1, -1], [126, -1, -1], [127, -1, -1], [128, -1, -1], [129, -1, -1], [130, -1, -1], [131, -1, -1], [132, -1, -1], [133, -1, -1], [134, -1, -1]]"
1752866018.1174,-129.99996137619019,12805.821106162204,12805.821371130785,12816.461683786534,15865.460891638904,"[[135, -1, -1], [136, -1, -1], [137, -1, -1], [138, -1, -1], [139, -1, -1], [140, -1, -1], [141, -1, -1], [142, 1, 12069], [142, 1, 12268], [142, -1, -1], [143, -1, -1], [144, -1, -1], [145, -1, -1], [146, -1, -1], [147, -1, -1], [148, -1, -1]]"
1752866018.2285,-127.99995732307434,12805.821076304012,12805.82138452217,12816.461683786534,15865.460891638904,"[[149, -1, -1], [150, -1, -1], [151, -1, -1], [152, -1, -1], [153, 1, 12111], [153, 1, 12296], [153, -1, -1], [154, 1, 10825], [154, 1, 11013], [154, -1, -1], [155, -1, -1], [156, -1, -1], [157, -1, -1], [158, -1, -1], [159, -1, -1]]"
1752866018.3385,-125.9999607205391,12805.821076304012,12805.82138452217,12816.461693536083,15865.460891638904,"[[160, -1, -1], [161, -1, -1], [162, -1, -1], [163, -1, -1], [164, -1, -1], [165, -1, -1], [166, -1, -1], [167, -1, -1], [168, -1, -1], [169, -1, -1], [170, -1, -1]]"
1752866018.4485,-123.99996411800385,12805.821122490835,12805.821395125417,12816.461693536083,15865.460891638904,"[[171, -1, -1], [172, -1, -1], [173, -1, -1], [174, -1, -1], [175, 1, 11630], [175, 1, 11666], [175, 1, 11860], [175, -1, -1], [176, -1, -1], [177, -1, -1], [178, -1, -1], [179, -1, -1], [180, -1, -1], [181, -1, -1]]"
1752866018.5585,-121.9999675154686,12805.821122490835,12805.821395125417,12816.461685227963,15865.460891638904,"[[182, -1, -1], [183, -1, -1], [184, -1, -1], [185, -1, -1], [186, -1, -1], [187, -1, -1], [188, -1, -1], [189, -1, -1], [190, -1, -1], [191, -1, -1], [192, -1, -1]]"
1752866018.6695,-119.99997091293335,12805.821178240116,12805.821407051626,12816.461685227963,15865.460891638904,"[[193, -1, -1], [194, -1, -1], [195, -1, -1], [196, -1, -1], [197, -1, -1], [198, -1, -1], [199, -1, -1], [200, -1, -1], [201, -1, -1], [202, -1, -1], [203, -1, -1]]"
1752866018.7795,-117.9999743103981,12805.821178240116,12805.821407051626,12816.46169023058,15865.460891638904,"[[204, -1, -1], [205, 1, 9377], [205, 1, 9562], [205, -1, -1], [206, -1, -1], [207, -1, -1], [208, -1, -1], [209, -1, -1], [210, -1, -1], [211, -1, -1], [212, -1, -1], [213, -1, -1], [214, -1, -1]]"
1752866018.8904,-115.99997770786285,12805.821174549978,12805.821408027512,12816.46169023058,15865.460891638904,"[[215, -1, -1], [216, -1, -1], [217, -1, -1], [218, -1, -1], [219, -1, -1], [220, -1, -1], [221, -1, -1], [222, -1, -1], [223, -1, -1], [224, -1, -1], [225, 1, 371867], [225, 1, 372050], [225, -1, -1]]"
1752866019.0005,-113.9999811053276,12805.821174549978,12805.821397714088,12816.46168682147,15865.460891638904,"[[226, -1, -1], [227, -1, -1], [228, -1, -1], [229, -1, -1], [230, -1, -1], [231, -1, -1], [232, -1, -1], [233, -1, -1], [234, 1, 10573], [234, 1, 10760], [234, -1, -1], [235, -1, -1], [236, -1, -1]]"
1752866019.1109,-111.99998450279236,12805.821134616152,12805.821397714088,12816.46168682147,15865.460891638904,"[[237, -1, -1], [238, -1, -1], [239, -1, -1], [240, -1, -1], [241, -1, -1], [242, -1, -1], [243, -1, -1], [244, -1, -1], [245, -1, -1], [246, -1, -1], [247, -1, -1]]"
1752866019.2219,-109.99998790025711,12805.821134616152,12805.821411903635,12816.461689868087,15865.460891638904,"[[249, -1, -1], [250, -1, -1], [251, -1, -1], [252, -1, -1], [253, -1, -1], [254, 1, 280150], [254, 1, 280188], [254, 1, 280380], [254, -1, -1], [255, -1, -1], [256, -1, -1], [257, -1, -1], [258, -1, -1]]"
1752866019.3319,-107.99999129772186,12805.82106992177,12805.821411903635,12816.461689868087,15865.460891638904,"[[260, -1, -1], [261, -1, -1], [262, -1, -1], [263, -1, -1], [264, -1, -1], [265, -1, -1], [266, -1, -1], [267, -1, -1], [268, -1, -1], [269, 1, 207920], [269, 1, 208104], [269, -1, -1]]"
1752866019.4409,-105.99999469518661,12805.82106992177,12805.821396853116,12816.461684999635,15865.460891638904,"[[271, -1, -1], [272, -1, -1], [273, 1, 52269], [273, 1, 52460], [273, -1, -1], [274, -1, -1], [275, -1, -1], [276, -1, -1], [277, -1, -1], [278, -1, -1], [279, -1, -1], [280, -1, -1]]"
1752866019.5505,-103.99999809265137,12805.821088553366,12805.821396853116,12816.461687327841,15865.460891638904,"[[282, -1, -1], [283, -1, -1], [284, -1, -1], [285, -1, -1], [286, -1, -1], [287, -1, -1], [288, -1, -1], [289, -1, -1], [290, -1, -1], [291, -1, -1]]"
1752866019.6609,-102.00000149011612,12805.821088553366,12805.82142083628,12816.461687327841,15865.460891638904,"[[292, -1, -1], [293, -1, -1], [294, -1, -1], [295, -1, -1], [296, -1, -1], [297, -1, -1], [298, -1, -1], [299, -1, -1], [300, -1, -1], [301, -1, -1], [302, -1, -1]]"
1752866019.7709,-100.00000488758087,12805.821148126537,12805.82142083628,12816.461686524379,15865.460891638904,"[[304, -1, -1], [305, -1, -1], [306, -1, -1], [307, -1, -1], [308, -1, -1], [309, -1, -1], [310, -1, -1], [311, -1, -1], [312, 1, 11225], [312, 1, 11424], [312, 1, 11702], [312, 1, 11992], [312, -1, -1], [313, -1, -1]]"
1752866019.8809,-98.00000828504562,12805.821148126537,12805.821407627904,12816.461686524379,15865.460891638904,"[[315, -1, -1], [316, -1, -1], [317, -1, -1], [318, -1, -1], [319, -1, -1], [320, -1, -1], [321, -1, -1], [322, -1, -1], [323, -1, -1], [324, -1, -1]]"
1752866019.9909,-96.00001168251038,12805.821200356937,12805.821407627904,12816.461682531732,15865.460891638904,"[[326, 1, 10162], [326, -1, -1], [327, -1, -1], [328, -1, -1], [329, -1, -1], [330, -1, -1], [331, -1, -1], [332, -1, -1], [333, -1, -1], [334, -1, -1], [335, 1, 11992], [335, 1, 12195], [335, -1, -1]]"
1752866020.1009,-94.00001507997513,12805.821200356937,12805.821411575349,12816.461682531732,15865.460891638904,"[[337, -1, -1], [338, -1, -1], [339, -1, -1], [340, -1, -1], [341, -1, -1], [342, -1, -1], [343, 1, 11596], [343, 1, 11633], [343, 1, 11826], [343, -1, -1], [344, -1, -1], [345, -1, -1], [346, -1, -1]]"
1752866020.2119,-92.00001847743988,12805.821152537925,12805.821411575349,12816.461686867704,15865.460891638904,"[[348, -1, -1], [349, -1, -1], [350, -1, -1], [351, -1, -1], [352, -1, -1], [353, -1, -1], [354, -1, -1], [355, -1, -1], [356, -1, -1], [357, -1, -1]]"
1752866020.3219,-90.00002187490463,12805.821152537925,12805.821409074359,12816.461686867704,15865.460891638904,"[[359, -1, -1], [360, -1, -1], [361, -1, -1], [362, -1, -1], [363, -1, -1], [364, -1, -1], [365, -1, -1], [366, -1, -1], [367, -1, -1], [368, -1, -1]]"
1752866020.4319,-88.00002527236938,12805.821069775779,12805.821409074359,12816.461684330654,15865.460891638904,"[[370, -1, -1], [371, -1, -1], [372, -1, -1], [373, -1, -1], [374, -1, -1], [375, -1, -1], [376, -1, -1], [377, 1, 332392], [377, -1, -1], [378, -1, -1], [379, -1, -1]]"
1752866020.5419,-86.00002866983414,12805.821091508318,12805.821407715926,12816.461684330654,15865.460891638904,"[[381, -1, -1], [382, -1, -1], [383, -1, -1], [384, -1, -1], [385, -1, -1], [386, -1, -1], [387, -1, -1], [388, 1, 9624], [388, 1, 9651], [388, 1, 9854], [388, -1, -1], [389, -1, -1], [390, -1, -1]]"
1752866020.6509,-84.00003206729889,12805.821091508318,12805.821407715926,12816.461684492508,15865.460891638904,"[[392, -1, -1], [393, 1, 13522], [393, 1, 13721], [393, 1, 13886], [393, -1, -1], [394, 1, 9140], [394, 1, 9339], [394, -1, -1], [395, -1, -1], [396, -1, -1], [397, -1, -1], [398, -1, -1], [399, -1, -1], [400, -1, -1], [401, -1, -1]]"
1752866020.7625,-82.00003546476364,12805.821134412248,12805.821402633695,12816.461684492508,15865.460891638904,"[[403, 1, 10458], [403, 1, 10649], [403, -1, -1], [404, -1, -1], [405, -1, -1], [406, 1, 9410], [406, 1, 9601], [406, 1, 9933], [406, 1, 11058], [406, 1, 11257], [406, 1, 11430], [406, -1, -1], [407, 1, 25534], [407, -1, -1], [408, -1, -1], [409, -1, -1], [410, -1, -1], [411, -1, -1], [412, -1, -1], [413, -1, -1]]"
1752866020.8719,-80.0000388622284,12805.821134412248,12805.821402633695,12816.461683102536,15865.460891638904,"[[414, -1, -1], [415, -1, -1], [416, 1, 12581], [416, 1, 12780], [416, 1, 12918], [416, -1, -1], [417, -1, -1], [418, -1, -1], [419, -1, -1], [420, 1, 9155], [420, 1, 9342], [420, 1, 10284], [420, 1, 10486], [420, -1, -1], [421, -1, -1], [422, -1, -1], [423, -1, -1]]"
1752866020.982,-78.00004225969315,12805.821191447541,12805.821416884535,12816.461683102536,15865.460891638904,"[[425, -1, -1], [426, 1, 10887], [426, 1, 10917], [426, 1, 11117], [426, -1, -1], [427, -1, -1], [428, -1, -1], [429, -1, -1], [430, -1, -1], [431, -1, -1], [432, -1, -1], [433, -1, -1], [434, -1, -1]]"
1752866021.0919,-76.0000456571579,12805.821191447541,12805.821416884535,12816.461690129081,15865.460891638904,"[[436, -1, -1], [437, 1, 10762], [437, 1, 10964], [437, 1, 11069], [437, -1, -1], [438, -1, -1], [439, 1, 13274], [439, 1, 13457], [439, -1, -1], [440, 1, 11112], [440, 1, 11311], [440, -1, -1], [441, -1, -1], [442, -1, -1], [443, 1, 11180], [443, 1, 11364], [443, -1, -1], [444, -1, -1], [445, 1, 11017], [445, -1, -1]]"
1752866021.2019,-74.00004905462265,12805.821157541259,12805.821409241817,12816.461690129081,15865.460891638904,"[[447, -1, -1], [448, -1, -1], [449, -1, -1], [450, 1, 9592], [450, 1, 9791], [450, -1, -1], [451, -1, -1], [452, -1, -1], [453, -1, -1], [454, -1, -1], [455, -1, -1], [456, 1, 9754], [456, 1, 9939], [456, -1, -1]]"
1752866021.3119,-72.0000524520874,12805.821157541259,12805.821410484066,12816.461698758665,15865.460891638904,"[[458, 1, 9686], [458, 1, 9885], [458, 1, 12137], [458, 1, 12310], [458, -1, -1], [459, -1, -1], [460, -1, -1], [461, 1, 10310], [461, 1, 10345], [461, 1, 10542], [461, -1, -1], [462, -1, -1], [463, -1, -1], [464, 1, 11211], [464, 1, 11246], [464, 1, 11441], [464, -1, -1], [465, -1, -1], [466, -1, -1], [467, 1, 13627], [467, 1, 13812], [467, -1, -1]]"
1752866021.421,-70.00005584955215,12805.821085710882,12805.821410484066,12816.461698758665,15865.460891638904,"[[469, -1, -1], [470, 1, 10808], [470, 1, 10940], [470, 1, 11006], [470, 1, 11130], [470, -1, -1], [471, -1, -1], [472, 1, 9305], [472, 1, 9339], [472, 1, 9536], [472, -1, -1], [473, -1, -1], [474, -1, -1], [475, -1, -1], [476, 1, 9993], [476, 1, 10196], [476, -1, -1], [477, -1, -1], [478, -1, -1]]"
1752866021.5309,-68.0000592470169,12805.821085710882,12805.821403365973,12816.461681358836,15865.460891638904,"[[480, -1, -1], [481, -1, -1], [482, -1, -1], [483, -1, -1], [484, 1, 10652], [484, 1, 10842], [484, -1, -1], [485, 1, 9527], [485, 1, 9562], [485, 1, 9757], [485, -1, -1], [486, 1, 15714], [486, 1, 15913], [486, -1, -1], [487, -1, -1], [488, -1, -1], [489, -1, -1]]"
1752866021.6409,-66.00006264448166,12805.821052239133,12805.821403365973,12816.461681358836,15865.460891638904,"[[491, -1, -1], [492, 1, 12415], [492, 1, 12618], [492, 1, 20363], [492, -1, -1], [493, -1, -1], [494, -1, -1], [495, -1, -1], [496, -1, -1], [497, -1, -1], [498, -1, -1], [499, -1, -1], [500, -1, -1]]"
1752866021.7519,-64.00006231665611,12805.821052239133,12805.82140644022,12816.461692173325,15865.460891638904,"[[502, -1, -1], [503, -1, -1], [504, -1, -1], [505, 1, 9209], [505, 1, 9397], [505, -1, -1], [506, -1, -1], [507, -1, -1], [508, 1, 9779], [508, 1, 9964], [508, -1, -1], [509, -1, -1], [510, -1, -1], [511, -1, -1]]"
1752866021.8619,-62.000061988830566,12805.821105650686,12805.82140644022,12816.461683367646,15865.460891638904,"[[513, -1, -1], [514, -1, -1], [515, -1, -1], [516, -1, -1], [517, -1, -1], [518, -1, -1], [519, -1, -1], [520, -1, -1], [521, -1, -1], [522, -1, -1]]"
1752866021.9719,-60.00006166100502,12805.821105650686,12805.82140900161,12816.461683367646,15865.460891638904,"[[524, 1, 9052], [524, 1, 9239], [524, -1, -1], [525, -1, -1], [526, 1, 9537], [526, 1, 9571], [526, 1, 9768], [526, -1, -1], [527, -1, -1], [528, 1, 10734], [528, 1, 10921], [528, -1, -1], [529, 1, 10620], [529, 1, 10823], [529, -1, -1], [530, -1, -1], [531, 1, 8580], [531, 1, 8779], [531, -1, -1], [532, -1, -1], [533, 1, 9822], [533, 1, 9992], [533, -1, -1]]"
1752866022.0819,-58.000061333179474,12805.821168264056,12805.82140900161,12816.461683279373,15865.460891638904,"[[535, -1, -1], [536, 1, 11785], [536, 1, 11972], [536, -1, -1], [537, -1, -1], [538, -1, -1], [539, -1, -1], [540, -1, -1], [541, -1, -1], [542, 1, 10381], [542, 1, 10584], [542, 1, 10707], [542, -1, -1], [543, -1, -1], [544, -1, -1]]"
1752866022.193,-56.00006100535393,12805.821168264056,12805.821413074827,12816.461683279373,15865.460891638904,"[[546, -1, -1], [547, -1, -1], [548, -1, -1], [549, -1, -1], [550, -1, -1], [551, -1, -1], [552, -1, -1], [553, -1, -1], [554, 1, 10067], [554, 1, 10267], [554, -1, -1], [555, 1, 9313], [555, 1, 9498], [555, 1, 12602], [555, 1, 12802], [555, 1, 12912], [555, -1, -1], [556, -1, -1]]"
1752866022.3024,-54.00006067752838,12805.821173838634,12805.821413074827,12816.461687429075,15865.460891638904,"[[557, -1, -1], [558, -1, -1], [559, -1, -1], [560, 1, 11044], [560, 1, 11078], [560, 1, 11274], [560, -1, -1], [561, -1, -1], [562, -1, -1], [563, 1, 10593], [563, 1, 10791], [563, -1, -1], [564, -1, -1], [565, -1, -1], [566, -1, -1], [567, -1, -1]]"
1752866022.4119,-52.000060349702835,12805.821104111797,12805.82140215766,12816.461687429075,15865.460891638904,"[[568, -1, -1], [569, 1, 10560], [569, 1, 10629], [569, 1, 10791], [569, -1, -1], [570, -1, -1], [571, 1, 11799], [571, 1, 11827], [571, 1, 12031], [571, 1, 12395], [571, -1, -1], [572, -1, -1], [573, -1, -1], [574, -1, -1], [575, 1, 10405], [575, 1, 10604], [575, -1, -1], [576, -1, -1], [577, 1, 9355], [577, 1, 9554], [577, 1, 11309], [577, 1, 11485], [577, -1, -1]]"
1752866022.522,-50.00006002187729,12805.821104111797,12805.82140215766,12816.461692361761,15865.460891638904,"[[579, -1, -1], [580, -1, -1], [581, -1, -1], [582, -1, -1], [583, -1, -1], [584, -1, -1], [585, -1, -1], [586, 1, 10809], [586, 1, 11013], [586, -1, -1], [587, -1, -1], [588, -1, -1]]"
1752866022.6324,-48.00005969405174,12805.821050946368,12805.821413110176,12816.461692361761,15865.460891638904,"[[590, -1, -1], [591, -1, -1], [592, -1, -1], [593, -1, -1], [594, 1, 11410], [594, 1, 11597], [594, -1, -1], [595, 1, 12034], [595, 1, 12220], [595, -1, -1], [596, -1, -1], [597, -1, -1], [598, -1, -1], [599, -1, -1], [600, 1, 10634], [600, 1, 10669], [600, 1, 10865], [600, 1, 10929], [600, -1, -1]]"
1752866022.7435,-46.000059366226196,12805.821050946368,12805.821414316828,12816.46168228687,15865.460891638904,"[[601, -1, -1], [602, -1, -1], [603, 1, 11936], [603, 1, 12139], [603, 1, 12442], [603, -1, -1], [604, -1, -1], [605, 1, 10950], [605, 1, 11149], [605, -1, -1], [606, -1, -1], [607, -1, -1], [608, -1, -1], [609, 1, 10504], [609, 1, 10703], [609, -1, -1], [610, -1, -1], [611, -1, -1]]"
1752866022.8535,-44.00005903840065,12805.821095044106,12805.821414316828,12816.46168228687,15865.460891638904,"[[612, -1, -1], [613, 1, 12465], [613, 1, 12507], [613, 1, 12699], [613, 1, 12879], [613, -1, -1], [614, -1, -1], [615, 1, 10714], [615, 1, 10902], [615, -1, -1], [616, -1, -1], [617, -1, -1], [618, 1, 9151], [618, 1, 9334], [618, -1, -1], [619, -1, -1], [620, 1, 13314], [620, 1, 13476], [620, -1, -1], [621, -1, -1], [622, 1, 11638], [622, 1, 11837], [622, -1, -1]]"
1752866022.9635,-42.000058710575104,12805.821095044106,12805.821421065346,12816.461688990075,15865.460891638904,"[[623, -1, -1], [624, -1, -1], [625, -1, -1], [626, 1, 8852], [626, 1, 8898], [626, 1, 9084], [626, -1, -1], [627, -1, -1], [628, -1, -1], [629, 1, 10584], [629, 1, 10786], [629, -1, -1], [630, 1, 7256], [630, 1, 7291], [630, 1, 7487], [630, 1, 7818], [630, -1, -1], [631, -1, -1], [632, 1, 9942], [632, 1, 10130], [632, 1, 10331], [632, 1, 10539], [632, -1, -1], [633, -1, -1]]"
1752866023.0735,-40.00005838274956,12805.821154663432,12805.821421065346,12816.461688990075,15865.460891638904,"[[634, -1, -1], [635, -1, -1], [636, 1, 10205], [636, 1, 10404], [636, 1, 10533], [636, -1, -1], [637, -1, -1], [638, -1, -1], [639, -1, -1], [640, -1, -1], [641, 1, 12195], [641, 1, 12382], [641, -1, -1], [642, -1, -1], [643, -1, -1], [644, 1, 9312], [644, 1, 9515], [644, -1, -1]]"
1752866023.1835,-38.00005805492401,12805.821154663432,12805.82141496581,12816.461683556592,15865.460891638904,"[[645, -1, -1], [646, 1, 10503], [646, 1, 10702], [646, 1, 10829], [646, 1, 11033], [646, -1, -1], [647, 1, 10531], [647, 1, 10734], [647, 1, 10942], [647, -1, -1], [648, -1, -1], [649, -1, -1], [650, 1, 10626], [650, 1, 10829], [650, -1, -1], [651, -1, -1], [652, -1, -1], [653, -1, -1], [654, -1, -1], [655, -1, -1]]"
1752866023.2945,-36.000057727098465,12805.821189879503,12805.82141496581,12816.46168296914,15865.460891638904,"[[656, -1, -1], [657, -1, -1], [658, 1, 11013], [658, 1, 11198], [658, -1, -1], [659, -1, -1], [660, -1, -1], [661, -1, -1], [662, -1, -1], [663, -1, -1], [664, -1, -1], [665, -1, -1], [666, 1, 10485], [666, 1, 10518], [666, 1, 10715], [666, -1, -1]]"
1752866023.4044,-34.00005739927292,12805.821189879503,12805.821408054702,12816.46168296914,15865.460891638904,"[[667, -1, -1], [668, -1, -1], [669, -1, -1], [670, -1, -1], [671, 1, 10006], [671, 1, 10041], [671, 1, 10238], [671, -1, -1], [672, 1, 15510], [672, 1, 15709], [672, 1, 16062], [672, -1, -1], [673, -1, -1], [674, -1, -1], [675, 1, 10698], [675, 1, 10907], [675, -1, -1], [676, -1, -1], [677, -1, -1]]"
1752866023.5145,-32.00005707144737,12805.821140104501,12805.821408054702,12816.461687641042,15865.460891638904,"[[678, -1, -1], [679, -1, -1], [680, -1, -1], [681, -1, -1], [682, -1, -1], [683, -1, -1], [684, -1, -1], [685, 1, 11025], [685, 1, 11224], [685, 1, 11444], [685, -1, -1], [686, 1, 10020], [686, 1, 10055], [686, 1, 10251], [686, 1, 10492], [686, 1, 12042], [686, 1, 12226], [686, -1, -1], [687, -1, -1], [688, -1, -1]]"
1752866023.6244,-30.000056743621826,12805.821140104501,12805.82140777731,12816.461687641042,15865.460891638904,"[[689, 1, 11208], [689, 1, 11392], [689, -1, -1], [690, -1, -1], [691, 1, 14027], [691, 1, 14226], [691, -1, -1], [692, -1, -1], [693, -1, -1], [694, 1, 10664], [694, 1, 10848], [694, -1, -1], [695, -1, -1], [696, -1, -1], [697, -1, -1], [698, -1, -1], [699, 1, 13331], [699, 1, 13535], [699, -1, -1]]"
1752866023.7354,-28.00005641579628,12805.82109799089,12805.82140777731,12816.461690772567,15865.460891638904,"[[700, -1, -1], [701, -1, -1], [702, 1, 10690], [702, 1, 10889], [702, -1, -1], [703, 1, 13186], [703, 1, 13389], [703, -1, -1], [704, 1, 13091], [704, 1, 13279], [704, -1, -1], [705, -1, -1], [706, 1, 9825], [706, 1, 10034], [706, 1, 12630], [706, 1, 12814], [706, -1, -1], [707, 1, 10368], [707, 1, 10412], [707, 1, 10604], [707, 1, 10858], [707, -1, -1], [708, -1, -1], [709, -1, -1], [710, -1, -1]]"
1752866023.8454,-26.000056087970734,12805.82105988335,12805.821403149479,12816.461690772567,15865.460891638904,"[[711, -1, -1], [712, -1, -1], [713, -1, -1], [714, -1, -1], [715, -1, -1], [716, 1, 11477], [716, 1, 11661], [716, -1, -1], [717, -1, -1], [718, -1, -1], [719, -1, -1], [720, -1, -1], [721, -1, -1]]"
1752866023.9554,-24.000055760145187,12805.82105988335,12805.821403149479,12816.461682629892,15865.460891638904,"[[722, -1, -1], [723, -1, -1], [724, 1, 9529], [724, 1, 9568], [724, 1, 9759], [724, 1, 11851], [724, 1, 12053], [724, 1, 12266], [724, -1, -1], [725, 1, 9423], [725, 1, 9606], [725, -1, -1], [726, 1, 11385], [726, 1, 11585], [726, -1, -1], [727, -1, -1], [728, 1, 12019], [728, 1, 12057], [728, 1, 12249], [728, -1, -1], [729, -1, -1], [730, 1, 9492], [730, 1, 9691], [730, -1, -1], [731, -1, -1], [732, 1, 11584], [732, 1, 11619], [732, 1, 11814], [732, 1, 13403], [732, 1, 14162], [732, 1, 14361], [732, -1, -1]]"
1752866024.0654,-22.00005543231964,12805.821111623745,12805.821404531058,12816.461682629892,15865.460891638904,"[[733, -1, -1], [734, 1, 9314], [734, 1, 9498], [734, 1, 9627], [734, -1, -1], [735, -1, -1], [736, -1, -1], [737, -1, -1], [738, -1, -1], [739, -1, -1], [740, -1, -1], [741, -1, -1], [742, -1, -1], [743, 1, 10069], [743, 1, 10272], [743, 1, 10419], [743, -1, -1]]"
1752866024.1754,-20.000055104494095,12805.821111623745,12805.821404531058,12816.461685593362,15865.460891638904,"[[744, 1, 9295], [744, 1, 9480], [744, -1, -1], [745, 1, 9121], [745, 1, 9165], [745, 1, 9354], [745, 1, 9539], [745, 1, 9831], [745, -1, -1], [746, -1, -1], [747, 1, 9823], [747, 1, 9869], [747, 1, 10056], [747, -1, -1], [748, -1, -1], [749, 1, 11138], [749, 1, 11337], [749, 1, 12175], [749, -1, -1], [750, 1, 10444], [750, 1, 10646], [750, -1, -1], [751, 1, 11085], [751, 1, 11288], [751, -1, -1], [752, -1, -1], [753, -1, -1], [754, 1, 14037], [754, 1, 14222], [754, 1, 14270], [754, -1, -1]]"
1752866024.2864,-18.00005477666855,12805.82115314411,12805.821382433862,12816.461685593362,15865.460891638904,"[[755, -1, -1], [756, 1, 9677], [756, 1, 9880], [756, -1, -1], [757, -1, -1], [758, -1, -1], [759, 1, 11230], [759, 1, 11429], [759, -1, -1], [760, 1, 9599], [760, 1, 9798], [760, 1, 9983], [760, 1, 10185], [760, 1, 10337], [760, -1, -1], [761, -1, -1], [762, -1, -1], [763, 1, 10642], [763, 1, 10841], [763, 1, 11021], [763, -1, -1], [764, -1, -1], [765, 1, 8761], [765, 1, 8963], [765, 1, 9134], [765, -1, -1]]"
1752866024.3955,-16.000054448843002,12805.82115314411,12805.821382433862,12816.461690234863,15865.460891638904,"[[766, 1, 9364], [766, 1, 9402], [766, 1, 9595], [766, -1, -1], [767, -1, -1], [768, -1, -1], [769, -1, -1], [770, 1, 10741], [770, 1, 10930], [770, 1, 12240], [770, 1, 12275], [770, 1, 12470], [770, -1, -1], [771, -1, -1], [772, 1, 11907], [772, 1, 12107], [772, 1, 12245], [772, 1, 12429], [772, -1, -1], [773, 1, 10510], [773, 1, 10697], [773, -1, -1], [774, 1, 11582], [774, 1, 11770], [774, -1, -1], [775, -1, -1], [776, -1, -1]]"
1752866024.5053,-14.000054121017456,12805.821151967422,12805.821375493419,12816.461690234863,15865.460891638904,"[[777, -1, -1], [778, -1, -1], [779, -1, -1], [780, 1, 10049], [780, 1, 10252], [780, 1, 10931], [780, 1, 11129], [780, -1, -1], [781, 1, 11355], [781, 1, 11390], [781, 1, 11584], [781, -1, -1], [782, 1, 12996], [782, 1, 13184], [782, -1, -1], [783, 1, 9992], [783, 1, 10191], [783, 1, 10855], [783, 1, 11039], [783, -1, -1], [784, -1, -1], [785, 1, 11869], [785, 1, 12068], [785, -1, -1], [786, 1, 9267], [786, 1, 9466], [786, -1, -1], [787, 1, 11465], [787, 1, 11667], [787, -1, -1]]"
1752866024.6154,-12.00005379319191,12805.821151967422,12805.82138641481,12816.461686052498,15865.460891638904,"[[788, 1, 9879], [788, 1, 10078], [788, -1, -1], [789, 1, 10551], [789, 1, 10737], [789, -1, -1], [790, 1, 9507], [790, 1, 9706], [790, -1, -1], [791, -1, -1], [792, 1, 10044], [792, 1, 10244], [792, -1, -1], [793, -1, -1], [794, 1, 10633], [794, 1, 10832], [794, -1, -1], [795, 1, 10516], [795, 1, 10715], [795, -1, -1], [796, 1, 9451], [796, 1, 9485], [796, 1, 9682], [796, -1, -1], [797, -1, -1], [798, 1, 10154], [798, 1, 11495], [798, 1, 11698], [798, -1, -1]]"
1752866024.7265,-10.000053465366364,12805.821118428952,12805.82138641481,12816.461686052498,15865.460891638904,"[[799, -1, -1], [800, -1, -1], [801, 1, 10238], [801, 1, 10297], [801, 1, 10468], [801, 1, 10653], [801, -1, -1], [802, -1, -1], [803, -1, -1], [804, 1, 9593], [804, 1, 9623], [804, 1, 9823], [804, -1, -1], [805, -1, -1], [806, -1, -1], [807, 1, 10349], [807, 1, 10380], [807, 1, 10580], [807, 1, 10864], [807, -1, -1], [808, -1, -1], [809, 1, 10573], [809, 1, 10776], [809, -1, -1]]"
1752866024.8365,-8.000053603202105,12805.821118428952,12805.821369382553,12816.46169425081,15865.460891638904,"[[810, 1, 11005], [810, 1, 11040], [810, 1, 11235], [810, 1, 11704], [810, 1, 11846], [810, 1, 12150], [810, 1, 12353], [810, -1, -1], [811, -1, -1], [812, -1, -1], [813, 1, 10932], [813, 1, 10967], [813, 1, 11162], [813, -1, -1], [814, 1, 11724], [814, 1, 11763], [814, 1, 11954], [814, 1, 12134], [814, -1, -1], [815, -1, -1], [816, 1, 11374], [816, 1, 11573], [816, 1, 12685], [816, 1, 12718], [816, 1, 12915], [816, -1, -1], [817, 1, 9791], [817, 1, 9978], [817, 1, 10968], [817, 1, 11176], [817, -1, -1], [818, 1, 11638], [818, 1, 11674], [818, 1, 11868], [818, -1, -1], [819, 1, 12273], [819, -1, -1], [820, 1, 11604], [820, 1, 11807], [820, -1, -1]]"
1752866024.9464,-6.000053741037846,12805.821083664026,12805.821369382553,12816.461682099345,15865.460891638904,"[[821, 1, 11070], [821, 1, 11273], [821, 1, 11324], [821, -1, -1], [822, 1, 13040], [822, 1, 13243], [822, -1, -1], [823, 1, 11434], [823, 1, 11633], [823, -1, -1], [824, 1, 9964], [824, 1, 10162], [824, 1, 10719], [824, 1, 10922], [824, 1, 12389], [824, 1, 12588], [824, 1, 13326], [824, -1, -1], [825, -1, -1], [826, -1, -1], [827, -1, -1], [828, 1, 9789], [828, 1, 9973], [828, -1, -1], [829, 1, 10107], [829, 1, 10306], [829, -1, -1], [830, 1, 11963], [830, 1, 12162], [830, -1, -1], [831, -1, -1]]"
1752866025.0565,-4.000053646042943,12805.821083664026,12805.821364853968,12816.461682099345,15865.460891638904,"[[832, 1, 12190], [832, 1, 12392], [832, -1, -1], [833, 1, 9618], [833, 1, 9652], [833, 1, 9848], [833, 1, 10015], [833, 1, 10442], [833, 1, 10644], [833, -1, -1], [834, 1, 9018], [834, 1, 9205], [834, 1, 11350], [834, 1, 11389], [834, 1, 11580], [834, -1, -1], [835, 1, 7932], [835, 1, 7976], [835, 1, 8163], [835, 1, 12685], [835, 1, 12720], [835, 1, 12916], [835, -1, -1], [836, 1, 11613], [836, 1, 11648], [836, 1, 11744], [836, 1, 11843], [836, 1, 11927], [836, 1, 12984], [836, 1, 13168], [836, 1, 15800], [836, -1, -1], [837, 1, 10932], [837, 1, 11136], [837, 1, 13342], [837, 1, 13527], [837, -1, -1], [838, 1, 9078], [838, 1, 9276], [838, 1, 9330], [838, 1, 9519], [838, 1, 9744], [838, -1, -1], [839, 1, 9033], [839, 1, 9071], [839, 1, 9263], [839, 1, 9339], [839, 1, 9524], [839, 1, 9668], [839, 1, 9875], [839, -1, -1], [840, 1, 9799], [840, 1, 9998], [840, 1, 10089], [840, -1, -1], [841, 1, 10126], [841, 1, 10310], [841, -1, -1], [842, 1, 10582], [842, 1, 10767], [842, 1, 12183], [842, 1, 12228], [842, 1, 12422], [842, 1, 12599], [842, -1, -1]]"
1752866025.1665,-2.0000536460440514,12805.821086352624,12805.821364853968,12816.461684989239,15865.460891638904,"[[843, 1, 11310], [843, 1, 11513], [843, -1, -1], [844, 1, 11055], [844, 1, 11240], [844, 1, 12222], [844, 1, 12406], [844, -1, -1], [845, 1, 10763], [845, 1, 10966], [845, -1, -1], [846, 1, 11562], [846, 1, 11600], [846, 1, 11792], [846, 1, 12760], [846, 1, 12805], [846, 1, 12994], [846, -1, -1], [847, 1, 10443], [847, 1, 10642], [847, 1, 10864], [847, 1, 11066], [847, -1, -1], [848, 1, 10988], [848, 1, 11187], [848, -1, -1], [849, 1, 12453], [849, 1, 12640], [849, -1, -1], [850, 1, 10066], [850, 1, 10265], [850, 1, 10590], [850, 1, 10643], [850, 1, 10846], [850, 1, 11452], [850, 1, 11641], [850, 1, 13244], [850, 1, 13443], [850, -1, -1], [851, 1, 10527], [851, 1, 10563], [851, 1, 10757], [851, -1, -1], [852, 1, 9742], [852, 1, 9776], [852, 1, 10015], [852, 1, 10150], [852, 1, 10219], [852, -1, -1], [853, 1, 12307], [853, 1, 12350], [853, 1, 12544], [853, 1, 12721], [853, -1, -1]]"
1752866025.2774,-5.368888378147474e-05,12805.821086352624,12805.821373855111,12816.461684989239,15865.460891638904,"[[854, 1, 9906], [854, 1, 10105], [854, 1, 12276], [854, 1, 12460], [854, -1, -1], [855, 1, 13715], [855, -1, -1], [856, 1, 12670], [856, 1, 12716], [856, 1, 12900], [856, -1, -1], [857, 1, 9442], [857, 1, 9473], [857, 1, 9673], [857, -1, -1], [858, 1, 13681], [858, 1, 13879], [858, -1, -1], [859, 1, 11889], [859, 1, 11924], [859, 1, 12118], [859, 1, 12411], [859, -1, -1], [860, 1, 10096], [860, 1, 10126], [860, 1, 10332], [860, 1, 10557], [860, 1, 12229], [860, 1, 12419], [860, 1, 12629], [860, 1, 12813], [860, 1, 14129], [860, 1, 14337], [860, -1, -1], [861, 1, 6924], [861, 1, 7123], [861, 1, 9474], [861, 1, 9508], [861, 1, 9635], [861, 1, 9704], [861, 1, 10232], [861, 1, 10440], [861, -1, -1], [862, 1, 11137], [862, 1, 11336], [862, 1, 11919], [862, 1, 11950], [862, 1, 12129], [862, -1, -1], [863, 1, 9441], [863, 1, 9470], [863, 1, 9671], [863, 1, 10193], [863, 1, 10377], [863, 1, 10648], [863, 1, 10850], [863, 1, 12148], [863, 1, 12348], [863, 1, 12736], [863, 1, 12994], [863, -1, -1], [864, 1, 9371], [864, 1, 9559], [864, 1, 9720], [864, 1, 9911], [864, -1, -1]]"
1752866025.3885,1.9999461732804775,12805.821112221403,12805.821373855111,12816.46168310117,15865.460891638904,"[[865, 1, 10869], [865, 1, 10904], [865, 1, 11100], [865, 1, 11398], [865, 1, 11727], [865, 1, 11927], [865, -1, -1], [866, 1, 13785], [866, 1, 13812], [866, 1, 14016], [866, -1, -1], [867, -1, -1], [868, -1, -1], [869, 1, 11292], [869, 1, 11380], [869, 1, 11490], [869, 1, 11588], [869, 1, 12100], [869, 1, 12285], [869, 1, 12358], [869, 1, 12396], [869, 1, 12588], [869, 1, 12945], [869, -1, -1], [870, 1, 12659], [870, 1, 12858], [870, 1, 13634], [870, -1, -1], [871, 1, 11342], [871, 1, 11544], [871, -1, -1], [872, 1, 11086], [872, 1, 11277], [872, -1, -1], [873, 1, 8745], [873, 1, 8779], [873, 1, 8975], [873, -1, -1], [874, 1, 10659], [874, 1, 10862], [874, 1, 10995], [874, 1, 11198], [874, -1, -1], [875, 1, 12600], [875, -1, -1]]"
1752866025.4984,3.9999460354447365,12805.821168174296,12805.821370384228,12816.46168310117,15865.460891638904,"[[876, 1, 8969], [876, 1, 9173], [876, 1, 9746], [876, 1, 10225], [876, 1, 10428], [876, 1, 11113], [876, 1, 11321], [876, -1, -1], [877, -1, -1], [878, 1, 10578], [878, 1, 10720], [878, 1, 10920], [878, 1, 11046], [878, 1, 11170], [878, 1, 11239], [878, 1, 11408], [878, 1, 11607], [878, 1, 11695], [878, 1, 11777], [878, 1, 11926], [878, -1, -1], [879, 1, 10741], [879, 1, 10775], [879, 1, 10971], [879, 1, 11233], [879, 1, 11306], [879, 1, 11417], [879, 1, 11496], [879, 1, 11646], [879, 1, 11721], [879, -1, -1], [880, -1, -1], [881, -1, -1], [882, 1, 10723], [882, 1, 10945], [882, 1, 11147], [882, 1, 11605], [882, 1, 11812], [882, -1, -1], [883, 1, 10422], [883, 1, 10621], [883, 1, 13049], [883, 1, 13238], [883, -1, -1], [884, 1, 8635], [884, 1, 8824], [884, 1, 10221], [884, 1, 10255], [884, 1, 10451], [884, 1, 10556], [884, -1, -1], [885, 1, 10160], [885, 1, 10359], [885, 1, 11564], [885, 1, 11766], [885, 1, 12717], [885, 1, 12920], [885, -1, -1], [886, 1, 13188], [886, 1, 13222], [886, 1, 13418], [886, -1, -1]]"
1752866025.6074,5.999946363270283,12805.821168174296,12805.821381272966,12816.461691088176,15865.460891638904,"[[887, 1, 10386], [887, 1, 10589], [887, -1, -1], [888, 1, 10385], [888, 1, 10585], [888, 1, 11409], [888, 1, 11611], [888, -1, -1], [889, 1, 13040], [889, 1, 13077], [889, 1, 13270], [889, -1, -1], [890, 1, 10503], [890, 1, 10686], [890, 1, 13185], [890, 1, 13388], [890, -1, -1], [891, 1, 10934], [891, 1, 11134], [891, 1, 11292], [891, -1, -1], [892, -1, -1], [893, 1, 9288], [893, 1, 9475], [893, -1, -1], [894, 1, 10312], [894, 1, 10511], [894, 1, 12132], [894, 1, 12335], [894, 1, 12712], [894, 1, 12826], [894, 1, 12853], [894, 1, 12911], [894, 1, 13056], [894, 1, 13312], [894, -1, -1], [895, 1, 9731], [895, 1, 9872], [895, 1, 9916], [895, 1, 12198], [895, 1, 12382], [895, -1, -1], [896, 1, 9103], [896, 1, 9137], [896, 1, 9333], [896, 1, 10126], [896, 1, 11737], [896, 1, 11947], [896, 1, 12133], [896, 1, 18164], [896, -1, -1], [897, 1, 10258], [897, 1, 10293], [897, 1, 10489], [897, 1, 10734], [897, 1, 11009], [897, 1, 13986], [897, 1, 14189], [897, -1, -1]]"
1752866025.7174,7.999946691095829,12805.821143238843,12805.821381272966,12816.461691088176,15865.460891638904,"[[898, 1, 9859], [898, 1, 9902], [898, 1, 10060], [898, 1, 10091], [898, 1, 10273], [898, 1, 12331], [898, 1, 12531], [898, 1, 12822], [898, -1, -1], [899, 1, 11760], [899, 1, 11820], [899, 1, 11989], [899, -1, -1], [900, 1, 9803], [900, 1, 10002], [900, 1, 11371], [900, 1, 12183], [900, 1, 12311], [900, 1, 12367], [900, 1, 12510], [900, 1, 12654], [900, -1, -1], [901, -1, -1], [902, 1, 11878], [902, 1, 12066], [902, -1, -1], [903, 1, 11377], [903, 1, 11585], [903, 1, 11662], [903, 1, 11753], [903, 1, 11849], [903, 1, 12697], [903, 1, 12881], [903, -1, -1], [904, 1, 9685], [904, 1, 9876], [904, 1, 11132], [904, 1, 11335], [904, 1, 11752], [904, 1, 11879], [904, 1, 11914], [904, 1, 12111], [904, -1, -1], [905, 1, 10107], [905, 1, 10292], [905, 1, 11261], [905, 1, 11594], [905, 1, 11797], [905, -1, -1], [906, 1, 12000], [906, 1, 12208], [906, 1, 13177], [906, -1, -1], [907, 1, 12076], [907, 1, 12275], [907, 1, 12530], [907, -1, -1], [908, 1, 11247], [908, 1, 11285], [908, 1, 11478], [908, 1, 14035], [908, 1, 14219], [908, -1, -1]]"
1752866025.8284,9.999947018921375,12805.821143238843,12805.821382138462,12816.46168416782,15865.460891638904,"[[909, 1, 8300], [909, 1, 8486], [909, -1, -1], [910, 1, 10858], [910, 1, 10967], [910, 1, 11000], [910, 1, 11081], [910, 1, 11200], [910, 1, 11285], [910, 1, 11549], [910, 1, 11745], [910, 1, 11778], [910, 1, 11976], [910, -1, -1], [911, -1, -1], [912, 1, 10970], [912, 1, 11174], [912, -1, -1], [913, 1, 10149], [913, 1, 10349], [913, 1, 10519], [913, 1, 10622], [913, 1, 10806], [913, 1, 10923], [913, 1, 10962], [913, 1, 11153], [913, 1, 13807], [913, 1, 13989], [913, -1, -1], [914, 1, 10842], [914, 1, 11050], [914, 1, 11212], [914, -1, -1], [915, 1, 10498], [915, 1, 10713], [915, 1, 10912], [915, 1, 11090], [915, 1, 11331], [915, 1, 11538], [915, 1, 13084], [915, -1, -1], [916, 1, 13258], [916, 1, 13429], [916, 1, 13634], [916, 1, 13671], [916, 1, 13864], [916, -1, -1], [917, 1, 10173], [917, 1, 10222], [917, 1, 10431], [917, 1, 10522], [917, 1, 10662], [917, 1, 10724], [917, 1, 10864], [917, 1, 11122], [917, 1, 11238], [917, 1, 11421], [917, 1, 13922], [917, 1, 14106], [917, -1, -1], [918, 1, 13455], [918, 1, 13654], [918, -1, -1], [919, 1, 10657], [919, 1, 10860], [919, 1, 13390], [919, 1, 13425], [919, 1, 13621], [919, -1, -1]]"
1752866025.9394,11.999947346746922,12805.821111930607,12805.821382138462,12816.461683482617,15865.460891638904,"[[920, 1, 10262], [920, 1, 10297], [920, 1, 10494], [920, 1, 10917], [920, 1, 12568], [920, 1, 12614], [920, 1, 12804], [920, 1, 12983], [920, -1, -1], [921, 1, 10224], [921, 1, 10409], [921, -1, -1], [922, 1, 9833], [922, 1, 10037], [922, 1, 12275], [922, 1, 12318], [922, 1, 12504], [922, -1, -1], [923, 1, 9710], [923, 1, 9912], [923, 1, 10440], [923, 1, 10643], [923, 1, 10820], [923, 1, 12582], [923, 1, 12781], [923, 1, 13212], [923, 1, 13420], [923, -1, -1], [924, 1, 10269], [924, 1, 10468], [924, 1, 12410], [924, 1, 12618], [924, 1, 12936], [924, 1, 13135], [924, 1, 13192], [924, 1, 13395], [924, -1, -1], [925, 1, 10201], [925, 1, 10404], [925, -1, -1], [926, 1, 12576], [926, 1, 12784], [926, -1, -1], [927, 1, 12059], [927, 1, 12262], [927, 1, 12350], [927, 1, 12539], [927, 1, 12679], [927, -1, -1], [928, -1, -1], [929, 1, 9108], [929, 1, 9311], [929, 1, 9428], [929, 1, 11767], [929, 1, 12543], [929, 1, 12666], [929, 1, 12741], [929, 1, 12868], [929, -1, -1], [930, 1, 11880], [930, 1, 12067], [930, -1, -1]]"
1752866026.0504,13.999946743249893,12805.821111930607,12805.821402137595,12816.461683482617,15865.460891638904,"[[931, 1, 9375], [931, 1, 9559], [931, 1, 12400], [931, 1, 12599], [931, -1, -1], [932, 1, 9461], [932, 1, 9669], [932, 1, 10259], [932, 1, 12000], [932, 1, 12199], [932, -1, -1], [933, 1, 9090], [933, 1, 9121], [933, 1, 9321], [933, 1, 9430], [933, -1, -1], [934, 1, 11545], [934, 1, 11584], [934, 1, 11774], [934, 1, 11810], [934, 1, 12002], [934, -1, -1], [935, 1, 11914], [935, 1, 11947], [935, 1, 12144], [935, -1, -1], [936, 1, 11893], [936, 1, 12092], [936, 1, 12443], [936, 1, 12632], [936, -1, -1], [937, 1, 12090], [937, 1, 12294], [937, -1, -1], [938, -1, -1], [939, 1, 11423], [939, -1, -1], [940, 1, 10747], [940, 1, 10955], [940, 1, 11283], [940, 1, 11486], [940, -1, -1], [941, -1, -1]]"
1752866026.1604,15.999947071075438,12805.821097061691,12805.821402137595,12816.46168675574,15865.460891638904,"[[942, 1, 10896], [942, 1, 11094], [942, 1, 11245], [942, -1, -1], [943, 1, 10712], [943, 1, 10915], [943, -1, -1], [944, 1, 10881], [944, 1, 11080], [944, 1, 11195], [944, 1, 11394], [944, -1, -1], [945, 1, 10592], [945, -1, -1], [946, -1, -1], [947, -1, -1], [948, 1, 13842], [948, 1, 14027], [948, 1, 14777], [948, 1, 14976], [948, -1, -1], [949, 1, 10917], [949, 1, 10966], [949, 1, 11152], [949, -1, -1], [950, 1, 10351], [950, 1, 10555], [950, 1, 13067], [950, 1, 13270], [950, -1, -1], [951, 1, 10536], [951, 1, 10725], [951, -1, -1], [952, -1, -1]]"
1752866026.2709,17.999947398900986,12805.821097061691,12805.821400408646,12816.46168675574,15865.460891638904,"[[953, 1, 10408], [953, 1, 10446], [953, 1, 10638], [953, 1, 11193], [953, -1, -1], [954, -1, -1], [955, -1, -1], [956, -1, -1], [957, -1, -1], [958, 1, 11792], [958, 1, 11827], [958, 1, 12022], [958, -1, -1], [959, 1, 12297], [959, 1, 12484], [959, -1, -1], [960, -1, -1], [961, 1, 12494], [961, 1, 12697], [961, -1, -1], [962, -1, -1], [963, -1, -1]]"
1752866026.3809,19.999947726726532,12805.821159633144,12805.821400408646,12816.461688546859,15865.460891638904,"[[965, 1, 11558], [965, 1, 11746], [965, -1, -1], [966, -1, -1], [967, -1, -1], [968, -1, -1], [969, 1, 11323], [969, 1, 11357], [969, 1, 11553], [969, 1, 11696], [969, 1, 12095], [969, 1, 12303], [969, -1, -1], [970, -1, -1], [971, -1, -1], [972, -1, -1], [973, -1, -1], [974, 1, 13635], [974, 1, 13666], [974, 1, 13866], [974, -1, -1]]"
1752866026.4905,21.99994805455208,12805.821159633144,12805.821403347782,12816.461688546859,15865.460891638904,"[[976, -1, -1], [977, -1, -1], [978, -1, -1], [979, 1, 11017], [979, 1, 11216], [979, 1, 11392], [979, -1, -1], [980, -1, -1], [981, -1, -1], [982, -1, -1], [983, -1, -1], [984, 1, 9489], [984, 1, 9692], [984, -1, -1], [985, -1, -1]]"
1752866026.6004,23.999948382377625,12805.82122027254,12805.821403347782,12816.46168573759,15865.460891638904,"[[986, -1, -1], [987, -1, -1], [988, -1, -1], [989, -1, -1], [990, -1, -1], [991, -1, -1], [992, -1, -1], [993, -1, -1], [994, -1, -1], [995, 1, 14971], [995, 1, 15155], [995, -1, -1], [996, -1, -1]]"
1752866026.7104,25.99994871020317,12805.821200317483,12805.82139761695,12816.46168573759,15865.460891638904,"[[997, -1, -1], [998, -1, -1], [999, -1, -1], [1000, -1, -1], [1001, -1, -1], [1002, -1, -1], [1003, -1, -1], [1004, -1, -1], [1005, -1, -1], [1006, 1, 9993], [1006, 1, 10196], [1006, -1, -1], [1007, -1, -1]]"
1752866026.8209,27.999949038028717,12805.821200317483,12805.821397100073,12816.461686194012,15865.460891638904,"[[1008, -1, -1], [1009, -1, -1], [1010, -1, -1], [1011, 1, 10423], [1011, 1, 10608], [1011, -1, -1], [1012, -1, -1], [1013, -1, -1], [1014, 1, 9716], [1014, 1, 9903], [1014, -1, -1], [1015, -1, -1], [1016, 1, 10333], [1016, 1, 10370], [1016, 1, 10543], [1016, -1, -1], [1017, -1, -1], [1018, -1, -1]]"
1752866026.9309,29.999949365854263,12805.821133777103,12805.821397100073,12816.461686194012,15865.460891638904,"[[1020, -1, -1], [1021, -1, -1], [1022, -1, -1], [1023, -1, -1], [1024, 1, 14774], [1024, 1, 14957], [1024, 1, 15277], [1024, -1, -1], [1025, -1, -1], [1026, 1, 12219], [1026, 1, 12256], [1026, 1, 12449], [1026, -1, -1], [1027, -1, -1], [1028, -1, -1], [1029, -1, -1]]"
1752866027.0419,31.99994969367981,12805.821133777103,12805.82140760425,12816.461684587872,15865.460891638904,"[[1031, -1, -1], [1032, -1, -1], [1033, -1, -1], [1034, -1, -1], [1035, 1, 12305], [1035, 1, 12504], [1035, 1, 12625], [1035, -1, -1], [1036, -1, -1], [1037, -1, -1], [1038, -1, -1], [1039, -1, -1], [1040, -1, -1]]"
1752866027.1525,33.999950021505356,12805.821102463326,12805.82140760425,12816.461684587872,15865.460891638904,"[[1042, -1, -1], [1043, -1, -1], [1044, -1, -1], [1045, -1, -1], [1046, -1, -1], [1047, -1, -1], [1048, -1, -1], [1049, -1, -1], [1050, -1, -1], [1051, -1, -1], [1052, -1, -1]]"
1752866027.2634,35.9999503493309,12805.821102463326,12805.821407770933,12816.461691036384,15865.460891638904,"[[1053, -1, -1], [1054, -1, -1], [1055, -1, -1], [1056, -1, -1], [1057, -1, -1], [1058, -1, -1], [1059, -1, -1], [1060, -1, -1], [1061, -1, -1], [1062, -1, -1], [1063, -1, -1]]"
1752866027.3734,37.99995067715645,12805.821139198624,12805.821407770933,12816.461691036384,15865.460891638904,"[[1064, -1, -1], [1065, -1, -1], [1066, -1, -1], [1067, -1, -1], [1068, -1, -1], [1069, -1, -1], [1070, -1, -1], [1071, -1, -1], [1072, -1, -1], [1073, -1, -1], [1074, -1, -1]]"
1752866027.4834,39.999951004981995,12805.821139198624,12805.82139549694,12816.4616867651,15865.460891638904,"[[1075, -1, -1], [1076, -1, -1], [1077, -1, -1], [1078, -1, -1], [1079, -1, -1], [1080, -1, -1], [1081, -1, -1], [1082, -1, -1], [1083, -1, -1], [1084, 1, 9958], [1084, 1, 10147], [1084, -1, -1], [1085, -1, -1]]"
1752866027.5935,41.99995133280754,12805.821199180878,12805.82139549694,12816.4616867651,15865.460891638904,"[[1086, -1, -1], [1087, -1, -1], [1088, -1, -1], [1089, -1, -1], [1090, 1, 11070], [1090, 1, 11270], [1090, -1, -1], [1091, -1, -1], [1092, -1, -1], [1093, -1, -1], [1094, -1, -1], [1095, -1, -1], [1096, -1, -1]]"
1752866027.7034,43.99995166063309,12805.821199180878,12805.82139506684,12816.461679970043,15865.460891638904,"[[1097, -1, -1], [1098, -1, -1], [1099, 1, 257707], [1099, -1, -1], [1100, 1, 10231], [1100, 1, 10431], [1100, -1, -1], [1101, -1, -1], [1102, -1, -1], [1103, -1, -1], [1104, -1, -1], [1105, -1, -1], [1106, -1, -1], [1107, -1, -1]]"
1752866027.8144,45.99995198845863,12805.821206098155,12805.82139506684,12816.461684856073,15865.460891638904,"[[1108, -1, -1], [1109, -1, -1], [1110, -1, -1], [1111, -1, -1], [1112, -1, -1], [1113, -1, -1], [1114, -1, -1], [1115, -1, -1], [1116, -1, -1], [1117, -1, -1], [1118, -1, -1]]"
1752866027.9245,47.99995231628418,12805.821206098155,12805.821390425275,12816.461684856073,15865.460891638904,"[[1119, -1, -1], [1120, -1, -1], [1121, -1, -1], [1122, -1, -1], [1123, -1, -1], [1124, -1, -1], [1125, -1, -1], [1126, -1, -1], [1127, -1, -1], [1128, -1, -1], [1129, -1, -1]]"
1752866028.0344,49.999952644109726,12805.821163603487,12805.821390425275,12816.461686225928,15865.460891638904,"[[1130, -1, -1], [1131, -1, -1], [1132, -1, -1], [1133, -1, -1], [1134, -1, -1], [1135, -1, -1], [1136, 1, 9975], [1136, 1, 10174], [1136, -1, -1], [1137, -1, -1], [1138, -1, -1], [1139, -1, -1], [1140, -1, -1]]"
1752866028.1444,51.99995297193527,12805.821163603487,12805.821389860925,12816.461686225928,15865.460891638904,"[[1141, -1, -1], [1142, -1, -1], [1143, -1, -1], [1144, 1, 9909], [1144, 1, 9949], [1144, 1, 10139], [1144, 1, 18881], [1144, 1, 19071], [1144, -1, -1], [1145, -1, -1], [1146, -1, -1], [1147, -1, -1], [1148, -1, -1], [1149, -1, -1], [1150, -1, -1], [1151, -1, -1]]"
1752866028.2545,53.99995329976082,12805.8210821639,12805.821389860925,12816.461679048442,15865.460891638904,"[[1152, -1, -1], [1153, -1, -1], [1154, -1, -1], [1155, -1, -1], [1156, -1, -1], [1157, -1, -1], [1158, 1, 12516], [1158, 1, 12560], [1158, 1, 12753], [1158, 1, 12931], [1158, -1, -1], [1159, -1, -1], [1160, -1, -1], [1161, -1, -1], [1162, -1, -1]]"
1752866028.3654,55.999953627586365,12805.821083857905,12805.821371581995,12816.461679048442,15865.460891638904,"[[1163, -1, -1], [1164, -1, -1], [1165, -1, -1], [1166, -1, -1], [1167, -1, -1], [1168, -1, -1], [1169, -1, -1], [1170, -1, -1], [1171, -1, -1], [1172, -1, -1], [1173, -1, -1]]"
1752866028.4754,57.99995395541191,12805.821083857905,12805.821371581995,12816.461691562312,15865.460891638904,"[[1174, -1, -1], [1175, -1, -1], [1176, -1, -1], [1177, -1, -1], [1178, -1, -1], [1179, -1, -1], [1180, -1, -1], [1181, -1, -1], [1182, -1, -1], [1183, -1, -1], [1184, -1, -1]]"
1752866028.5855,59.99995428323746,12805.821159106426,12805.821372647899,12816.461691562312,15865.460891638904,"[[1185, -1, -1], [1186, -1, -1], [1187, -1, -1], [1188, -1, -1], [1189, -1, -1], [1190, -1, -1], [1191, -1, -1], [1192, -1, -1], [1193, -1, -1], [1194, -1, -1], [1195, -1, -1]]"
1752866028.6955,61.999950885772705,12805.821159106426,12805.821372647899,12816.461697045084,15865.460891638904,"[[1196, 1, 12600], [1196, 1, 12788], [1196, -1, -1], [1197, -1, -1], [1198, -1, -1], [1199, -1, -1], [1200, -1, -1], [1201, -1, -1], [1202, -1, -1], [1203, -1, -1], [1204, -1, -1], [1205, -1, -1], [1206, -1, -1]]"
1752866028.8065,63.99994748830795,12805.821164171017,12805.821376392461,12816.461697045084,15865.460891638904,"[[1207, -1, -1], [1208, -1, -1], [1209, -1, -1], [1210, -1, -1], [1211, -1, -1], [1212, -1, -1], [1213, -1, -1], [1214, -1, -1], [1215, -1, -1], [1216, -1, -1], [1217, -1, -1]]"
1752866028.9175,65.9999440908432,12805.821164171017,12805.821374473102,12816.461688103043,15865.460891638904,"[[1218, -1, -1], [1219, -1, -1], [1220, -1, -1], [1221, -1, -1], [1222, -1, -1], [1223, -1, -1], [1224, -1, -1], [1225, -1, -1], [1226, -1, -1], [1227, 1, 11763], [1227, 1, 11953], [1227, -1, -1], [1228, -1, -1]]"
1752866029.0275,67.99994069337845,12805.821179225102,12805.821374473102,12816.461688103043,15865.460891638904,"[[1229, -1, -1], [1230, -1, -1], [1231, -1, -1], [1232, 1, 10782], [1232, 1, 10985], [1232, -1, -1], [1233, -1, -1], [1234, -1, -1], [1235, 1, 21218], [1235, 1, 21410], [1235, 1, 21726], [1235, -1, -1], [1236, -1, -1], [1237, -1, -1], [1238, -1, -1], [1239, -1, -1]]"
1752866029.1384,69.9999372959137,12805.821179225102,12805.821377239317,12816.461693226953,15865.460891638904,"[[1240, -1, -1], [1241, -1, -1], [1242, -1, -1], [1243, -1, -1], [1244, -1, -1], [1245, -1, -1], [1246, -1, -1], [1247, -1, -1], [1248, -1, -1], [1249, -1, -1], [1250, -1, -1]]"
1752866029.2484,71.99993389844894,12805.821107935712,12805.821377239317,12816.461684680324,15865.460891638904,"[[1251, -1, -1], [1252, -1, -1], [1253, -1, -1], [1254, -1, -1], [1255, -1, -1], [1256, -1, -1], [1257, -1, -1], [1258, -1, -1], [1259, -1, -1], [1260, -1, -1], [1261, -1, -1]]"
1752866029.3595,73.99993050098419,12805.821107935712,12805.821377239317,12816.461684680324,15865.460891638904,"[[1262, -1, -1], [1263, -1, -1], [1264, -1, -1], [1265, -1, -1], [1266, -1, -1], [1267, -1, -1], [1268, -1, -1], [1269, -1, -1], [1270, -1, -1], [1271, -1, -1], [1272, -1, -1]]"
1752866029.4695,75.99992710351944,12805.821079006462,12805.821377239317,12816.461687635176,15865.460891638904,"[[1273, -1, -1], [1274, -1, -1], [1275, -1, -1], [1276, -1, -1], [1277, -1, -1], [1278, -1, -1], [1279, -1, -1], [1280, -1, -1], [1281, -1, -1], [1282, -1, -1], [1283, -1, -1]]"
1752866029.5794,77.99992370605469,12805.821079006462,12805.821393282586,12816.461687635176,15865.460891638904,"[[1284, -1, -1], [1285, -1, -1], [1286, -1, -1], [1287, -1, -1], [1288, -1, -1], [1289, -1, -1], [1290, -1, -1], [1291, -1, -1], [1292, -1, -1], [1293, -1, -1], [1294, 1, 13653], [1294, 1, 13852], [1294, -1, -1]]"
1752866029.6905,79.99992030858994,12805.82115881739,12805.821393282586,12816.461687635176,15865.460891638904,"[[1295, -1, -1], [1296, -1, -1], [1297, -1, -1], [1298, -1, -1], [1299, -1, -1], [1300, -1, -1], [1301, -1, -1], [1302, -1, -1], [1303, -1, -1], [1304, -1, -1], [1305, -1, -1]]"
1752866029.801,81.99991691112518,12805.82115881739,12805.821395441728,12816.461689373877,15865.460891638904,"[[1306, -1, -1], [1307, -1, -1], [1308, -1, -1], [1309, -1, -1], [1310, -1, -1], [1311, -1, -1], [1312, -1, -1], [1313, -1, -1], [1314, 1, 11090], [1314, 1, 11293], [1314, -1, -1], [1315, -1, -1], [1316, -1, -1]]"
1752866029.9109,83.99991351366043,12805.82121411994,12805.821395441728,12816.461689373877,15865.460891638904,"[[1318, -1, -1], [1319, -1, -1], [1320, -1, -1], [1321, -1, -1], [1322, -1, -1], [1323, -1, -1], [1324, -1, -1], [1325, -1, -1], [1326, -1, -1], [1327, -1, -1]]"
1752866030.0209,85.99991011619568,12805.82121411994,12805.821387107873,12816.461687826088,15865.460891638904,"[[1329, -1, -1], [1330, 1, 12226], [1330, 1, 12429], [1330, -1, -1], [1331, -1, -1], [1332, -1, -1], [1333, -1, -1], [1334, -1, -1], [1335, -1, -1], [1336, -1, -1], [1337, -1, -1], [1338, -1, -1]]"
1752866030.1319,87.99990671873093,12805.821175389754,12805.821387107873,12816.461687826088,15865.460891638904,"[[1340, -1, -1], [1341, -1, -1], [1342, -1, -1], [1343, -1, -1], [1344, -1, -1], [1345, -1, -1], [1346, -1, -1], [1347, -1, -1], [1348, -1, -1], [1349, -1, -1]]"
1752866030.2409,89.99990332126617,12805.821175389754,12805.821405679608,12816.461685467675,15865.460891638904,"[[1351, -1, -1], [1352, -1, -1], [1353, -1, -1], [1354, -1, -1], [1355, -1, -1], [1356, -1, -1], [1357, -1, -1], [1358, -1, -1], [1359, -1, -1], [1360, -1, -1]]"
1752866030.3519,91.99989992380142,12805.821131939909,12805.821405679608,12816.461687977688,15865.460891638904,"[[1362, -1, -1], [1363, -1, -1], [1364, 1, 9101], [1364, 1, 9301], [1364, -1, -1], [1365, -1, -1], [1366, -1, -1], [1367, -1, -1], [1368, -1, -1], [1369, -1, -1], [1370, -1, -1], [1371, -1, -1]]"
1752866030.4619,93.99989652633667,12805.821131939909,12805.821405679608,12816.461687977688,15865.460891638904,"[[1373, -1, -1], [1374, -1, -1], [1375, 1, 11404], [1375, 1, 11603], [1375, -1, -1], [1376, -1, -1], [1377, -1, -1], [1378, -1, -1], [1379, -1, -1], [1380, -1, -1], [1381, -1, -1], [1382, -1, -1]]"
1752866030.5719,95.99989312887192,12805.821105592056,12805.821405679608,12816.461688696996,15865.460891638904,"[[1384, -1, -1], [1385, -1, -1], [1386, -1, -1], [1387, 1, 10360], [1387, 1, 10548], [1387, -1, -1], [1388, -1, -1], [1389, -1, -1], [1390, -1, -1], [1391, -1, -1], [1392, -1, -1], [1393, -1, -1]]"
1752866030.682,97.99988973140717,12805.821105592056,12805.821411467028,12816.461688696996,15865.460891638904,"[[1395, -1, -1], [1396, -1, -1], [1397, 1, 341972], [1397, 1, 342158], [1397, -1, -1], [1398, -1, -1], [1399, -1, -1], [1400, -1, -1], [1401, -1, -1], [1402, -1, -1], [1403, -1, -1], [1404, -1, -1]]"
1752866030.8044,-152.00000596046448,12805.821112934855,12805.821411467028,12816.461685953836,15865.460891638904,"[[1407, -1, -1], [1408, -1, -1], [1409, -1, -1], [1410, -1, -1], [1411, -1, -1], [1412, -1, -1], [1413, -1, -1], [1414, -1, -1], [1415, -1, -1], [1416, -1, -1], [1417, -1, -1]]"
1752866030.9145,-150.00000190734863,12805.821112934855,12805.821407085019,12816.461685953836,15865.460891638904,"[[1418, 1, 12561], [1418, 1, 12596], [1418, 1, 12792], [1418, -1, -1], [1419, -1, -1], [1420, -1, -1], [1421, -1, -1], [1422, -1, -1], [1423, -1, -1], [1424, -1, -1], [1425, -1, -1], [1426, -1, -1], [1427, -1, -1], [1428, -1, -1]]"
1752866031.0244,-147.9999978542328,12805.82118967652,12805.821407085019,12816.461682656854,15865.460891638904,"[[1429, -1, -1], [1430, 1, 9922], [1430, 1, 9949], [1430, 1, 10153], [1430, -1, -1], [1431, -1, -1], [1432, 1, 10802], [1432, 1, 11002], [1432, -1, -1], [1433, -1, -1], [1434, -1, -1], [1435, -1, -1], [1436, -1, -1], [1437, -1, -1], [1438, -1, -1], [1439, -1, -1]]"
1752866031.1344,-145.99999380111694,12805.821201998182,12805.82140226238,12816.461682656854,15865.460891638904,"[[1440, -1, -1], [1441, -1, -1], [1442, -1, -1], [1443, -1, -1], [1444, -1, -1], [1445, -1, -1], [1446, -1, -1], [1447, -1, -1], [1448, -1, -1], [1449, -1, -1], [1450, -1, -1]]"
1752866031.2434,-143.9999897480011,12805.821201998182,12805.82140226238,12816.461682226125,15865.460891638904,"[[1451, -1, -1], [1452, -1, -1], [1453, -1, -1], [1454, -1, -1], [1455, -1, -1], [1456, -1, -1], [1457, -1, -1], [1458, -1, -1], [1459, -1, -1], [1460, 1, 10352], [1460, 1, 10609], [1460, 1, 10812], [1460, -1, -1], [1461, -1, -1]]"
1752866031.3545,-141.99998569488525,12805.821165167023,12805.821402550951,12816.461682226125,15865.460891638904,"[[1462, -1, -1], [1463, -1, -1], [1464, -1, -1], [1465, -1, -1], [1466, -1, -1], [1467, -1, -1], [1468, -1, -1], [1469, -1, -1], [1470, -1, -1], [1471, 1, 11312], [1471, 1, 11347], [1471, 1, 11542], [1471, -1, -1], [1472, -1, -1]]"
1752866031.4644,-139.9999816417694,12805.821165167023,12805.821402550951,12816.461687425926,15865.460891638904,"[[1473, -1, -1], [1474, -1, -1], [1475, -1, -1], [1476, -1, -1], [1477, -1, -1], [1478, -1, -1], [1479, -1, -1], [1480, -1, -1], [1481, -1, -1], [1482, -1, -1], [1483, -1, -1]]"
1752866031.5744,-137.99997758865356,12805.821104379853,12805.821403880671,12816.461687425926,15865.460891638904,"[[1484, -1, -1], [1485, 1, 10933], [1485, 1, 11136], [1485, 1, 11261], [1485, -1, -1], [1486, -1, -1], [1487, -1, -1], [1488, -1, -1], [1489, -1, -1], [1490, -1, -1], [1491, -1, -1], [1492, -1, -1], [1493, -1, -1], [1494, -1, -1]]"
1752866031.6845,-135.99997353553772,12805.821104379853,12805.821403880671,12816.461687394925,15865.460891638904,"[[1495, -1, -1], [1496, -1, -1], [1497, -1, -1], [1498, -1, -1], [1499, -1, -1], [1500, -1, -1], [1501, -1, -1], [1502, -1, -1], [1503, -1, -1], [1504, -1, -1], [1505, -1, -1]]"
1752866031.7945,-133.99996948242188,12805.821111690253,12805.821403330252,12816.461687394925,15865.460891638904,"[[1506, -1, -1], [1507, -1, -1], [1508, -1, -1], [1509, -1, -1], [1510, -1, -1], [1511, -1, -1], [1512, -1, -1], [1513, -1, -1], [1514, -1, -1], [1515, -1, -1], [1516, -1, -1]]"
1752866031.9065,-131.99996542930603,12805.821111690253,12805.821403330252,12816.461691565073,15865.460891638904,"[[1517, -1, -1], [1518, -1, -1], [1519, -1, -1], [1520, -1, -1], [1521, -1, -1], [1522, -1, -1], [1523, -1, -1], [1524, 1, 10261], [1524, 1, 10296], [1524, 1, 10491], [1524, 1, 10846], [1524, -1, -1], [1525, 1, 9730], [1525, 1, 9933], [1525, -1, -1], [1526, 1, 9692], [1526, 1, 9872], [1526, -1, -1], [1527, -1, -1]]"
1752866032.0164,-129.99996137619019,12805.821157154425,12805.821396888789,12816.461691565073,15865.460891638904,"[[1528, -1, -1], [1529, -1, -1], [1530, 1, 11748], [1530, 1, 11918], [1530, -1, -1], [1531, -1, -1], [1532, 1, 10664], [1532, 1, 10863], [1532, -1, -1], [1533, -1, -1], [1534, -1, -1], [1535, -1, -1], [1536, -1, -1], [1537, -1, -1], [1538, -1, -1]]"
1752866032.1274,-127.99995732307434,12805.821157154425,12805.821397745302,12816.461691489103,15865.460891638904,"[[1539, -1, -1], [1540, -1, -1], [1541, -1, -1], [1542, -1, -1], [1543, -1, -1], [1544, -1, -1], [1545, -1, -1], [1546, -1, -1], [1547, -1, -1], [1548, -1, -1], [1549, -1, -1]]"
1752866032.2374,-125.9999607205391,12805.82118152413,12805.821397745302,12816.461691489103,15865.460891638904,"[[1550, -1, -1], [1551, -1, -1], [1552, -1, -1], [1553, -1, -1], [1554, -1, -1], [1555, -1, -1], [1556, -1, -1], [1557, -1, -1], [1558, -1, -1], [1559, -1, -1], [1560, -1, -1]]"
1752866032.3495,-123.99996411800385,12805.82118152413,12805.821390436442,12816.461684680757,15865.460891638904,"[[1561, -1, -1], [1562, -1, -1], [1563, -1, -1], [1564, -1, -1], [1565, -1, -1], [1566, -1, -1], [1567, -1, -1], [1568, -1, -1], [1569, -1, -1], [1570, -1, -1], [1571, -1, -1]]"
1752866032.4594,-121.9999675154686,12805.821142417026,12805.821390436442,12816.461684680757,15865.460891638904,"[[1572, 1, 12873], [1572, 1, 13059], [1572, -1, -1], [1573, -1, -1], [1574, -1, -1], [1575, -1, -1], [1576, -1, -1], [1577, -1, -1], [1578, -1, -1], [1579, -1, -1], [1580, -1, -1], [1581, -1, -1], [1582, -1, -1]]"
1752866032.5704,-119.99997091293335,12805.821142417026,12805.82138092624,12816.461690787135,15865.460891638904,"[[1583, 1, 13731], [1583, 1, 13918], [1583, -1, -1], [1584, -1, -1], [1585, -1, -1], [1586, -1, -1], [1587, -1, -1], [1588, -1, -1], [1589, -1, -1], [1590, -1, -1], [1591, -1, -1], [1592, 1, 349626], [1592, -1, -1], [1593, -1, -1]]"
1752866032.6809,-117.9999743103981,12805.821095483294,12805.82138092624,12816.461690787135,15865.460891638904,"[[1594, -1, -1], [1595, -1, -1], [1596, -1, -1], [1597, -1, -1], [1598, 1, 12097], [1598, 1, 12296], [1598, -1, -1], [1599, 1, 11058], [1599, 1, 11245], [1599, -1, -1], [1600, -1, -1], [1601, -1, -1], [1602, -1, -1], [1603, -1, -1], [1604, -1, -1]]"
1752866032.7909,-115.99997770786285,12805.821095483294,12805.82138834059,12816.461699341273,15865.460891638904,"[[1606, -1, -1], [1607, -1, -1], [1608, -1, -1], [1609, -1, -1], [1610, -1, -1], [1611, -1, -1], [1612, -1, -1], [1613, -1, -1], [1614, -1, -1], [1615, -1, -1]]"
1752866032.9034,-113.9999811053276,12805.821081925313,12805.82138834059,12816.461683584059,15865.460891638904,"[[1617, -1, -1], [1618, -1, -1], [1619, -1, -1], [1620, -1, -1], [1621, -1, -1], [1622, 1, 12395], [1622, 1, 12594], [1622, -1, -1], [1623, -1, -1], [1624, -1, -1], [1625, -1, -1], [1626, -1, -1], [1627, -1, -1]]"
1752866033.0145,-111.99998450279236,12805.821081925313,12805.821392444357,12816.461683584059,15865.460891638904,"[[1628, -1, -1], [1629, -1, -1], [1630, -1, -1], [1631, -1, -1], [1632, 1, 9195], [1632, -1, -1], [1633, -1, -1], [1634, -1, -1], [1635, -1, -1], [1636, -1, -1], [1637, -1, -1], [1638, -1, -1]]"
1752866033.1255,-109.99998790025711,12805.821126197705,12805.821392444357,12816.461684021428,15865.460891638904,"[[1639, -1, -1], [1640, -1, -1], [1641, -1, -1], [1642, -1, -1], [1643, -1, -1], [1644, -1, -1], [1645, -1, -1], [1646, -1, -1], [1647, -1, -1], [1648, -1, -1], [1649, -1, -1]]"
1752866033.2354,-107.99999129772186,12805.821126197705,12805.82138894989,12816.461684021428,15865.460891638904,"[[1650, -1, -1], [1651, -1, -1], [1652, -1, -1], [1653, -1, -1], [1654, 1, 9796], [1654, 1, 9844], [1654, 1, 9994], [1654, 1, 10051], [1654, -1, -1], [1655, -1, -1], [1656, -1, -1], [1657, -1, -1], [1658, -1, -1], [1659, -1, -1], [1660, 1, 10710], [1660, 1, 10909], [1660, -1, -1]]"
1752866033.3464,-105.99999469518661,12805.821165385029,12805.82138894989,12816.461688980944,15865.460891638904,"[[1661, -1, -1], [1662, -1, -1], [1663, -1, -1], [1664, -1, -1], [1665, 1, 9258], [1665, 1, 9460], [1665, -1, -1], [1666, -1, -1], [1667, -1, -1], [1668, -1, -1], [1669, 1, 13522], [1669, 1, 13564], [1669, 1, 13754], [1669, -1, -1], [1670, -1, -1], [1671, -1, -1]]"
1752866033.4564,-103.99999809265137,12805.821165385029,12805.82138979198,12816.461688980944,15865.460891638904,"[[1672, -1, -1], [1673, 1, 8291], [1673, 1, 8476], [1673, -1, -1], [1674, -1, -1], [1675, -1, -1], [1676, -1, -1], [1677, -1, -1], [1678, 1, 11533], [1678, 1, 11732], [1678, -1, -1], [1679, -1, -1], [1680, -1, -1], [1681, -1, -1], [1682, -1, -1]]"
1752866033.5674,-102.00000149011612,12805.821115807967,12805.82138979198,12816.461681626823,15865.460891638904,"[[1683, 1, 11515], [1683, 1, 11714], [1683, -1, -1], [1684, -1, -1], [1685, -1, -1], [1686, 1, 10649], [1686, 1, 10683], [1686, 1, 10879], [1686, 1, 11003], [1686, -1, -1], [1687, -1, -1], [1688, -1, -1], [1689, -1, -1], [1690, -1, -1], [1691, -1, -1], [1692, -1, -1], [1693, -1, -1]]"
1752866033.677,-100.00000488758087,12805.821110745417,12805.82138837733,12816.461681626823,15865.460891638904,"[[1694, -1, -1], [1695, -1, -1], [1696, -1, -1], [1697, -1, -1], [1698, -1, -1], [1699, -1, -1], [1700, -1, -1], [1701, -1, -1], [1702, -1, -1], [1703, -1, -1], [1704, -1, -1]]"
1752866033.7875,-98.00000828504562,12805.821110745417,12805.82138837733,12816.461689244185,15865.460891638904,"[[1705, -1, -1], [1706, -1, -1], [1707, -1, -1], [1708, -1, -1], [1709, 1, 12099], [1709, 1, 12299], [1709, -1, -1], [1710, -1, -1], [1711, -1, -1], [1712, -1, -1], [1713, -1, -1], [1714, 1, 267003], [1714, 1, 267190], [1714, -1, -1], [1715, -1, -1]]"
1752866033.8995,-96.00001168251038,12805.821058171421,12805.82138400762,12816.461689244185,15865.460891638904,"[[1716, -1, -1], [1717, -1, -1], [1718, -1, -1], [1719, -1, -1], [1720, -1, -1], [1721, -1, -1], [1722, -1, -1], [1723, -1, -1], [1724, -1, -1], [1725, -1, -1], [1726, -1, -1]]"
1752866034.0094,-94.00001507997513,12805.821058171421,12805.82138400762,12816.46168635494,15865.460891638904,"[[1727, -1, -1], [1728, 1, 10629], [1728, 1, 10667], [1728, 1, 10860], [1728, 1, 11038], [1728, -1, -1], [1729, -1, -1], [1730, -1, -1], [1731, 1, 10918], [1731, 1, 10948], [1731, 1, 11148], [1731, -1, -1], [1732, -1, -1], [1733, -1, -1], [1734, -1, -1], [1735, 1, 10055], [1735, 1, 10265], [1735, 1, 10741], [1735, -1, -1], [1736, -1, -1], [1737, 1, 196576], [1737, 1, 196766], [1737, -1, -1]]"
1752866034.1195,-92.00001847743988,12805.821065394408,12805.82138831674,12816.46168635494,15865.460891638904,"[[1738, -1, -1], [1739, -1, -1], [1740, -1, -1], [1741, -1, -1], [1742, -1, -1], [1743, -1, -1], [1744, -1, -1], [1745, -1, -1], [1746, -1, -1], [1747, 1, 10767], [1747, 1, 10801], [1747, 1, 10997], [1747, -1, -1], [1748, -1, -1]]"
1752866034.2294,-90.00002187490463,12805.821065394408,12805.821371597474,12816.46168882386,15865.460891638904,"[[1749, -1, -1], [1750, -1, -1], [1751, 1, 11467], [1751, 1, 11666], [1751, 1, 12068], [1751, -1, -1], [1752, -1, -1], [1753, -1, -1], [1754, -1, -1], [1755, -1, -1], [1756, -1, -1], [1757, -1, -1], [1758, -1, -1], [1759, -1, -1]]"
1752866034.3398,-88.00002527236938,12805.821142602223,12805.821371597474,12816.46168882386,15865.460891638904,"[[1760, -1, -1], [1761, 1, 10403], [1761, 1, 10606], [1761, -1, -1], [1762, -1, -1], [1763, -1, -1], [1764, -1, -1], [1765, -1, -1], [1766, -1, -1], [1767, -1, -1], [1768, -1, -1], [1769, -1, -1], [1770, -1, -1]]"
1752866034.4595,-86.00002866983414,12805.821142602223,12805.821369827841,12816.461687351042,15865.460891638904,"[[1771, -1, -1], [1772, -1, -1], [1773, -1, -1], [1774, -1, -1], [1775, -1, -1], [1776, -1, -1], [1777, -1, -1], [1778, -1, -1], [1779, 1, 9198], [1779, 1, 9383], [1779, -1, -1], [1780, -1, -1], [1781, -1, -1], [1782, -1, -1]]"
1752866034.5695,-84.00003206729889,12805.821119892491,12805.821369827841,12816.461687351042,15865.460891638904,"[[1783, -1, -1], [1784, -1, -1], [1785, 1, 11710], [1785, 1, 11914], [1785, -1, -1], [1786, -1, -1], [1787, -1, -1], [1788, -1, -1], [1789, -1, -1], [1790, -1, -1], [1791, -1, -1], [1792, 1, 13603], [1792, 1, 13640], [1792, 1, 13833], [1792, -1, -1], [1793, 1, 11984], [1793, 1, 12182], [1793, -1, -1]]"
1752866034.6795,-82.00003546476364,12805.821119892491,12805.821386733845,12816.461689425598,15865.460891638904,"[[1794, -1, -1], [1795, -1, -1], [1796, 1, 9961], [1796, -1, -1], [1797, -1, -1], [1798, -1, -1], [1799, -1, -1], [1800, -1, -1], [1801, 1, 10256], [1801, 1, 10459], [1801, -1, -1], [1802, -1, -1], [1803, -1, -1], [1804, -1, -1]]"
1752866034.7894,-80.0000388622284,12805.821076002338,12805.821386733845,12816.461690308566,15865.460891638904,"[[1805, -1, -1], [1806, -1, -1], [1807, 1, 9852], [1807, 1, 10037], [1807, -1, -1], [1808, 1, 11033], [1808, 1, 11232], [1808, 1, 11900], [1808, -1, -1], [1809, -1, -1], [1810, -1, -1], [1811, -1, -1], [1812, -1, -1], [1813, 1, 12815], [1813, 1, 13003], [1813, -1, -1], [1814, -1, -1], [1815, 1, 10782], [1815, 1, 10968], [1815, -1, -1]]"
1752866034.9004,-78.00004225969315,12805.821076002338,12805.821374553074,12816.461690308566,15865.460891638904,"[[1816, 1, 14201], [1816, 1, 14236], [1816, 1, 14431], [1816, -1, -1], [1817, 1, 10992], [1817, 1, 11195], [1817, 1, 11299], [1817, -1, -1], [1818, -1, -1], [1819, -1, -1], [1820, -1, -1], [1821, -1, -1], [1822, -1, -1], [1823, -1, -1], [1824, -1, -1], [1825, -1, -1], [1826, -1, -1]]"
1752866035.0105,-76.0000456571579,12805.821046929974,12805.821374553074,12816.461686913077,15865.460891638904,"[[1827, -1, -1], [1828, -1, -1], [1829, 1, 11814], [1829, 1, 11867], [1829, 1, 12013], [1829, -1, -1], [1830, 1, 12267], [1830, -1, -1], [1831, -1, -1], [1832, 1, 10046], [1832, 1, 10245], [1832, -1, -1], [1833, 1, 9964], [1833, 1, 10163], [1833, -1, -1], [1834, -1, -1], [1835, -1, -1], [1836, -1, -1], [1837, -1, -1]]"
1752866035.1204,-74.00004905462265,12805.821046929974,12805.821373835171,12816.461686913077,15865.460891638904,"[[1838, 1, 12232], [1838, 1, 12419], [1838, -1, -1], [1839, 1, 9805], [1839, 1, 10004], [1839, -1, -1], [1840, -1, -1], [1841, -1, -1], [1842, -1, -1], [1843, -1, -1], [1844, -1, -1], [1845, -1, -1], [1846, -1, -1], [1847, -1, -1], [1848, -1, -1]]"
1752866035.2295,-72.0000524520874,12805.821049025253,12805.821373835171,12816.461685914013,15865.460891638904,"[[1849, -1, -1], [1850, -1, -1], [1851, -1, -1], [1852, -1, -1], [1853, -1, -1], [1854, 1, 10425], [1854, 1, 10453], [1854, 1, 10657], [1854, -1, -1], [1855, -1, -1], [1856, -1, -1], [1857, -1, -1], [1858, -1, -1], [1859, -1, -1]]"
1752866035.3394,-70.00005584955215,12805.82115971319,12805.821370414913,12816.461685914013,15865.460891638904,"[[1860, -1, -1], [1861, -1, -1], [1862, -1, -1], [1863, 1, 11877], [1863, 1, 12065], [1863, -1, -1], [1864, -1, -1], [1865, -1, -1], [1866, 1, 10927], [1866, 1, 11130], [1866, -1, -1], [1867, -1, -1], [1868, -1, -1], [1869, -1, -1], [1870, -1, -1]]"
1752866035.4494,-68.0000592470169,12805.82115971319,12805.821370414913,12816.461688786834,15865.460891638904,"[[1871, -1, -1], [1872, -1, -1], [1873, -1, -1], [1874, -1, -1], [1875, 1, 11738], [1875, 1, 11907], [1875, -1, -1], [1876, -1, -1], [1877, -1, -1], [1878, 1, 10551], [1878, 1, 10736], [1878, -1, -1], [1879, -1, -1], [1880, -1, -1], [1881, -1, -1]]"
1752866035.5585,-66.00006264448166,12805.821137291185,12805.82136908596,12816.461688786834,15865.460891638904,"[[1882, 1, 314635], [1882, -1, -1], [1883, 1, 374428], [1883, 1, 374615], [1883, -1, -1], [1884, -1, -1], [1885, 1, 9353], [1885, 1, 9556], [1885, -1, -1], [1886, 1, 10881], [1886, 1, 11084], [1886, -1, -1], [1887, -1, -1], [1888, -1, -1], [1889, 1, 10737], [1889, 1, 10925], [1889, -1, -1], [1890, -1, -1], [1891, -1, -1], [1892, -1, -1]]"
1752866035.6695,-64.00006231665611,12805.821137291185,12805.82136908596,12816.461680796503,15865.460891638904,"[[1893, -1, -1], [1894, -1, -1], [1895, -1, -1], [1896, -1, -1], [1897, -1, -1], [1898, -1, -1], [1899, 1, 10055], [1899, 1, 10096], [1899, 1, 10287], [1899, 1, 10561], [1899, -1, -1], [1900, 1, 10010], [1900, 1, 10209], [1900, -1, -1], [1901, -1, -1], [1902, -1, -1], [1903, -1, -1]]"
1752866035.7794,-62.000061988830566,12805.821118344133,12805.82137655893,12816.461680796503,15865.460891638904,"[[1904, 1, 12189], [1904, 1, 12224], [1904, 1, 12419], [1904, 1, 12656], [1904, -1, -1], [1905, -1, -1], [1906, -1, -1], [1907, 1, 9343], [1907, 1, 9534], [1907, -1, -1], [1908, -1, -1], [1909, -1, -1], [1910, -1, -1], [1911, -1, -1], [1912, -1, -1], [1913, 1, 11503], [1913, 1, 11539], [1913, 1, 11714], [1913, -1, -1], [1914, -1, -1]]"
1752866035.8895,-60.00006166100502,12805.821118344133,12805.82137655893,12816.461685432218,15865.460891638904,"[[1915, -1, -1], [1916, -1, -1], [1917, 1, 11862], [1917, 1, 12065], [1917, -1, -1], [1918, -1, -1], [1919, -1, -1], [1920, -1, -1], [1921, -1, -1], [1922, -1, -1], [1923, -1, -1], [1924, -1, -1], [1925, -1, -1]]"
1752866035.9994,-58.000061333179474,12805.82103756862,12805.821366117303,12816.461685432218,15865.460891638904,"[[1926, -1, -1], [1927, -1, -1], [1928, -1, -1], [1929, -1, -1], [1930, 1, 11049], [1930, 1, 11086], [1930, 1, 11279], [1930, 1, 11548], [1930, -1, -1], [1931, -1, -1], [1932, -1, -1], [1933, -1, -1], [1934, -1, -1], [1935, 1, 12575], [1935, 1, 12777], [1935, -1, -1], [1936, 1, 9712], [1936, 1, 9911], [1936, -1, -1]]"
1752866036.1105,-56.00006100535393,12805.82103756862,12805.821366117303,12816.461691718225,15865.460891638904,"[[1937, -1, -1], [1938, -1, -1], [1939, -1, -1], [1940, -1, -1], [1941, -1, -1], [1942, -1, -1], [1943, -1, -1], [1944, -1, -1], [1945, -1, -1], [1946, -1, -1], [1947, 1, 11142], [1947, 1, 11173], [1947, 1, 11373], [1947, 1, 12096], [1947, 1, 12285], [1947, 1, 12432], [1947, -1, -1]]"
1752866036.2204,-54.00006067752838,12805.82102604448,12805.821369081503,12816.461691718225,15865.460891638904,"[[1948, -1, -1], [1949, 1, 10789], [1949, 1, 10989], [1949, -1, -1], [1950, -1, -1], [1951, -1, -1], [1952, -1, -1], [1953, -1, -1], [1954, 1, 11897], [1954, 1, 12100], [1954, -1, -1], [1955, -1, -1], [1956, -1, -1], [1957, 1, 13963], [1957, 1, 14162], [1957, -1, -1], [1958, -1, -1]]"
1752866036.3304,-52.000060349702835,12805.82102604448,12805.821399616401,12816.461678748577,15865.460891638904,"[[1959, -1, -1], [1960, -1, -1], [1961, -1, -1], [1962, -1, -1], [1963, -1, -1], [1964, -1, -1], [1965, -1, -1], [1966, -1, -1], [1967, -1, -1], [1968, 1, 10746], [1968, 1, 10945], [1968, 1, 11039], [1968, -1, -1], [1969, -1, -1]]"
1752866036.4425,-50.00006002187729,12805.821128181358,12805.821399616401,12816.461678748577,15865.460891638904,"[[1970, -1, -1], [1971, -1, -1], [1972, 1, 12110], [1972, 1, 12145], [1972, 1, 12340], [1972, -1, -1], [1973, 1, 9174], [1973, 1, 9362], [1973, 1, 9431], [1973, -1, -1], [1974, -1, -1], [1975, -1, -1], [1976, -1, -1], [1977, -1, -1], [1978, 1, 12256], [1978, 1, 12459], [1978, -1, -1], [1979, 1, 11476], [1979, 1, 11680], [1979, -1, -1], [1980, 1, 9637], [1980, 1, 9673], [1980, 1, 9868], [1980, 1, 10049], [1980, -1, -1], [1981, -1, -1]]"
1752866036.5519,-48.00005969405174,12805.821128181358,12805.82140662303,12816.461683414089,15865.460891638904,"[[1982, -1, -1], [1983, -1, -1], [1984, 1, 12723], [1984, 1, 12867], [1984, 1, 12925], [1984, -1, -1], [1985, -1, -1], [1986, -1, -1], [1987, -1, -1], [1988, -1, -1], [1989, -1, -1], [1990, -1, -1], [1991, -1, -1]]"
1752866036.6619,-46.000059366226196,12805.821157198587,12805.82140662303,12816.461683414089,15865.460891638904,"[[1993, -1, -1], [1994, -1, -1], [1995, -1, -1], [1996, 1, 9713], [1996, 1, 10615], [1996, 1, 10823], [1996, -1, -1], [1997, -1, -1], [1998, -1, -1], [1999, -1, -1], [2000, 1, 9918], [2000, 1, 10116], [2000, -1, -1], [2001, 1, 10532], [2001, 1, 10719], [2001, -1, -1], [2002, -1, -1]]"
1752866036.7724,-44.00005903840065,12805.821157198587,12805.821406812898,12816.461683267053,15865.460891638904,"[[2004, 1, 9350], [2004, 1, 9383], [2004, 1, 9579], [2004, -1, -1], [2005, -1, -1], [2006, -1, -1], [2007, -1, -1], [2008, -1, -1], [2009, -1, -1], [2010, -1, -1], [2011, 1, 9325], [2011, 1, 9525], [2011, 1, 9692], [2011, -1, -1], [2012, -1, -1], [2013, -1, -1], [2014, -1, -1]]"
1752866036.8824,-42.000058710575104,12805.821138347226,12805.821406812898,12816.46168834699,15865.460891638904,"[[2015, -1, -1], [2016, -1, -1], [2017, -1, -1], [2018, -1, -1], [2019, -1, -1], [2020, -1, -1], [2021, -1, -1], [2022, 1, 10369], [2022, 1, 10555], [2022, -1, -1], [2023, -1, -1], [2024, -1, -1], [2025, 1, 6242], [2025, 1, 6431], [2025, 1, 11608], [2025, 1, 11795], [2025, -1, -1]]"
1752866036.9919,-40.00005838274956,12805.821138347226,12805.821401591777,12816.46168834699,15865.460891638904,"[[2026, -1, -1], [2027, 1, 10893], [2027, 1, 11096], [2027, -1, -1], [2028, -1, -1], [2029, 1, 11824], [2029, 1, 12007], [2029, -1, -1], [2030, -1, -1], [2031, -1, -1], [2032, -1, -1], [2033, 1, 9774], [2033, 1, 9976], [2033, -1, -1], [2034, -1, -1], [2035, -1, -1]]"
1752866037.1019,-38.00005805492401,12805.821072602896,12805.821401591777,12816.461680443788,15865.460891638904,"[[2037, -1, -1], [2038, -1, -1], [2039, 1, 11495], [2039, 1, 11698], [2039, -1, -1], [2040, 1, 9534], [2040, 1, 9737], [2040, 1, 10540], [2040, 1, 10739], [2040, -1, -1], [2041, -1, -1], [2042, -1, -1], [2043, -1, -1], [2044, -1, -1], [2045, -1, -1], [2046, -1, -1]]"
1752866037.2119,-36.000057727098465,12805.821072602896,12805.821407381447,12816.461680443788,15865.460891638904,"[[2048, 1, 39917], [2048, 1, 40087], [2048, -1, -1], [2049, -1, -1], [2050, -1, -1], [2051, 1, 9334], [2051, 1, 9420], [2051, 1, 9533], [2051, 1, 9685], [2051, -1, -1], [2052, -1, -1], [2053, -1, -1], [2054, 1, 10289], [2054, 1, 10488], [2054, -1, -1], [2055, 1, 7159], [2055, 1, 7362], [2055, 1, 11619], [2055, 1, 11664], [2055, 1, 11851], [2055, 1, 11992], [2055, -1, -1], [2056, 1, 10130], [2056, 1, 10164], [2056, 1, 10360], [2056, 1, 11653], [2056, 1, 11856], [2056, -1, -1], [2057, -1, -1]]"
1752866037.3235,-34.00005739927292,12805.821050964356,12805.821407381447,12816.46168372857,15865.460891638904,"[[2059, -1, -1], [2060, 1, 9818], [2060, 1, 10005], [2060, -1, -1], [2061, -1, -1], [2062, -1, -1], [2063, -1, -1], [2064, 1, 10163], [2064, 1, 10362], [2064, 1, 10708], [2064, -1, -1], [2065, -1, -1], [2066, 1, 9602], [2066, 1, 9801], [2066, 1, 11733], [2066, 1, 11918], [2066, -1, -1], [2067, 1, 9318], [2067, 1, 9518], [2067, 1, 9922], [2067, 1, 10125], [2067, -1, -1], [2068, -1, -1], [2069, -1, -1]]"
1752866037.4344,-32.00005707144737,12805.821118977823,12805.821408410464,12816.46168372857,15865.460891638904,"[[2070, 1, 9743], [2070, 1, 9926], [2070, -1, -1], [2071, 1, 11027], [2071, 1, 11056], [2071, 1, 11258], [2071, -1, -1], [2072, -1, -1], [2073, -1, -1], [2074, -1, -1], [2075, 1, 9925], [2075, 1, 10124], [2075, -1, -1], [2076, -1, -1], [2077, 1, 11584], [2077, 1, 11769], [2077, -1, -1], [2078, 1, 10058], [2078, 1, 10244], [2078, -1, -1], [2079, -1, -1], [2080, -1, -1]]"
1752866037.5444,-30.000056743621826,12805.821118977823,12805.821408410464,12816.461690431372,15865.460891638904,"[[2081, 1, 11156], [2081, 1, 11359], [2081, 1, 13811], [2081, 1, 14011], [2081, -1, -1], [2082, 1, 10371], [2082, 1, 10557], [2082, -1, -1], [2083, 1, 10937], [2083, 1, 11135], [2083, -1, -1], [2084, 1, 10863], [2084, 1, 10901], [2084, 1, 11093], [2084, -1, -1], [2085, 1, 10996], [2085, 1, 11186], [2085, -1, -1], [2086, -1, -1], [2087, -1, -1], [2088, -1, -1], [2089, -1, -1], [2090, 1, 9974], [2090, 1, 10011], [2090, 1, 10204], [2090, -1, -1], [2091, -1, -1]]"
1752866037.6544,-28.00005641579628,12805.821177987593,12805.821407650785,12816.461690431372,15865.460891638904,"[[2092, -1, -1], [2093, -1, -1], [2094, -1, -1], [2095, 1, 11082], [2095, 1, 11281], [2095, 1, 11582], [2095, -1, -1], [2096, -1, -1], [2097, -1, -1], [2098, -1, -1], [2099, -1, -1], [2100, -1, -1], [2101, -1, -1], [2102, 1, 10885], [2102, 1, 10916], [2102, 1, 11115], [2102, 1, 11567], [2102, 1, 11766], [2102, -1, -1]]"
1752866037.7644,-26.000056087970734,12805.821177987593,12805.821407650785,12816.461684350035,15865.460891638904,"[[2103, -1, -1], [2104, -1, -1], [2105, -1, -1], [2106, -1, -1], [2107, 1, 9500], [2107, 1, 9540], [2107, 1, 9732], [2107, 1, 10764], [2107, 1, 10966], [2107, -1, -1], [2108, 1, 10593], [2108, 1, 10792], [2108, -1, -1], [2109, -1, -1], [2110, -1, -1], [2111, -1, -1], [2112, -1, -1], [2113, 1, 9950], [2113, 1, 10431], [2113, 1, 10620], [2113, 1, 11928], [2113, 1, 11967], [2113, 1, 12157], [2113, -1, -1]]"
1752866037.8754,-24.000055760145187,12805.821194435941,12805.821413221047,12816.461684350035,15865.460891638904,"[[2114, 1, 10459], [2114, 1, 10659], [2114, -1, -1], [2115, 1, 10424], [2115, 1, 10623], [2115, 1, 11875], [2115, 1, 12084], [2115, -1, -1], [2116, 1, 13176], [2116, 1, 13379], [2116, -1, -1], [2117, -1, -1], [2118, 1, 9101], [2118, 1, 9287], [2118, -1, -1], [2119, -1, -1], [2120, -1, -1], [2121, -1, -1], [2122, -1, -1], [2123, -1, -1], [2124, -1, -1]]"
1752866037.9864,-22.00005543231964,12805.821194435941,12805.82141181317,12816.461684954353,15865.460891638904,"[[2125, 1, 9679], [2125, 1, 9865], [2125, 1, 10711], [2125, 1, 10881], [2125, -1, -1], [2126, 1, 9772], [2126, 1, 9975], [2126, 1, 11522], [2126, 1, 11568], [2126, 1, 11755], [2126, -1, -1], [2127, 1, 10704], [2127, 1, 10890], [2127, -1, -1], [2128, -1, -1], [2129, 1, 10567], [2129, 1, 10616], [2129, 1, 10796], [2129, 1, 11216], [2129, -1, -1], [2130, -1, -1], [2131, 1, 11993], [2131, 1, 12029], [2131, 1, 12224], [2131, 1, 12639], [2131, -1, -1], [2132, 1, 11751], [2132, 1, 11935], [2132, 1, 12007], [2132, -1, -1], [2133, -1, -1], [2134, 1, 11115], [2134, 1, 11315], [2134, 1, 14687], [2134, 1, 14743], [2134, 1, 14857], [2134, -1, -1], [2135, -1, -1]]"
1752866038.0975,-20.000055104494095,12805.82110197209,12805.82141181317,12816.461684954353,15865.460891638904,"[[2136, -1, -1], [2137, 1, 11252], [2137, 1, 11286], [2137, 1, 11482], [2137, 1, 11590], [2137, -1, -1], [2138, 1, 11582], [2138, 1, 11770], [2138, 1, 12096], [2138, 1, 13494], [2138, 1, 13528], [2138, 1, 13724], [2138, -1, -1], [2139, 1, 10562], [2139, 1, 10765], [2139, 1, 11841], [2139, 1, 12049], [2139, -1, -1], [2140, 1, 9653], [2140, 1, 9852], [2140, 1, 10444], [2140, -1, -1], [2141, -1, -1], [2142, 1, 10392], [2142, 1, 10597], [2142, -1, -1], [2143, 1, 13448], [2143, 1, 13485], [2143, 1, 13678], [2143, -1, -1], [2144, -1, -1], [2145, 1, 10409], [2145, 1, 11269], [2145, 1, 11454], [2145, -1, -1], [2146, -1, -1]]"
1752866038.2084,-18.00005477666855,12805.82110197209,12805.821406682304,12816.46168741537,15865.460891638904,"[[2147, -1, -1], [2148, -1, -1], [2149, 1, 12586], [2149, 1, 12795], [2149, -1, -1], [2150, -1, -1], [2151, -1, -1], [2152, 1, 9863], [2152, 1, 10066], [2152, -1, -1], [2153, 1, 12629], [2153, 1, 12833], [2153, -1, -1], [2154, -1, -1], [2155, -1, -1], [2156, 1, 9522], [2156, 1, 9721], [2156, 1, 9852], [2156, 1, 9887], [2156, 1, 10082], [2156, 1, 10230], [2156, 1, 11850], [2156, 1, 12058], [2156, -1, -1], [2157, 1, 9455], [2157, 1, 9491], [2157, 1, 9686], [2157, 1, 13012], [2157, 1, 13211], [2157, -1, -1]]"
1752866038.318,-16.000054448843002,12805.821069402013,12805.821406682304,12816.46168741537,15865.460891638904,"[[2158, 1, 12349], [2158, 1, 12558], [2158, -1, -1], [2159, 1, 9286], [2159, 1, 9472], [2159, 1, 10101], [2159, 1, 10286], [2159, 1, 10420], [2159, 1, 10542], [2159, 1, 10730], [2159, 1, 11357], [2159, -1, -1], [2160, 1, 11546], [2160, 1, 11749], [2160, -1, -1], [2161, 1, 10183], [2161, 1, 10382], [2161, -1, -1], [2162, 1, 8882], [2162, 1, 9080], [2162, 1, 9620], [2162, 1, 9663], [2162, 1, 9851], [2162, 1, 9995], [2162, 1, 10176], [2162, 1, 10362], [2162, 1, 10562], [2162, 1, 11450], [2162, 1, 11657], [2162, -1, -1], [2163, 1, 10411], [2163, 1, 10595], [2163, 1, 10938], [2163, 1, 11128], [2163, 1, 11485], [2163, 1, 11670], [2163, 1, 12331], [2163, 1, 12530], [2163, -1, -1], [2164, 1, 10638], [2164, 1, 10825], [2164, 1, 11039], [2164, 1, 11217], [2164, 1, 11390], [2164, 1, 11425], [2164, 1, 11609], [2164, 1, 11736], [2164, -1, -1], [2165, 1, 9559], [2165, 1, 9758], [2165, -1, -1], [2166, 1, 9466], [2166, 1, 9665], [2166, 1, 10258], [2166, -1, -1], [2167, -1, -1], [2168, 1, 8706], [2168, 1, 8744], [2168, 1, 8935], [2168, 1, 11668], [2168, 1, 11897], [2168, 1, 12830], [2168, 1, 13015], [2168, -1, -1]]"
1752866038.4284,-14.000054121017456,12805.821069402013,12805.821410610015,12816.461692846111,15865.460891638904,"[[2169, 1, 12318], [2169, 1, 12522], [2169, -1, -1], [2170, 1, 10243], [2170, 1, 10442], [2170, 1, 10623], [2170, -1, -1], [2171, -1, -1], [2172, -1, -1], [2173, 1, 10414], [2173, 1, 10459], [2173, 1, 10646], [2173, 1, 10771], [2173, 1, 10798], [2173, 1, 11002], [2173, 1, 11639], [2173, -1, -1], [2174, 1, 10382], [2174, 1, 10566], [2174, -1, -1], [2175, 1, 10473], [2175, 1, 10657], [2175, -1, -1], [2176, 1, 13461], [2176, 1, 13660], [2176, -1, -1], [2177, 1, 12733], [2177, 1, 12932], [2177, -1, -1], [2178, 1, 10198], [2178, 1, 10384], [2178, -1, -1], [2179, -1, -1]]"
1752866038.5384,-12.00005379319191,12805.821100985193,12805.821410610015,12816.461692096593,15865.460891638904,"[[2180, 1, 9768], [2180, 1, 9806], [2180, 1, 9998], [2180, 1, 13054], [2180, 1, 13242], [2180, 1, 13492], [2180, -1, -1], [2181, -1, -1], [2182, -1, -1], [2183, 1, 10329], [2183, 1, 10363], [2183, 1, 10558], [2183, -1, -1], [2184, 1, 11393], [2184, 1, 11429], [2184, 1, 11602], [2184, -1, -1], [2185, 1, 9663], [2185, 1, 9699], [2185, 1, 9892], [2185, 1, 10066], [2185, 1, 10268], [2185, 1, 10834], [2185, 1, 11018], [2185, 1, 11337], [2185, 1, 11540], [2185, 1, 11703], [2185, -1, -1], [2186, 1, 9598], [2186, 1, 9796], [2186, 1, 10040], [2186, 1, 12679], [2186, 1, 12882], [2186, -1, -1], [2187, 1, 12249], [2187, 1, 12297], [2187, 1, 12438], [2187, -1, -1], [2188, 1, 12316], [2188, 1, 12515], [2188, -1, -1], [2189, 1, 8846], [2189, 1, 9045], [2189, 1, 10883], [2189, 1, 11056], [2189, 1, 11425], [2189, 1, 11609], [2189, -1, -1], [2190, 1, 8863], [2190, 1, 8897], [2190, 1, 9092], [2190, 1, 9258], [2190, 1, 9457], [2190, 1, 11317], [2190, 1, 11525], [2190, 1, 11671], [2190, 1, 11830], [2190, 1, 12033], [2190, 1, 12361], [2190, -1, -1]]"
1752866038.6484,-10.000053465366364,12805.821100985193,12805.821404733344,12816.461692096593,15865.460891638904,"[[2191, 1, 10683], [2191, 1, 10870], [2191, 1, 11425], [2191, 1, 14317], [2191, 1, 14516], [2191, -1, -1], [2192, 1, 10549], [2192, 1, 10583], [2192, 1, 10778], [2192, 1, 11703], [2192, 1, 11738], [2192, 1, 11936], [2192, 1, 12567], [2192, -1, -1], [2193, -1, -1], [2194, -1, -1], [2195, -1, -1], [2196, 1, 9747], [2196, 1, 9946], [2196, 1, 10703], [2196, 1, 11479], [2196, 1, 11506], [2196, 1, 11654], [2196, 1, 11710], [2196, 1, 11894], [2196, -1, -1], [2197, -1, -1], [2198, 1, 11846], [2198, 1, 11978], [2198, 1, 12181], [2198, -1, -1], [2199, 1, 11199], [2199, 1, 11407], [2199, -1, -1], [2200, 1, 12130], [2200, 1, 12333], [2200, -1, -1], [2201, -1, -1]]"
1752866038.7594,-8.000053603202105,12805.8211650296,12805.821404733344,12816.461685640208,15865.460891638904,"[[2202, 1, 11048], [2202, 1, 11234], [2202, 1, 11658], [2202, 1, 11688], [2202, 1, 11781], [2202, 1, 11888], [2202, 1, 11963], [2202, 1, 12170], [2202, -1, -1], [2203, -1, -1], [2204, 1, 9797], [2204, 1, 10000], [2204, 1, 12652], [2204, 1, 12851], [2204, -1, -1], [2205, 1, 9993], [2205, 1, 10192], [2205, 1, 13880], [2205, 1, 13915], [2205, 1, 14111], [2205, 1, 14469], [2205, -1, -1], [2206, -1, -1], [2207, 1, 7846], [2207, 1, 8049], [2207, 1, 10975], [2207, 1, 11174], [2207, 1, 11491], [2207, 1, 11680], [2207, -1, -1], [2208, 1, 9449], [2208, 1, 9483], [2208, 1, 9679], [2208, 1, 10787], [2208, 1, 10989], [2208, -1, -1], [2209, -1, -1], [2210, -1, -1], [2211, 1, 9347], [2211, 1, 9537], [2211, -1, -1], [2212, 1, 10081], [2212, 1, 10284], [2212, 1, 10462], [2212, 1, 12396], [2212, 1, 12599], [2212, -1, -1]]"
1752866038.8704,-6.000053741037846,12805.8211650296,12805.821407574029,12816.461685640208,15865.460891638904,"[[2213, 1, 9558], [2213, 1, 9757], [2213, 1, 10474], [2213, 1, 10673], [2213, 1, 11705], [2213, 1, 11905], [2213, -1, -1], [2214, 1, 10496], [2214, 1, 10681], [2214, -1, -1], [2215, 1, 8715], [2215, 1, 8944], [2215, 1, 9266], [2215, 1, 9466], [2215, 1, 9850], [2215, 1, 9955], [2215, 1, 10018], [2215, 1, 10158], [2215, 1, 10274], [2215, -1, -1], [2216, 1, 10110], [2216, 1, 10309], [2216, 1, 10709], [2216, 1, 10744], [2216, 1, 10939], [2216, -1, -1], [2217, 1, 10320], [2217, 1, 10522], [2217, 1, 11503], [2217, 1, 11547], [2217, 1, 11732], [2217, -1, -1], [2218, 1, 9945], [2218, 1, 10076], [2218, 1, 10129], [2218, 1, 10265], [2218, 1, 10689], [2218, 1, 10874], [2218, -1, -1], [2219, 1, 11038], [2219, 1, 11397], [2219, 1, 11600], [2219, -1, -1], [2220, -1, -1], [2221, 1, 12528], [2221, 1, 12727], [2221, -1, -1], [2222, -1, -1], [2223, 1, 10176], [2223, 1, 10396], [2223, 1, 10598], [2223, 1, 10689], [2223, 1, 11503], [2223, 1, 11710], [2223, -1, -1]]"
1752866038.9809,-4.000053646042943,12805.821183201859,12805.821407574029,12816.461686979017,15865.460891638904,"[[2224, 1, 11907], [2224, 1, 12097], [2224, 1, 12497], [2224, 1, 12695], [2224, -1, -1], [2225, 1, 11330], [2225, 1, 11366], [2225, 1, 11562], [2225, 1, 11726], [2225, 1, 12281], [2225, 1, 12464], [2225, 1, 12837], [2225, 1, 13025], [2225, -1, -1], [2226, 1, 9473], [2226, 1, 9507], [2226, 1, 9702], [2226, 1, 10212], [2226, 1, 11070], [2226, 1, 11278], [2226, 1, 11507], [2226, -1, -1], [2227, 1, 9436], [2227, 1, 9639], [2227, -1, -1], [2228, 1, 8640], [2228, 1, 8839], [2228, 1, 9105], [2228, 1, 10053], [2228, 1, 10261], [2228, 1, 12063], [2228, 1, 12251], [2228, 1, 13420], [2228, 1, 13604], [2228, -1, -1], [2229, 1, 11149], [2229, 1, 11352], [2229, 1, 11501], [2229, 1, 11704], [2229, -1, -1], [2230, 1, 10764], [2230, 1, 10949], [2230, 1, 11619], [2230, 1, 11695], [2230, 1, 11850], [2230, 1, 12569], [2230, 1, 12776], [2230, -1, -1], [2231, 1, 9875], [2231, 1, 10079], [2231, 1, 11584], [2231, 1, 11627], [2231, 1, 11817], [2231, 1, 14444], [2231, 1, 14652], [2231, 1, 15236], [2231, -1, -1], [2232, 1, 10756], [2232, 1, 10944], [2232, -1, -1], [2233, 1, 9307], [2233, 1, 9422], [2233, 1, 9625], [2233, 1, 9831], [2233, 1, 9932], [2233, 1, 10135], [2233, 1, 11007], [2233, 1, 11033], [2233, 1, 11236], [2233, -1, -1], [2234, 1, 9961], [2234, 1, 10174], [2234, 1, 10374], [2234, 1, 10512], [2234, -1, -1]]"
1752866039.0919,-2.0000536460440514,12805.821164656943,12805.821406611683,12816.461686979017,15865.460891638904,"[[2236, 1, 10331], [2236, 1, 10357], [2236, 1, 10561], [2236, 1, 10853], [2236, 1, 11067], [2236, 1, 11266], [2236, 1, 15345], [2236, 1, 15529], [2236, -1, -1], [2237, 1, 10717], [2237, 1, 10758], [2237, 1, 10879], [2237, 1, 10944], [2237, -1, -1], [2238, 1, 10845], [2238, 1, 11031], [2238, -1, -1], [2239, 1, 10135], [2239, 1, 10170], [2239, 1, 10286], [2239, 1, 10365], [2239, 1, 10809], [2239, -1, -1], [2240, -1, -1], [2241, 1, 9830], [2241, 1, 10017], [2241, 1, 10219], [2241, 1, 10403], [2241, -1, -1], [2242, 1, 9336], [2242, 1, 9524], [2242, 1, 12493], [2242, 1, 12679], [2242, 1, 12915], [2242, 1, 13124], [2242, -1, -1], [2243, 1, 9539], [2243, 1, 9742], [2243, 1, 11735], [2243, 1, 11924], [2243, -1, -1], [2244, 1, 10089], [2244, 1, 10276], [2244, -1, -1], [2245, 1, 9994], [2245, 1, 11559], [2245, 1, 13896], [2245, 1, 14095], [2245, 1, 14812], [2245, -1, -1]]"
1752866039.2019,-5.368888378147474e-05,12805.821164656943,12805.821406611683,12816.461679058022,15865.460891638904,"[[2247, 1, 6924], [2247, 1, 7108], [2247, 1, 10000], [2247, 1, 10075], [2247, 1, 10246], [2247, 1, 12523], [2247, 1, 13366], [2247, 1, 13574], [2247, -1, -1], [2248, 1, 9460], [2248, 1, 9645], [2248, 1, 9730], [2248, 1, 9825], [2248, -1, -1], [2249, 1, 9208], [2249, 1, 9391], [2249, 1, 9741], [2249, 1, 10403], [2249, 1, 10602], [2249, 1, 10693], [2249, -1, -1], [2250, 1, 10287], [2250, 1, 10486], [2250, 1, 12600], [2250, 1, 12789], [2250, -1, -1], [2251, 1, 9625], [2251, 1, 9828], [2251, 1, 10490], [2251, 1, 10689], [2251, 1, 10864], [2251, 1, 11484], [2251, 1, 11691], [2251, 1, 12031], [2251, 1, 12223], [2251, 1, 12573], [2251, 1, 13031], [2251, 1, 13057], [2251, 1, 13200], [2251, 1, 13259], [2251, -1, -1], [2252, 1, 9898], [2252, 1, 9933], [2252, 1, 10129], [2252, 1, 12548], [2252, 1, 12747], [2252, -1, -1], [2253, 1, 10040], [2253, 1, 10239], [2253, 1, 11504], [2253, 1, 11693], [2253, 1, 11922], [2253, -1, -1], [2254, 1, 9654], [2254, 1, 9853], [2254, 1, 12694], [2254, 1, 12896], [2254, -1, -1], [2255, 1, 8907], [2255, 1, 8942], [2255, 1, 9088], [2255, 1, 9137], [2255, 1, 9209], [2255, 1, 9276], [2255, 1, 9454], [2255, -1, -1], [2256, 1, 10868], [2256, 1, 11071], [2256, 1, 11303], [2256, 1, 11503], [2256, -1, -1]]"
1752866039.3119,1.9999461732804775,12805.82108064412,12805.821394494242,12816.461679058022,15865.460891638904,"[[2258, 1, 8372], [2258, 1, 8557], [2258, 1, 8907], [2258, 1, 10218], [2258, 1, 10262], [2258, 1, 10452], [2258, 1, 10485], [2258, 1, 12571], [2258, 1, 12764], [2258, -1, -1], [2259, 1, 9010], [2259, 1, 9214], [2259, 1, 9399], [2259, 1, 11166], [2259, 1, 11350], [2259, 1, 14015], [2259, 1, 14051], [2259, 1, 14249], [2259, 1, 14345], [2259, -1, -1], [2260, 1, 10589], [2260, 1, 11326], [2260, 1, 11510], [2260, 1, 11846], [2260, 1, 12034], [2260, -1, -1], [2261, 1, 9165], [2261, 1, 9334], [2261, 1, 11009], [2261, 1, 11208], [2261, -1, -1], [2262, 1, 9856], [2262, 1, 10055], [2262, 1, 11325], [2262, 1, 11361], [2262, 1, 11556], [2262, -1, -1], [2263, 1, 10424], [2263, 1, 10606], [2263, 1, 10635], [2263, 1, 10839], [2263, 1, 11098], [2263, 1, 11180], [2263, 1, 11340], [2263, 1, 11412], [2263, 1, 11527], [2263, 1, 11581], [2263, 1, 11698], [2263, 1, 12480], [2263, 1, 12514], [2263, 1, 12710], [2263, -1, -1], [2264, 1, 8552], [2264, 1, 8587], [2264, 1, 8783], [2264, 1, 8922], [2264, 1, 9051], [2264, -1, -1], [2265, 1, 10736], [2265, 1, 10801], [2265, 1, 10935], [2265, 1, 11005], [2265, -1, -1], [2266, 1, 10643], [2266, 1, 10830], [2266, 1, 11112], [2266, 1, 11297], [2266, 1, 11460], [2266, 1, 11494], [2266, 1, 11690], [2266, 1, 11746], [2266, 1, 11955], [2266, -1, -1], [2267, 1, 10197], [2267, 1, 10343], [2267, 1, 10532], [2267, 1, 10691], [2267, 1, 10875], [2267, 1, 11372], [2267, 1, 11562], [2267, -1, -1]]"
1752866039.4234,3.9999460354447365,12805.82108064412,12805.821394494242,12816.46168978955,15865.460891638904,"[[2269, 1, 9941], [2269, 1, 10043], [2269, 1, 10143], [2269, 1, 10233], [2269, 1, 10401], [2269, 1, 10561], [2269, 1, 10905], [2269, 1, 11108], [2269, 1, 12007], [2269, 1, 12192], [2269, 1, 12808], [2269, 1, 13007], [2269, 1, 13235], [2269, -1, -1], [2270, 1, 11135], [2270, 1, 11164], [2270, 1, 11369], [2270, 1, 11554], [2270, 1, 11638], [2270, 1, 11738], [2270, 1, 13000], [2270, 1, 13174], [2270, -1, -1], [2271, 1, 10692], [2271, 1, 10878], [2271, 1, 10947], [2271, 1, 10975], [2271, 1, 11002], [2271, 1, 11210], [2271, 1, 11289], [2271, 1, 11323], [2271, 1, 11522], [2271, 1, 13187], [2271, 1, 13222], [2271, 1, 13418], [2271, -1, -1], [2272, 1, 10306], [2272, 1, 10343], [2272, 1, 10377], [2272, 1, 10410], [2272, 1, 10538], [2272, 1, 10610], [2272, 1, 10693], [2272, 1, 10883], [2272, 1, 11137], [2272, -1, -1], [2273, 1, 10191], [2273, 1, 10435], [2273, 1, 10556], [2273, 1, 10744], [2273, 1, 10941], [2273, 1, 11125], [2273, -1, -1], [2274, 1, 10910], [2274, 1, 10945], [2274, 1, 11045], [2274, 1, 11139], [2274, 1, 11227], [2274, 1, 12597], [2274, 1, 12786], [2274, -1, -1], [2275, 1, 10018], [2275, 1, 10049], [2275, 1, 10075], [2275, 1, 10255], [2275, 1, 10301], [2275, 1, 10506], [2275, 1, 10692], [2275, 1, 10882], [2275, 1, 11052], [2275, 1, 12901], [2275, 1, 13104], [2275, -1, -1], [2276, 1, 9286], [2276, 1, 10239], [2276, 1, 10282], [2276, 1, 10475], [2276, 1, 10653], [2276, -1, -1], [2277, 1, 9914], [2277, 1, 10117], [2277, 1, 10519], [2277, 1, 10567], [2277, 1, 10750], [2277, 1, 12468], [2277, 1, 12652], [2277, 1, 12759], [2277, 1, 13120], [2277, 1, 13304], [2277, -1, -1], [2278, 1, 9190], [2278, 1, 9612], [2278, 1, 9685], [2278, 1, 9715], [2278, 1, 9914], [2278, 1, 12139], [2278, 1, 12174], [2278, 1, 12369], [2278, 1, 12550], [2278, 1, 12756], [2278, -1, -1], [2279, 1, 9885], [2279, 1, 9914], [2279, 1, 9947], [2279, 1, 10144], [2279, 1, 10592], [2279, 1, 11665], [2279, 1, 11694], [2279, 1, 11897], [2279, 1, 12360], [2279, 1, 12387], [2279, 1, 12415], [2279, 1, 12621], [2279, 1, 15246], [2279, 1, 15281], [2279, 1, 15492], [2279, -1, -1]]"
1752866039.5335,5.999946363270283,12805.821103484664,12805.821405654266,12816.46168978955,15865.460891638904,"[[2280, 1, 9467], [2280, 1, 9655], [2280, 1, 9691], [2280, 1, 9886], [2280, 1, 10240], [2280, 1, 10269], [2280, 1, 10475], [2280, 1, 11943], [2280, 1, 12150], [2280, 1, 12549], [2280, 1, 12735], [2280, -1, -1], [2281, 1, 7304], [2281, 1, 7506], [2281, 1, 9673], [2281, 1, 9858], [2281, 1, 9958], [2281, 1, 10146], [2281, 1, 10280], [2281, 1, 10480], [2281, 1, 13088], [2281, 1, 13287], [2281, -1, -1], [2282, 1, 9844], [2282, 1, 10048], [2282, 1, 10188], [2282, 1, 12217], [2282, 1, 12425], [2282, 1, 16099], [2282, 1, 16138], [2282, 1, 16330], [2282, -1, -1], [2283, 1, 9503], [2283, 1, 9703], [2283, 1, 10024], [2283, 1, 10208], [2283, 1, 11411], [2283, 1, 11446], [2283, 1, 11643], [2283, 1, 12225], [2283, -1, -1], [2284, 1, 9200], [2284, 1, 9399], [2284, 1, 9496], [2284, 1, 9617], [2284, 1, 9704], [2284, 1, 12182], [2284, 1, 12366], [2284, 1, 12628], [2284, 1, 12836], [2284, -1, -1], [2285, 1, 9970], [2285, 1, 10003], [2285, 1, 10199], [2285, 1, 11949], [2285, 1, 12148], [2285, 1, 12771], [2285, -1, -1], [2286, 1, 11385], [2286, 1, 11584], [2286, 1, 11637], [2286, 1, 11847], [2286, 1, 12776], [2286, 1, 12975], [2286, -1, -1], [2287, 1, 9643], [2287, 1, 9828], [2287, 1, 11444], [2287, 1, 11624], [2287, 1, 12083], [2287, 1, 12206], [2287, 1, 12286], [2287, 1, 12706], [2287, 1, 12906], [2287, 1, 16012], [2287, 1, 16045], [2287, 1, 16242], [2287, -1, -1], [2288, 1, 9363], [2288, 1, 9566], [2288, 1, 12663], [2288, 1, 12862], [2288, -1, -1], [2289, 1, 10918], [2289, 1, 11118], [2289, 1, 13875], [2289, 1, 14065], [2289, -1, -1], [2290, 1, 10580], [2290, 1, 10779], [2290, 1, 11728], [2290, 1, 11857], [2290, 1, 11894], [2290, 1, 12064], [2290, -1, -1]]"
1752866039.6434,7.999946691095829,12805.821103484664,12805.821399794166,12816.461683553447,15865.460891638904,"[[2291, 1, 10512], [2291, 1, 10715], [2291, 1, 11472], [2291, 1, 11503], [2291, 1, 11703], [2291, 1, 11814], [2291, 1, 12018], [2291, 1, 12183], [2291, 1, 12234], [2291, 1, 12261], [2291, 1, 12385], [2291, 1, 12464], [2291, 1, 12491], [2291, 1, 12696], [2291, 1, 12818], [2291, -1, -1], [2292, 1, 9882], [2292, 1, 9916], [2292, 1, 10112], [2292, 1, 10529], [2292, 1, 11149], [2292, 1, 11179], [2292, 1, 11379], [2292, 1, 11888], [2292, 1, 12009], [2292, 1, 12083], [2292, 1, 12198], [2292, -1, -1], [2293, 1, 9100], [2293, 1, 9286], [2293, 1, 11197], [2293, 1, 11333], [2293, 1, 11395], [2293, 1, 11536], [2293, 1, 11748], [2293, 1, 11932], [2293, 1, 17098], [2293, 1, 17282], [2293, -1, -1], [2294, 1, 11089], [2294, 1, 11132], [2294, 1, 11322], [2294, 1, 11806], [2294, 1, 11996], [2294, 1, 13149], [2294, 1, 13347], [2294, -1, -1], [2295, 1, 10871], [2295, 1, 11059], [2295, 1, 11298], [2295, 1, 11488], [2295, 1, 11713], [2295, 1, 11910], [2295, 1, 12156], [2295, 1, 14013], [2295, 1, 14215], [2295, -1, -1], [2296, 1, 10949], [2296, 1, 11133], [2296, -1, -1], [2297, 1, 10844], [2297, 1, 10879], [2297, 1, 11080], [2297, 1, 11279], [2297, 1, 11382], [2297, 1, 11468], [2297, 1, 11758], [2297, 1, 11943], [2297, -1, -1], [2298, 1, 14136], [2298, 1, 14182], [2298, 1, 14371], [2298, 1, 14491], [2298, 1, 14550], [2298, -1, -1], [2299, 1, 10762], [2299, 1, 10795], [2299, 1, 10850], [2299, 1, 10935], [2299, 1, 10993], [2299, 1, 11035], [2299, 1, 11139], [2299, 1, 11247], [2299, 1, 11414], [2299, 1, 11617], [2299, -1, -1], [2300, 1, 10538], [2300, 1, 10741], [2300, 1, 11384], [2300, 1, 11583], [2300, -1, -1], [2301, 1, 11112], [2301, 1, 11150], [2301, 1, 11342], [2301, 1, 12098], [2301, 1, 12128], [2301, 1, 12327], [2301, -1, -1]]"
1752866039.7544,9.999947018921375,12805.821110927514,12805.821399794166,12816.461683553447,15865.460891638904,"[[2302, 1, 10734], [2302, 1, 10919], [2302, 1, 11069], [2302, 1, 11255], [2302, 1, 11311], [2302, 1, 11495], [2302, -1, -1], [2303, 1, 10930], [2303, 1, 11129], [2303, 1, 12721], [2303, 1, 12905], [2303, 1, 13492], [2303, 1, 13695], [2303, -1, -1], [2304, 1, 10765], [2304, 1, 10967], [2304, 1, 14399], [2304, 1, 14583], [2304, -1, -1], [2305, 1, 10757], [2305, 1, 10822], [2305, 1, 10955], [2305, 1, 10992], [2305, -1, -1], [2306, 1, 10340], [2306, 1, 10401], [2306, 1, 10538], [2306, 1, 10574], [2306, 1, 10614], [2306, 1, 10807], [2306, 1, 11418], [2306, 1, 11626], [2306, -1, -1], [2307, 1, 10077], [2307, 1, 10320], [2307, 1, 10527], [2307, 1, 10776], [2307, 1, 10984], [2307, -1, -1], [2308, 1, 9831], [2308, 1, 10764], [2308, 1, 10947], [2308, 1, 12494], [2308, 1, 12679], [2308, -1, -1], [2309, 1, 9840], [2309, 1, 10026], [2309, 1, 13650], [2309, 1, 13850], [2309, -1, -1], [2310, 1, 12474], [2310, 1, 12677], [2310, 1, 12784], [2310, 1, 12988], [2310, -1, -1], [2311, 1, 9648], [2311, 1, 9846], [2311, 1, 12777], [2311, 1, 12961], [2311, 1, 13302], [2311, 1, 13507], [2311, -1, -1], [2312, 1, 12693], [2312, 1, 12880], [2312, -1, -1]]"
1752866039.8654,11.999947346746922,12805.821110927514,12805.82139517416,12816.461685989561,15865.460891638904,"[[2313, 1, 9661], [2313, 1, 9695], [2313, 1, 9891], [2313, 1, 12253], [2313, 1, 12462], [2313, -1, -1], [2314, 1, 9639], [2314, 1, 9824], [2314, -1, -1], [2315, 1, 12593], [2315, 1, 12698], [2315, 1, 12791], [2315, 1, 12906], [2315, -1, -1], [2316, 1, 9654], [2316, 1, 9854], [2316, 1, 10007], [2316, 1, 11392], [2316, 1, 12261], [2316, 1, 12451], [2316, 1, 12670], [2316, -1, -1], [2317, 1, 12456], [2317, 1, 12659], [2317, 1, 13174], [2317, -1, -1], [2318, 1, 9048], [2318, 1, 9087], [2318, 1, 9280], [2318, 1, 9478], [2318, 1, 12454], [2318, 1, 12656], [2318, -1, -1], [2319, 1, 9751], [2319, 1, 11783], [2319, 1, 11968], [2319, 1, 12544], [2319, 1, 12729], [2319, -1, -1], [2320, 1, 11260], [2320, 1, 11296], [2320, 1, 11490], [2320, 1, 11670], [2320, 1, 12549], [2320, 1, 12733], [2320, 1, 12804], [2320, 1, 13012], [2320, -1, -1], [2321, 1, 11027], [2321, 1, 11216], [2321, 1, 11904], [2321, -1, -1], [2322, 1, 8849], [2322, -1, -1], [2323, -1, -1]]"
1752866039.9774,13.999946743249893,12805.821157501878,12805.82139517416,12816.461685989561,15865.460891638904,"[[2324, 1, 11567], [2324, 1, 11756], [2324, 1, 11946], [2324, -1, -1], [2325, 1, 8093], [2325, 1, 8280], [2325, -1, -1], [2326, 1, 11410], [2326, 1, 11456], [2326, 1, 11534], [2326, 1, 11652], [2326, 1, 11721], [2326, 1, 11795], [2326, 1, 12002], [2326, -1, -1], [2327, 1, 11522], [2327, 1, 11560], [2327, 1, 11725], [2327, 1, 11760], [2327, -1, -1], [2328, 1, 7801], [2328, 1, 7843], [2328, 1, 8036], [2328, 1, 8214], [2328, 1, 8275], [2328, 1, 11543], [2328, 1, 11617], [2328, 1, 11659], [2328, 1, 11693], [2328, 1, 11889], [2328, 1, 12341], [2328, 1, 12440], [2328, 1, 12602], [2328, -1, -1], [2329, 1, 11039], [2329, 1, 11229], [2329, -1, -1], [2330, 1, 11445], [2330, 1, 11643], [2330, -1, -1], [2331, 1, 10868], [2331, 1, 10903], [2331, 1, 11098], [2331, 1, 11235], [2331, 1, 11271], [2331, 1, 11493], [2331, 1, 11526], [2331, 1, 11726], [2331, 1, 13935], [2331, 1, 14124], [2331, -1, -1], [2332, 1, 13889], [2332, 1, 14088], [2332, -1, -1], [2333, 1, 13555], [2333, 1, 13754], [2333, 1, 13862], [2333, 1, 14061], [2333, 1, 14637], [2333, -1, -1], [2334, 1, 10627], [2334, 1, 10810], [2334, 1, 10891], [2334, 1, 11080], [2334, -1, -1]]"
1752866040.0875,15.999947071075438,12805.821157501878,12805.821393782557,12816.461693983716,15865.460891638904,"[[2335, 1, 10503], [2335, 1, 10705], [2335, -1, -1], [2336, -1, -1], [2337, -1, -1], [2338, -1, -1], [2339, -1, -1], [2340, -1, -1], [2341, 1, 12764], [2341, 1, 12939], [2341, 1, 12971], [2341, 1, 13171], [2341, -1, -1], [2342, -1, -1], [2343, -1, -1], [2344, -1, -1], [2345, -1, -1]]"
1752866040.1974,17.999947398900986,12805.82117241906,12805.821393782557,12816.461685707987,15865.460891638904,"[[2346, 1, 11984], [2346, 1, 12169], [2346, 1, 12646], [2346, 1, 12837], [2346, -1, -1], [2347, 1, 9519], [2347, 1, 9549], [2347, 1, 9749], [2347, 1, 10661], [2347, 1, 10864], [2347, 1, 12745], [2347, 1, 12947], [2347, 1, 13157], [2347, -1, -1], [2348, -1, -1], [2349, -1, -1], [2350, -1, -1], [2351, -1, -1], [2352, -1, -1], [2353, -1, -1], [2354, -1, -1], [2355, 1, 11567], [2355, 1, 11601], [2355, 1, 11797], [2355, 1, 12185], [2355, -1, -1], [2356, -1, -1]]"
1752866040.3076,19.999947726726532,12805.82117241906,12805.821387291451,12816.461685707987,15865.460891638904,"[[2357, -1, -1], [2358, -1, -1], [2359, 1, 11462], [2359, 1, 11493], [2359, 1, 11692], [2359, -1, -1], [2360, -1, -1], [2361, -1, -1], [2362, -1, -1], [2363, -1, -1], [2364, -1, -1], [2365, -1, -1], [2366, -1, -1], [2367, -1, -1]]"
1752866040.4174,21.99994805455208,12805.821103104741,12805.821387291451,12816.461687658555,15865.460891638904,"[[2368, 1, 9952], [2368, 1, 9986], [2368, 1, 10182], [2368, -1, -1], [2369, 1, 10430], [2369, 1, 10633], [2369, -1, -1], [2370, 1, 10123], [2370, 1, 10327], [2370, -1, -1], [2371, -1, -1], [2372, 1, 10086], [2372, 1, 10285], [2372, -1, -1], [2373, 1, 12649], [2373, 1, 12852], [2373, -1, -1], [2374, -1, -1], [2375, 1, 386691], [2375, -1, -1], [2376, -1, -1], [2377, -1, -1], [2378, -1, -1]]"
1752866040.5284,23.999948382377625,12805.821103104741,12805.82139620571,12816.461687658555,15865.460891638904,"[[2379, 1, 13151], [2379, 1, 13350], [2379, -1, -1], [2380, -1, -1], [2381, -1, -1], [2382, -1, -1], [2383, 1, 9678], [2383, 1, 9869], [2383, -1, -1], [2384, -1, -1], [2385, -1, -1], [2386, -1, -1], [2387, -1, -1], [2388, 1, 10097], [2388, 1, 10281], [2388, -1, -1], [2389, -1, -1]]"
1752866040.6385,25.99994871020317,12805.821091102676,12805.82139620571,12816.461691708211,15865.460891638904,"[[2390, -1, -1], [2391, -1, -1], [2392, -1, -1], [2393, 1, 14522], [2393, 1, 14724], [2393, -1, -1], [2394, -1, -1], [2395, 1, 9041], [2395, 1, 9076], [2395, 1, 9272], [2395, -1, -1], [2396, -1, -1], [2397, -1, -1], [2398, 1, 10530], [2398, 1, 10716], [2398, -1, -1], [2399, -1, -1], [2400, -1, -1]]"
1752866040.7485,27.999949038028717,12805.821091102676,12805.821387703214,12816.461691708211,15865.460891638904,"[[2401, 1, 10384], [2401, 1, 10419], [2401, 1, 10614], [2401, -1, -1], [2402, -1, -1], [2403, -1, -1], [2404, -1, -1], [2405, -1, -1], [2406, -1, -1], [2407, -1, -1], [2408, 1, 13045], [2408, 1, 13228], [2408, -1, -1], [2409, -1, -1], [2410, -1, -1], [2411, -1, -1]]"
1752866040.8584,29.999949365854263,12805.821136300352,12805.821387703214,12816.461690454715,15865.460891638904,"[[2412, -1, -1], [2413, -1, -1], [2414, -1, -1], [2415, -1, -1], [2416, -1, -1], [2417, -1, -1], [2418, 1, 10840], [2418, 1, 11023], [2418, 1, 11376], [2418, 1, 11567], [2418, -1, -1], [2419, -1, -1], [2420, -1, -1], [2421, 1, 10688], [2421, 1, 10873], [2421, 1, 11330], [2421, -1, -1], [2422, -1, -1]]"
1752866040.9695,31.99994969367981,12805.82117916833,12805.82139586471,12816.461690454715,15865.460891638904,"[[2423, -1, -1], [2424, -1, -1], [2425, -1, -1], [2426, -1, -1], [2427, -1, -1], [2428, -1, -1], [2429, -1, -1], [2430, -1, -1], [2431, -1, -1], [2432, -1, -1], [2433, -1, -1]]"
1752866041.0794,33.999950021505356,12805.82117916833,12805.82139586471,12816.461687396333,15865.460891638904,"[[2434, -1, -1], [2435, -1, -1], [2436, -1, -1], [2437, -1, -1], [2438, -1, -1], [2439, -1, -1], [2440, -1, -1], [2441, -1, -1], [2442, -1, -1], [2443, -1, -1], [2444, -1, -1]]"
1752866041.1904,35.9999503493309,12805.821207788433,12805.821395184166,12816.461687396333,15865.460891638904,"[[2445, -1, -1], [2446, -1, -1], [2447, -1, -1], [2448, -1, -1], [2449, -1, -1], [2450, -1, -1], [2451, -1, -1], [2452, -1, -1], [2453, -1, -1], [2454, -1, -1], [2455, -1, -1]]"
1752866041.2994,37.99995067715645,12805.821207788433,12805.821395184166,12816.46168056673,15865.460891638904,"[[2456, -1, -1], [2457, -1, -1], [2458, -1, -1], [2459, -1, -1], [2460, -1, -1], [2461, -1, -1], [2462, -1, -1], [2463, -1, -1], [2464, -1, -1], [2465, -1, -1], [2466, -1, -1]]"
1752866041.4095,39.999951004981995,12805.821144484276,12805.821390642952,12816.46168056673,15865.460891638904,"[[2467, -1, -1], [2468, 1, 12519], [2468, 1, 12557], [2468, 1, 12749], [2468, 1, 12885], [2468, -1, -1], [2469, -1, -1], [2470, -1, -1], [2471, -1, -1], [2472, -1, -1], [2473, -1, -1], [2474, -1, -1], [2475, -1, -1], [2476, -1, -1], [2477, -1, -1]]"
1752866041.5204,41.99995133280754,12805.821144484276,12805.821390642952,12816.461683597989,15865.460891638904,"[[2478, -1, -1], [2479, -1, -1], [2480, -1, -1], [2481, 1, 6269], [2481, 1, 6469], [2481, 1, 6928], [2481, -1, -1], [2482, -1, -1], [2483, -1, -1], [2484, -1, -1], [2485, -1, -1], [2486, -1, -1], [2487, -1, -1], [2488, -1, -1]]"
1752866041.6303,43.99995166063309,12805.821118619548,12805.82138579241,12816.461683597989,15865.460891638904,"[[2489, -1, -1], [2490, -1, -1], [2491, 1, 13126], [2491, 1, 13329], [2491, -1, -1], [2492, -1, -1], [2493, -1, -1], [2494, -1, -1], [2495, -1, -1], [2496, -1, -1], [2497, 1, 11590], [2497, 1, 11778], [2497, -1, -1], [2498, 1, 12028], [2498, 1, 12231], [2498, -1, -1], [2499, -1, -1]]"
1752866041.7404,45.99995198845863,12805.821118619548,12805.82138579241,12816.461682612411,15865.460891638904,"[[2500, -1, -1], [2501, -1, -1], [2502, -1, -1], [2503, -1, -1], [2504, -1, -1], [2505, -1, -1], [2506, -1, -1], [2507, -1, -1], [2508, -1, -1], [2509, -1, -1], [2510, -1, -1]]"
1752866041.8505,47.99995231628418,12805.821131423758,12805.821404335955,12816.461682612411,15865.460891638904,"[[2511, -1, -1], [2512, -1, -1], [2513, -1, -1], [2514, -1, -1], [2515, -1, -1], [2516, -1, -1], [2517, -1, -1], [2518, -1, -1], [2519, -1, -1], [2520, -1, -1], [2521, -1, -1]]"
1752866041.9629,49.999952644109726,12805.821131423758,12805.82139078212,12816.461684525862,15865.460891638904,"[[2522, -1, -1], [2523, -1, -1], [2524, -1, -1], [2525, -1, -1], [2526, -1, -1], [2527, -1, -1], [2528, -1, -1], [2529, -1, -1], [2530, -1, -1], [2531, -1, -1], [2532, -1, -1]]"
1752866042.0724,51.99995297193527,12805.82117156831,12805.82139078212,12816.461684525862,15865.460891638904,"[[2534, -1, -1], [2535, -1, -1], [2536, -1, -1], [2537, -1, -1], [2538, -1, -1], [2539, -1, -1], [2540, -1, -1], [2541, 1, 13360], [2541, 1, 13395], [2541, 1, 13590], [2541, -1, -1], [2542, -1, -1], [2543, -1, -1], [2544, -1, -1]]"
1752866042.1824,53.99995329976082,12805.82117156831,12805.82139232962,12816.461684920132,15865.460891638904,"[[2545, 1, 11591], [2545, 1, 11778], [2545, -1, -1], [2546, -1, -1], [2547, -1, -1], [2548, -1, -1], [2549, -1, -1], [2550, -1, -1], [2551, -1, -1], [2552, 1, 9913], [2552, 1, 10115], [2552, -1, -1], [2553, -1, -1], [2554, -1, -1], [2555, -1, -1]]"
1752866042.2919,55.999953627586365,12805.821183285363,12805.82139232962,12816.461684920132,15865.460891638904,"[[2556, 1, 8182], [2556, 1, 8390], [2556, -1, -1], [2557, -1, -1], [2558, -1, -1], [2559, -1, -1], [2560, -1, -1], [2561, -1, -1], [2562, -1, -1], [2563, -1, -1], [2564, -1, -1], [2565, -1, -1]]"
1752866042.4019,57.99995395541191,12805.821183285363,12805.82139270921,12816.461679778335,15865.460891638904,"[[2567, -1, -1], [2568, -1, -1], [2569, -1, -1], [2570, -1, -1], [2571, -1, -1], [2572, -1, -1], [2573, -1, -1], [2574, -1, -1], [2575, -1, -1], [2576, -1, -1]]"
1752866042.5134,59.99995428323746,12805.821162151002,12805.82139270921,12816.461679778335,15865.460891638904,"[[2578, -1, -1], [2579, -1, -1], [2580, -1, -1], [2581, -1, -1], [2582, -1, -1], [2583, -1, -1], [2584, -1, -1], [2585, -1, -1], [2586, -1, -1], [2587, -1, -1], [2588, -1, -1]]"
1752866042.6235,61.999950885772705,12805.821162151002,12805.821384570685,12816.461684034712,15865.460891638904,"[[2589, -1, -1], [2590, -1, -1], [2591, -1, -1], [2592, -1, -1], [2593, -1, -1], [2594, -1, -1], [2595, -1, -1], [2596, -1, -1], [2597, 1, 9930], [2597, 1, 10133], [2597, 1, 10344], [2597, -1, -1], [2598, -1, -1], [2599, -1, -1]]"
1752866042.7335,63.99994748830795,12805.821090472187,12805.821384570685,12816.461684034712,15865.460891638904,"[[2600, -1, -1], [2601, -1, -1], [2602, -1, -1], [2603, -1, -1], [2604, -1, -1], [2605, -1, -1], [2606, -1, -1], [2607, -1, -1], [2608, -1, -1], [2609, -1, -1], [2610, -1, -1]]"
1752866042.8435,65.9999440908432,12805.821090472187,12805.82138149749,12816.461689983516,15865.460891638904,"[[2611, -1, -1], [2612, -1, -1], [2613, -1, -1], [2614, -1, -1], [2615, -1, -1], [2616, -1, -1], [2617, -1, -1], [2618, -1, -1], [2619, -1, -1], [2620, -1, -1], [2621, -1, -1]]"
1752866042.9537,67.99994069337845,12805.821115427238,12805.82138149749,12816.461691812257,15865.460891638904,"[[2622, -1, -1], [2623, -1, -1], [2624, -1, -1], [2625, -1, -1], [2626, -1, -1], [2627, -1, -1], [2628, -1, -1], [2629, -1, -1], [2630, -1, -1], [2631, -1, -1], [2632, -1, -1]]"
1752866043.0634,69.9999372959137,12805.821115427238,12805.821388238435,12816.461691812257,15865.460891638904,"[[2633, -1, -1], [2634, -1, -1], [2635, -1, -1], [2636, -1, -1], [2637, -1, -1], [2638, -1, -1], [2639, -1, -1], [2640, -1, -1], [2641, -1, -1], [2642, -1, -1], [2643, -1, -1]]"
1752866043.1734,71.99993389844894,12805.821141139386,12805.821388238435,12816.461675606392,15865.460891638904,"[[2644, -1, -1], [2645, -1, -1], [2646, -1, -1], [2647, -1, -1], [2648, -1, -1], [2649, -1, -1], [2650, -1, -1], [2651, -1, -1], [2652, -1, -1], [2653, -1, -1], [2654, -1, -1]]"
1752866043.2834,73.99993050098419,12805.821141139386,12805.82138379626,12816.461675606392,15865.460891638904,"[[2655, -1, -1], [2656, -1, -1], [2657, -1, -1], [2658, -1, -1], [2659, -1, -1], [2660, -1, -1], [2661, -1, -1], [2662, -1, -1], [2663, -1, -1], [2664, -1, -1], [2665, -1, -1]]"
1752866043.3924,75.99992710351944,12805.821198083537,12805.82138379626,12816.461685071205,15865.460891638904,"[[2666, -1, -1], [2667, -1, -1], [2668, -1, -1], [2669, 1, 80698], [2669, 1, 80902], [2669, -1, -1], [2670, -1, -1], [2671, -1, -1], [2672, -1, -1], [2673, -1, -1], [2674, -1, -1], [2675, -1, -1], [2676, -1, -1]]"
1752866043.5034,77.99992370605469,12805.821198083537,12805.821390680077,12816.461685071205,15865.460891638904,"[[2677, -1, -1], [2678, -1, -1], [2679, -1, -1], [2680, -1, -1], [2681, -1, -1], [2682, -1, -1], [2683, -1, -1], [2684, -1, -1], [2685, -1, -1], [2686, -1, -1], [2687, -1, -1]]"
1752866043.6134,79.99992030858994,12805.821219137038,12805.821390680077,12816.461683613992,15865.460891638904,"[[2688, -1, -1], [2689, -1, -1], [2690, -1, -1], [2691, -1, -1], [2692, -1, -1], [2693, -1, -1], [2694, -1, -1], [2695, -1, -1], [2696, -1, -1], [2697, -1, -1], [2698, -1, -1]]"
1752866043.7234,81.99991691112518,12805.821122636145,12805.821384381159,12816.461683613992,15865.460891638904,"[[2699, -1, -1], [2700, -1, -1], [2701, -1, -1], [2702, -1, -1], [2703, -1, -1], [2704, -1, -1], [2705, -1, -1], [2706, -1, -1], [2707, -1, -1], [2708, -1, -1], [2709, -1, -1]]"
1752866043.8334,83.99991351366043,12805.821122636145,12805.821384381159,12816.461684247502,15865.460891638904,"[[2710, -1, -1], [2711, 1, 10340], [2711, -1, -1], [2712, -1, -1], [2713, -1, -1], [2714, -1, -1], [2715, -1, -1], [2716, -1, -1], [2717, -1, -1], [2718, -1, -1], [2719, -1, -1], [2720, 1, 13500], [2720, 1, 13684], [2720, 1, 13843], [2720, -1, -1]]"
1752866043.9434,85.99991011619568,12805.821135357537,12805.821394760618,12816.461684247502,15865.460891638904,"[[2721, -1, -1], [2722, -1, -1], [2723, -1, -1], [2724, -1, -1], [2725, -1, -1], [2726, -1, -1], [2727, -1, -1], [2728, -1, -1], [2729, -1, -1], [2730, -1, -1], [2731, -1, -1]]"
1752866044.0544,87.99990671873093,12805.821135357537,12805.821394760618,12816.461682549148,15865.460891638904,"[[2732, -1, -1], [2733, -1, -1], [2734, -1, -1], [2735, -1, -1], [2736, -1, -1], [2737, -1, -1], [2738, -1, -1], [2739, -1, -1], [2740, -1, -1], [2741, -1, -1], [2742, -1, -1]]"
1752866044.1646,89.99990332126617,12805.821158944967,12805.821394980556,12816.461682549148,15865.460891638904,"[[2743, -1, -1], [2744, -1, -1], [2745, -1, -1], [2746, -1, -1], [2747, -1, -1], [2748, -1, -1], [2749, -1, -1], [2750, -1, -1], [2751, 1, 16586], [2751, 1, 16789], [2751, -1, -1], [2752, -1, -1], [2753, -1, -1]]"
1752866044.2754,91.99989992380142,12805.821158944967,12805.821386961821,12816.461686154858,15865.460891638904,"[[2754, -1, -1], [2755, 1, 12866], [2755, 1, 13055], [2755, 1, 13218], [2755, -1, -1], [2756, -1, -1], [2757, 1, 12879], [2757, 1, 13077], [2757, -1, -1], [2758, -1, -1], [2759, -1, -1], [2760, -1, -1], [2761, -1, -1], [2762, -1, -1], [2763, -1, -1], [2764, -1, -1]]"
1752866044.3855,93.99989652633667,12805.821191835235,12805.821386961821,12816.461686154858,15865.460891638904,"[[2765, -1, -1], [2766, -1, -1], [2767, -1, -1], [2768, -1, -1], [2769, -1, -1], [2770, -1, -1], [2771, -1, -1], [2772, -1, -1], [2773, -1, -1], [2774, -1, -1], [2775, -1, -1]]"
1752866044.4974,95.99989312887192,12805.821191835235,12805.821387969901,12816.46168449932,15865.460891638904,"[[2776, -1, -1], [2777, -1, -1], [2778, -1, -1], [2779, -1, -1], [2780, -1, -1], [2781, -1, -1], [2782, -1, -1], [2783, -1, -1], [2784, 1, 375039], [2784, -1, -1], [2785, -1, -1], [2786, -1, -1]]"
1752866044.6074,97.99988973140717,12805.821189027092,12805.821387969901,12816.46168449932,15865.460891638904,"[[2787, -1, -1], [2788, -1, -1], [2789, -1, -1], [2790, -1, -1], [2791, -1, -1], [2792, -1, -1], [2793, -1, -1], [2794, -1, -1], [2795, -1, -1], [2796, -1, -1], [2797, -1, -1]]"
1752866044.7295,-152.00000596046448,12805.821189027092,12805.821390156561,12816.461685322765,15865.460891638904,"[[2799, -1, -1], [2800, -1, -1], [2801, -1, -1], [2802, 1, 11596], [2802, 1, 11795], [2802, 1, 12063], [2802, -1, -1], [2803, -1, -1], [2804, -1, -1], [2805, -1, -1], [2806, -1, -1], [2807, -1, -1], [2808, -1, -1], [2809, -1, -1]]"
1752866044.8394,-150.00000190734863,12805.821103308761,12805.821390156561,12816.461685322765,15865.460891638904,"[[2810, 1, 11762], [2810, 1, 11961], [2810, 1, 117518], [2810, 1, 117705], [2810, -1, -1], [2811, 1, 11306], [2811, 1, 11491], [2811, -1, -1], [2812, -1, -1], [2813, -1, -1], [2814, -1, -1], [2815, -1, -1], [2816, -1, -1], [2817, -1, -1], [2818, -1, -1], [2819, -1, -1], [2820, -1, -1]]"
1752866044.9495,-147.9999978542328,12805.821103308761,12805.821390384473,12816.461686745008,15865.460891638904,"[[2821, -1, -1], [2822, -1, -1], [2823, -1, -1], [2824, -1, -1], [2825, -1, -1], [2826, -1, -1], [2827, -1, -1], [2828, -1, -1], [2829, -1, -1], [2830, -1, -1], [2831, -1, -1]]"
1752866045.0604,-145.99999380111694,12805.821086903537,12805.821390384473,12816.461686745008,15865.460891638904,"[[2832, -1, -1], [2833, -1, -1], [2834, -1, -1], [2835, -1, -1], [2836, -1, -1], [2837, -1, -1], [2838, -1, -1], [2839, -1, -1], [2840, -1, -1], [2841, 1, 10059], [2841, 1, 10258], [2841, -1, -1], [2842, -1, -1]]"
1752866045.1704,-143.9999897480011,12805.821086903537,12805.821392411124,12816.461678201835,15865.460891638904,"[[2843, -1, -1], [2844, -1, -1], [2845, -1, -1], [2846, -1, -1], [2847, -1, -1], [2848, 1, 9972], [2848, 1, 10171], [2848, -1, -1], [2849, -1, -1], [2850, -1, -1], [2851, -1, -1], [2852, -1, -1], [2853, 1, 11359], [2853, 1, 11562], [2853, -1, -1]]"
1752866045.2804,-141.99998569488525,12805.821122816566,12805.821392411124,12816.461678201835,15865.460891638904,"[[2854, -1, -1], [2855, -1, -1], [2856, 1, 5886], [2856, 1, 6090], [2856, -1, -1], [2857, -1, -1], [2858, -1, -1], [2859, -1, -1], [2860, -1, -1], [2861, -1, -1], [2862, -1, -1], [2863, -1, -1], [2864, -1, -1]]"
1752866045.3894,-139.9999816417694,12805.821122816566,12805.82139696346,12816.46167881349,15865.460891638904,"[[2865, -1, -1], [2866, -1, -1], [2867, -1, -1], [2868, -1, -1], [2869, 1, 11907], [2869, 1, 12094], [2869, -1, -1], [2870, -1, -1], [2871, -1, -1], [2872, -1, -1], [2873, -1, -1], [2874, -1, -1], [2875, -1, -1]]"
1752866045.5004,-137.99997758865356,12805.82121916945,12805.82139696346,12816.46167881349,15865.460891638904,"[[2876, -1, -1], [2877, -1, -1], [2878, -1, -1], [2879, -1, -1], [2880, -1, -1], [2881, -1, -1], [2882, -1, -1], [2883, -1, -1], [2884, -1, -1], [2885, -1, -1], [2886, -1, -1]]"
1752866045.611,-135.99997353553772,12805.82121916945,12805.821403339716,12816.461688446121,15865.460891638904,"[[2887, -1, -1], [2888, -1, -1], [2889, -1, -1], [2890, -1, -1], [2891, -1, -1], [2892, -1, -1], [2893, -1, -1], [2894, -1, -1], [2895, -1, -1], [2896, 1, 10786], [2896, 1, 10971], [2896, -1, -1], [2897, -1, -1]]"
1752866045.7219,-133.99996948242188,12805.821167843316,12805.821403339716,12816.461688446121,15865.460891638904,"[[2899, -1, -1], [2900, -1, -1], [2901, -1, -1], [2902, -1, -1], [2903, -1, -1], [2904, -1, -1], [2905, -1, -1], [2906, -1, -1], [2907, -1, -1], [2908, -1, -1]]"
1752866045.8334,-131.99996542930603,12805.821167843316,12805.821403339716,12816.461686044899,15865.460891638904,"[[2910, -1, -1], [2911, -1, -1], [2912, 1, 12559], [2912, 1, 12759], [2912, -1, -1], [2913, -1, -1], [2914, -1, -1], [2915, -1, -1], [2916, -1, -1], [2917, 1, 11456], [2917, 1, 11655], [2917, 1, 12015], [2917, -1, -1], [2918, -1, -1], [2919, -1, -1], [2920, -1, -1]]"
1752866045.9431,-129.99996137619019,12805.821167843316,12805.821408759897,12816.461686044899,15865.460891638904,"[[2921, -1, -1], [2922, -1, -1], [2923, 1, 10121], [2923, 1, 10168], [2923, 1, 10352], [2923, -1, -1], [2924, -1, -1], [2925, -1, -1], [2926, -1, -1], [2927, -1, -1], [2928, -1, -1], [2929, -1, -1], [2930, -1, -1], [2931, -1, -1]]"
1752866046.0544,-127.99995732307434,12805.821134944326,12805.821408759897,12816.461685530798,15865.460891638904,"[[2932, -1, -1], [2933, -1, -1], [2934, -1, -1], [2935, -1, -1], [2936, -1, -1], [2937, -1, -1], [2938, -1, -1], [2939, -1, -1], [2940, 1, 9980], [2940, 1, 10183], [2940, -1, -1], [2941, -1, -1], [2942, -1, -1]]"
1752866046.1644,-125.9999607205391,12805.821087533706,12805.821403748234,12816.461685530798,15865.460891638904,"[[2943, -1, -1], [2944, -1, -1], [2945, -1, -1], [2946, -1, -1], [2947, -1, -1], [2948, -1, -1], [2949, -1, -1], [2950, -1, -1], [2951, -1, -1], [2952, -1, -1], [2953, 1, 9796], [2953, 1, 9981], [2953, -1, -1]]"
1752866046.2754,-123.99996411800385,12805.821087533706,12805.821403748234,12816.461684546834,15865.460891638904,"[[2954, -1, -1], [2955, -1, -1], [2956, -1, -1], [2957, 1, 10709], [2957, 1, 10893], [2957, -1, -1], [2958, -1, -1], [2959, -1, -1], [2960, -1, -1], [2961, 1, 10773], [2961, 1, 10976], [2961, -1, -1], [2962, -1, -1], [2963, -1, -1], [2964, 1, 10312], [2964, 1, 10496], [2964, -1, -1]]"
1752866046.3844,-121.9999675154686,12805.821160079435,12805.82140307489,12816.461684546834,15865.460891638904,"[[2965, -1, -1], [2966, -1, -1], [2967, 1, 13282], [2967, 1, 13325], [2967, 1, 13514], [2967, -1, -1], [2968, -1, -1], [2969, -1, -1], [2970, -1, -1], [2971, -1, -1], [2972, -1, -1], [2973, -1, -1], [2974, -1, -1], [2975, -1, -1]]"
1752866046.4945,-119.99997091293335,12805.821160079435,12805.82140307489,12816.461686395789,15865.460891638904,"[[2976, -1, -1], [2977, -1, -1], [2978, -1, -1], [2979, -1, -1], [2980, -1, -1], [2981, 1, 11056], [2981, 1, 11241], [2981, -1, -1], [2982, -1, -1], [2983, -1, -1], [2984, -1, -1], [2985, -1, -1], [2986, 1, 11913], [2986, 1, 11944], [2986, 1, 12144], [2986, -1, -1]]"
1752866046.6054,-117.9999743103981,12805.821178508651,12805.821388682774,12816.461686395789,15865.460891638904,"[[2987, -1, -1], [2988, -1, -1], [2989, -1, -1], [2990, 1, 149493], [2990, 1, 149696], [2990, -1, -1], [2991, -1, -1], [2992, -1, -1], [2993, 1, 10640], [2993, 1, 10843], [2993, 1, 11051], [2993, 1, 11112], [2993, 1, 11287], [2993, 1, 11465], [2993, 1, 11665], [2993, -1, -1], [2994, -1, -1], [2995, -1, -1], [2996, -1, -1], [2997, -1, -1]]"
1752866046.7154,-115.99997770786285,12805.821178508651,12805.821388682774,12816.461687056084,15865.460891638904,"[[2998, -1, -1], [2999, -1, -1], [3000, -1, -1], [3001, -1, -1], [3002, -1, -1], [3003, -1, -1], [3004, -1, -1], [3005, 1, 10743], [3005, 1, 10791], [3005, 1, 10973], [3005, -1, -1], [3006, -1, -1], [3007, -1, -1], [3008, -1, -1]]"
1752866046.8255,-113.9999811053276,12805.821163487291,12805.821393352719,12816.461687056084,15865.460891638904,"[[3009, -1, -1], [3010, -1, -1], [3011, -1, -1], [3012, -1, -1], [3013, -1, -1], [3014, -1, -1], [3015, -1, -1], [3016, -1, -1], [3017, -1, -1], [3018, -1, -1], [3019, -1, -1]]"
1752866046.9364,-111.99998450279236,12805.821163487291,12805.821393352719,12816.461683678523,15865.460891638904,"[[3020, -1, -1], [3021, -1, -1], [3022, -1, -1], [3023, -1, -1], [3024, -1, -1], [3025, -1, -1], [3026, -1, -1], [3027, -1, -1], [3028, -1, -1], [3029, -1, -1], [3030, -1, -1]]"
1752866047.0484,-109.99998790025711,12805.821163487291,12805.8213915341,12816.461683678523,15865.460891638904,"[[3031, -1, -1], [3032, -1, -1], [3033, -1, -1], [3034, -1, -1], [3035, -1, -1], [3036, -1, -1], [3037, -1, -1], [3038, -1, -1], [3039, -1, -1], [3040, -1, -1], [3041, -1, -1]]"
1752866047.1585,-107.99999129772186,12805.821163487291,12805.8213915341,12816.461683678523,15865.460891638904,"[[3042, -1, -1], [3043, -1, -1], [3044, -1, -1], [3045, -1, -1], [3046, -1, -1], [3047, -1, -1], [3048, -1, -1], [3049, 1, 7892], [3049, 1, 8077], [3049, -1, -1], [3050, -1, -1], [3051, -1, -1], [3052, -1, -1]]"
1752866047.2685,-105.99999469518661,12805.82104693297,12805.8213915341,12816.461683678523,15865.460891638904,"[[3053, -1, -1], [3054, -1, -1], [3055, 1, 10114], [3055, 1, 10317], [3055, -1, -1], [3056, -1, -1], [3057, -1, -1], [3058, -1, -1], [3059, -1, -1], [3060, -1, -1], [3061, -1, -1], [3062, -1, -1], [3063, -1, -1]]"
1752866047.3802,-103.99999809265137,12805.82104693297,12805.8213915341,12816.46168123259,15865.460891638904,"[[3064, 1, 11934], [3064, 1, 12119], [3064, -1, -1], [3065, -1, -1], [3066, -1, -1], [3067, -1, -1], [3068, -1, -1], [3069, -1, -1], [3070, -1, -1], [3071, -1, -1], [3072, -1, -1], [3073, -1, -1], [3074, -1, -1]]"
1752866047.491,-102.00000149011612,12805.82104693297,12805.821391653652,12816.46168123259,15865.460891638904,"[[3075, 1, 9610], [3075, 1, 9809], [3075, -1, -1], [3076, -1, -1], [3077, -1, -1], [3078, 1, 14434], [3078, 1, 14638], [3078, -1, -1], [3079, -1, -1], [3080, -1, -1], [3081, -1, -1], [3082, 1, 10769], [3082, 1, 10804], [3082, 1, 10999], [3082, -1, -1], [3083, 1, 10564], [3083, 1, 10764], [3083, -1, -1], [3084, 1, 10139], [3084, 1, 10170], [3084, 1, 10370], [3084, -1, -1], [3085, -1, -1]]"
1752866047.6044,-100.00000488758087,12805.821103058046,12805.821391653652,12816.46168123259,15865.460891638904,"[[3087, -1, -1], [3088, 1, 13194], [3088, 1, 13398], [3088, 1, 13562], [3088, -1, -1], [3089, 1, 19771], [3089, 1, 19962], [3089, 1, 60300], [3089, 1, 60489], [3089, -1, -1], [3090, -1, -1], [3091, -1, -1], [3092, -1, -1], [3093, 1, 12382], [3093, 1, 12586], [3093, -1, -1], [3094, -1, -1], [3095, -1, -1], [3096, -1, -1], [3097, 1, 9411], [3097, 1, 9446], [3097, 1, 9641], [3097, -1, -1]]"
1752866047.7154,-98.00000828504562,12805.821103058046,12805.821391653652,12816.461683939859,15865.460891638904,"[[3098, -1, -1], [3099, -1, -1], [3100, -1, -1], [3101, -1, -1], [3102, -1, -1], [3103, -1, -1], [3104, -1, -1], [3105, -1, -1], [3106, -1, -1], [3107, -1, -1], [3108, -1, -1]]"
1752866047.8275,-96.00001168251038,12805.821103058046,12805.821386585434,12816.461683939859,15865.460891638904,"[[3109, -1, -1], [3110, -1, -1], [3111, 1, 14583], [3111, 1, 14781], [3111, -1, -1], [3112, -1, -1], [3113, -1, -1], [3114, -1, -1], [3115, -1, -1], [3116, -1, -1], [3117, -1, -1], [3118, -1, -1], [3119, -1, -1]]"
1752866047.9395,-94.00001507997513,12805.821168027149,12805.821386585434,12816.461683939859,15865.460891638904,"[[3120, -1, -1], [3121, -1, -1], [3122, -1, -1], [3123, -1, -1], [3124, -1, -1], [3125, -1, -1], [3126, -1, -1], [3127, -1, -1], [3128, -1, -1], [3129, -1, -1], [3130, -1, -1]]"
1752866048.0515,-92.00001847743988,12805.821168027149,12805.821386585434,12816.46168627714,15865.460891638904,"[[3131, -1, -1], [3132, -1, -1], [3133, -1, -1], [3134, -1, -1], [3135, 1, 13977], [3135, 1, 14011], [3135, 1, 14207], [3135, -1, -1], [3136, -1, -1], [3137, -1, -1], [3138, -1, -1], [3139, -1, -1], [3140, -1, -1], [3141, -1, -1]]"
1752866048.161,-90.00002187490463,12805.821168027149,12805.82137668003,12816.46168627714,15865.460891638904,"[[3142, -1, -1], [3143, -1, -1], [3144, -1, -1], [3145, -1, -1], [3146, -1, -1], [3147, -1, -1], [3148, -1, -1], [3149, -1, -1], [3150, 1, 10525], [3150, 1, 10710], [3150, -1, -1], [3151, 1, 9853], [3151, 1, 10062], [3151, 1, 10469], [3151, 1, 10671], [3151, 1, 10940], [3151, 1, 13680], [3151, 1, 13864], [3151, -1, -1], [3152, -1, -1]]"
1752866048.2714,-88.00002527236938,12805.82106093888,12805.82137668003,12816.46168627714,15865.460891638904,"[[3154, -1, -1], [3155, -1, -1], [3156, 1, 12442], [3156, 1, 12629], [3156, -1, -1], [3157, -1, -1], [3158, -1, -1], [3159, -1, -1], [3160, -1, -1], [3161, -1, -1], [3162, -1, -1], [3163, 1, 9067], [3163, 1, 9110], [3163, 1, 9304], [3163, 1, 9480], [3163, 1, 9586], [3163, -1, -1]]"
1752866048.3819,-86.00002866983414,12805.82106093888,12805.821380157679,12816.461691046577,15865.460891638904,"[[3164, -1, -1], [3165, -1, -1], [3166, -1, -1], [3167, -1, -1], [3168, -1, -1], [3169, -1, -1], [3170, -1, -1], [3171, -1, -1], [3172, -1, -1], [3173, -1, -1], [3174, -1, -1]]"
1752866048.4919,-84.00003206729889,12805.821018722801,12805.821380157679,12816.461691046577,15865.460891638904,"[[3176, 1, 9725], [3176, 1, 9799], [3176, 1, 9910], [3176, 1, 9987], [3176, 1, 11860], [3176, 1, 11895], [3176, 1, 12090], [3176, -1, -1], [3177, -1, -1], [3178, -1, -1], [3179, -1, -1], [3180, -1, -1], [3181, -1, -1], [3182, -1, -1], [3183, -1, -1], [3184, -1, -1], [3185, -1, -1]]"
1752866048.6029,-82.00003546476364,12805.821018722801,12805.821383351673,12816.461687012868,15865.460891638904,"[[3187, 1, 11045], [3187, 1, 11236], [3187, -1, -1], [3188, -1, -1], [3189, -1, -1], [3190, -1, -1], [3191, -1, -1], [3192, -1, -1], [3193, -1, -1], [3194, -1, -1], [3195, -1, -1], [3196, 1, 12790], [3196, 1, 12993], [3196, -1, -1]]"
1752866048.7134,-80.0000388622284,12805.821077836461,12805.821383351673,12816.461687152256,15865.460891638904,"[[3198, -1, -1], [3199, -1, -1], [3200, 1, 9208], [3200, 1, 9245], [3200, 1, 9276], [3200, 1, 9437], [3200, -1, -1], [3201, -1, -1], [3202, 1, 11963], [3202, 1, 12162], [3202, 1, 12282], [3202, 1, 12370], [3202, -1, -1], [3203, -1, -1], [3204, -1, -1], [3205, -1, -1], [3206, -1, -1], [3207, -1, -1], [3208, -1, -1]]"
1752866048.8225,-78.00004225969315,12805.821077836461,12805.821384939622,12816.461687152256,15865.460891638904,"[[3209, -1, -1], [3210, -1, -1], [3211, -1, -1], [3212, -1, -1], [3213, -1, -1], [3214, -1, -1], [3215, -1, -1], [3216, 1, 11482], [3216, 1, 11667], [3216, -1, -1], [3217, -1, -1], [3218, -1, -1], [3219, -1, -1]]"
1752866048.9319,-76.0000456571579,12805.821116571304,12805.821384939622,12816.461687207906,15865.460891638904,"[[3220, 1, 9776], [3220, 1, 9979], [3220, -1, -1], [3221, -1, -1], [3222, -1, -1], [3223, -1, -1], [3224, -1, -1], [3225, -1, -1], [3226, -1, -1], [3227, -1, -1], [3228, -1, -1], [3229, -1, -1]]"
1752866049.042,-74.00004905462265,12805.821116571304,12805.821380252104,12816.461687207906,15865.460891638904,"[[3231, -1, -1], [3232, -1, -1], [3233, -1, -1], [3234, 1, 10943], [3234, 1, 11142], [3234, -1, -1], [3235, -1, -1], [3236, -1, -1], [3237, -1, -1], [3238, -1, -1], [3239, -1, -1], [3240, -1, -1]]"
1752866049.1519,-72.0000524520874,12805.821125917748,12805.821380252104,12816.461681790408,15865.460891638904,"[[3242, -1, -1], [3243, 1, 11482], [3243, 1, 11675], [3243, -1, -1], [3244, -1, -1], [3245, -1, -1], [3246, -1, -1], [3247, -1, -1], [3248, -1, -1], [3249, -1, -1], [3250, -1, -1], [3251, -1, -1]]"
1752866049.2619,-70.00005584955215,12805.821125917748,12805.821395122479,12816.461681790408,15865.460891638904,"[[3253, 1, 11098], [3253, 1, 11298], [3253, -1, -1], [3254, -1, -1], [3255, 1, 11940], [3255, 1, 12144], [3255, -1, -1], [3256, -1, -1], [3257, -1, -1], [3258, -1, -1], [3259, -1, -1], [3260, -1, -1], [3261, -1, -1], [3262, -1, -1]]"
1752866049.3719,-68.0000592470169,12805.821055043552,12805.821395122479,12816.461679019418,15865.460891638904,"[[3264, -1, -1], [3265, -1, -1], [3266, -1, -1], [3267, 1, 10321], [3267, 1, 10506], [3267, -1, -1], [3268, 1, 8456], [3268, 1, 8659], [3268, 1, 8749], [3268, 1, 10620], [3268, 1, 10823], [3268, -1, -1], [3269, -1, -1], [3270, -1, -1], [3271, -1, -1], [3272, -1, -1], [3273, 1, 11331], [3273, 1, 11529], [3273, -1, -1]]"
1752866049.4814,-66.00006264448166,12805.821055043552,12805.821377180473,12816.461679019418,15865.460891638904,"[[3275, -1, -1], [3276, -1, -1], [3277, -1, -1], [3278, -1, -1], [3279, 1, 11866], [3279, 1, 12051], [3279, 1, 12173], [3279, 1, 17763], [3279, 1, 17963], [3279, -1, -1], [3280, -1, -1], [3281, 1, 9748], [3281, 1, 9947], [3281, -1, -1], [3282, -1, -1], [3283, -1, -1], [3284, -1, -1]]"
1752866049.5919,-64.00006231665611,12805.821050895756,12805.821377180473,12816.461688806057,15865.460891638904,"[[3285, -1, -1], [3286, 1, 10219], [3286, 1, 10403], [3286, -1, -1], [3287, -1, -1], [3288, -1, -1], [3289, -1, -1], [3290, 1, 9635], [3290, 1, 9820], [3290, -1, -1], [3291, -1, -1], [3292, 1, 12318], [3292, 1, 12521], [3292, -1, -1], [3293, -1, -1], [3294, -1, -1], [3295, -1, -1]]"
1752866049.702,-62.000061988830566,12805.82107950993,12805.821390560372,12816.461688806057,15865.460891638904,"[[3297, -1, -1], [3298, -1, -1], [3299, -1, -1], [3300, -1, -1], [3301, -1, -1], [3302, 1, 11881], [3302, 1, 12043], [3302, -1, -1], [3303, 1, 9843], [3303, 1, 9878], [3303, 1, 10073], [3303, 1, 10439], [3303, -1, -1], [3304, 1, 10894], [3304, 1, 11094], [3304, -1, -1], [3305, -1, -1], [3306, -1, -1]]"
1752866049.8129,-60.00006166100502,12805.82107950993,12805.821390560372,12816.461693932502,15865.460891638904,"[[3308, -1, -1], [3309, -1, -1], [3310, -1, -1], [3311, -1, -1], [3312, 1, 9591], [3312, 1, 9780], [3312, -1, -1], [3313, -1, -1], [3314, -1, -1], [3315, -1, -1], [3316, -1, -1], [3317, -1, -1]]"
1752866049.9234,-58.000061333179474,12805.821154033849,12805.821391768177,12816.461693932502,15865.460891638904,"[[3319, -1, -1], [3320, 1, 9815], [3320, 1, 10014], [3320, -1, -1], [3321, -1, -1], [3322, -1, -1], [3323, -1, -1], [3324, -1, -1], [3325, -1, -1], [3326, 1, 12535], [3326, 1, 12720], [3326, -1, -1], [3327, -1, -1], [3328, -1, -1], [3329, -1, -1]]"
1752866050.0324,-56.00006100535393,12805.821154033849,12805.821391768177,12816.461684028078,15865.460891638904,"[[3330, -1, -1], [3331, 1, 10508], [3331, 1, 10711], [3331, 1, 11265], [3331, -1, -1], [3332, -1, -1], [3333, -1, -1], [3334, -1, -1], [3335, -1, -1], [3336, -1, -1], [3337, -1, -1], [3338, -1, -1], [3339, -1, -1], [3340, -1, -1]]"
1752866050.1434,-54.00006067752838,12805.821145298192,12805.821396017414,12816.461684028078,15865.460891638904,"[[3341, -1, -1], [3342, 1, 10620], [3342, 1, 10808], [3342, -1, -1], [3343, -1, -1], [3344, 1, 9328], [3344, 1, 9362], [3344, 1, 9560], [3344, 1, 9745], [3344, -1, -1], [3345, -1, -1], [3346, -1, -1], [3347, -1, -1], [3348, -1, -1], [3349, -1, -1], [3350, -1, -1], [3351, 1, 10521], [3351, 1, 10662], [3351, 1, 10719], [3351, 1, 10865], [3351, -1, -1]]"
1752866050.2534,-52.000060349702835,12805.821145298192,12805.821386904483,12816.461682176652,15865.460891638904,"[[3352, -1, -1], [3353, -1, -1], [3354, -1, -1], [3355, 1, 11919], [3355, 1, 11953], [3355, 1, 12148], [3355, -1, -1], [3356, -1, -1], [3357, 1, 11030], [3357, 1, 11229], [3357, 1, 27119], [3357, 1, 27322], [3357, -1, -1], [3358, -1, -1], [3359, -1, -1], [3360, 1, 12073], [3360, 1, 12277], [3360, -1, -1], [3361, -1, -1], [3362, -1, -1]]"
1752866050.3624,-50.00006002187729,12805.8210957022,12805.821386904483,12816.461682176652,15865.460891638904,"[[3363, -1, -1], [3364, -1, -1], [3365, -1, -1], [3366, 1, 10917], [3366, 1, 11120], [3366, 1, 11194], [3366, -1, -1], [3367, 1, 11109], [3367, 1, 11296], [3367, -1, -1], [3368, -1, -1], [3369, 1, 9859], [3369, 1, 9995], [3369, 1, 10047], [3369, -1, -1], [3370, -1, -1], [3371, -1, -1], [3372, -1, -1], [3373, -1, -1]]"
1752866050.4719,-48.00005969405174,12805.8210957022,12805.821386904483,12816.461685355025,15865.460891638904,"[[3374, -1, -1], [3375, -1, -1], [3376, -1, -1], [3377, -1, -1], [3378, -1, -1], [3379, 1, 10263], [3379, 1, 10289], [3379, 1, 10493], [3379, 1, 10729], [3379, -1, -1], [3380, 1, 10180], [3380, 1, 10384], [3380, -1, -1], [3381, -1, -1], [3382, 1, 12352], [3382, 1, 12401], [3382, 1, 12589], [3382, 1, 12769], [3382, -1, -1], [3383, -1, -1]]"
1752866050.5829,-46.000059366226196,12805.821043507707,12805.821386904483,12816.461685355025,15865.460891638904,"[[3385, -1, -1], [3386, -1, -1], [3387, -1, -1], [3388, -1, -1], [3389, -1, -1], [3390, -1, -1], [3391, 1, 11148], [3391, 1, 11351], [3391, -1, -1], [3392, 1, 7850], [3392, 1, 7890], [3392, 1, 8082], [3392, 1, 8283], [3392, -1, -1], [3393, -1, -1], [3394, -1, -1]]"
1752866050.6931,-44.00005903840065,12805.821043507707,12805.821373025696,12816.461686287777,15865.460891638904,"[[3396, -1, -1], [3397, 1, 10946], [3397, 1, 11145], [3397, -1, -1], [3398, -1, -1], [3399, -1, -1], [3400, 1, 9141], [3400, 1, 9344], [3400, 1, 10582], [3400, 1, 10781], [3400, 1, 11046], [3400, -1, -1], [3401, 1, 10641], [3401, 1, 10840], [3401, 1, 11297], [3401, 1, 11499], [3401, -1, -1], [3402, -1, -1], [3403, -1, -1], [3404, 1, 10271], [3404, 1, 10305], [3404, 1, 10501], [3404, -1, -1], [3405, 1, 9190], [3405, 1, 9228], [3405, 1, 9420], [3405, 1, 13598], [3405, 1, 13782], [3405, -1, -1], [3406, 1, 9925], [3406, 1, 10109], [3406, -1, -1]]"
1752866050.8204,-42.000058710575104,12805.82104759717,12805.821373025696,12816.461685121089,15865.460891638904,"[[3407, -1, -1], [3408, -1, -1], [3409, -1, -1], [3410, -1, -1], [3411, -1, -1], [3412, 1, 8797], [3412, 1, 9949], [3412, 1, 10147], [3412, -1, -1], [3413, 1, 10730], [3413, 1, 10817], [3413, 1, 10973], [3413, 1, 11017], [3413, 1, 11167], [3413, 1, 11408], [3413, -1, -1], [3414, 1, 12297], [3414, 1, 12326], [3414, 1, 12527], [3414, -1, -1], [3415, -1, -1], [3416, -1, -1], [3417, -1, -1], [3418, 1, 12677], [3418, 1, 12877], [3418, -1, -1]]"
1752866050.9304,-40.00005838274956,12805.82104759717,12805.821381290261,12816.461685121089,15865.460891638904,"[[3419, -1, -1], [3420, -1, -1], [3421, -1, -1], [3422, -1, -1], [3423, -1, -1], [3424, -1, -1], [3425, -1, -1], [3426, -1, -1], [3427, 1, 12884], [3427, 1, 13070], [3427, 1, 13202], [3427, 1, 13818], [3427, 1, 14007], [3427, -1, -1], [3428, -1, -1], [3429, -1, -1]]"
1752866051.0405,-38.00005805492401,12805.821115546281,12805.821381290261,12816.461687352501,15865.460891638904,"[[3430, 1, 9680], [3430, 1, 9714], [3430, 1, 9910], [3430, -1, -1], [3431, 1, 12084], [3431, 1, 12287], [3431, -1, -1], [3432, 1, 9928], [3432, 1, 10131], [3432, 1, 10470], [3432, 1, 10668], [3432, -1, -1], [3433, -1, -1], [3434, -1, -1], [3435, 1, 10496], [3435, 1, 10684], [3435, -1, -1], [3436, -1, -1], [3437, 1, 10855], [3437, 1, 11040], [3437, -1, -1], [3438, -1, -1], [3439, -1, -1], [3440, -1, -1]]"
1752866051.1514,-36.000057727098465,12805.821115546281,12805.821371448368,12816.461687352501,15865.460891638904,"[[3441, -1, -1], [3442, -1, -1], [3443, 1, 9617], [3443, 1, 9655], [3443, 1, 9847], [3443, -1, -1], [3444, -1, -1], [3445, -1, -1], [3446, 1, 9470], [3446, 1, 9659], [3446, -1, -1], [3447, -1, -1], [3448, -1, -1], [3449, -1, -1], [3450, -1, -1], [3451, 1, 11356], [3451, 1, 11525], [3451, 1, 11876], [3451, -1, -1]]"
1752866051.2615,-34.00005739927292,12805.821120927034,12805.821371448368,12816.461686353294,15865.460891638904,"[[3452, -1, -1], [3453, 1, 11732], [3453, 1, 11936], [3453, -1, -1], [3454, 1, 9944], [3454, 1, 9979], [3454, 1, 10174], [3454, -1, -1], [3455, 1, 11424], [3455, 1, 11627], [3455, 1, 11784], [3455, -1, -1], [3456, 1, 8805], [3456, 1, 8990], [3456, -1, -1], [3457, -1, -1], [3458, 1, 11435], [3458, 1, 11638], [3458, -1, -1], [3459, -1, -1], [3460, -1, -1], [3461, 1, 11061], [3461, 1, 11086], [3461, 1, 11249], [3461, 1, 11277], [3461, 1, 11308], [3461, 1, 11340], [3461, 1, 11543], [3461, -1, -1], [3462, 1, 13185], [3462, 1, 13369], [3462, -1, -1]]"
1752866051.3705,-32.00005707144737,12805.821120927034,12805.82138263977,12816.461686353294,15865.460891638904,"[[3463, -1, -1], [3464, 1, 11116], [3464, 1, 11318], [3464, -1, -1], [3465, -1, -1], [3466, -1, -1], [3467, -1, -1], [3468, -1, -1], [3469, -1, -1], [3470, 1, 9596], [3470, 1, 9795], [3470, 1, 9932], [3470, 1, 9968], [3470, 1, 10163], [3470, -1, -1], [3471, -1, -1], [3472, -1, -1], [3473, -1, -1]]"
1752866051.4804,-30.000056743621826,12805.821121077257,12805.82138263977,12816.46168129503,15865.460891638904,"[[3474, 1, 10022], [3474, 1, 10221], [3474, 1, 10581], [3474, 1, 10780], [3474, 1, 11066], [3474, -1, -1], [3475, -1, -1], [3476, 1, 10347], [3476, 1, 10531], [3476, -1, -1], [3477, 1, 9463], [3477, 1, 9499], [3477, 1, 9693], [3477, -1, -1], [3478, -1, -1], [3479, 1, 10047], [3479, 1, 10081], [3479, 1, 10276], [3479, 1, 11187], [3479, -1, -1], [3480, -1, -1], [3481, 1, 11914], [3481, 1, 12113], [3481, -1, -1], [3482, 1, 10646], [3482, 1, 10815], [3482, -1, -1], [3483, 1, 13402], [3483, 1, 13437], [3483, 1, 13633], [3483, -1, -1], [3484, -1, -1]]"
1752866051.5915,-28.00005641579628,12805.821121077257,12805.821368875406,12816.46168129503,15865.460891638904,"[[3485, -1, -1], [3486, -1, -1], [3487, -1, -1], [3488, 1, 9539], [3488, 1, 9724], [3488, -1, -1], [3489, 1, 12222], [3489, 1, 12421], [3489, -1, -1], [3490, 1, 14240], [3490, 1, 14444], [3490, -1, -1], [3491, -1, -1], [3492, 1, 11533], [3492, 1, 11732], [3492, -1, -1], [3493, -1, -1], [3494, -1, -1], [3495, 1, 11579], [3495, 1, 11766], [3495, -1, -1]]"
1752866051.7014,-26.000056087970734,12805.821048723416,12805.821368875406,12816.461690253034,15865.460891638904,"[[3496, 1, 9300], [3496, 1, 9337], [3496, 1, 9530], [3496, 1, 12440], [3496, 1, 12475], [3496, 1, 12671], [3496, -1, -1], [3497, 1, 12775], [3497, 1, 12974], [3497, 1, 13316], [3497, -1, -1], [3498, 1, 9359], [3498, 1, 9559], [3498, 1, 11440], [3498, 1, 11625], [3498, -1, -1], [3499, -1, -1], [3500, 1, 10705], [3500, 1, 10739], [3500, 1, 10935], [3500, -1, -1], [3501, 1, 10645], [3501, 1, 10845], [3501, -1, -1], [3502, 1, 11934], [3502, 1, 12133], [3502, -1, -1], [3503, 1, 11260], [3503, 1, 11463], [3503, -1, -1], [3504, 1, 12251], [3504, 1, 12450], [3504, 1, 12603], [3504, -1, -1], [3505, 1, 10164], [3505, 1, 11476], [3505, 1, 11511], [3505, 1, 11706], [3505, -1, -1], [3506, -1, -1]]"
1752866051.8115,-24.000055760145187,12805.82105511644,12805.821380448418,12816.461690253034,15865.460891638904,"[[3507, -1, -1], [3508, 1, 9169], [3508, 1, 9369], [3508, 1, 10120], [3508, 1, 10254], [3508, 1, 10439], [3508, -1, -1], [3509, 1, 9836], [3509, 1, 9878], [3509, 1, 9986], [3509, 1, 10044], [3509, 1, 10174], [3509, 1, 10682], [3509, 1, 10884], [3509, 1, 11080], [3509, 1, 12402], [3509, 1, 12610], [3509, -1, -1], [3510, -1, -1], [3511, 1, 9885], [3511, 1, 10071], [3511, 1, 10227], [3511, 1, 10429], [3511, -1, -1], [3512, 1, 12710], [3512, 1, 12899], [3512, -1, -1], [3513, -1, -1], [3514, 1, 10744], [3514, 1, 10779], [3514, 1, 10976], [3514, 1, 12136], [3514, 1, 12321], [3514, 1, 13932], [3514, 1, 14131], [3514, 1, 15030], [3514, -1, -1], [3515, -1, -1], [3516, 1, 5616], [3516, 1, 5801], [3516, 1, 9650], [3516, 1, 9684], [3516, 1, 9880], [3516, 1, 11865], [3516, 1, 12065], [3516, 1, 14570], [3516, 1, 14769], [3516, -1, -1], [3517, 1, 10601], [3517, 1, 10786], [3517, -1, -1]]"
1752866051.9214,-22.00005543231964,12805.82105511644,12805.821380448418,12816.461687800658,15865.460891638904,"[[3518, 1, 10216], [3518, 1, 10402], [3518, -1, -1], [3519, -1, -1], [3520, 1, 10467], [3520, 1, 10503], [3520, 1, 10699], [3520, 1, 11141], [3520, 1, 11341], [3520, -1, -1], [3521, -1, -1], [3522, 1, 8850], [3522, 1, 8884], [3522, 1, 9080], [3522, 1, 10183], [3522, 1, 10387], [3522, 1, 11138], [3522, 1, 11346], [3522, -1, -1], [3523, 1, 7832], [3523, 1, 8020], [3523, 1, 10282], [3523, 1, 10467], [3523, -1, -1], [3524, -1, -1], [3525, 1, 10230], [3525, 1, 10269], [3525, 1, 10474], [3525, 1, 10661], [3525, 1, 10701], [3525, 1, 10891], [3525, -1, -1], [3526, 1, 8622], [3526, 1, 8809], [3526, -1, -1], [3527, -1, -1], [3528, 1, 10074], [3528, 1, 10277], [3528, -1, -1]]"
1752866052.0314,-20.000055104494095,12805.82110286009,12805.821372532799,12816.461687800658,15865.460891638904,"[[3529, 1, 10501], [3529, 1, 10538], [3529, 1, 10730], [3529, -1, -1], [3530, 1, 10643], [3530, 1, 10829], [3530, 1, 11385], [3530, 1, 11585], [3530, 1, 11759], [3530, -1, -1], [3531, 1, 10509], [3531, 1, 10679], [3531, 1, 10712], [3531, 1, 10908], [3531, -1, -1], [3532, 1, 11418], [3532, 1, 11618], [3532, 1, 11909], [3532, -1, -1], [3533, 1, 12482], [3533, 1, 12667], [3533, -1, -1], [3534, -1, -1], [3535, -1, -1], [3536, 1, 10192], [3536, 1, 10377], [3536, 1, 10628], [3536, 1, 10742], [3536, 1, 11762], [3536, 1, 11970], [3536, -1, -1], [3537, -1, -1], [3538, 1, 9805], [3538, 1, 9841], [3538, 1, 10035], [3538, -1, -1], [3539, 1, 11993], [3539, 1, 12145], [3539, -1, -1]]"
1752866052.1419,-18.00005477666855,12805.82110286009,12805.821372532799,12816.46168423112,15865.460891638904,"[[3540, -1, -1], [3541, -1, -1], [3542, 1, 9404], [3542, 1, 9586], [3542, -1, -1], [3543, 1, 10849], [3543, 1, 11079], [3543, 1, 12856], [3543, 1, 13054], [3543, -1, -1], [3544, -1, -1], [3545, 1, 11134], [3545, 1, 11247], [3545, 1, 11450], [3545, 1, 14112], [3545, 1, 14315], [3545, -1, -1], [3546, 1, 9511], [3546, 1, 9710], [3546, 1, 10556], [3546, 1, 10988], [3546, 1, 11172], [3546, 1, 11345], [3546, 1, 11548], [3546, -1, -1], [3547, -1, -1], [3548, 1, 265173], [3548, 1, 265360], [3548, -1, -1], [3549, 1, 10468], [3549, 1, 10654], [3549, 1, 11868], [3549, 1, 12071], [3549, -1, -1], [3550, -1, -1]]"
1752866052.252,-16.000054448843002,12805.82116983617,12805.821417455158,12816.46168423112,15865.460891638904,"[[3552, -1, -1], [3553, 1, 11639], [3553, 1, 11864], [3553, 1, 12067], [3553, 1, 12189], [3553, 1, 12960], [3553, 1, 13150], [3553, -1, -1], [3554, 1, 10530], [3554, 1, 10730], [3554, 1, 10902], [3554, -1, -1], [3555, -1, -1], [3556, -1, -1], [3557, -1, -1], [3558, -1, -1], [3559, -1, -1], [3560, 1, 8631], [3560, 1, 8819], [3560, 1, 10038], [3560, 1, 10237], [3560, 1, 11120], [3560, 1, 11158], [3560, 1, 11348], [3560, 1, 11552], [3560, -1, -1], [3561, 1, 12166], [3561, 1, 13131], [3561, 1, 13331], [3561, 1, 13536], [3561, -1, -1]]"
1752866052.3619,-14.000054121017456,12805.82116983617,12805.821417455158,12816.461683542499,15865.460891638904,"[[3563, 1, 9701], [3563, 1, 9831], [3563, 1, 9877], [3563, 1, 10066], [3563, 1, 10246], [3563, 1, 10827], [3563, 1, 11026], [3563, 1, 12189], [3563, 1, 12396], [3563, -1, -1], [3564, -1, -1], [3565, 1, 20934], [3565, 1, 21120], [3565, -1, -1], [3566, 1, 9445], [3566, 1, 9480], [3566, 1, 9676], [3566, 1, 12947], [3566, 1, 13146], [3566, -1, -1], [3567, -1, -1], [3568, -1, -1], [3569, 1, 10208], [3569, 1, 10396], [3569, -1, -1], [3570, 1, 11040], [3570, 1, 11243], [3570, -1, -1], [3571, 1, 10177], [3571, 1, 10295], [3571, 1, 10362], [3571, 1, 10479], [3571, 1, 269389], [3571, -1, -1], [3572, 1, 9636], [3572, 1, 9836], [3572, 1, 10009], [3572, 1, 11904], [3572, 1, 12113], [3572, -1, -1]]"
1752866052.4719,-12.00005379319191,12805.821144271891,12805.821398331944,12816.461683542499,15865.460891638904,"[[3574, 1, 10833], [3574, 1, 11035], [3574, -1, -1], [3575, 1, 10479], [3575, 1, 10682], [3575, 1, 11166], [3575, -1, -1], [3576, 1, 13067], [3576, 1, 13270], [3576, 1, 14324], [3576, -1, -1], [3577, 1, 6003], [3577, 1, 6050], [3577, 1, 6234], [3577, 1, 10293], [3577, 1, 10340], [3577, 1, 10527], [3577, -1, -1], [3578, -1, -1], [3579, 1, 11149], [3579, 1, 11348], [3579, 1, 11452], [3579, -1, -1], [3580, -1, -1], [3581, 1, 10192], [3581, 1, 10378], [3581, 1, 11347], [3581, 1, 11536], [3581, 1, 11924], [3581, 1, 12115], [3581, 1, 14856], [3581, 1, 15040], [3581, -1, -1], [3582, 1, 9005], [3582, 1, 9040], [3582, 1, 9235], [3582, -1, -1], [3583, 1, 9114], [3583, 1, 9317], [3583, 1, 10817], [3583, 1, 10897], [3583, 1, 11004], [3583, 1, 11100], [3583, -1, -1]]"
1752866052.5826,-10.000053465366364,12805.821144271891,12805.821398331944,12816.461691487773,15865.460891638904,"[[3585, 1, 9833], [3585, 1, 10021], [3585, 1, 12017], [3585, 1, 12054], [3585, 1, 12249], [3585, 1, 13025], [3585, 1, 13224], [3585, 1, 13514], [3585, -1, -1], [3586, 1, 10721], [3586, 1, 10755], [3586, 1, 10950], [3586, 1, 11526], [3586, 1, 11728], [3586, -1, -1], [3587, 1, 10992], [3587, 1, 11179], [3587, 1, 11700], [3587, 1, 11885], [3587, -1, -1], [3588, 1, 12527], [3588, 1, 12726], [3588, -1, -1], [3589, 1, 10685], [3589, 1, 10722], [3589, 1, 10915], [3589, -1, -1], [3590, 1, 9791], [3590, 1, 9994], [3590, 1, 10936], [3590, 1, 11124], [3590, 1, 11672], [3590, 1, 11707], [3590, 1, 11903], [3590, -1, -1], [3591, 1, 9974], [3591, 1, 10205], [3591, -1, -1], [3592, -1, -1], [3593, 1, 11765], [3593, 1, 11819], [3593, 1, 11967], [3593, 1, 12023], [3593, 1, 12537], [3593, 1, 12727], [3593, -1, -1], [3594, 1, 9981], [3594, 1, 10011], [3594, 1, 10211], [3594, -1, -1]]"
1752866052.6934,-8.000053603202105,12805.821088411376,12805.8214003934,12816.461691487773,15865.460891638904,"[[3596, 1, 7099], [3596, 1, 7136], [3596, 1, 7329], [3596, 1, 12615], [3596, 1, 12815], [3596, -1, -1], [3597, 1, 13334], [3597, 1, 13522], [3597, -1, -1], [3598, 1, 9407], [3598, 1, 9441], [3598, 1, 9637], [3598, -1, -1], [3599, 1, 10224], [3599, 1, 10426], [3599, 1, 10633], [3599, -1, -1], [3600, 1, 9886], [3600, 1, 10085], [3600, 1, 12952], [3600, 1, 13137], [3600, -1, -1], [3601, 1, 12410], [3601, 1, 12595], [3601, 1, 12759], [3601, -1, -1], [3602, 1, 9514], [3602, 1, 9548], [3602, 1, 9744], [3602, 1, 10632], [3602, 1, 10858], [3602, 1, 10994], [3602, 1, 11060], [3602, 1, 11259], [3602, 1, 11447], [3602, -1, -1], [3603, 1, 12513], [3603, 1, 12716], [3603, 1, 12853], [3603, 1, 12931], [3603, 1, 13135], [3603, -1, -1], [3604, -1, -1], [3605, 1, 9234], [3605, 1, 9438], [3605, 1, 9635], [3605, 1, 9808], [3605, 1, 10015], [3605, -1, -1], [3606, 1, 10249], [3606, 1, 10286], [3606, 1, 10478], [3606, 1, 12977], [3606, 1, 13177], [3606, -1, -1]]"
1752866052.8035,-6.000053741037846,12805.821088411376,12805.821399125864,12816.46168345684,15865.460891638904,"[[3607, 1, 10942], [3607, 1, 11145], [3607, 1, 11212], [3607, 1, 11652], [3607, 1, 11836], [3607, 1, 12415], [3607, 1, 12600], [3607, 1, 13275], [3607, 1, 13460], [3607, -1, -1], [3608, 1, 11276], [3608, 1, 11310], [3608, 1, 11506], [3608, -1, -1], [3609, 1, 9170], [3609, 1, 9355], [3609, 1, 10739], [3609, 1, 10909], [3609, -1, -1], [3610, 1, 10602], [3610, 1, 10632], [3610, 1, 10832], [3610, 1, 11941], [3610, 1, 12126], [3610, 1, 13284], [3610, 1, 13315], [3610, 1, 13514], [3610, 1, 13764], [3610, 1, 13804], [3610, -1, -1], [3611, 1, 8741], [3611, 1, 8944], [3611, -1, -1], [3612, 1, 8829], [3612, 1, 9013], [3612, 1, 16056], [3612, 1, 16259], [3612, -1, -1], [3613, 1, 9762], [3613, 1, 9947], [3613, -1, -1], [3614, 1, 7825], [3614, 1, 8009], [3614, 1, 9199], [3614, 1, 9407], [3614, 1, 11572], [3614, 1, 11754], [3614, 1, 12468], [3614, -1, -1], [3615, 1, 7198], [3615, 1, 7234], [3615, 1, 7429], [3615, 1, 9937], [3615, 1, 10145], [3615, 1, 10649], [3615, 1, 10852], [3615, -1, -1], [3616, 1, 8938], [3616, 1, 9124], [3616, 1, 9274], [3616, 1, 9449], [3616, 1, 11254], [3616, 1, 11458], [3616, 1, 11603], [3616, -1, -1], [3617, 1, 10519], [3617, 1, 10722], [3617, 1, 10940], [3617, 1, 11143], [3617, -1, -1]]"
1752866052.9134,-4.000053646042943,12805.821060121712,12805.821399125864,12816.46168345684,15865.460891638904,"[[3618, 1, 9161], [3618, 1, 9364], [3618, 1, 10208], [3618, 1, 10239], [3618, 1, 10438], [3618, 1, 11943], [3618, 1, 12151], [3618, -1, -1], [3619, 1, 9120], [3619, 1, 9154], [3619, 1, 9350], [3619, 1, 9421], [3619, 1, 9855], [3619, -1, -1], [3620, 1, 10951], [3620, 1, 11154], [3620, -1, -1], [3621, 1, 11678], [3621, 1, 11878], [3621, 1, 12089], [3621, -1, -1], [3622, 1, 9836], [3622, 1, 10035], [3622, 1, 14451], [3622, 1, 14651], [3622, -1, -1], [3623, 1, 10241], [3623, 1, 10428], [3623, 1, 10542], [3623, 1, 10742], [3623, -1, -1], [3624, 1, 10316], [3624, 1, 10501], [3624, 1, 10839], [3624, 1, 11292], [3624, 1, 11398], [3624, 1, 11601], [3624, 1, 11898], [3624, 1, 12082], [3624, 1, 13779], [3624, 1, 13982], [3624, -1, -1], [3625, 1, 10865], [3625, 1, 11050], [3625, 1, 11960], [3625, 1, 12150], [3625, -1, -1], [3626, 1, 11292], [3626, 1, 11474], [3626, 1, 14402], [3626, 1, 14601], [3626, -1, -1], [3627, 1, 13021], [3627, 1, 13206], [3627, -1, -1], [3628, 1, 9456], [3628, 1, 9491], [3628, 1, 9687], [3628, 1, 10132], [3628, 1, 10316], [3628, -1, -1]]"
1752866053.0234,-2.0000536460440514,12805.821060121712,12805.8213917406,12816.46168342096,15865.460891638904,"[[3629, 1, 9654], [3629, 1, 9856], [3629, 1, 13534], [3629, 1, 13718], [3629, -1, -1], [3630, 1, 9659], [3630, 1, 9858], [3630, 1, 10285], [3630, 1, 10489], [3630, -1, -1], [3631, 1, 9820], [3631, 1, 10005], [3631, 1, 10290], [3631, 1, 10325], [3631, 1, 10520], [3631, 1, 10626], [3631, 1, 10663], [3631, 1, 10856], [3631, 1, 11719], [3631, 1, 11902], [3631, -1, -1], [3632, 1, 9850], [3632, 1, 9892], [3632, 1, 10097], [3632, 1, 10208], [3632, 1, 10377], [3632, 1, 10505], [3632, 1, 10704], [3632, 1, 12389], [3632, 1, 12592], [3632, 1, 13332], [3632, 1, 13532], [3632, -1, -1], [3633, 1, 11792], [3633, 1, 11828], [3633, 1, 12024], [3633, -1, -1], [3634, 1, 11712], [3634, 1, 11897], [3634, 1, 13930], [3634, 1, 14112], [3634, -1, -1], [3635, 1, 9233], [3635, 1, 9267], [3635, 1, 9463], [3635, 1, 9510], [3635, 1, 10048], [3635, 1, 10232], [3635, 1, 10702], [3635, 1, 10887], [3635, 1, 11829], [3635, 1, 12029], [3635, 1, 12378], [3635, -1, -1], [3636, 1, 9721], [3636, 1, 9755], [3636, 1, 9951], [3636, 1, 10145], [3636, 1, 10353], [3636, -1, -1], [3637, 1, 8804], [3637, 1, 8989], [3637, 1, 11630], [3637, 1, 11814], [3637, 1, 11926], [3637, 1, 12134], [3637, 1, 12259], [3637, 1, 12447], [3637, 1, 12572], [3637, 1, 12802], [3637, 1, 12952], [3637, -1, -1], [3638, 1, 11518], [3638, 1, 11703], [3638, 1, 12522], [3638, 1, 12706], [3638, 1, 13131], [3638, 1, 13165], [3638, 1, 13361], [3638, -1, -1], [3639, 1, 9342], [3639, 1, 9528], [3639, 1, 9668], [3639, 1, 9702], [3639, 1, 9892], [3639, 1, 10890], [3639, 1, 10936], [3639, 1, 11139], [3639, 1, 11327], [3639, 1, 11561], [3639, 1, 11596], [3639, 1, 11793], [3639, -1, -1]]"
1752866053.1345,-5.368888378147474e-05,12805.821114307739,12805.8213917406,12816.46168342096,15865.460891638904,"[[3640, 1, 6882], [3640, 1, 7069], [3640, 1, 10851], [3640, 1, 11036], [3640, -1, -1], [3641, 1, 6563], [3641, 1, 6749], [3641, 1, 9697], [3641, 1, 9901], [3641, 1, 10693], [3641, 1, 10901], [3641, 1, 11005], [3641, 1, 11204], [3641, -1, -1], [3642, 1, 11532], [3642, 1, 11735], [3642, -1, -1], [3643, 1, 9108], [3643, 1, 9311], [3643, 1, 11634], [3643, 1, 11837], [3643, 1, 12560], [3643, 1, 12749], [3643, -1, -1], [3644, 1, 9238], [3644, 1, 9268], [3644, 1, 9467], [3644, 1, 9780], [3644, 1, 9982], [3644, 1, 10874], [3644, 1, 11058], [3644, 1, 11269], [3644, 1, 11429], [3644, 1, 11457], [3644, 1, 12021], [3644, 1, 12221], [3644, 1, 12419], [3644, 1, 12606], [3644, -1, -1], [3645, 1, 9003], [3645, 1, 9186], [3645, 1, 9503], [3645, 1, 9686], [3645, 1, 9824], [3645, 1, 9857], [3645, 1, 10020], [3645, 1, 10058], [3645, 1, 10249], [3645, 1, 10770], [3645, 1, 10969], [3645, 1, 13026], [3645, 1, 13234], [3645, -1, -1], [3646, 1, 10366], [3646, 1, 10406], [3646, 1, 10597], [3646, 1, 10740], [3646, 1, 10959], [3646, 1, 11418], [3646, 1, 11602], [3646, 1, 11890], [3646, 1, 12089], [3646, 1, 12926], [3646, 1, 13116], [3646, -1, -1], [3647, 1, 10499], [3647, 1, 10533], [3647, 1, 10652], [3647, 1, 10729], [3647, 1, 10800], [3647, 1, 10976], [3647, 1, 10997], [3647, 1, 11196], [3647, 1, 11391], [3647, 1, 12340], [3647, 1, 12368], [3647, 1, 12418], [3647, 1, 12570], [3647, 1, 13479], [3647, -1, -1], [3648, 1, 8830], [3648, 1, 9029], [3648, 1, 10529], [3648, 1, 10717], [3648, 1, 10941], [3648, 1, 11010], [3648, 1, 11140], [3648, 1, 11312], [3648, -1, -1], [3649, 1, 10208], [3649, 1, 10393], [3649, 1, 10618], [3649, 1, 10653], [3649, 1, 10820], [3649, 1, 10854], [3649, 1, 11051], [3649, 1, 11480], [3649, 1, 11664], [3649, -1, -1], [3650, 1, 10461], [3650, 1, 10495], [3650, 1, 10691], [3650, 1, 11310], [3650, 1, 11509], [3650, 1, 11869], [3650, 1, 12059], [3650, -1, -1]]"
1752866053.2444,1.9999461732804775,12805.821114307739,12805.821397732825,12816.461679504195,15865.460891638904,"[[3651, 1, 4127], [3651, 1, 4330], [3651, 1, 10176], [3651, 1, 10937], [3651, 1, 11120], [3651, 1, 11402], [3651, 1, 13980], [3651, 1, 14179], [3651, 1, 14659], [3651, -1, -1], [3652, 1, 13541], [3652, 1, 13744], [3652, 1, 150680], [3652, 1, 150865], [3652, -1, -1], [3653, 1, 10258], [3653, 1, 10441], [3653, 1, 10599], [3653, 1, 10784], [3653, -1, -1], [3654, 1, 10397], [3654, 1, 10596], [3654, 1, 10738], [3654, 1, 10937], [3654, 1, 11358], [3654, -1, -1], [3655, 1, 11035], [3655, 1, 11234], [3655, -1, -1], [3656, 1, 9966], [3656, 1, 10164], [3656, 1, 10344], [3656, 1, 10558], [3656, 1, 10740], [3656, 1, 11027], [3656, 1, 11216], [3656, 1, 11532], [3656, 1, 11735], [3656, -1, -1], [3657, 1, 10283], [3657, 1, 10515], [3657, 1, 10742], [3657, 1, 10932], [3657, 1, 11026], [3657, -1, -1], [3658, 1, 10847], [3658, 1, 11046], [3658, 1, 12709], [3658, 1, 12912], [3658, 1, 14293], [3658, 1, 14495], [3658, 1, 14569], [3658, -1, -1], [3659, 1, 10369], [3659, 1, 10402], [3659, 1, 10599], [3659, -1, -1], [3660, 1, 9573], [3660, 1, 9730], [3660, 1, 9757], [3660, 1, 9940], [3660, 1, 9976], [3660, 1, 10172], [3660, -1, -1], [3661, 1, 12004], [3661, 1, 12207], [3661, 1, 12771], [3661, 1, 12955], [3661, 1, 13059], [3661, 1, 13267], [3661, 1, 13789], [3661, -1, -1]]"
1752866053.3545,3.9999460354447365,12805.821174070497,12805.821397732825,12816.461687827128,15865.460891638904,"[[3662, 1, 9678], [3662, 1, 9776], [3662, 1, 9867], [3662, 1, 10080], [3662, 1, 10466], [3662, 1, 10652], [3662, 1, 11089], [3662, 1, 11127], [3662, 1, 11324], [3662, 1, 11482], [3662, -1, -1], [3663, 1, 12233], [3663, 1, 12433], [3663, -1, -1], [3664, 1, 9969], [3664, 1, 10168], [3664, 1, 10281], [3664, 1, 10395], [3664, 1, 10468], [3664, 1, 10668], [3664, 1, 12444], [3664, 1, 12633], [3664, -1, -1], [3665, 1, 10740], [3665, 1, 10944], [3665, 1, 12135], [3665, 1, 12338], [3665, -1, -1], [3666, 1, 9481], [3666, 1, 9565], [3666, 1, 9680], [3666, 1, 9763], [3666, 1, 12555], [3666, 1, 12595], [3666, 1, 12793], [3666, 1, 12856], [3666, 1, 12993], [3666, 1, 13201], [3666, -1, -1], [3667, 1, 9264], [3667, 1, 9463], [3667, 1, 9950], [3667, 1, 10154], [3667, 1, 11908], [3667, 1, 12095], [3667, -1, -1], [3668, 1, 9470], [3668, 1, 9651], [3668, 1, 9667], [3668, 1, 9785], [3668, 1, 9869], [3668, 1, 9999], [3668, 1, 10033], [3668, 1, 10234], [3668, 1, 10400], [3668, -1, -1], [3669, 1, 9319], [3669, 1, 9523], [3669, 1, 9641], [3669, 1, 10079], [3669, 1, 10112], [3669, 1, 10308], [3669, 1, 10773], [3669, 1, 11370], [3669, 1, 11401], [3669, 1, 11600], [3669, -1, -1], [3670, 1, 10207], [3670, 1, 10394], [3670, -1, -1], [3671, 1, 8995], [3671, 1, 9181], [3671, 1, 9477], [3671, 1, 9674], [3671, 1, 9882], [3671, 1, 11710], [3671, 1, 11755], [3671, 1, 11945], [3671, 1, 12299], [3671, 1, 12337], [3671, 1, 12530], [3671, -1, -1], [3672, 1, 9016], [3672, 1, 9052], [3672, 1, 9247], [3672, 1, 9543], [3672, 1, 9742], [3672, 1, 12507], [3672, 1, 12716], [3672, -1, -1]]"
1752866053.4644,5.999946363270283,12805.821174070497,12805.821397031195,12816.461687827128,15865.460891638904,"[[3673, 1, 9352], [3673, 1, 9399], [3673, 1, 9584], [3673, 1, 11312], [3673, 1, 11496], [3673, 1, 11806], [3673, 1, 12073], [3673, 1, 12311], [3673, 1, 12510], [3673, 1, 12536], [3673, 1, 12742], [3673, 1, 13003], [3673, 1, 13206], [3673, 1, 14474], [3673, -1, -1], [3674, 1, 12028], [3674, 1, 12232], [3674, -1, -1], [3675, 1, 11224], [3675, 1, 11426], [3675, 1, 11647], [3675, 1, 11875], [3675, 1, 12063], [3675, 1, 12112], [3675, -1, -1], [3676, 1, 11747], [3676, 1, 11945], [3676, -1, -1], [3677, 1, 10492], [3677, 1, 10692], [3677, 1, 11327], [3677, 1, 11448], [3677, 1, 11526], [3677, 1, 11652], [3677, 1, 11765], [3677, 1, 12001], [3677, 1, 12185], [3677, 1, 13887], [3677, 1, 13918], [3677, 1, 13952], [3677, 1, 14074], [3677, 1, 14149], [3677, 1, 14233], [3677, 1, 14261], [3677, 1, 14400], [3677, 1, 14587], [3677, -1, -1], [3678, 1, 10796], [3678, 1, 10835], [3678, 1, 10900], [3678, 1, 11028], [3678, 1, 11912], [3678, 1, 12095], [3678, 1, 12386], [3678, 1, 13856], [3678, 1, 14044], [3678, -1, -1], [3679, 1, 10718], [3679, 1, 10758], [3679, 1, 10949], [3679, 1, 11143], [3679, 1, 11346], [3679, -1, -1], [3680, 1, 11635], [3680, 1, 11822], [3680, 1, 15503], [3680, 1, 15706], [3680, -1, -1], [3681, 1, 11057], [3681, -1, -1], [3682, 1, 10805], [3682, 1, 10955], [3682, 1, 11185], [3682, 1, 11333], [3682, 1, 11480], [3682, 1, 11543], [3682, 1, 11713], [3682, 1, 11853], [3682, 1, 11965], [3682, 1, 12168], [3682, -1, -1], [3683, 1, 13760], [3683, 1, 13963], [3683, -1, -1]]"
1752866053.5744,7.999946691095829,12805.821140522688,12805.821397031195,12816.461685295286,15865.460891638904,"[[3684, 1, 10444], [3684, 1, 10655], [3684, 1, 10778], [3684, 1, 10857], [3684, 1, 10960], [3684, 1, 11108], [3684, 1, 11335], [3684, 1, 11370], [3684, 1, 11568], [3684, 1, 11850], [3684, 1, 11999], [3684, 1, 12199], [3684, 1, 12462], [3684, -1, -1], [3685, -1, -1], [3686, 1, 10128], [3686, 1, 10329], [3686, 1, 10527], [3686, 1, 10933], [3686, 1, 11002], [3686, 1, 11134], [3686, 1, 11190], [3686, 1, 11340], [3686, 1, 11543], [3686, 1, 12119], [3686, 1, 12687], [3686, -1, -1], [3687, 1, 10280], [3687, 1, 10479], [3687, 1, 10785], [3687, 1, 10816], [3687, 1, 11006], [3687, 1, 11054], [3687, 1, 13773], [3687, 1, 13972], [3687, -1, -1], [3688, 1, 10209], [3688, 1, 10248], [3688, 1, 10441], [3688, 1, 10530], [3688, 1, 10635], [3688, 1, 10890], [3688, 1, 11130], [3688, 1, 11319], [3688, -1, -1], [3689, 1, 10142], [3689, 1, 10329], [3689, 1, 10881], [3689, 1, 10919], [3689, 1, 11111], [3689, -1, -1], [3690, 1, 12686], [3690, 1, 12886], [3690, 1, 13808], [3690, 1, 13997], [3690, -1, -1], [3691, 1, 10055], [3691, 1, 10090], [3691, 1, 10184], [3691, 1, 10285], [3691, 1, 10398], [3691, 1, 10806], [3691, 1, 11006], [3691, 1, 13035], [3691, 1, 13220], [3691, 1, 13424], [3691, 1, 13593], [3691, -1, -1], [3692, 1, 9925], [3692, 1, 9965], [3692, 1, 10118], [3692, 1, 10154], [3692, 1, 10352], [3692, 1, 10540], [3692, 1, 10704], [3692, 1, 10892], [3692, 1, 10981], [3692, 1, 11183], [3692, 1, 12901], [3692, 1, 13108], [3692, -1, -1], [3693, 1, 9743], [3693, 1, 9782], [3693, 1, 9973], [3693, -1, -1], [3694, 1, 9831], [3694, 1, 10017], [3694, 1, 10083], [3694, 1, 10267], [3694, 1, 10985], [3694, 1, 11019], [3694, 1, 11214], [3694, 1, 11534], [3694, -1, -1]]"
1752866053.6854,9.999947018921375,12805.821140522688,12805.82138284323,12816.461685295286,15865.460891638904,"[[3695, 1, 9725], [3695, 1, 9762], [3695, 1, 9954], [3695, 1, 10118], [3695, 1, 10192], [3695, 1, 10324], [3695, 1, 10380], [3695, 1, 10992], [3695, 1, 11200], [3695, 1, 11783], [3695, -1, -1], [3696, -1, -1], [3697, 1, 9618], [3697, 1, 9817], [3697, 1, 12595], [3697, 1, 12758], [3697, -1, -1], [3698, 1, 7252], [3698, 1, 7455], [3698, 1, 7835], [3698, 1, 8024], [3698, -1, -1], [3699, -1, -1], [3700, 1, 9848], [3700, 1, 9925], [3700, 1, 10112], [3700, 1, 10141], [3700, 1, 10345], [3700, 1, 12710], [3700, 1, 12918], [3700, -1, -1], [3701, 1, 9933], [3701, 1, 10136], [3701, 1, 12688], [3701, 1, 12870], [3701, 1, 13029], [3701, -1, -1], [3702, 1, 12034], [3702, 1, 12236], [3702, 1, 12885], [3702, 1, 13092], [3702, -1, -1], [3703, 1, 11725], [3703, 1, 11783], [3703, 1, 11923], [3703, 1, 11972], [3703, 1, 12134], [3703, 1, 12701], [3703, 1, 12736], [3703, 1, 12931], [3703, 1, 13123], [3703, -1, -1], [3704, 1, 11665], [3704, 1, 11865], [3704, 1, 12009], [3704, 1, 12048], [3704, 1, 12239], [3704, 1, 12431], [3704, 1, 12459], [3704, 1, 12663], [3704, -1, -1], [3705, 1, 9388], [3705, 1, 9586], [3705, 1, 12040], [3705, 1, 12074], [3705, 1, 12242], [3705, 1, 12280], [3705, 1, 12484], [3705, 1, 12878], [3705, -1, -1]]"
1752866053.7954,11.999947346746922,12805.821084849838,12805.82138284323,12816.461682957848,15865.460891638904,"[[3706, 1, 11896], [3706, 1, 11928], [3706, 1, 12128], [3706, 1, 12298], [3706, 1, 14617], [3706, 1, 14816], [3706, 1, 15147], [3706, 1, 15532], [3706, 1, 15731], [3706, -1, -1], [3707, 1, 92227], [3707, 1, 92412], [3707, 1, 92499], [3707, -1, -1], [3708, 1, 6630], [3708, 1, 6675], [3708, 1, 6866], [3708, 1, 14450], [3708, 1, 14634], [3708, -1, -1], [3709, 1, 8853], [3709, 1, 9056], [3709, -1, -1], [3710, 1, 9702], [3710, 1, 9902], [3710, 1, 9990], [3710, 1, 11068], [3710, 1, 11267], [3710, -1, -1], [3711, 1, 11170], [3711, 1, 11354], [3711, 1, 11443], [3711, 1, 11628], [3711, -1, -1], [3712, 1, 9021], [3712, 1, 9225], [3712, 1, 11205], [3712, 1, 11389], [3712, -1, -1], [3713, 1, 11278], [3713, 1, 11481], [3713, 1, 11540], [3713, 1, 11724], [3713, -1, -1], [3714, 1, 10907], [3714, 1, 11106], [3714, 1, 11279], [3714, 1, 11486], [3714, 1, 11645], [3714, 1, 11845], [3714, 1, 12121], [3714, -1, -1], [3715, 1, 10998], [3715, 1, 11034], [3715, 1, 11229], [3715, 1, 16226], [3715, 1, 16425], [3715, -1, -1], [3716, -1, -1]]"
1752866053.9054,13.999946743249893,12805.821084849838,12805.821391294008,12816.461682957848,15865.460891638904,"[[3717, 1, 11057], [3717, 1, 11099], [3717, 1, 11268], [3717, -1, -1], [3718, -1, -1], [3719, 1, 10448], [3719, 1, 10615], [3719, 1, 11113], [3719, 1, 11303], [3719, -1, -1], [3720, 1, 13423], [3720, 1, 13609], [3720, -1, -1], [3721, 1, 10289], [3721, 1, 10488], [3721, 1, 10787], [3721, -1, -1], [3722, 1, 10520], [3722, 1, 10719], [3722, -1, -1], [3723, 1, 10480], [3723, 1, 10518], [3723, 1, 10710], [3723, -1, -1], [3724, 1, 9879], [3724, 1, 10079], [3724, -1, -1], [3725, 1, 10087], [3725, 1, 10125], [3725, 1, 10317], [3725, -1, -1], [3726, 1, 10177], [3726, 1, 10381], [3726, -1, -1], [3727, -1, -1]]"
1752866054.0154,15.999947071075438,12805.821079290223,12805.821391294008,12816.461682711757,15865.460891638904,"[[3728, -1, -1], [3729, 1, 7915], [3729, 1, 8101], [3729, 1, 12881], [3729, 1, 12911], [3729, 1, 13111], [3729, -1, -1], [3730, 1, 9953], [3730, 1, 10157], [3730, 1, 12386], [3730, 1, 12585], [3730, 1, 13659], [3730, 1, 13829], [3730, 1, 14130], [3730, -1, -1], [3731, 1, 10335], [3731, 1, 10534], [3731, 1, 12979], [3731, 1, 13164], [3731, -1, -1], [3732, -1, -1], [3733, 1, 9010], [3733, 1, 9197], [3733, -1, -1], [3734, 1, 8990], [3734, 1, 12537], [3734, 1, 12725], [3734, 1, 12818], [3734, -1, -1], [3735, 1, 9441], [3735, 1, 9644], [3735, -1, -1], [3736, 1, 11619], [3736, 1, 11765], [3736, 1, 11818], [3736, 1, 11948], [3736, 1, 12193], [3736, 1, 12397], [3736, -1, -1], [3737, 1, 11340], [3737, 1, 12376], [3737, 1, 12544], [3737, 1, 12870], [3737, -1, -1], [3738, 1, 11800], [3738, -1, -1]]"
1752866054.1264,17.999947398900986,12805.821079290223,12805.821396828462,12816.461682711757,15865.460891638904,"[[3739, -1, -1], [3740, -1, -1], [3741, -1, -1], [3742, -1, -1], [3743, 1, 14244], [3743, 1, 14443], [3743, -1, -1], [3744, -1, -1], [3745, -1, -1], [3746, 1, 10480], [3746, 1, 10683], [3746, 1, 10758], [3746, 1, 10942], [3746, -1, -1], [3747, -1, -1], [3748, -1, -1], [3749, 1, 10244], [3749, 1, 10443], [3749, -1, -1]]"
1752866054.2354,19.999947726726532,12805.821105135097,12805.821396828462,12816.46168818444,15865.460891638904,"[[3750, -1, -1], [3751, -1, -1], [3752, -1, -1], [3753, -1, -1], [3754, -1, -1], [3755, -1, -1], [3756, -1, -1], [3757, 1, 9901], [3757, 1, 10100], [3757, 1, 10529], [3757, -1, -1], [3758, -1, -1], [3759, -1, -1], [3760, -1, -1]]"
1752866054.3454,21.99994805455208,12805.821172204938,12805.821393886223,12816.46168818444,15865.460891638904,"[[3761, -1, -1], [3762, -1, -1], [3763, -1, -1], [3764, -1, -1], [3765, -1, -1], [3766, -1, -1], [3767, -1, -1], [3768, -1, -1], [3769, 1, 8676], [3769, 1, 8878], [3769, -1, -1], [3770, 1, 11718], [3770, 1, 11903], [3770, 1, 12065], [3770, -1, -1], [3771, -1, -1]]"
1752866054.4555,23.999948382377625,12805.821172204938,12805.821393886223,12816.461688680409,15865.460891638904,"[[3772, -1, -1], [3773, -1, -1], [3774, 1, 10840], [3774, 1, 10871], [3774, 1, 11071], [3774, -1, -1], [3775, -1, -1], [3776, 1, 12822], [3776, 1, 13021], [3776, -1, -1], [3777, -1, -1], [3778, -1, -1], [3779, 1, 13774], [3779, 1, 13973], [3779, 1, 14052], [3779, -1, -1], [3780, 1, 10918], [3780, 1, 11118], [3780, -1, -1], [3781, -1, -1], [3782, -1, -1]]"
1752866054.5654,25.99994871020317,12805.821181854062,12805.821387654181,12816.461688680409,15865.460891638904,"[[3783, -1, -1], [3784, -1, -1], [3785, -1, -1], [3786, -1, -1], [3787, 1, 10950], [3787, 1, 11139], [3787, -1, -1], [3788, -1, -1], [3789, -1, -1], [3790, -1, -1], [3791, -1, -1], [3792, -1, -1], [3793, -1, -1]]"
1752866054.6755,27.999949038028717,12805.821181854062,12805.821387654181,12816.461685832766,15865.460891638904,"[[3794, -1, -1], [3795, -1, -1], [3796, -1, -1], [3797, -1, -1], [3798, -1, -1], [3799, -1, -1], [3800, -1, -1], [3801, -1, -1], [3802, -1, -1], [3803, -1, -1], [3804, -1, -1]]"
1752866054.7854,29.999949365854263,12805.821137074765,12805.82139359433,12816.461685832766,15865.460891638904,"[[3805, -1, -1], [3806, -1, -1], [3807, -1, -1], [3808, -1, -1], [3809, -1, -1], [3810, -1, -1], [3811, -1, -1], [3812, -1, -1], [3813, -1, -1], [3814, -1, -1], [3815, -1, -1]]"
1752866054.8954,31.99994969367981,12805.821137074765,12805.82139359433,12816.461680523684,15865.460891638904,"[[3816, -1, -1], [3817, -1, -1], [3818, -1, -1], [3819, -1, -1], [3820, 1, 10626], [3820, 1, 10813], [3820, -1, -1], [3821, -1, -1], [3822, 1, 9447], [3822, 1, 9479], [3822, 1, 9678], [3822, 1, 13060], [3822, 1, 13269], [3822, -1, -1], [3823, -1, -1], [3824, -1, -1], [3825, -1, -1], [3826, -1, -1]]"
1752866055.0044,33.999950021505356,12805.82108777933,12805.821389091609,12816.461680523684,15865.460891638904,"[[3827, -1, -1], [3828, -1, -1], [3829, -1, -1], [3830, 1, 11143], [3830, 1, 11177], [3830, 1, 11373], [3830, 1, 11537], [3830, -1, -1], [3831, -1, -1], [3832, -1, -1], [3833, -1, -1], [3834, -1, -1], [3835, -1, -1], [3836, -1, -1], [3837, -1, -1]]"
1752866055.1154,35.9999503493309,12805.82108777933,12805.821389091609,12816.461678871136,15865.460891638904,"[[3838, 1, 10457], [3838, -1, -1], [3839, -1, -1], [3840, -1, -1], [3841, -1, -1], [3842, -1, -1], [3843, -1, -1], [3844, -1, -1], [3845, -1, -1], [3846, -1, -1], [3847, -1, -1], [3848, -1, -1]]"
1752866055.2254,37.99995067715645,12805.821066710245,12805.821387082922,12816.461678871136,15865.460891638904,"[[3849, -1, -1], [3850, -1, -1], [3851, -1, -1], [3852, -1, -1], [3853, -1, -1], [3854, -1, -1], [3855, -1, -1], [3856, -1, -1], [3857, -1, -1], [3858, -1, -1], [3859, 1, 9657], [3859, 1, 9700], [3859, 1, 9889], [3859, 1, 9980], [3859, -1, -1]]"
1752866055.3344,39.999951004981995,12805.821066710245,12805.821388072818,12816.461678871136,15865.460891638904,"[[3860, -1, -1], [3861, -1, -1], [3862, -1, -1], [3863, -1, -1], [3864, -1, -1], [3865, -1, -1], [3866, -1, -1], [3867, -1, -1], [3868, -1, -1], [3869, -1, -1], [3870, -1, -1]]"
1752866055.4435,41.99995133280754,12805.821152373484,12805.821388072818,12816.461689748961,15865.460891638904,"[[3871, -1, -1], [3872, -1, -1], [3873, -1, -1], [3874, -1, -1], [3875, -1, -1], [3876, -1, -1], [3877, 1, 10903], [3877, 1, 11088], [3877, -1, -1], [3878, 1, 10886], [3878, 1, 11071], [3878, -1, -1], [3879, -1, -1], [3880, -1, -1], [3881, -1, -1]]"
1752866055.5534,43.99995166063309,12805.821152373484,12805.821395126432,12816.461689748961,15865.460891638904,"[[3882, -1, -1], [3883, -1, -1], [3884, -1, -1], [3885, -1, -1], [3886, -1, -1], [3887, -1, -1], [3888, -1, -1], [3889, -1, -1], [3890, -1, -1], [3891, -1, -1], [3892, -1, -1]]"
1752866055.6634,45.99995198845863,12805.821165777794,12805.821395126432,12816.461683395108,15865.460891638904,"[[3893, -1, -1], [3894, -1, -1], [3895, -1, -1], [3896, -1, -1], [3897, -1, -1], [3898, -1, -1], [3899, -1, -1], [3900, -1, -1], [3901, -1, -1], [3902, -1, -1], [3903, -1, -1]]"
1752866055.7734,47.99995231628418,12805.821165777794,12805.821391303058,12816.461683395108,15865.460891638904,"[[3904, -1, -1], [3905, -1, -1], [3906, -1, -1], [3907, -1, -1], [3908, -1, -1], [3909, 1, 18844], [3909, -1, -1], [3910, -1, -1], [3911, -1, -1], [3912, -1, -1], [3913, -1, -1], [3914, -1, -1]]"
1752866055.8834,49.999952644109726,12805.821164901134,12805.821391303058,12816.461692538684,15865.460891638904,"[[3915, -1, -1], [3916, -1, -1], [3917, -1, -1], [3918, 1, 10175], [3918, 1, 10205], [3918, 1, 10405], [3918, 1, 10506], [3918, 1, 10608], [3918, 1, 10748], [3918, -1, -1], [3919, -1, -1], [3920, -1, -1], [3921, -1, -1], [3922, -1, -1], [3923, -1, -1], [3924, -1, -1], [3925, -1, -1]]"
1752866055.9934,51.99995297193527,12805.821164901134,12805.82138716718,12816.461692538684,15865.460891638904,"[[3926, -1, -1], [3927, -1, -1], [3928, 1, 11244], [3928, 1, 11447], [3928, -1, -1], [3929, -1, -1], [3930, -1, -1], [3931, -1, -1], [3932, -1, -1], [3933, -1, -1], [3934, -1, -1], [3935, -1, -1], [3936, 1, 11365], [3936, 1, 11529], [3936, -1, -1]]"
1752866056.1044,53.99995329976082,12805.821085455029,12805.82138716718,12816.461688177918,15865.460891638904,"[[3937, -1, -1], [3938, -1, -1], [3939, -1, -1], [3940, -1, -1], [3941, -1, -1], [3942, -1, -1], [3943, -1, -1], [3944, -1, -1], [3945, -1, -1], [3946, -1, -1], [3947, -1, -1]]"
1752866056.2144,55.999953627586365,12805.82110106206,12805.821393031618,12816.461688177918,15865.460891638904,"[[3948, -1, -1], [3949, -1, -1], [3950, -1, -1], [3951, -1, -1], [3952, -1, -1], [3953, -1, -1], [3954, -1, -1], [3955, -1, -1], [3956, -1, -1], [3957, -1, -1], [3958, -1, -1]]"
1752866056.3254,57.99995395541191,12805.82110106206,12805.821393031618,12816.461683385214,15865.460891638904,"[[3959, -1, -1], [3960, -1, -1], [3961, -1, -1], [3962, -1, -1], [3963, -1, -1], [3964, -1, -1], [3965, -1, -1], [3966, -1, -1], [3967, 1, 8308], [3967, 1, 8494], [3967, -1, -1], [3968, -1, -1], [3969, -1, -1]]"
1752866056.4354,59.99995428323746,12805.821105525736,12805.821379854626,12816.461683385214,15865.460891638904,"[[3970, -1, -1], [3971, -1, -1], [3972, -1, -1], [3973, -1, -1], [3974, -1, -1], [3975, -1, -1], [3976, -1, -1], [3977, -1, -1], [3978, -1, -1], [3979, -1, -1], [3980, 1, 11995], [3980, 1, 12180], [3980, -1, -1]]"
1752866056.5474,61.999950885772705,12805.821105525736,12805.821379854626,12816.461685931372,15865.460891638904,"[[3981, 1, 11069], [3981, 1, 11101], [3981, 1, 11301], [3981, 1, 11537], [3981, -1, -1], [3982, -1, -1], [3983, -1, -1], [3984, -1, -1], [3985, -1, -1], [3986, -1, -1], [3987, -1, -1], [3988, -1, -1], [3989, -1, -1], [3990, -1, -1], [3991, -1, -1]]"
1752866056.6605,63.99994748830795,12805.82120242035,12805.821381302043,12816.461685931372,15865.460891638904,"[[3992, -1, -1], [3993, -1, -1], [3994, -1, -1], [3995, -1, -1], [3996, -1, -1], [3997, -1, -1], [3998, -1, -1], [3999, -1, -1], [4000, -1, -1], [4001, -1, -1], [4002, -1, -1]]"
1752866056.7704,65.9999440908432,12805.82120242035,12805.82138332325,12816.461681258812,15865.460891638904,"[[4003, -1, -1], [4004, -1, -1], [4005, -1, -1], [4006, -1, -1], [4007, 1, 13581], [4007, 1, 13770], [4007, -1, -1], [4008, -1, -1], [4009, -1, -1], [4010, -1, -1], [4011, -1, -1], [4012, -1, -1], [4013, -1, -1]]"
1752866056.8794,67.99994069337845,12805.82120496217,12805.82138332325,12816.461681258812,15865.460891638904,"[[4014, -1, -1], [4015, -1, -1], [4016, -1, -1], [4017, -1, -1], [4018, -1, -1], [4019, -1, -1], [4020, -1, -1], [4021, -1, -1], [4022, -1, -1], [4023, -1, -1], [4024, -1, -1]]"
1752866056.9894,69.9999372959137,12805.82120496217,12805.82138179285,12816.461682860287,15865.460891638904,"[[4025, -1, -1], [4026, -1, -1], [4027, -1, -1], [4028, -1, -1], [4029, -1, -1], [4030, 1, 10493], [4030, 1, 10695], [4030, -1, -1], [4031, -1, -1], [4032, -1, -1], [4033, -1, -1], [4034, -1, -1], [4035, -1, -1]]"
1752866057.0984,71.99993389844894,12805.821102051765,12805.82138179285,12816.461682860287,15865.460891638904,"[[4036, -1, -1], [4037, -1, -1], [4038, -1, -1], [4039, -1, -1], [4040, -1, -1], [4041, -1, -1], [4042, -1, -1], [4043, -1, -1], [4044, -1, -1], [4045, -1, -1], [4046, -1, -1]]"
1752866057.2084,73.99993050098419,12805.821102051765,12805.821383965802,12816.461681296503,15865.460891638904,"[[4047, -1, -1], [4048, -1, -1], [4049, -1, -1], [4050, -1, -1], [4051, -1, -1], [4052, -1, -1], [4053, -1, -1], [4054, -1, -1], [4055, -1, -1], [4056, -1, -1], [4057, -1, -1]]"
1752866057.3175,75.99992710351944,12805.821086647024,12805.821383965802,12816.461681296503,15865.460891638904,"[[4058, -1, -1], [4059, 1, 144870], [4059, -1, -1], [4060, -1, -1], [4061, -1, -1], [4062, -1, -1], [4063, -1, -1], [4064, -1, -1], [4065, -1, -1], [4066, -1, -1], [4067, -1, -1], [4068, -1, -1]]"
1752866057.4274,77.99992370605469,12805.821086647024,12805.821390117542,12816.461677821262,15865.460891638904,"[[4069, -1, -1], [4070, -1, -1], [4071, -1, -1], [4072, -1, -1], [4073, -1, -1], [4074, -1, -1], [4075, -1, -1], [4076, -1, -1], [4077, -1, -1], [4078, -1, -1], [4079, -1, -1]]"
1752866057.5371,79.99992030858994,12805.821105505607,12805.821390117542,12816.461677821262,15865.460891638904,"[[4080, -1, -1], [4081, -1, -1], [4082, -1, -1], [4083, -1, -1], [4084, -1, -1], [4085, -1, -1], [4086, -1, -1], [4087, -1, -1], [4088, -1, -1], [4089, -1, -1], [4090, -1, -1]]"
1752866057.6474,81.99991691112518,12805.821105505607,12805.821390117542,12816.461677821262,15865.460891638904,"[[4091, -1, -1], [4092, -1, -1], [4093, -1, -1], [4094, -1, -1], [4095, -1, -1], [4096, -1, -1], [4097, 1, 10668], [4097, 1, 10867], [4097, -1, -1], [4098, -1, -1], [4099, -1, -1], [4100, -1, -1], [4101, -1, -1]]"
1752866057.7585,83.99991351366043,12805.821105505607,12805.82137934459,12816.461680416412,15865.460891638904,"[[4102, -1, -1], [4103, 1, 13295], [4103, 1, 13498], [4103, -1, -1], [4104, -1, -1], [4105, -1, -1], [4106, -1, -1], [4107, -1, -1], [4108, -1, -1], [4109, 1, 10347], [4109, 1, 10546], [4109, -1, -1], [4110, -1, -1], [4111, -1, -1], [4112, -1, -1]]"
1752866057.8684,85.99991011619568,12805.821193761542,12805.82137934459,12816.461682408408,15865.460891638904,"[[4113, -1, -1], [4114, -1, -1], [4115, -1, -1], [4116, -1, -1], [4117, -1, -1], [4118, -1, -1], [4119, -1, -1], [4120, -1, -1], [4121, -1, -1], [4122, -1, -1], [4123, -1, -1]]"
1752866057.9785,87.99990671873093,12805.821193761542,12805.821384627347,12816.461682408408,15865.460891638904,"[[4124, -1, -1], [4125, -1, -1], [4126, -1, -1], [4127, -1, -1], [4128, -1, -1], [4129, 1, 10999], [4129, 1, 11190], [4129, -1, -1], [4130, -1, -1], [4131, -1, -1], [4132, -1, -1], [4133, -1, -1], [4134, -1, -1]]"
1752866058.0904,89.99990332126617,12805.821148051304,12805.821384627347,12816.461682408408,15865.460891638904,"[[4135, -1, -1], [4136, -1, -1], [4137, -1, -1], [4138, -1, -1], [4139, -1, -1], [4140, -1, -1], [4141, -1, -1], [4142, -1, -1], [4143, -1, -1], [4144, -1, -1], [4145, -1, -1]]"
1752866058.2014,91.99989992380142,12805.821148051304,12805.821384627347,12816.461682408408,15865.460891638904,"[[4146, -1, -1], [4147, -1, -1], [4148, -1, -1], [4149, -1, -1], [4150, -1, -1], [4151, -1, -1], [4152, -1, -1], [4153, -1, -1], [4154, -1, -1], [4155, -1, -1], [4156, -1, -1]]"
1752866058.3119,93.99989652633667,12805.821148051304,12805.821384627347,12816.461682887442,15865.460891638904,"[[4157, -1, -1], [4158, -1, -1], [4159, -1, -1], [4160, -1, -1], [4161, -1, -1], [4162, -1, -1], [4163, -1, -1], [4164, -1, -1], [4165, -1, -1], [4166, -1, -1], [4167, -1, -1]]"
1752866058.4219,95.99989312887192,12805.821148051304,12805.821380046442,12816.461682887442,15865.460891638904,"[[4169, -1, -1], [4170, -1, -1], [4171, -1, -1], [4172, -1, -1], [4173, -1, -1], [4174, -1, -1], [4175, -1, -1], [4176, -1, -1], [4177, -1, -1], [4178, -1, -1]]"
1752866058.5319,97.99988973140717,12805.821084122166,12805.821380046442,12816.461682887442,15865.460891638904,"[[4180, -1, -1], [4181, -1, -1], [4182, -1, -1], [4183, -1, -1], [4184, -1, -1], [4185, -1, -1], [4186, -1, -1], [4187, -1, -1], [4188, -1, -1], [4189, -1, -1]]"
1752866058.6524,-152.00000596046448,12805.821084122166,12805.821372239494,12816.461686724579,15865.460891638904,"[[4192, -1, -1], [4193, -1, -1], [4194, -1, -1], [4195, -1, -1], [4196, -1, -1], [4197, -1, -1], [4198, -1, -1], [4199, -1, -1], [4200, 1, 11892], [4200, 1, 12095], [4200, -1, -1], [4201, -1, -1], [4202, -1, -1]]"
1752866058.7634,-150.00000190734863,12805.821144689226,12805.821372239494,12816.46169319295,15865.460891638904,"[[4203, -1, -1], [4204, -1, -1], [4205, -1, -1], [4206, -1, -1], [4207, -1, -1], [4208, -1, -1], [4209, -1, -1], [4210, -1, -1], [4211, 1, 10390], [4211, -1, -1], [4212, -1, -1], [4213, -1, -1]]"
1752866058.8724,-147.9999978542328,12805.821144689226,12805.821377905666,12816.46169319295,15865.460891638904,"[[4214, -1, -1], [4215, -1, -1], [4216, -1, -1], [4217, -1, -1], [4218, -1, -1], [4219, -1, -1], [4220, -1, -1], [4221, -1, -1], [4222, -1, -1], [4223, -1, -1], [4224, -1, -1]]"
1752866058.9819,-145.99999380111694,12805.821205948096,12805.821377905666,12816.46169319295,15865.460891638904,"[[4225, -1, -1], [4226, -1, -1], [4227, -1, -1], [4228, -1, -1], [4229, -1, -1], [4230, -1, -1], [4231, -1, -1], [4232, -1, -1], [4233, -1, -1], [4234, -1, -1]]"
1752866059.0914,-143.9999897480011,12805.821205948096,12805.821364617996,12816.461683229569,15865.460891638904,"[[4236, -1, -1], [4237, -1, -1], [4238, -1, -1], [4239, -1, -1], [4240, -1, -1], [4241, -1, -1], [4242, -1, -1], [4243, -1, -1], [4244, -1, -1], [4245, -1, -1]]"
1752866059.2019,-141.99998569488525,12805.821179512108,12805.821364617996,12816.461690633108,15865.460891638904,"[[4246, -1, -1], [4247, -1, -1], [4248, -1, -1], [4249, -1, -1], [4250, 1, 8985], [4250, 1, 9022], [4250, 1, 9215], [4250, 1, 9259], [4250, -1, -1], [4251, -1, -1], [4252, -1, -1], [4253, -1, -1], [4254, -1, -1], [4255, -1, -1], [4256, -1, -1]]"
1752866059.3119,-139.9999816417694,12805.821179512108,12805.821374538524,12816.461690633108,15865.460891638904,"[[4258, -1, -1], [4259, -1, -1], [4260, -1, -1], [4261, -1, -1], [4262, -1, -1], [4263, -1, -1], [4264, -1, -1], [4265, -1, -1], [4266, -1, -1], [4267, -1, -1]]"
1752866059.4219,-137.99997758865356,12805.821092744809,12805.821374538524,12816.461689096868,15865.460891638904,"[[4269, -1, -1], [4270, -1, -1], [4271, 1, 220198], [4271, 1, 220384], [4271, -1, -1], [4272, -1, -1], [4273, -1, -1], [4274, -1, -1], [4275, -1, -1], [4276, -1, -1], [4277, 1, 10395], [4277, 1, 10594], [4277, 1, 10877], [4277, 1, 11061], [4277, -1, -1], [4278, -1, -1]]"
1752866059.5319,-135.99997353553772,12805.821092744809,12805.821381873307,12816.461689096868,15865.460891638904,"[[4280, -1, -1], [4281, -1, -1], [4282, -1, -1], [4283, -1, -1], [4284, -1, -1], [4285, -1, -1], [4286, -1, -1], [4287, -1, -1], [4288, -1, -1], [4289, -1, -1]]"
1752866059.6414,-133.99996948242188,12805.821047804247,12805.821381873307,12816.461684274333,15865.460891638904,"[[4291, 1, 10170], [4291, 1, 10374], [4291, 1, 10541], [4291, 1, 11121], [4291, -1, -1], [4292, -1, -1], [4293, -1, -1], [4294, -1, -1], [4295, -1, -1], [4296, -1, -1], [4297, -1, -1], [4298, -1, -1], [4299, -1, -1], [4300, -1, -1]]"
1752866059.7514,-131.99996542930603,12805.821132119145,12805.821370657828,12816.461684274333,15865.460891638904,"[[4301, -1, -1], [4302, -1, -1], [4303, -1, -1], [4304, -1, -1], [4305, -1, -1], [4306, -1, -1], [4307, -1, -1], [4308, -1, -1], [4309, -1, -1], [4310, -1, -1], [4311, -1, -1]]"
1752866059.8615,-129.99996137619019,12805.821132119145,12805.821370657828,12816.461690358949,15865.460891638904,"[[4312, -1, -1], [4313, -1, -1], [4314, -1, -1], [4315, -1, -1], [4316, 1, 10471], [4316, 1, 10670], [4316, -1, -1], [4317, -1, -1], [4318, -1, -1], [4319, -1, -1], [4320, 1, 9518], [4320, 1, 9707], [4320, -1, -1], [4321, -1, -1], [4322, -1, -1]]"
1752866059.9714,-127.99995732307434,12805.821173496497,12805.821374420011,12816.461690358949,15865.460891638904,"[[4323, -1, -1], [4324, -1, -1], [4325, -1, -1], [4326, -1, -1], [4327, -1, -1], [4328, -1, -1], [4329, -1, -1], [4330, -1, -1], [4331, -1, -1], [4332, -1, -1], [4333, -1, -1]]"
1752866060.0805,-125.9999607205391,12805.821173496497,12805.821374420011,12816.461686638037,15865.460891638904,"[[4334, -1, -1], [4335, -1, -1], [4336, -1, -1], [4337, -1, -1], [4338, -1, -1], [4339, -1, -1], [4340, -1, -1], [4341, -1, -1], [4342, 1, 11331], [4342, 1, 11534], [4342, 1, 11764], [4342, -1, -1], [4343, -1, -1], [4344, -1, -1]]"
1752866060.1914,-123.99996411800385,12805.821170377907,12805.821364982625,12816.461686638037,15865.460891638904,"[[4345, -1, -1], [4346, -1, -1], [4347, -1, -1], [4348, -1, -1], [4349, -1, -1], [4350, -1, -1], [4351, -1, -1], [4352, -1, -1], [4353, 1, 11955], [4353, 1, 12153], [4353, -1, -1], [4354, -1, -1], [4355, -1, -1]]"
1752866060.3014,-121.9999675154686,12805.821170377907,12805.821364982625,12816.461691216411,15865.460891638904,"[[4356, 1, 32541], [4356, 1, 32744], [4356, 1, 33888], [4356, -1, -1], [4357, 1, 12568], [4357, 1, 12604], [4357, 1, 12798], [4357, -1, -1], [4358, -1, -1], [4359, -1, -1], [4360, -1, -1], [4361, -1, -1], [4362, -1, -1], [4363, 1, 13821], [4363, 1, 14007], [4363, -1, -1], [4364, -1, -1], [4365, 1, 10431], [4365, 1, 10635], [4365, 1, 10891], [4365, -1, -1], [4366, -1, -1]]"
1752866060.4104,-119.99997091293335,12805.821141006938,12805.821361903296,12816.461691216411,15865.460891638904,"[[4367, -1, -1], [4368, -1, -1], [4369, -1, -1], [4370, -1, -1], [4371, -1, -1], [4372, -1, -1], [4373, -1, -1], [4374, -1, -1], [4375, -1, -1], [4376, -1, -1], [4377, -1, -1]]"
1752866060.5194,-117.9999743103981,12805.821141006938,12805.821369425015,12816.461690002056,15865.460891638904,"[[4378, -1, -1], [4379, -1, -1], [4380, -1, -1], [4381, -1, -1], [4382, -1, -1], [4383, -1, -1], [4384, -1, -1], [4385, -1, -1], [4386, -1, -1], [4387, -1, -1], [4388, 1, 9965], [4388, 1, 10168], [4388, -1, -1]]"
1752866060.6295,-115.99997770786285,12805.821066697266,12805.821369425015,12816.461690002056,15865.460891638904,"[[4389, 1, 11089], [4389, 1, 11292], [4389, -1, -1], [4390, -1, -1], [4391, -1, -1], [4392, -1, -1], [4393, 1, 205497], [4393, -1, -1], [4394, -1, -1], [4395, -1, -1], [4396, -1, -1], [4397, -1, -1], [4398, -1, -1], [4399, -1, -1]]"
1752866060.7394,-113.9999811053276,12805.821066697266,12805.821387102738,12816.461687212415,15865.460891638904,"[[4400, -1, -1], [4401, -1, -1], [4402, 1, 13762], [4402, 1, 13961], [4402, -1, -1], [4403, -1, -1], [4404, -1, -1], [4405, -1, -1], [4406, -1, -1], [4407, -1, -1], [4408, -1, -1], [4409, -1, -1], [4410, -1, -1]]"
1752866060.8494,-111.99998450279236,12805.821066697266,12805.821387102738,12816.461687212415,15865.460891638904,"[[4411, 1, 10913], [4411, -1, -1], [4412, -1, -1], [4413, -1, -1], [4414, -1, -1], [4415, -1, -1], [4416, -1, -1], [4417, -1, -1], [4418, -1, -1], [4419, -1, -1], [4420, -1, -1], [4421, -1, -1]]"
1752866060.9594,-109.99998790025711,12805.821121617211,12805.821387102738,12816.461683261703,15865.460891638904,"[[4422, -1, -1], [4423, -1, -1], [4424, -1, -1], [4425, -1, -1], [4426, -1, -1], [4427, -1, -1], [4428, -1, -1], [4429, -1, -1], [4430, 1, 11438], [4430, 1, 11623], [4430, -1, -1], [4431, 1, 9851], [4431, 1, 10038], [4431, -1, -1], [4432, -1, -1]]"
1752866061.0694,-107.99999129772186,12805.821217657238,12805.821402775104,12816.461683261703,15865.460891638904,"[[4433, -1, -1], [4434, -1, -1], [4435, -1, -1], [4436, -1, -1], [4437, -1, -1], [4438, -1, -1], [4439, -1, -1], [4440, -1, -1], [4441, -1, -1], [4442, -1, -1], [4443, -1, -1]]"
1752866061.1795,-105.99999469518661,12805.821217657238,12805.821402775104,12816.46168705835,15865.460891638904,"[[4444, -1, -1], [4445, -1, -1], [4446, -1, -1], [4447, -1, -1], [4448, -1, -1], [4449, -1, -1], [4450, -1, -1], [4451, -1, -1], [4452, -1, -1], [4453, -1, -1], [4454, -1, -1]]"
1752866061.2894,-103.99999809265137,12805.821167479004,12805.821383181988,12816.46168705835,15865.460891638904,"[[4455, -1, -1], [4456, -1, -1], [4457, -1, -1], [4458, -1, -1], [4459, -1, -1], [4460, -1, -1], [4461, -1, -1], [4462, -1, -1], [4463, -1, -1], [4464, -1, -1], [4465, -1, -1]]"
1752866061.3994,-102.00000149011612,12805.821167479004,12805.821383181988,12816.461683187177,15865.460891638904,"[[4466, 1, 189423], [4466, -1, -1], [4467, 1, 11842], [4467, 1, 12041], [4467, -1, -1], [4468, -1, -1], [4469, -1, -1], [4470, -1, -1], [4471, 1, 10693], [4471, -1, -1], [4472, -1, -1], [4473, -1, -1], [4474, 1, 10948], [4474, 1, 11147], [4474, -1, -1], [4475, -1, -1], [4476, -1, -1]]"
1752866061.5084,-100.00000488758087,12805.821112473468,12805.82139517867,12816.461683187177,15865.460891638904,"[[4477, 1, 11594], [4477, 1, 11636], [4477, 1, 11828], [4477, 1, 12030], [4477, -1, -1], [4478, -1, -1], [4479, -1, -1], [4480, -1, -1], [4481, -1, -1], [4482, -1, -1], [4483, -1, -1], [4484, -1, -1], [4485, -1, -1], [4486, -1, -1], [4487, -1, -1]]"
1752866061.6175,-98.00000828504562,12805.821112473468,12805.82139517867,12816.461687710613,15865.460891638904,"[[4488, -1, -1], [4489, -1, -1], [4490, -1, -1], [4491, -1, -1], [4492, -1, -1], [4493, 1, 9269], [4493, 1, 9453], [4493, -1, -1], [4494, -1, -1], [4495, 1, 10389], [4495, 1, 10426], [4495, 1, 10619], [4495, -1, -1], [4496, -1, -1], [4497, -1, -1], [4498, -1, -1]]"
1752866061.7285,-96.00001168251038,12805.821089685134,12805.821389204259,12816.461687710613,15865.460891638904,"[[4499, -1, -1], [4500, 1, 11341], [4500, 1, 11544], [4500, -1, -1], [4501, -1, -1], [4502, -1, -1], [4503, -1, -1], [4504, -1, -1], [4505, -1, -1], [4506, -1, -1], [4507, -1, -1], [4508, -1, -1], [4509, -1, -1]]"
1752866061.8384,-94.00001507997513,12805.821089685134,12805.821389204259,12816.461690522603,15865.460891638904,"[[4510, -1, -1], [4511, -1, -1], [4512, 1, 9325], [4512, 1, 9524], [4512, -1, -1], [4513, -1, -1], [4514, -1, -1], [4515, 1, 10011], [4515, 1, 10210], [4515, 1, 10353], [4515, 1, 11250], [4515, 1, 11433], [4515, 1, 11669], [4515, 1, 11871], [4515, -1, -1], [4516, -1, -1], [4517, 1, 9648], [4517, 1, 9847], [4517, 1, 12746], [4517, 1, 12945], [4517, 1, 13068], [4517, -1, -1], [4518, -1, -1], [4519, 1, 12577], [4519, 1, 12610], [4519, 1, 12806], [4519, -1, -1], [4520, -1, -1]]"
1752866061.9476,-92.00001847743988,12805.82111068307,12805.821383594961,12816.461690522603,15865.460891638904,"[[4521, 1, 9625], [4521, 1, 9827], [4521, 1, 11675], [4521, 1, 11874], [4521, -1, -1], [4522, -1, -1], [4523, 1, 104757], [4523, 1, 104956], [4523, 1, 376188], [4523, 1, 376379], [4523, -1, -1], [4524, -1, -1], [4525, 1, 10729], [4525, 1, 10765], [4525, 1, 10960], [4525, -1, -1], [4526, -1, -1], [4527, -1, -1], [4528, -1, -1], [4529, -1, -1], [4530, -1, -1], [4531, -1, -1]]"
1752866062.0574,-90.00002187490463,12805.82111068307,12805.821383594961,12816.461683233687,15865.460891638904,"[[4532, -1, -1], [4533, -1, -1], [4534, -1, -1], [4535, -1, -1], [4536, -1, -1], [4537, -1, -1], [4538, 1, 10388], [4538, 1, 10414], [4538, 1, 10618], [4538, 1, 10647], [4538, -1, -1], [4539, -1, -1], [4540, 1, 10477], [4540, 1, 10512], [4540, 1, 10708], [4540, -1, -1], [4541, 1, 10365], [4541, 1, 10403], [4541, 1, 10595], [4541, -1, -1], [4542, -1, -1]]"
1752866062.1674,-88.00002527236938,12805.821155964459,12805.821387602266,12816.461683233687,15865.460891638904,"[[4543, -1, -1], [4544, -1, -1], [4545, -1, -1], [4546, -1, -1], [4547, -1, -1], [4548, -1, -1], [4549, -1, -1], [4550, -1, -1], [4551, -1, -1], [4552, -1, -1], [4553, -1, -1]]"
1752866062.2774,-86.00002866983414,12805.821155964459,12805.82138899286,12816.461693282747,15865.460891638904,"[[4554, -1, -1], [4555, -1, -1], [4556, -1, -1], [4557, -1, -1], [4558, 1, 11456], [4558, 1, 11649], [4558, -1, -1], [4559, -1, -1], [4560, -1, -1], [4561, -1, -1], [4562, -1, -1], [4563, -1, -1], [4564, -1, -1]]"
1752866062.3864,-84.00003206729889,12805.821195927174,12805.82138899286,12816.461693282747,15865.460891638904,"[[4565, -1, -1], [4566, -1, -1], [4567, -1, -1], [4568, -1, -1], [4569, -1, -1], [4570, 1, 13862], [4570, 1, 13897], [4570, 1, 14092], [4570, -1, -1], [4571, -1, -1], [4572, -1, -1], [4573, -1, -1], [4574, -1, -1], [4575, -1, -1]]"
1752866062.4964,-82.00003546476364,12805.821195927174,12805.8213847684,12816.461678609201,15865.460891638904,"[[4576, -1, -1], [4577, -1, -1], [4578, -1, -1], [4579, -1, -1], [4580, -1, -1], [4581, -1, -1], [4582, -1, -1], [4583, 1, 249691], [4583, 1, 250073], [4583, -1, -1], [4584, -1, -1], [4585, -1, -1], [4586, -1, -1]]"
1752866062.6064,-80.0000388622284,12805.821125225119,12805.8213847684,12816.461678609201,15865.460891638904,"[[4587, -1, -1], [4588, -1, -1], [4589, -1, -1], [4590, -1, -1], [4591, -1, -1], [4592, 1, 9453], [4592, 1, 9488], [4592, 1, 9684], [4592, -1, -1], [4593, 1, 9024], [4593, 1, 9227], [4593, -1, -1], [4594, -1, -1], [4595, 1, 11413], [4595, 1, 11612], [4595, 1, 12147], [4595, -1, -1], [4596, -1, -1], [4597, -1, -1]]"
1752866062.7174,-78.00004225969315,12805.821125225119,12805.821385312329,12816.46169076872,15865.460891638904,"[[4598, -1, -1], [4599, -1, -1], [4600, -1, -1], [4601, -1, -1], [4602, -1, -1], [4603, -1, -1], [4604, -1, -1], [4605, -1, -1], [4606, -1, -1], [4607, 1, 9739], [4607, 1, 9770], [4607, 1, 9820], [4607, 1, 9970], [4607, -1, -1], [4608, -1, -1]]"
1752866062.8274,-76.0000456571579,12805.821059591133,12805.821385312329,12816.46169076872,15865.460891638904,"[[4609, -1, -1], [4610, -1, -1], [4611, -1, -1], [4612, -1, -1], [4613, -1, -1], [4614, 1, 9115], [4614, 1, 9318], [4614, 1, 9605], [4614, -1, -1], [4615, -1, -1], [4616, -1, -1], [4617, -1, -1], [4618, -1, -1], [4619, 1, 10039], [4619, 1, 10230], [4619, -1, -1]]"
1752866062.9374,-74.00004905462265,12805.821059591133,12805.821372369408,12816.46168119456,15865.460891638904,"[[4620, -1, -1], [4621, -1, -1], [4622, -1, -1], [4623, -1, -1], [4624, 1, 11034], [4624, 1, 11220], [4624, 1, 11323], [4624, -1, -1], [4625, 1, 12557], [4625, 1, 12744], [4625, -1, -1], [4626, -1, -1], [4627, -1, -1], [4628, -1, -1], [4629, -1, -1], [4630, -1, -1]]"
1752866063.0474,-72.0000524520874,12805.821064840993,12805.821372369408,12816.46168119456,15865.460891638904,"[[4631, -1, -1], [4632, -1, -1], [4633, 1, 7913], [4633, 1, 8098], [4633, -1, -1], [4634, 1, 10250], [4634, 1, 10449], [4634, -1, -1], [4635, -1, -1], [4636, -1, -1], [4637, -1, -1], [4638, -1, -1], [4639, 1, 9724], [4639, 1, 9926], [4639, -1, -1], [4640, -1, -1], [4641, 1, 9398], [4641, 1, 9425], [4641, 1, 9629], [4641, -1, -1]]"
1752866063.1565,-70.00005584955215,12805.821064840993,12805.821384441793,12816.461685759039,15865.460891638904,"[[4642, 1, 9982], [4642, 1, 10170], [4642, -1, -1], [4643, -1, -1], [4644, -1, -1], [4645, -1, -1], [4646, -1, -1], [4647, 1, 10757], [4647, 1, 10957], [4647, -1, -1], [4648, -1, -1], [4649, -1, -1], [4650, -1, -1], [4651, -1, -1], [4652, -1, -1]]"
1752866063.2664,-68.0000592470169,12805.821144282269,12805.821384441793,12816.461690011247,15865.460891638904,"[[4653, -1, -1], [4654, -1, -1], [4655, -1, -1], [4656, 1, 10260], [4656, 1, 10468], [4656, -1, -1], [4657, -1, -1], [4658, -1, -1], [4659, -1, -1], [4660, -1, -1], [4661, -1, -1], [4662, -1, -1], [4663, -1, -1]]"
1752866063.3764,-66.00006264448166,12805.821144282269,12805.821384805238,12816.461690011247,15865.460891638904,"[[4664, -1, -1], [4665, -1, -1], [4666, -1, -1], [4667, -1, -1], [4668, -1, -1], [4669, -1, -1], [4670, -1, -1], [4671, -1, -1], [4672, -1, -1], [4673, -1, -1], [4674, -1, -1]]"
1752866063.4864,-64.00006231665611,12805.821142443308,12805.821370624863,12816.461690011247,15865.460891638904,"[[4675, -1, -1], [4676, -1, -1], [4677, -1, -1], [4678, -1, -1], [4679, 1, 11986], [4679, 1, 12189], [4679, 1, 12408], [4679, -1, -1], [4680, -1, -1], [4681, -1, -1], [4682, -1, -1], [4683, -1, -1], [4684, -1, -1], [4685, -1, -1]]"
1752866063.5955,-62.000061988830566,12805.821165513753,12805.821370624863,12816.461690011247,15865.460891638904,"[[4686, -1, -1], [4687, -1, -1], [4688, -1, -1], [4689, -1, -1], [4690, -1, -1], [4691, 1, 10695], [4691, 1, 10894], [4691, -1, -1], [4692, -1, -1], [4693, -1, -1], [4694, -1, -1], [4695, -1, -1], [4696, -1, -1]]"
1752866063.7045,-60.00006166100502,12805.821165513753,12805.821394312763,12816.461688016107,15865.460891638904,"[[4697, 1, 11523], [4697, 1, 11713], [4697, -1, -1], [4698, -1, -1], [4699, -1, -1], [4700, -1, -1], [4701, -1, -1], [4702, -1, -1], [4703, -1, -1], [4704, -1, -1], [4705, -1, -1], [4706, -1, -1], [4707, -1, -1]]"
1752866063.8135,-58.000061333179474,12805.821101569245,12805.821394312763,12816.461688016107,15865.460891638904,"[[4708, -1, -1], [4709, -1, -1], [4710, -1, -1], [4711, -1, -1], [4712, 1, 9269], [4712, 1, 9457], [4712, -1, -1], [4713, -1, -1], [4714, 1, 10629], [4714, 1, 10827], [4714, -1, -1], [4715, -1, -1], [4716, -1, -1], [4717, -1, -1], [4718, -1, -1]]"
1752866063.9234,-56.00006100535393,12805.821101569245,12805.821384998342,12816.461684367423,15865.460891638904,"[[4719, -1, -1], [4720, -1, -1], [4721, 1, 11113], [4721, 1, 11298], [4721, -1, -1], [4722, -1, -1], [4723, 1, 11323], [4723, 1, 11552], [4723, -1, -1], [4724, 1, 12752], [4724, 1, 12937], [4724, -1, -1], [4725, -1, -1], [4726, -1, -1], [4727, -1, -1], [4728, -1, -1], [4729, -1, -1]]"
1752866064.0334,-54.00006067752838,12805.821057335626,12805.821384998342,12816.461684367423,15865.460891638904,"[[4730, -1, -1], [4731, -1, -1], [4732, 1, 10233], [4732, 1, 10436], [4732, -1, -1], [4733, -1, -1], [4734, -1, -1], [4735, -1, -1], [4736, -1, -1], [4737, 1, 10118], [4737, 1, 10317], [4737, 1, 10377], [4737, 1, 10833], [4737, 1, 11033], [4737, -1, -1], [4738, 1, 9714], [4738, 1, 9904], [4738, 1, 12500], [4738, 1, 12700], [4738, -1, -1], [4739, -1, -1], [4740, -1, -1]]"
1752866064.1434,-52.000060349702835,12805.821057335626,12805.821381764223,12816.461687208202,15865.460891638904,"[[4741, -1, -1], [4742, -1, -1], [4743, -1, -1], [4744, 1, 11143], [4744, 1, 11330], [4744, 1, 11510], [4744, -1, -1], [4745, -1, -1], [4746, 1, 11093], [4746, 1, 11136], [4746, 1, 11295], [4746, 1, 11351], [4746, 1, 11540], [4746, 1, 11927], [4746, -1, -1], [4747, -1, -1], [4748, 1, 11869], [4748, 1, 12069], [4748, -1, -1], [4749, -1, -1], [4750, -1, -1], [4751, -1, -1]]"
1752866064.2534,-50.00006002187729,12805.821082296756,12805.821381764223,12816.461687208202,15865.460891638904,"[[4752, -1, -1], [4753, -1, -1], [4754, -1, -1], [4755, 1, 12785], [4755, 1, 12984], [4755, -1, -1], [4756, -1, -1], [4757, 1, 14931], [4757, 1, 15134], [4757, 1, 15843], [4757, -1, -1], [4758, 1, 10689], [4758, 1, 10877], [4758, -1, -1], [4759, -1, -1], [4760, -1, -1], [4761, -1, -1], [4762, -1, -1]]"
1752866064.3644,-48.00005969405174,12805.821082296756,12805.821381764223,12816.461682741558,15865.460891638904,"[[4763, 1, 10332], [4763, 1, 10519], [4763, -1, -1], [4764, -1, -1], [4765, 1, 4208], [4765, 1, 4411], [4765, -1, -1], [4766, -1, -1], [4767, -1, -1], [4768, 1, 10134], [4768, 1, 10319], [4768, -1, -1], [4769, -1, -1], [4770, 1, 9236], [4770, 1, 9435], [4770, -1, -1], [4771, -1, -1], [4772, -1, -1], [4773, 1, 8921], [4773, 1, 9105], [4773, 1, 12542], [4773, 1, 12740], [4773, -1, -1]]"
1752866064.4734,-46.000059366226196,12805.821150546679,12805.821381764223,12816.461689789128,15865.460891638904,"[[4774, 1, 10437], [4774, 1, 10636], [4774, 1, 10760], [4774, 1, 11472], [4774, 1, 11679], [4774, -1, -1], [4775, -1, -1], [4776, -1, -1], [4777, -1, -1], [4778, -1, -1], [4779, -1, -1], [4780, -1, -1], [4781, -1, -1], [4782, -1, -1], [4783, -1, -1], [4784, -1, -1]]"
1752866064.5819,-44.00005903840065,12805.821150546679,12805.821378736986,12816.461689789128,15865.460891638904,"[[4785, -1, -1], [4786, -1, -1], [4787, -1, -1], [4788, -1, -1], [4789, -1, -1], [4790, -1, -1], [4791, -1, -1], [4792, -1, -1], [4793, 1, 10768], [4793, 1, 10971], [4793, 1, 11126], [4793, -1, -1], [4794, 1, 7923], [4794, 1, 8112], [4794, -1, -1]]"
1752866064.6919,-42.000058710575104,12805.821155427864,12805.821378736986,12816.461680540957,15865.460891638904,"[[4796, -1, -1], [4797, -1, -1], [4798, 1, 12081], [4798, 1, 12265], [4798, -1, -1], [4799, -1, -1], [4800, -1, -1], [4801, -1, -1], [4802, -1, -1], [4803, -1, -1], [4804, -1, -1], [4805, 1, 12018], [4805, 1, 12216], [4805, 1, 12945], [4805, 1, 12979], [4805, 1, 13175], [4805, -1, -1]]"
1752866064.8029,-40.00005838274956,12805.821155427864,12805.82138237283,12816.461680540957,15865.460891638904,"[[4807, -1, -1], [4808, 1, 11069], [4808, 1, 11253], [4808, -1, -1], [4809, 1, 9923], [4809, 1, 10098], [4809, -1, -1], [4810, 1, 10817], [4810, 1, 11002], [4810, -1, -1], [4811, -1, -1], [4812, -1, -1], [4813, 1, 9835], [4813, 1, 10034], [4813, 1, 10419], [4813, -1, -1], [4814, -1, -1], [4815, 1, 10960], [4815, 1, 10994], [4815, 1, 11190], [4815, 1, 13180], [4815, 1, 13217], [4815, 1, 13410], [4815, -1, -1], [4816, -1, -1]]"
1752866064.9119,-38.00005805492401,12805.821098794482,12805.82138237283,12816.461684151893,15865.460891638904,"[[4818, 1, 10943], [4818, 1, 11128], [4818, -1, -1], [4819, -1, -1], [4820, -1, -1], [4821, 1, 10148], [4821, 1, 10332], [4821, -1, -1], [4822, -1, -1], [4823, 1, 9023], [4823, 1, 9226], [4823, -1, -1], [4824, 1, 10087], [4824, 1, 10290], [4824, -1, -1], [4825, 1, 11643], [4825, 1, 11842], [4825, -1, -1], [4826, -1, -1], [4827, -1, -1]]"
1752866065.0219,-36.000057727098465,12805.821098794482,12805.821387406284,12816.461684151893,15865.460891638904,"[[4829, -1, -1], [4830, 1, 12409], [4830, -1, -1], [4831, -1, -1], [4832, -1, -1], [4833, -1, -1], [4834, -1, -1], [4835, -1, -1], [4836, -1, -1], [4837, -1, -1], [4838, -1, -1]]"
1752866065.1319,-34.00005739927292,12805.821074998705,12805.821387406284,12816.461692177661,15865.460891638904,"[[4840, -1, -1], [4841, 1, 12948], [4841, 1, 13150], [4841, -1, -1], [4842, -1, -1], [4843, -1, -1], [4844, -1, -1], [4845, -1, -1], [4846, 1, 10753], [4846, 1, 10956], [4846, -1, -1], [4847, -1, -1], [4848, -1, -1], [4849, -1, -1]]"
1752866065.2419,-32.00005707144737,12805.821074998705,12805.821381953589,12816.461692177661,15865.460891638904,"[[4851, 1, 11170], [4851, 1, 11205], [4851, 1, 11401], [4851, 1, 11628], [4851, 1, 11713], [4851, 1, 11903], [4851, -1, -1], [4852, 1, 10889], [4852, 1, 10995], [4852, 1, 11194], [4852, -1, -1], [4853, -1, -1], [4854, -1, -1], [4855, -1, -1], [4856, -1, -1], [4857, -1, -1], [4858, -1, -1], [4859, -1, -1], [4860, -1, -1]]"
1752866065.3514,-30.000056743621826,12805.821073262174,12805.821381953589,12816.461687118863,15865.460891638904,"[[4862, -1, -1], [4863, -1, -1], [4864, -1, -1], [4865, -1, -1], [4866, -1, -1], [4867, -1, -1], [4868, -1, -1], [4869, -1, -1], [4870, 1, 10701], [4870, 1, 10904], [4870, -1, -1], [4871, 1, 9701], [4871, 1, 9903], [4871, -1, -1]]"
1752866065.4615,-28.00005641579628,12805.821073262174,12805.821392800177,12816.461687118863,15865.460891638904,"[[4872, 1, 11280], [4872, 1, 11357], [4872, 1, 11468], [4872, 1, 11565], [4872, 1, 42235], [4872, 1, 42421], [4872, -1, -1], [4873, 1, 9896], [4873, 1, 10080], [4873, -1, -1], [4874, -1, -1], [4875, -1, -1], [4876, -1, -1], [4877, -1, -1], [4878, -1, -1], [4879, -1, -1], [4880, 1, 10162], [4880, 1, 10361], [4880, -1, -1], [4881, -1, -1], [4882, 1, 9457], [4882, 1, 9660], [4882, -1, -1]]"
1752866065.5715,-26.000056087970734,12805.821137907442,12805.821392800177,12816.46167913028,15865.460891638904,"[[4883, 1, 10986], [4883, 1, 11188], [4883, -1, -1], [4884, -1, -1], [4885, -1, -1], [4886, -1, -1], [4887, -1, -1], [4888, -1, -1], [4889, -1, -1], [4890, -1, -1], [4891, -1, -1], [4892, -1, -1], [4893, -1, -1]]"
1752866065.6815,-24.000055760145187,12805.82115485781,12805.821394779075,12816.46167913028,15865.460891638904,"[[4894, -1, -1], [4895, 1, 10824], [4895, 1, 11004], [4895, -1, -1], [4896, -1, -1], [4897, 1, 12487], [4897, 1, 12674], [4897, -1, -1], [4898, -1, -1], [4899, 1, 11664], [4899, 1, 11863], [4899, -1, -1], [4900, 1, 9513], [4900, 1, 9712], [4900, -1, -1], [4901, -1, -1], [4902, -1, -1], [4903, -1, -1], [4904, -1, -1]]"
1752866065.7924,-22.00005543231964,12805.82115485781,12805.821394779075,12816.461688053882,15865.460891638904,"[[4905, 1, 11502], [4905, -1, -1], [4906, 1, 12770], [4906, 1, 12804], [4906, 1, 13001], [4906, 1, 13092], [4906, -1, -1], [4907, -1, -1], [4908, 1, 10235], [4908, 1, 10449], [4908, 1, 10481], [4908, 1, 10678], [4908, 1, 10787], [4908, 1, 10939], [4908, -1, -1], [4909, -1, -1], [4910, -1, -1], [4911, 1, 10770], [4911, 1, 10801], [4911, 1, 11000], [4911, -1, -1], [4912, 1, 10924], [4912, 1, 10961], [4912, 1, 11153], [4912, 1, 11349], [4912, -1, -1], [4913, -1, -1], [4914, 1, 11845], [4914, 1, 12014], [4914, -1, -1], [4915, -1, -1], [4916, 1, 9622], [4916, 1, 9661], [4916, 1, 9852], [4916, 1, 10042], [4916, -1, -1]]"
1752866065.9019,-20.000055104494095,12805.821122339914,12805.821412561107,12816.461688053882,15865.460891638904,"[[4917, -1, -1], [4918, 1, 10861], [4918, 1, 10906], [4918, 1, 11077], [4918, 1, 11275], [4918, 1, 12551], [4918, -1, -1], [4919, -1, -1], [4920, 1, 12311], [4920, 1, 12515], [4920, -1, -1], [4921, 1, 8520], [4921, 1, 9867], [4921, 1, 9901], [4921, 1, 10097], [4921, 1, 12705], [4921, 1, 12894], [4921, 1, 14300], [4921, 1, 14337], [4921, 1, 14530], [4921, -1, -1], [4922, 1, 10722], [4922, 1, 10758], [4922, 1, 10931], [4922, -1, -1], [4923, -1, -1], [4924, -1, -1], [4925, -1, -1], [4926, 1, 10952], [4926, 1, 11127], [4926, -1, -1]]"
1752866066.0114,-18.00005477666855,12805.821122339914,12805.821412561107,12816.46169759216,15865.460891638904,"[[4928, 1, 8952], [4928, 1, 9140], [4928, 1, 9255], [4928, 1, 10035], [4928, 1, 10066], [4928, 1, 10266], [4928, -1, -1], [4929, -1, -1], [4930, 1, 11592], [4930, 1, 11783], [4930, -1, -1], [4931, 1, 10397], [4931, 1, 10600], [4931, -1, -1], [4932, -1, -1], [4933, 1, 10173], [4933, 1, 10376], [4933, 1, 10481], [4933, 1, 10680], [4933, 1, 12121], [4933, 1, 12304], [4933, -1, -1], [4934, -1, -1], [4935, -1, -1], [4936, -1, -1], [4937, -1, -1]]"
1752866066.1214,-16.000054448843002,12805.821081304312,12805.821399400716,12816.46169759216,15865.460891638904,"[[4938, 1, 11930], [4938, 1, 12129], [4938, -1, -1], [4939, 1, 8915], [4939, 1, 9118], [4939, 1, 10679], [4939, 1, 10713], [4939, 1, 10909], [4939, -1, -1], [4940, -1, -1], [4941, 1, 9637], [4941, 1, 9824], [4941, 1, 12129], [4941, 1, 12167], [4941, 1, 12359], [4941, 1, 12764], [4941, 1, 13466], [4941, -1, -1], [4942, 1, 13671], [4942, 1, 13870], [4942, -1, -1], [4943, -1, -1], [4944, -1, -1], [4945, 1, 10301], [4945, -1, -1], [4946, 1, 10889], [4946, 1, 10923], [4946, 1, 11119], [4946, -1, -1], [4947, 1, 9566], [4947, 1, 9751], [4947, 1, 11288], [4947, 1, 11322], [4947, 1, 11520], [4947, 1, 11784], [4947, 1, 12409], [4947, 1, 12616], [4947, -1, -1], [4948, -1, -1]]"
1752866066.2314,-14.000054121017456,12805.821081304312,12805.821399400716,12816.461681685649,15865.460891638904,"[[4949, 1, 11059], [4949, -1, -1], [4950, -1, -1], [4951, 1, 15091], [4951, 1, 15210], [4951, 1, 15240], [4951, 1, 15275], [4951, -1, -1], [4952, 1, 9419], [4952, 1, 9622], [4952, -1, -1], [4953, 1, 9640], [4953, 1, 9839], [4953, 1, 10318], [4953, 1, 10360], [4953, 1, 10553], [4953, 1, 10750], [4953, 1, 10957], [4953, -1, -1], [4954, 1, 10599], [4954, 1, 10803], [4954, 1, 11163], [4954, 1, 11350], [4954, -1, -1], [4955, 1, 9720], [4955, 1, 9923], [4955, -1, -1], [4956, 1, 10399], [4956, 1, 10587], [4956, -1, -1], [4957, 1, 10493], [4957, 1, 10533], [4957, 1, 10725], [4957, -1, -1], [4958, 1, 9136], [4958, 1, 9172], [4958, 1, 9365], [4958, 1, 9820], [4958, 1, 9952], [4958, 1, 10022], [4958, 1, 10136], [4958, -1, -1], [4959, -1, -1]]"
1752866066.3415,-12.00005379319191,12805.821059026617,12805.821401557238,12816.461681685649,15865.460891638904,"[[4960, 1, 12017], [4960, 1, 12052], [4960, 1, 12247], [4960, -1, -1], [4961, -1, -1], [4962, 1, 10395], [4962, 1, 10594], [4962, -1, -1], [4963, -1, -1], [4964, 1, 11791], [4964, 1, 11994], [4964, -1, -1], [4965, -1, -1], [4966, 1, 10483], [4966, 1, 11508], [4966, 1, 11576], [4966, 1, 11739], [4966, -1, -1], [4967, 1, 8981], [4967, 1, 9008], [4967, 1, 9211], [4967, -1, -1], [4968, 1, 11924], [4968, 1, 12107], [4968, -1, -1], [4969, 1, 11077], [4969, 1, 11262], [4969, -1, -1], [4970, 1, 9702], [4970, 1, 9911], [4970, 1, 12174], [4970, 1, 12372], [4970, -1, -1]]"
1752866066.4504,-10.000053465366364,12805.821059026617,12805.821394582237,12816.46169182655,15865.460891638904,"[[4971, -1, -1], [4972, -1, -1], [4973, -1, -1], [4974, 1, 10725], [4974, 1, 10912], [4974, 1, 11587], [4974, -1, -1], [4975, -1, -1], [4976, 1, 10036], [4976, 1, 10235], [4976, 1, 10767], [4976, 1, 10951], [4976, -1, -1], [4977, 1, 9520], [4977, 1, 9722], [4977, 1, 10002], [4977, -1, -1], [4978, 1, 11249], [4978, 1, 11434], [4978, -1, -1], [4979, 1, 11216], [4979, 1, 11415], [4979, 1, 11941], [4979, -1, -1], [4980, -1, -1], [4981, 1, 9547], [4981, 1, 9751], [4981, 1, 9859], [4981, 1, 10058], [4981, -1, -1]]"
1752866066.5604,-8.000053603202105,12805.821099487068,12805.821394582237,12816.46169182655,15865.460891638904,"[[4982, 1, 11032], [4982, 1, 11222], [4982, 1, 12042], [4982, 1, 12250], [4982, -1, -1], [4983, -1, -1], [4984, 1, 11098], [4984, 1, 11283], [4984, 1, 12105], [4984, 1, 12312], [4984, -1, -1], [4985, 1, 10553], [4985, 1, 10589], [4985, 1, 10783], [4985, 1, 11010], [4985, 1, 11040], [4985, 1, 11242], [4985, 1, 11387], [4985, 1, 11560], [4985, -1, -1], [4986, 1, 10146], [4986, 1, 10184], [4986, 1, 10378], [4986, 1, 10495], [4986, 1, 10703], [4986, 1, 10910], [4986, 1, 10944], [4986, 1, 11142], [4986, 1, 12233], [4986, 1, 12440], [4986, -1, -1], [4987, 1, 11928], [4987, 1, 12127], [4987, 1, 12402], [4987, 1, 12436], [4987, 1, 12632], [4987, 1, 12702], [4987, 1, 12748], [4987, -1, -1], [4988, 1, 10593], [4988, 1, 10781], [4988, 1, 10898], [4988, -1, -1], [4989, 1, 9093], [4989, 1, 9276], [4989, 1, 9302], [4989, 1, 9505], [4989, -1, -1], [4990, 1, 11514], [4990, 1, 11548], [4990, 1, 11744], [4990, -1, -1], [4991, 1, 9545], [4991, 1, 9748], [4991, -1, -1], [4992, 1, 11575], [4992, 1, 11745], [4992, -1, -1]]"
1752866066.6704,-6.000053741037846,12805.821099487068,12805.821392457407,12816.461690782617,15865.460891638904,"[[4993, -1, -1], [4994, 1, 12405], [4994, 1, 12604], [4994, -1, -1], [4995, 1, 10572], [4995, 1, 10609], [4995, 1, 10802], [4995, -1, -1], [4996, 1, 9408], [4996, 1, 9596], [4996, 1, 11831], [4996, 1, 12039], [4996, 1, 13073], [4996, 1, 13108], [4996, 1, 13304], [4996, -1, -1], [4997, -1, -1], [4998, 1, 10894], [4998, 1, 10933], [4998, 1, 11125], [4998, -1, -1], [4999, 1, 11218], [4999, 1, 11403], [4999, 1, 12344], [4999, 1, 12552], [4999, -1, -1], [5000, -1, -1], [5001, 1, 10244], [5001, 1, 10427], [5001, 1, 10883], [5001, 1, 11010], [5001, 1, 11209], [5001, -1, -1], [5002, 1, 10733], [5002, 1, 10766], [5002, 1, 10963], [5002, -1, -1], [5003, 1, 11178], [5003, 1, 11377], [5003, 1, 14305], [5003, 1, 14492], [5003, -1, -1]]"
1752866066.7814,-4.000053646042943,12805.821154917521,12805.821392457407,12816.461690782617,15865.460891638904,"[[5004, 1, 9989], [5004, 1, 10028], [5004, 1, 10220], [5004, -1, -1], [5005, 1, 8008], [5005, 1, 8193], [5005, 1, 11918], [5005, 1, 12117], [5005, 1, 12805], [5005, 1, 13005], [5005, 1, 13185], [5005, -1, -1], [5006, 1, 11073], [5006, 1, 11111], [5006, 1, 11303], [5006, 1, 11362], [5006, 1, 11395], [5006, 1, 11594], [5006, -1, -1], [5007, 1, 8873], [5007, 1, 9072], [5007, 1, 9250], [5007, 1, 10479], [5007, 1, 10665], [5007, 1, 14200], [5007, 1, 14402], [5007, 1, 14520], [5007, -1, -1], [5008, -1, -1], [5009, 1, 10343], [5009, 1, 10379], [5009, 1, 10574], [5009, 1, 10629], [5009, 1, 10817], [5009, 1, 11082], [5009, 1, 11111], [5009, 1, 11313], [5009, 1, 12085], [5009, 1, 12289], [5009, -1, -1], [5010, 1, 10628], [5010, 1, 10831], [5010, 1, 11381], [5010, 1, 11580], [5010, -1, -1], [5011, 1, 9403], [5011, 1, 9441], [5011, 1, 9634], [5011, 1, 11129], [5011, 1, 11337], [5011, 1, 11459], [5011, 1, 11646], [5011, -1, -1], [5012, -1, -1], [5013, -1, -1], [5014, 1, 11407], [5014, 1, 11607], [5014, 1, 11826], [5014, 1, 11960], [5014, -1, -1]]"
1752866066.8914,-2.0000536460440514,12805.821154917521,12805.821394008572,12816.461685181126,15865.460891638904,"[[5015, -1, -1], [5016, 1, 9981], [5016, 1, 10181], [5016, 1, 10625], [5016, 1, 10810], [5016, 1, 11263], [5016, 1, 11471], [5016, -1, -1], [5017, 1, 6676], [5017, 1, 6710], [5017, 1, 6906], [5017, 1, 7294], [5017, 1, 10692], [5017, 1, 10894], [5017, -1, -1], [5018, 1, 9057], [5018, 1, 10252], [5018, 1, 10286], [5018, 1, 10482], [5018, 1, 10745], [5018, 1, 10929], [5018, 1, 11850], [5018, 1, 12015], [5018, 1, 12219], [5018, -1, -1], [5019, 1, 10397], [5019, 1, 10601], [5019, 1, 11105], [5019, 1, 13338], [5019, 1, 13373], [5019, 1, 13568], [5019, -1, -1], [5020, 1, 11942], [5020, 1, 12063], [5020, 1, 12140], [5020, 1, 12245], [5020, -1, -1], [5021, 1, 9128], [5021, 1, 9155], [5021, 1, 9358], [5021, 1, 11638], [5021, 1, 11846], [5021, 1, 12097], [5021, 1, 12286], [5021, 1, 12679], [5021, -1, -1], [5022, 1, 12118], [5022, 1, 12153], [5022, 1, 12349], [5022, -1, -1], [5023, -1, -1], [5024, 1, 9725], [5024, 1, 9825], [5024, 1, 9923], [5024, 1, 10033], [5024, 1, 10526], [5024, -1, -1], [5025, 1, 9876], [5025, 1, 9911], [5025, 1, 10106], [5025, -1, -1]]"
1752866067.0004,-5.368888378147474e-05,12805.821159891031,12805.821394008572,12816.461689597952,15865.460891638904,"[[5026, 1, 9372], [5026, 1, 9575], [5026, 1, 9744], [5026, 1, 10998], [5026, 1, 11183], [5026, 1, 11348], [5026, 1, 11513], [5026, 1, 11720], [5026, 1, 11764], [5026, 1, 11797], [5026, 1, 11995], [5026, 1, 12396], [5026, 1, 12599], [5026, -1, -1], [5027, -1, -1], [5028, 1, 9411], [5028, 1, 9614], [5028, 1, 11740], [5028, 1, 11942], [5028, -1, -1], [5029, 1, 9362], [5029, 1, 9442], [5029, 1, 9561], [5029, 1, 9645], [5029, 1, 9899], [5029, 1, 10789], [5029, 1, 10978], [5029, 1, 11037], [5029, 1, 11240], [5029, 1, 11574], [5029, 1, 11781], [5029, -1, -1], [5030, -1, -1], [5031, 1, 9319], [5031, 1, 9518], [5031, 1, 9877], [5031, 1, 10046], [5031, 1, 11223], [5031, 1, 11407], [5031, 1, 14741], [5031, 1, 14935], [5031, -1, -1], [5032, 1, 10975], [5032, 1, 11162], [5032, 1, 14139], [5032, 1, 14173], [5032, 1, 14211], [5032, 1, 14285], [5032, 1, 14369], [5032, -1, -1], [5033, 1, 9524], [5033, 1, 9727], [5033, 1, 10893], [5033, 1, 10927], [5033, 1, 11122], [5033, 1, 12128], [5033, 1, 12335], [5033, 1, 13727], [5033, 1, 13912], [5033, -1, -1], [5034, 1, 10422], [5034, 1, 10625], [5034, -1, -1], [5035, 1, 9498], [5035, 1, 9698], [5035, 1, 11076], [5035, 1, 11265], [5035, -1, -1], [5036, 1, 7727], [5036, 1, 7912], [5036, 1, 9949], [5036, 1, 9983], [5036, 1, 10179], [5036, 1, 10588], [5036, 1, 10640], [5036, 1, 10786], [5036, 1, 10842], [5036, 1, 11052], [5036, 1, 11349], [5036, 1, 11455], [5036, 1, 11586], [5036, 1, 11659], [5036, -1, -1]]"
1752866067.1234,1.9999461732804775,12805.821159891031,12805.82140880809,12816.461689597952,15865.460891638904,"[[5037, 1, 9384], [5037, 1, 9423], [5037, 1, 9616], [5037, 1, 10890], [5037, 1, 10925], [5037, 1, 11120], [5037, 1, 11865], [5037, 1, 12068], [5037, -1, -1], [5038, 1, 8261], [5038, 1, 8446], [5038, 1, 10210], [5038, 1, 10417], [5038, 1, 10676], [5038, 1, 10884], [5038, 1, 11253], [5038, 1, 11460], [5038, 1, 11774], [5038, 1, 11973], [5038, 1, 12210], [5038, -1, -1], [5039, 1, 9859], [5039, 1, 9990], [5039, 1, 10058], [5039, 1, 10194], [5039, 1, 11502], [5039, 1, 11705], [5039, -1, -1], [5040, 1, 10018], [5040, 1, 10202], [5040, 1, 10347], [5040, 1, 10532], [5040, 1, 10781], [5040, 1, 10880], [5040, 1, 10983], [5040, 1, 11083], [5040, 1, 12981], [5040, 1, 13165], [5040, 1, 13586], [5040, 1, 13786], [5040, -1, -1], [5041, 1, 11223], [5041, 1, 11422], [5041, -1, -1], [5042, 1, 9877], [5042, 1, 9916], [5042, 1, 10005], [5042, 1, 10044], [5042, 1, 10108], [5042, 1, 10236], [5042, -1, -1], [5043, 1, 10655], [5043, 1, 10691], [5043, 1, 10885], [5043, 1, 11060], [5043, 1, 11112], [5043, 1, 11300], [5043, -1, -1], [5044, 1, 9997], [5044, 1, 10182], [5044, 1, 10566], [5044, 1, 10736], [5044, 1, 11096], [5044, 1, 11293], [5044, 1, 11478], [5044, -1, -1], [5045, 1, 10064], [5045, 1, 10248], [5045, 1, 11897], [5045, 1, 12104], [5045, 1, 12228], [5045, -1, -1], [5046, 1, 9785], [5046, 1, 9821], [5046, 1, 10014], [5046, 1, 10605], [5046, 1, 10790], [5046, -1, -1], [5047, 1, 9674], [5047, 1, 9862], [5047, 1, 10144], [5047, 1, 11434], [5047, 1, 11463], [5047, 1, 11667], [5047, -1, -1], [5048, 1, 9943], [5048, 1, 10208], [5048, 1, 10238], [5048, 1, 10411], [5048, 1, 10443], [5048, 1, 10653], [5048, 1, 10892], [5048, 1, 10930], [5048, 1, 10964], [5048, 1, 11161], [5048, 1, 12327], [5048, 1, 12666], [5048, 1, 12874], [5048, -1, -1], [5049, 1, 10565], [5049, 1, 10752], [5049, 1, 12560], [5049, 1, 12645], [5049, 1, 12790], [5049, 1, 12849], [5049, -1, -1]]"
1752866067.2334,3.9999460354447365,12805.821119089027,12805.82140880809,12816.461680369819,15865.460891638904,"[[5050, 1, 10037], [5050, 1, 10225], [5050, 1, 10730], [5050, 1, 10920], [5050, 1, 11256], [5050, 1, 12541], [5050, 1, 12654], [5050, 1, 12697], [5050, 1, 12730], [5050, -1, -1], [5051, 1, 9471], [5051, 1, 9675], [5051, 1, 9906], [5051, 1, 9993], [5051, 1, 10104], [5051, 1, 10169], [5051, 1, 10228], [5051, 1, 10367], [5051, 1, 10416], [5051, 1, 12209], [5051, 1, 12397], [5051, 1, 12496], [5051, 1, 12523], [5051, 1, 12726], [5051, -1, -1], [5052, 1, 12744], [5052, 1, 12943], [5052, 1, 13057], [5052, -1, -1], [5053, 1, 9004], [5053, 1, 9193], [5053, 1, 10151], [5053, 1, 10336], [5053, 1, 10562], [5053, 1, 12047], [5053, 1, 12096], [5053, 1, 12282], [5053, -1, -1], [5054, 1, 10367], [5054, 1, 10490], [5054, 1, 10555], [5054, 1, 10674], [5054, 1, 10736], [5054, 1, 10919], [5054, 1, 12915], [5054, 1, 12973], [5054, 1, 13099], [5054, 1, 13176], [5054, 1, 13574], [5054, -1, -1], [5055, 1, 9595], [5055, 1, 9770], [5055, 1, 9911], [5055, 1, 9963], [5055, 1, 9992], [5055, 1, 10182], [5055, 1, 11943], [5055, 1, 11990], [5055, 1, 12173], [5055, 1, 12234], [5055, 1, 12423], [5055, -1, -1], [5056, -1, -1], [5057, 1, 11709], [5057, 1, 11908], [5057, 1, 12382], [5057, 1, 12566], [5057, -1, -1], [5058, 1, 12254], [5058, 1, 12346], [5058, 1, 12408], [5058, 1, 12437], [5058, 1, 12617], [5058, 1, 13082], [5058, -1, -1], [5059, 1, 10197], [5059, 1, 10400], [5059, 1, 11777], [5059, 1, 11976], [5059, 1, 12181], [5059, 1, 12996], [5059, 1, 13024], [5059, 1, 13102], [5059, 1, 13229], [5059, -1, -1], [5060, 1, 9681], [5060, 1, 9730], [5060, 1, 9815], [5060, 1, 9915], [5060, 1, 10003], [5060, 1, 11917], [5060, 1, 12107], [5060, -1, -1]]"
1752866067.3444,5.999946363270283,12805.821119089027,12805.821415474844,12816.461680369819,15865.460891638904,"[[5061, 1, 9754], [5061, 1, 9958], [5061, 1, 11059], [5061, 1, 11258], [5061, 1, 11576], [5061, 1, 11727], [5061, 1, 11764], [5061, 1, 11957], [5061, 1, 12170], [5061, 1, 12200], [5061, 1, 12367], [5061, 1, 12402], [5061, 1, 12598], [5061, -1, -1], [5062, 1, 9013], [5062, 1, 9058], [5062, 1, 9249], [5062, 1, 9439], [5062, 1, 10762], [5062, 1, 11146], [5062, 1, 12335], [5062, 1, 12537], [5062, -1, -1], [5063, 1, 11125], [5063, 1, 11324], [5063, 1, 11765], [5063, 1, 11795], [5063, 1, 11995], [5063, -1, -1], [5064, 1, 10763], [5064, 1, 10800], [5064, 1, 10993], [5064, 1, 11817], [5064, 1, 11847], [5064, 1, 12047], [5064, -1, -1], [5065, 1, 8589], [5065, 1, 8760], [5065, 1, 11275], [5065, 1, 11309], [5065, 1, 11510], [5065, -1, -1], [5066, 1, 10674], [5066, 1, 10873], [5066, 1, 11174], [5066, 1, 11213], [5066, 1, 11409], [5066, 1, 11490], [5066, 1, 11687], [5066, 1, 11880], [5066, 1, 12063], [5066, -1, -1], [5067, 1, 8891], [5067, 1, 9080], [5067, 1, 11078], [5067, 1, 11280], [5067, 1, 11333], [5067, -1, -1], [5068, 1, 10776], [5068, 1, 10998], [5068, 1, 11067], [5068, 1, 11224], [5068, 1, 11516], [5068, 1, 11703], [5068, 1, 11770], [5068, 1, 11885], [5068, 1, 11960], [5068, -1, -1], [5069, 1, 7479], [5069, 1, 7679], [5069, 1, 7769], [5069, 1, 8535], [5069, 1, 10815], [5069, 1, 11074], [5069, 1, 11228], [5069, 1, 11677], [5069, 1, 11879], [5069, 1, 12079], [5069, 1, 12192], [5069, -1, -1], [5070, 1, 13560], [5070, 1, 13763], [5070, -1, -1], [5071, 1, 10627], [5071, 1, 10658], [5071, 1, 10858], [5071, 1, 11060], [5071, 1, 11230], [5071, 1, 11257], [5071, 1, 11335], [5071, 1, 11418], [5071, 1, 11525], [5071, -1, -1]]"
1752866067.4534,7.999946691095829,12805.821082482253,12805.821415474844,12816.461688734555,15865.460891638904,"[[5072, -1, -1], [5073, 1, 11341], [5073, 1, 11376], [5073, 1, 11572], [5073, 1, 12115], [5073, 1, 12303], [5073, -1, -1], [5074, 1, 10297], [5074, 1, 10674], [5074, 1, 10882], [5074, 1, 10946], [5074, 1, 11149], [5074, 1, 12811], [5074, 1, 13018], [5074, 1, 13135], [5074, 1, 13338], [5074, -1, -1], [5075, 1, 9608], [5075, 1, 9643], [5075, 1, 9841], [5075, 1, 10632], [5075, 1, 10853], [5075, 1, 11038], [5075, -1, -1], [5076, 1, 10185], [5076, 1, 10398], [5076, 1, 10610], [5076, 1, 10794], [5076, 1, 11252], [5076, 1, 11455], [5076, -1, -1], [5077, 1, 9891], [5077, 1, 10076], [5077, 1, 10866], [5077, 1, 11051], [5077, 1, 11171], [5077, 1, 11374], [5077, -1, -1], [5078, 1, 10852], [5078, 1, 11055], [5078, 1, 11095], [5078, 1, 13201], [5078, 1, 13236], [5078, 1, 13431], [5078, -1, -1], [5079, 1, 9453], [5079, 1, 9652], [5079, 1, 10155], [5079, 1, 10238], [5079, 1, 10354], [5079, 1, 10446], [5079, 1, 13052], [5079, 1, 13090], [5079, 1, 13282], [5079, 1, 13913], [5079, -1, -1], [5080, 1, 10336], [5080, 1, 10370], [5080, 1, 10422], [5080, 1, 10468], [5080, 1, 10566], [5080, 1, 10624], [5080, 1, 10659], [5080, 1, 10856], [5080, 1, 11295], [5080, 1, 12764], [5080, 1, 12951], [5080, 1, 13189], [5080, 1, 13245], [5080, 1, 13452], [5080, 1, 13544], [5080, -1, -1], [5081, 1, 10126], [5081, 1, 10328], [5081, 1, 10480], [5081, 1, 10515], [5081, 1, 10710], [5081, 1, 10786], [5081, -1, -1], [5082, 1, 9965], [5082, 1, 10304], [5082, 1, 10346], [5082, 1, 10542], [5082, 1, 10632], [5082, 1, 10664], [5082, 1, 10738], [5082, 1, 12412], [5082, 1, 12449], [5082, 1, 12642], [5082, -1, -1]]"
1752866067.5634,9.999947018921375,12805.821116411233,12805.821426985858,12816.461688734555,15865.460891638904,"[[5083, 1, 10442], [5083, 1, 10627], [5083, 1, 12727], [5083, 1, 12885], [5083, -1, -1], [5084, 1, 9785], [5084, 1, 9915], [5084, 1, 9992], [5084, -1, -1], [5085, 1, 9801], [5085, 1, 9985], [5085, 1, 12678], [5085, 1, 12863], [5085, -1, -1], [5086, 1, 12508], [5086, 1, 12712], [5086, -1, -1], [5087, 1, 10085], [5087, 1, 10284], [5087, 1, 12083], [5087, 1, 12231], [5087, 1, 12434], [5087, 1, 12779], [5087, 1, 12987], [5087, -1, -1], [5088, 1, 12021], [5088, 1, 12220], [5088, 1, 12308], [5088, 1, 12344], [5088, 1, 12538], [5088, 1, 12800], [5088, -1, -1], [5089, 1, 12107], [5089, 1, 12310], [5089, 1, 12758], [5089, 1, 12957], [5089, -1, -1], [5090, -1, -1], [5091, 1, 11688], [5091, 1, 11872], [5091, -1, -1], [5092, 1, 11795], [5092, 1, 11829], [5092, 1, 12025], [5092, 1, 12416], [5092, 1, 12599], [5092, -1, -1], [5093, 1, 11560], [5093, 1, 11587], [5093, 1, 11791], [5093, 1, 12092], [5093, 1, 12137], [5093, 1, 12328], [5093, -1, -1]]"
1752866067.6729,11.999947346746922,12805.821116411233,12805.821426985858,12816.46169099316,15865.460891638904,"[[5094, 1, 11545], [5094, 1, 11579], [5094, 1, 11776], [5094, -1, -1], [5095, 1, 11357], [5095, 1, 11432], [5095, 1, 11541], [5095, 1, 11665], [5095, 1, 11872], [5095, 1, 11933], [5095, 1, 12053], [5095, 1, 12252], [5095, 1, 15094], [5095, 1, 15294], [5095, 1, 15685], [5095, -1, -1], [5096, 1, 11459], [5096, 1, 11502], [5096, 1, 11695], [5096, 1, 11760], [5096, 1, 11798], [5096, 1, 11991], [5096, 1, 12565], [5096, 1, 12773], [5096, -1, -1], [5097, 1, 11301], [5097, 1, 11504], [5097, 1, 11703], [5097, 1, 11910], [5097, 1, 12017], [5097, -1, -1], [5098, -1, -1], [5099, 1, 11616], [5099, 1, 11804], [5099, 1, 11853], [5099, -1, -1], [5100, 1, 11125], [5100, 1, 11156], [5100, 1, 11355], [5100, 1, 11893], [5100, 1, 11927], [5100, 1, 12123], [5100, -1, -1], [5101, 1, 11097], [5101, 1, 11286], [5101, 1, 11705], [5101, 1, 11904], [5101, -1, -1], [5102, -1, -1], [5103, 1, 10713], [5103, 1, 10755], [5103, 1, 10885], [5103, 1, 10971], [5103, 1, 11127], [5103, 1, 11328], [5103, 1, 11407], [5103, 1, 12082], [5103, 1, 12741], [5103, 1, 13595], [5103, 1, 13754], [5103, 1, 13784], [5103, -1, -1]]"
1752866067.7834,13.999946743249893,12805.821186096176,12805.821422050654,12816.46169099316,15865.460891638904,"[[5105, 1, 10803], [5105, 1, 10903], [5105, 1, 11001], [5105, 1, 11060], [5105, 1, 11248], [5105, 1, 11440], [5105, 1, 13975], [5105, 1, 14178], [5105, -1, -1], [5106, -1, -1], [5107, 1, 10824], [5107, 1, 10984], [5107, 1, 11024], [5107, 1, 11214], [5107, 1, 13932], [5107, 1, 14121], [5107, -1, -1], [5108, -1, -1], [5109, -1, -1], [5110, 1, 10198], [5110, 1, 10389], [5110, -1, -1], [5111, 1, 10377], [5111, 1, 10580], [5111, 1, 13386], [5111, 1, 13594], [5111, 1, 13631], [5111, -1, -1], [5112, 1, 10065], [5112, 1, 10099], [5112, 1, 10294], [5112, 1, 10555], [5112, 1, 10763], [5112, 1, 12973], [5112, 1, 13276], [5112, 1, 13476], [5112, -1, -1], [5113, 1, 12962], [5113, 1, 13162], [5113, 1, 13444], [5113, -1, -1], [5114, -1, -1], [5115, 1, 12445], [5115, 1, 12485], [5115, 1, 12675], [5115, 1, 12993], [5115, 1, 13201], [5115, -1, -1]]"
1752866067.8944,15.999947071075438,12805.821186096176,12805.821422050654,12816.461681129045,15865.460891638904,"[[5116, -1, -1], [5117, -1, -1], [5118, 1, 14888], [5118, 1, 14932], [5118, 1, 15127], [5118, 1, 15303], [5118, -1, -1], [5119, 1, 12439], [5119, 1, 12642], [5119, -1, -1], [5120, -1, -1], [5121, -1, -1], [5122, 1, 13007], [5122, 1, 13193], [5122, -1, -1], [5123, -1, -1], [5124, -1, -1], [5125, -1, -1], [5126, 1, 11538], [5126, 1, 11736], [5126, 1, 11932], [5126, -1, -1]]"
1752866068.0034,17.999947398900986,12805.821175557012,12805.821405616149,12816.461681129045,15865.460891638904,"[[5127, 1, 10393], [5127, 1, 10423], [5127, 1, 10623], [5127, -1, -1], [5128, -1, -1], [5129, -1, -1], [5130, -1, -1], [5131, 1, 12456], [5131, 1, 12649], [5131, -1, -1], [5132, -1, -1], [5133, -1, -1], [5134, -1, -1], [5135, 1, 10466], [5135, 1, 10669], [5135, -1, -1], [5136, -1, -1], [5137, 1, 8044], [5137, 1, 8243], [5137, 1, 10714], [5137, 1, 10913], [5137, 1, 11161], [5137, -1, -1]]"
1752866068.1124,19.999947726726532,12805.821175557012,12805.821404987548,12816.461688614168,15865.460891638904,"[[5138, -1, -1], [5139, -1, -1], [5140, -1, -1], [5141, -1, -1], [5142, -1, -1], [5143, -1, -1], [5144, -1, -1], [5145, -1, -1], [5146, 1, 10169], [5146, 1, 10368], [5146, -1, -1], [5147, -1, -1], [5148, -1, -1]]"
1752866068.2219,21.99994805455208,12805.821133168123,12805.821404987548,12816.461688614168,15865.460891638904,"[[5149, -1, -1], [5150, -1, -1], [5151, -1, -1], [5152, -1, -1], [5153, -1, -1], [5154, -1, -1], [5155, -1, -1], [5156, 1, 9117], [5156, 1, 9316], [5156, -1, -1], [5157, 1, 12031], [5157, 1, 12221], [5157, -1, -1], [5158, -1, -1]]"
1752866068.3319,23.999948382377625,12805.821133168123,12805.821397473579,12816.4616832164,15865.460891638904,"[[5160, -1, -1], [5161, -1, -1], [5162, -1, -1], [5163, 1, 11072], [5163, 1, 11271], [5163, -1, -1], [5164, -1, -1], [5165, -1, -1], [5166, -1, -1], [5167, -1, -1], [5168, -1, -1], [5169, -1, -1]]"
1752866068.4414,25.99994871020317,12805.821072061124,12805.821397473579,12816.461683870682,15865.460891638904,"[[5171, -1, -1], [5172, -1, -1], [5173, -1, -1], [5174, -1, -1], [5175, -1, -1], [5176, 1, 13834], [5176, 1, 14033], [5176, -1, -1], [5177, -1, -1], [5178, -1, -1], [5179, -1, -1], [5180, -1, -1]]"
1752866068.5504,27.999949038028717,12805.821072061124,12805.821402879621,12816.461683870682,15865.460891638904,"[[5181, -1, -1], [5182, -1, -1], [5183, -1, -1], [5184, 1, 11751], [5184, 1, 11954], [5184, -1, -1], [5185, -1, -1], [5186, -1, -1], [5187, 1, 339788], [5187, 1, 339979], [5187, -1, -1], [5188, 1, 251518], [5188, 1, 251708], [5188, -1, -1], [5189, -1, -1], [5190, 1, 11272], [5190, 1, 11475], [5190, 1, 11714], [5190, -1, -1], [5191, 1, 11562], [5191, 1, 11762], [5191, -1, -1]]"
1752866068.6604,29.999949365854263,12805.821075488875,12805.821402879621,12816.461685629369,15865.460891638904,"[[5192, -1, -1], [5193, -1, -1], [5194, -1, -1], [5195, -1, -1], [5196, -1, -1], [5197, -1, -1], [5198, -1, -1], [5199, -1, -1], [5200, -1, -1], [5201, -1, -1], [5202, -1, -1]]"
1752866068.7714,31.99994969367981,12805.821075488875,12805.821399250244,12816.461685629369,15865.460891638904,"[[5203, -1, -1], [5204, -1, -1], [5205, -1, -1], [5206, -1, -1], [5207, -1, -1], [5208, -1, -1], [5209, -1, -1], [5210, -1, -1], [5211, -1, -1], [5212, -1, -1], [5213, -1, -1]]"
1752866068.8814,33.999950021505356,12805.821124371834,12805.821399250244,12816.461679960019,15865.460891638904,"[[5214, -1, -1], [5215, -1, -1], [5216, -1, -1], [5217, -1, -1], [5218, -1, -1], [5219, -1, -1], [5220, -1, -1], [5221, -1, -1], [5222, -1, -1], [5223, -1, -1], [5224, -1, -1]]"
1752866068.9914,35.9999503493309,12805.821124371834,12805.821393077162,12816.461679960019,15865.460891638904,"[[5225, -1, -1], [5226, -1, -1], [5227, -1, -1], [5228, -1, -1], [5229, -1, -1], [5230, -1, -1], [5231, -1, -1], [5232, -1, -1], [5233, -1, -1], [5234, -1, -1], [5235, -1, -1]]"
1752866069.1014,37.99995067715645,12805.8211696404,12805.821393077162,12816.461689371981,15865.460891638904,"[[5236, -1, -1], [5237, -1, -1], [5238, -1, -1], [5239, -1, -1], [5240, -1, -1], [5241, -1, -1], [5242, -1, -1], [5243, -1, -1], [5244, -1, -1], [5245, -1, -1], [5246, -1, -1]]"
1752866069.2104,39.999951004981995,12805.8211696404,12805.821402715366,12816.461689371981,15865.460891638904,"[[5247, -1, -1], [5248, -1, -1], [5249, -1, -1], [5250, -1, -1], [5251, -1, -1], [5252, -1, -1], [5253, -1, -1], [5254, -1, -1], [5255, -1, -1], [5256, -1, -1], [5257, -1, -1]]"
1752866069.3214,41.99995133280754,12805.821176151787,12805.821402715366,12816.46168258562,15865.460891638904,"[[5258, -1, -1], [5259, -1, -1], [5260, -1, -1], [5261, -1, -1], [5262, -1, -1], [5263, 1, 13534], [5263, -1, -1], [5264, -1, -1], [5265, -1, -1], [5266, -1, -1], [5267, 1, 10103], [5267, 1, 10302], [5267, -1, -1], [5268, -1, -1]]"
1752866069.4314,43.99995166063309,12805.821084725663,12805.821388660155,12816.46168258562,15865.460891638904,"[[5269, -1, -1], [5270, -1, -1], [5271, 1, 10251], [5271, 1, 10450], [5271, -1, -1], [5272, -1, -1], [5273, -1, -1], [5274, -1, -1], [5275, -1, -1], [5276, -1, -1], [5277, -1, -1], [5278, -1, -1], [5279, 1, 10891], [5279, 1, 11075], [5279, -1, -1]]"
1752866069.5414,45.99995198845863,12805.821084725663,12805.821388660155,12816.461688301766,15865.460891638904,"[[5280, -1, -1], [5281, -1, -1], [5282, -1, -1], [5283, 1, 8614], [5283, 1, 8802], [5283, -1, -1], [5284, -1, -1], [5285, -1, -1], [5286, -1, -1], [5287, -1, -1], [5288, -1, -1], [5289, -1, -1], [5290, -1, -1]]"
1752866069.6505,47.99995231628418,12805.821089315832,12805.82140020589,12816.461688301766,15865.460891638904,"[[5291, -1, -1], [5292, -1, -1], [5293, 1, 10990], [5293, 1, 11190], [5293, 1, 11677], [5293, 1, 11879], [5293, -1, -1], [5294, -1, -1], [5295, -1, -1], [5296, -1, -1], [5297, -1, -1], [5298, -1, -1], [5299, -1, -1], [5300, -1, -1], [5301, -1, -1]]"
1752866069.7595,49.999952644109726,12805.821089315832,12805.82140020589,12816.461688234118,15865.460891638904,"[[5302, -1, -1], [5303, -1, -1], [5304, -1, -1], [5305, -1, -1], [5306, -1, -1], [5307, -1, -1], [5308, -1, -1], [5309, -1, -1], [5310, -1, -1], [5311, 1, 14460], [5311, 1, 14690], [5311, -1, -1], [5312, -1, -1]]"
1752866069.8694,51.99995297193527,12805.821112299314,12805.821395921801,12816.461688234118,15865.460891638904,"[[5313, -1, -1], [5314, 1, 11986], [5314, 1, 12174], [5314, -1, -1], [5315, -1, -1], [5316, -1, -1], [5317, -1, -1], [5318, -1, -1], [5319, 1, 10898], [5319, 1, 11102], [5319, -1, -1], [5320, -1, -1], [5321, -1, -1], [5322, -1, -1], [5323, -1, -1]]"
1752866069.9794,53.99995329976082,12805.821112299314,12805.821398050746,12816.461685972808,15865.460891638904,"[[5324, -1, -1], [5325, -1, -1], [5326, -1, -1], [5327, 1, 10512], [5327, 1, 10711], [5327, -1, -1], [5328, -1, -1], [5329, -1, -1], [5330, -1, -1], [5331, -1, -1], [5332, -1, -1], [5333, -1, -1], [5334, -1, -1]]"
1752866070.0904,55.999953627586365,12805.821189951957,12805.821398050746,12816.461685972808,15865.460891638904,"[[5335, -1, -1], [5336, -1, -1], [5337, -1, -1], [5338, -1, -1], [5339, -1, -1], [5340, -1, -1], [5341, -1, -1], [5342, -1, -1], [5343, -1, -1], [5344, -1, -1], [5345, 1, 10918], [5345, 1, 11120], [5345, -1, -1]]"
1752866070.1994,57.99995395541191,12805.821189951957,12805.821391354262,12816.461685404622,15865.460891638904,"[[5346, 1, 11419], [5346, 1, 11457], [5346, 1, 11650], [5346, -1, -1], [5347, -1, -1], [5348, -1, -1], [5349, -1, -1], [5350, -1, -1], [5351, -1, -1], [5352, -1, -1], [5353, -1, -1], [5354, -1, -1], [5355, -1, -1], [5356, -1, -1]]"
1752866070.3094,59.99995428323746,12805.821173224025,12805.821391354262,12816.461685404622,15865.460891638904,"[[5357, -1, -1], [5358, -1, -1], [5359, -1, -1], [5360, -1, -1], [5361, -1, -1], [5362, -1, -1], [5363, -1, -1], [5364, -1, -1], [5365, -1, -1], [5366, -1, -1], [5367, -1, -1]]"
1752866070.4185,61.999950885772705,12805.821173224025,12805.821394065477,12816.461686134686,15865.460891638904,"[[5368, -1, -1], [5369, -1, -1], [5370, -1, -1], [5371, -1, -1], [5372, -1, -1], [5373, -1, -1], [5374, -1, -1], [5375, -1, -1], [5376, 1, 8071], [5376, 1, 8106], [5376, 1, 8301], [5376, -1, -1], [5377, -1, -1], [5378, -1, -1]]"
1752866070.5284,63.99994748830795,12805.821107973496,12805.821394065477,12816.461691517788,15865.460891638904,"[[5379, -1, -1], [5380, -1, -1], [5381, -1, -1], [5382, -1, -1], [5383, -1, -1], [5384, -1, -1], [5385, -1, -1], [5386, -1, -1], [5387, -1, -1], [5388, -1, -1], [5389, -1, -1]]"
1752866070.6384,65.9999440908432,12805.821107973496,12805.821383078515,12816.461691517788,15865.460891638904,"[[5390, -1, -1], [5391, -1, -1], [5392, -1, -1], [5393, -1, -1], [5394, -1, -1], [5395, -1, -1], [5396, -1, -1], [5397, -1, -1], [5398, -1, -1], [5399, -1, -1], [5400, -1, -1]]"
1752866070.7475,67.99994069337845,12805.821091578264,12805.821383078515,12816.46168381355,15865.460891638904,"[[5401, -1, -1], [5402, -1, -1], [5403, -1, -1], [5404, -1, -1], [5405, -1, -1], [5406, -1, -1], [5407, 1, 306688], [5407, 1, 306875], [5407, -1, -1], [5408, -1, -1], [5409, -1, -1], [5410, -1, -1], [5411, -1, -1]]"
1752866070.8594,69.9999372959137,12805.821091578264,12805.82138135659,12816.46168381355,15865.460891638904,"[[5412, -1, -1], [5413, -1, -1], [5414, -1, -1], [5415, -1, -1], [5416, -1, -1], [5417, -1, -1], [5418, -1, -1], [5419, -1, -1], [5420, 1, 14925], [5420, 1, 14960], [5420, 1, 15156], [5420, -1, -1], [5421, -1, -1], [5422, -1, -1]]"
1752866070.9705,71.99993389844894,12805.821103217611,12805.82138135659,12816.461689759048,15865.460891638904,"[[5423, -1, -1], [5424, -1, -1], [5425, -1, -1], [5426, -1, -1], [5427, -1, -1], [5428, -1, -1], [5429, -1, -1], [5430, -1, -1], [5431, -1, -1], [5432, -1, -1], [5433, -1, -1]]"
1752866071.0804,73.99993050098419,12805.82117914165,12805.821391291265,12816.461689759048,15865.460891638904,"[[5434, -1, -1], [5435, -1, -1], [5436, -1, -1], [5437, -1, -1], [5438, -1, -1], [5439, -1, -1], [5440, -1, -1], [5441, -1, -1], [5442, -1, -1], [5443, 1, 9834], [5443, 1, 10020], [5443, -1, -1], [5444, -1, -1]]"
1752866071.1904,75.99992710351944,12805.82117914165,12805.821391291265,12816.461684354314,15865.460891638904,"[[5445, -1, -1], [5446, -1, -1], [5447, -1, -1], [5448, -1, -1], [5449, -1, -1], [5450, -1, -1], [5451, -1, -1], [5452, -1, -1], [5453, -1, -1], [5454, -1, -1], [5455, -1, -1]]"
1752866071.3004,77.99992370605469,12805.821189116052,12805.821390735526,12816.461684354314,15865.460891638904,"[[5456, -1, -1], [5457, -1, -1], [5458, -1, -1], [5459, -1, -1], [5460, 1, 12408], [5460, -1, -1], [5461, -1, -1], [5462, -1, -1], [5463, 1, 11228], [5463, 1, 11269], [5463, 1, 11458], [5463, -1, -1], [5464, -1, -1], [5465, -1, -1], [5466, -1, -1]]"
1752866071.4105,79.99992030858994,12805.821189116052,12805.821390735526,12816.461693964837,15865.460891638904,"[[5467, -1, -1], [5468, -1, -1], [5469, -1, -1], [5470, -1, -1], [5471, -1, -1], [5472, -1, -1], [5473, -1, -1], [5474, -1, -1], [5475, -1, -1], [5476, -1, -1], [5477, -1, -1]]"
1752866071.5194,81.99991691112518,12805.821142965677,12805.82139487204,12816.461693964837,15865.460891638904,"[[5478, -1, -1], [5479, -1, -1], [5480, -1, -1], [5481, -1, -1], [5482, -1, -1], [5483, -1, -1], [5484, -1, -1], [5485, -1, -1], [5486, -1, -1], [5487, -1, -1], [5488, -1, -1]]"
1752866071.6294,83.99991351366043,12805.821142965677,12805.821396261415,12816.461689636491,15865.460891638904,"[[5489, -1, -1], [5490, -1, -1], [5491, -1, -1], [5492, -1, -1], [5493, -1, -1], [5494, -1, -1], [5495, -1, -1], [5496, -1, -1], [5497, -1, -1], [5498, -1, -1], [5499, -1, -1]]"
1752866071.7384,85.99991011619568,12805.821104511338,12805.821396261415,12816.461689636491,15865.460891638904,"[[5500, -1, -1], [5501, -1, -1], [5502, -1, -1], [5503, -1, -1], [5504, -1, -1], [5505, -1, -1], [5506, -1, -1], [5507, -1, -1], [5508, -1, -1], [5509, -1, -1], [5510, -1, -1]]"
1752866071.8485,87.99990671873093,12805.821104511338,12805.821400082566,12816.461681832892,15865.460891638904,"[[5511, -1, -1], [5512, -1, -1], [5513, -1, -1], [5514, -1, -1], [5515, -1, -1], [5516, -1, -1], [5517, -1, -1], [5518, -1, -1], [5519, -1, -1], [5520, 1, 10652], [5520, 1, 10686], [5520, 1, 10882], [5520, -1, -1], [5521, -1, -1]]"
1752866071.9574,89.99990332126617,12805.821117416546,12805.821400082566,12816.461681832892,15865.460891638904,"[[5522, -1, -1], [5523, -1, -1], [5524, -1, -1], [5525, -1, -1], [5526, -1, -1], [5527, -1, -1], [5528, -1, -1], [5529, -1, -1], [5530, -1, -1], [5531, -1, -1], [5532, -1, -1]]"
1752866072.0664,91.99989992380142,12805.821117416546,12805.821404144577,12816.461688137397,15865.460891638904,"[[5533, -1, -1], [5534, -1, -1], [5535, -1, -1], [5536, -1, -1], [5537, 1, 10006], [5537, 1, 10191], [5537, -1, -1], [5538, -1, -1], [5539, -1, -1], [5540, -1, -1], [5541, -1, -1], [5542, -1, -1], [5543, -1, -1]]"
1752866072.1755,93.99989652633667,12805.821182809288,12805.821404144577,12816.461687857678,15865.460891638904,"[[5544, -1, -1], [5545, -1, -1], [5546, -1, -1], [5547, -1, -1], [5548, -1, -1], [5549, -1, -1], [5550, -1, -1], [5551, -1, -1], [5552, -1, -1], [5553, -1, -1], [5554, -1, -1]]"
1752866072.2855,95.99989312887192,12805.821182809288,12805.821409125905,12816.461687857678,15865.460891638904,"[[5555, -1, -1], [5556, -1, -1], [5557, -1, -1], [5558, -1, -1], [5559, -1, -1], [5560, -1, -1], [5561, -1, -1], [5562, -1, -1], [5563, -1, -1], [5564, -1, -1], [5565, -1, -1]]"
1752866072.3964,97.99988973140717,12805.82122332077,12805.821409125905,12816.461683242405,15865.460891638904,"[[5566, -1, -1], [5567, -1, -1], [5568, -1, -1], [5569, -1, -1], [5570, -1, -1], [5571, 1, 12006], [5571, -1, -1], [5572, -1, -1], [5573, -1, -1], [5574, -1, -1], [5575, -1, -1], [5576, -1, -1]]"
1752866072.5184,-152.00000596046448,12805.821234823836,12805.821424526775,12816.461683242405,15865.460891638904,"[[5578, -1, -1], [5579, -1, -1], [5580, -1, -1], [5581, -1, -1], [5582, -1, -1], [5583, -1, -1], [5584, -1, -1], [5585, -1, -1], [5586, -1, -1], [5587, -1, -1], [5588, -1, -1]]"
1752866072.6284,-150.00000190734863,12805.821234823836,12805.821424526775,12816.461684876589,15865.460891638904,"[[5589, -1, -1], [5590, -1, -1], [5591, -1, -1], [5592, -1, -1], [5593, -1, -1], [5594, -1, -1], [5595, 1, 10527], [5595, 1, 10714], [5595, -1, -1], [5596, -1, -1], [5597, -1, -1], [5598, -1, -1], [5599, -1, -1]]"
1752866072.7385,-147.9999978542328,12805.821155261,12805.821420130764,12816.461684876589,15865.460891638904,"[[5600, -1, -1], [5601, -1, -1], [5602, -1, -1], [5603, -1, -1], [5604, -1, -1], [5605, -1, -1], [5606, -1, -1], [5607, -1, -1], [5608, -1, -1], [5609, -1, -1], [5610, -1, -1]]"
1752866072.8491,-145.99999380111694,12805.821155261,12805.821420130764,12816.46168797616,15865.460891638904,"[[5611, -1, -1], [5612, -1, -1], [5613, -1, -1], [5614, -1, -1], [5615, 1, 9654], [5615, 1, 9854], [5615, -1, -1], [5616, -1, -1], [5617, 1, 9168], [5617, 1, 9356], [5617, -1, -1], [5618, -1, -1], [5619, -1, -1], [5620, 1, 9935], [5620, 1, 10122], [5620, 1, 11562], [5620, 1, 11746], [5620, -1, -1], [5621, -1, -1]]"
1752866072.9584,-143.9999897480011,12805.821121238369,12805.821422650495,12816.46168797616,15865.460891638904,"[[5622, -1, -1], [5623, -1, -1], [5624, 1, 11081], [5624, 1, 11264], [5624, -1, -1], [5625, -1, -1], [5626, -1, -1], [5627, -1, -1], [5628, 1, 10512], [5628, 1, 10549], [5628, 1, 10742], [5628, -1, -1], [5629, -1, -1], [5630, -1, -1], [5631, -1, -1], [5632, -1, -1]]"
1752866073.0684,-141.99998569488525,12805.821121238369,12805.821422650495,12816.46168718219,15865.460891638904,"[[5633, -1, -1], [5634, -1, -1], [5635, -1, -1], [5636, -1, -1], [5637, -1, -1], [5638, -1, -1], [5639, -1, -1], [5640, -1, -1], [5641, 1, 12971], [5641, 1, 13158], [5641, -1, -1], [5642, -1, -1], [5643, -1, -1]]"
1752866073.1774,-139.9999816417694,12805.821121238369,12805.821432604904,12816.461697209139,15865.460891638904,"[[5644, -1, -1], [5645, -1, -1], [5646, -1, -1], [5647, -1, -1], [5648, -1, -1], [5649, -1, -1], [5650, -1, -1], [5651, 1, 322452], [5651, 1, 322640], [5651, -1, -1], [5652, -1, -1], [5653, -1, -1], [5654, -1, -1]]"
1752866073.2874,-137.99997758865356,12805.821121238369,12805.821422281859,12816.461697209139,15865.460891638904,"[[5655, -1, -1], [5656, -1, -1], [5657, -1, -1], [5658, -1, -1], [5659, 1, 11480], [5659, 1, 11664], [5659, -1, -1], [5660, -1, -1], [5661, -1, -1], [5662, -1, -1], [5663, -1, -1], [5664, -1, -1], [5665, -1, -1]]"
1752866073.3995,-135.99997353553772,12805.821221236727,12805.821422281859,12816.461696685927,15865.460891638904,"[[5666, -1, -1], [5667, -1, -1], [5668, 1, 314916], [5668, 1, 315106], [5668, -1, -1], [5669, -1, -1], [5670, -1, -1], [5671, -1, -1], [5672, -1, -1], [5673, -1, -1], [5674, -1, -1], [5675, -1, -1], [5676, -1, -1]]"
1752866073.5084,-133.99996948242188,12805.821221236727,12805.821405841663,12816.461696685927,15865.460891638904,"[[5677, -1, -1], [5678, -1, -1], [5679, -1, -1], [5680, -1, -1], [5681, -1, -1], [5682, -1, -1], [5683, -1, -1], [5684, -1, -1], [5685, -1, -1], [5686, -1, -1], [5687, -1, -1]]"
1752866073.6184,-131.99996542930603,12805.821236861735,12805.821405841663,12816.461683717906,15865.460891638904,"[[5688, -1, -1], [5689, -1, -1], [5690, -1, -1], [5691, -1, -1], [5692, -1, -1], [5693, -1, -1], [5694, -1, -1], [5695, -1, -1], [5696, -1, -1], [5697, -1, -1], [5698, -1, -1]]"
1752866073.7276,-129.99996137619019,12805.821196224979,12805.821405055007,12816.461683717906,15865.460891638904,"[[5699, -1, -1], [5700, -1, -1], [5701, -1, -1], [5702, -1, -1], [5703, -1, -1], [5704, -1, -1], [5705, -1, -1], [5706, -1, -1], [5707, -1, -1], [5708, -1, -1], [5709, -1, -1]]"
1752866073.8384,-127.99995732307434,12805.821196224979,12805.821405055007,12816.46168926692,15865.460891638904,"[[5710, -1, -1], [5711, -1, -1], [5712, -1, -1], [5713, -1, -1], [5714, -1, -1], [5715, -1, -1], [5716, -1, -1], [5717, -1, -1], [5718, 1, 11311], [5718, 1, 11494], [5718, -1, -1], [5719, -1, -1], [5720, -1, -1]]"
1752866073.9474,-125.9999607205391,12805.821112676142,12805.82138170646,12816.46168926692,15865.460891638904,"[[5721, -1, -1], [5722, -1, -1], [5723, -1, -1], [5724, -1, -1], [5725, -1, -1], [5726, -1, -1], [5727, -1, -1], [5728, -1, -1], [5729, -1, -1], [5730, -1, -1], [5731, -1, -1]]"
1752866074.0564,-123.99996411800385,12805.821112676142,12805.82138170646,12816.461677506823,15865.460891638904,"[[5732, -1, -1], [5733, -1, -1], [5734, -1, -1], [5735, -1, -1], [5736, -1, -1], [5737, -1, -1], [5738, -1, -1], [5739, -1, -1], [5740, -1, -1], [5741, -1, -1], [5742, -1, -1]]"
1752866074.1664,-121.9999675154686,12805.821129595794,12805.82138913476,12816.461677506823,15865.460891638904,"[[5743, -1, -1], [5744, -1, -1], [5745, -1, -1], [5746, -1, -1], [5747, -1, -1], [5748, -1, -1], [5749, -1, -1], [5750, -1, -1], [5751, -1, -1], [5752, -1, -1], [5753, -1, -1]]"
1752866074.2754,-119.99997091293335,12805.821129595794,12805.82138913476,12816.461685436894,15865.460891638904,"[[5754, -1, -1], [5755, -1, -1], [5756, -1, -1], [5757, -1, -1], [5758, -1, -1], [5759, -1, -1], [5760, -1, -1], [5761, -1, -1], [5762, -1, -1], [5763, -1, -1], [5764, -1, -1]]"
1752866074.3854,-117.9999743103981,12805.821158684612,12805.821382083239,12816.461685436894,15865.460891638904,"[[5765, -1, -1], [5766, -1, -1], [5767, -1, -1], [5768, -1, -1], [5769, -1, -1], [5770, -1, -1], [5771, -1, -1], [5772, -1, -1], [5773, -1, -1], [5774, -1, -1], [5775, -1, -1]]"
1752866074.4955,-115.99997770786285,12805.821158684612,12805.82138260591,12816.461691858549,15865.460891638904,"[[5776, -1, -1], [5777, -1, -1], [5778, -1, -1], [5779, -1, -1], [5780, 1, 9170], [5780, 1, 9208], [5780, 1, 9400], [5780, -1, -1], [5781, -1, -1], [5782, -1, -1], [5783, 1, 12512], [5783, 1, 12696], [5783, -1, -1], [5784, 1, 9388], [5784, 1, 9591], [5784, -1, -1], [5785, 1, 12632], [5785, 1, 12667], [5785, 1, 12864], [5785, -1, -1], [5786, -1, -1]]"
1752866074.6054,-113.9999811053276,12805.82115378496,12805.82138260591,12816.461691858549,15865.460891638904,"[[5787, -1, -1], [5788, -1, -1], [5789, -1, -1], [5790, -1, -1], [5791, -1, -1], [5792, -1, -1], [5793, 1, 12061], [5793, 1, 12260], [5793, 1, 12389], [5793, -1, -1], [5794, -1, -1], [5795, -1, -1], [5796, -1, -1], [5797, -1, -1]]"
1752866074.7154,-111.99998450279236,12805.82115378496,12805.821364736279,12816.46168960104,15865.460891638904,"[[5798, -1, -1], [5799, 1, 13183], [5799, 1, 13386], [5799, -1, -1], [5800, -1, -1], [5801, -1, -1], [5802, -1, -1], [5803, -1, -1], [5804, -1, -1], [5805, -1, -1], [5806, -1, -1], [5807, -1, -1], [5808, -1, -1]]"
1752866074.8254,-109.99998790025711,12805.821133423433,12805.821364736279,12816.46168960104,15865.460891638904,"[[5809, -1, -1], [5810, -1, -1], [5811, -1, -1], [5812, -1, -1], [5813, -1, -1], [5814, -1, -1], [5815, -1, -1], [5816, -1, -1], [5817, -1, -1], [5818, -1, -1], [5819, -1, -1]]"
1752866074.9354,-107.99999129772186,12805.821133423433,12805.82137370945,12816.461687079289,15865.460891638904,"[[5820, 1, 12395], [5820, 1, 12579], [5820, -1, -1], [5821, 1, 10670], [5821, 1, 10869], [5821, -1, -1], [5822, -1, -1], [5823, -1, -1], [5824, -1, -1], [5825, -1, -1], [5826, -1, -1], [5827, -1, -1], [5828, -1, -1], [5829, -1, -1], [5830, -1, -1]]"
1752866075.0455,-105.99999469518661,12805.821084320713,12805.82137370945,12816.461687079289,15865.460891638904,"[[5831, -1, -1], [5832, -1, -1], [5833, -1, -1], [5834, -1, -1], [5835, -1, -1], [5836, 1, 13084], [5836, 1, 13275], [5836, -1, -1], [5837, -1, -1], [5838, 1, 10416], [5838, 1, 10604], [5838, -1, -1], [5839, -1, -1], [5840, -1, -1], [5841, -1, -1]]"
1752866075.1554,-103.99999809265137,12805.821084320713,12805.821375054029,12816.461684089138,15865.460891638904,"[[5842, -1, -1], [5843, 1, 10476], [5843, 1, 10675], [5843, -1, -1], [5844, -1, -1], [5845, -1, -1], [5846, -1, -1], [5847, -1, -1], [5848, -1, -1], [5849, -1, -1], [5850, -1, -1], [5851, -1, -1], [5852, -1, -1]]"
1752866075.2654,-102.00000149011612,12805.82105987743,12805.821375054029,12816.461684089138,15865.460891638904,"[[5853, -1, -1], [5854, -1, -1], [5855, -1, -1], [5856, -1, -1], [5857, -1, -1], [5858, -1, -1], [5859, -1, -1], [5860, -1, -1], [5861, -1, -1], [5862, -1, -1], [5863, -1, -1]]"
1752866075.3764,-100.00000488758087,12805.82105987743,12805.821368036768,12816.461687205117,15865.460891638904,"[[5864, -1, -1], [5865, -1, -1], [5866, 1, 12151], [5866, 1, 12186], [5866, 1, 12382], [5866, -1, -1], [5867, 1, 9554], [5867, 1, 9757], [5867, -1, -1], [5868, -1, -1], [5869, -1, -1], [5870, -1, -1], [5871, 1, 12482], [5871, 1, 12515], [5871, 1, 12712], [5871, -1, -1], [5872, -1, -1], [5873, -1, -1], [5874, -1, -1]]"
1752866075.4864,-98.00000828504562,12805.821119896373,12805.821368036768,12816.461683727193,15865.460891638904,"[[5875, -1, -1], [5876, -1, -1], [5877, -1, -1], [5878, -1, -1], [5879, -1, -1], [5880, -1, -1], [5881, -1, -1], [5882, -1, -1], [5883, -1, -1], [5884, -1, -1], [5885, -1, -1]]"
1752866075.5974,-96.00001168251038,12805.821119896373,12805.821378061131,12816.461683727193,15865.460891638904,"[[5886, -1, -1], [5887, -1, -1], [5888, -1, -1], [5889, -1, -1], [5890, -1, -1], [5891, -1, -1], [5892, -1, -1], [5893, -1, -1], [5894, 1, 10756], [5894, 1, 10955], [5894, -1, -1], [5895, -1, -1], [5896, -1, -1]]"
1752866075.7074,-94.00001507997513,12805.821181860847,12805.821378061131,12816.461686986686,15865.460891638904,"[[5897, -1, -1], [5898, -1, -1], [5899, -1, -1], [5900, -1, -1], [5901, -1, -1], [5902, -1, -1], [5903, -1, -1], [5904, -1, -1], [5905, -1, -1], [5906, -1, -1], [5907, -1, -1]]"
1752866075.8174,-92.00001847743988,12805.821181860847,12805.821375990536,12816.461686986686,15865.460891638904,"[[5908, -1, -1], [5909, -1, -1], [5910, -1, -1], [5911, -1, -1], [5912, -1, -1], [5913, -1, -1], [5914, -1, -1], [5915, -1, -1], [5916, -1, -1], [5917, -1, -1], [5918, -1, -1]]"
1752866075.9285,-90.00002187490463,12805.821188159154,12805.821375990536,12816.461687111749,15865.460891638904,"[[5919, -1, -1], [5920, -1, -1], [5921, -1, -1], [5922, 1, 10413], [5922, 1, 10599], [5922, 1, 11120], [5922, 1, 11154], [5922, 1, 11350], [5922, -1, -1], [5923, -1, -1], [5924, -1, -1], [5925, -1, -1], [5926, -1, -1], [5927, -1, -1], [5928, -1, -1], [5929, -1, -1]]"
1752866076.0394,-88.00002527236938,12805.821188159154,12805.821373602532,12816.461687111749,15865.460891638904,"[[5930, -1, -1], [5931, -1, -1], [5932, -1, -1], [5933, -1, -1], [5934, -1, -1], [5935, -1, -1], [5936, -1, -1], [5937, -1, -1], [5938, -1, -1], [5939, -1, -1], [5940, -1, -1]]"
1752866076.1494,-86.00002866983414,12805.821088894367,12805.821373602532,12816.461684802976,15865.460891638904,"[[5941, -1, -1], [5942, -1, -1], [5943, -1, -1], [5944, -1, -1], [5945, -1, -1], [5946, 1, 13880], [5946, 1, 14083], [5946, -1, -1], [5947, -1, -1], [5948, -1, -1], [5949, -1, -1], [5950, -1, -1], [5951, -1, -1]]"
1752866076.2594,-84.00003206729889,12805.821078916848,12805.821393091854,12816.461684802976,15865.460891638904,"[[5952, -1, -1], [5953, -1, -1], [5954, -1, -1], [5955, -1, -1], [5956, 1, 8679], [5956, 1, 8711], [5956, 1, 8910], [5956, -1, -1], [5957, 1, 10013], [5957, 1, 10217], [5957, -1, -1], [5958, -1, -1], [5959, -1, -1], [5960, -1, -1], [5961, -1, -1], [5962, -1, -1]]"
1752866076.3704,-82.00003546476364,12805.821078916848,12805.821393091854,12816.461689747413,15865.460891638904,"[[5963, -1, -1], [5964, -1, -1], [5965, -1, -1], [5966, -1, -1], [5967, -1, -1], [5968, -1, -1], [5969, 1, 10166], [5969, 1, 10350], [5969, -1, -1], [5970, -1, -1], [5971, 1, 11512], [5971, 1, 11696], [5971, -1, -1], [5972, -1, -1], [5973, -1, -1]]"
1752866076.4804,-80.0000388622284,12805.821128786709,12805.821387823611,12816.461689747413,15865.460891638904,"[[5974, -1, -1], [5975, 1, 10980], [5975, 1, 11182], [5975, -1, -1], [5976, -1, -1], [5977, -1, -1], [5978, -1, -1], [5979, -1, -1], [5980, -1, -1], [5981, -1, -1], [5982, -1, -1], [5983, 1, 11030], [5983, 1, 11076], [5983, 1, 11262], [5983, 1, 11429], [5983, 1, 11544], [5983, -1, -1], [5984, 1, 10084], [5984, 1, 10114], [5984, 1, 10314], [5984, -1, -1]]"
1752866076.5894,-78.00004225969315,12805.821128786709,12805.821387823611,12816.461683223368,15865.460891638904,"[[5985, -1, -1], [5986, 1, 9788], [5986, 1, 9976], [5986, -1, -1], [5987, -1, -1], [5988, -1, -1], [5989, -1, -1], [5990, -1, -1], [5991, -1, -1], [5992, -1, -1], [5993, -1, -1], [5994, -1, -1], [5995, -1, -1]]"
1752866076.6995,-76.0000456571579,12805.821153084677,12805.821393126665,12816.461683223368,15865.460891638904,"[[5996, -1, -1], [5997, -1, -1], [5998, -1, -1], [5999, -1, -1], [6000, 1, 12750], [6000, 1, 12936], [6000, -1, -1], [6001, -1, -1], [6002, -1, -1], [6003, 1, 9308], [6003, 1, 9499], [6003, -1, -1], [6004, -1, -1], [6005, -1, -1], [6006, 1, 12888], [6006, 1, 13073], [6006, -1, -1]]"
1752866076.8094,-74.00004905462265,12805.821153084677,12805.821393126665,12816.461691193466,15865.460891638904,"[[6007, -1, -1], [6008, -1, -1], [6009, 1, 10745], [6009, 1, 10945], [6009, -1, -1], [6010, -1, -1], [6011, -1, -1], [6012, -1, -1], [6013, -1, -1], [6014, -1, -1], [6015, -1, -1], [6016, -1, -1], [6017, -1, -1]]"
1752866076.9204,-72.0000524520874,12805.821204935051,12805.821387445312,12816.461691193466,15865.460891638904,"[[6018, -1, -1], [6019, -1, -1], [6020, -1, -1], [6021, 1, 10710], [6021, 1, 10914], [6021, -1, -1], [6022, -1, -1], [6023, -1, -1], [6024, -1, -1], [6025, -1, -1], [6026, -1, -1], [6027, 1, 11384], [6027, 1, 11587], [6027, -1, -1], [6028, -1, -1]]"
1752866077.0314,-70.00005584955215,12805.821204935051,12805.821387445312,12816.461682211717,15865.460891638904,"[[6029, -1, -1], [6030, -1, -1], [6031, -1, -1], [6032, -1, -1], [6033, -1, -1], [6034, -1, -1], [6035, -1, -1], [6036, -1, -1], [6037, -1, -1], [6038, -1, -1], [6039, -1, -1]]"
1752866077.1419,-68.0000592470169,12805.821117015768,12805.821389823715,12816.461682211717,15865.460891638904,"[[6040, -1, -1], [6041, -1, -1], [6042, -1, -1], [6043, -1, -1], [6044, 1, 11395], [6044, 1, 11425], [6044, 1, 11625], [6044, -1, -1], [6045, -1, -1], [6046, -1, -1], [6047, -1, -1], [6048, -1, -1], [6049, 1, 11766], [6049, 1, 11949], [6049, -1, -1], [6050, -1, -1]]"
1752866077.2529,-66.00006264448166,12805.821117015768,12805.821380225158,12816.461685302793,15865.460891638904,"[[6052, 1, 10435], [6052, 1, 10619], [6052, 1, 10793], [6052, -1, -1], [6053, -1, -1], [6054, 1, 11572], [6054, 1, 11760], [6054, -1, -1], [6055, -1, -1], [6056, 1, 10619], [6056, 1, 10817], [6056, -1, -1], [6057, 1, 10156], [6057, 1, 10191], [6057, 1, 10386], [6057, -1, -1], [6058, -1, -1], [6059, -1, -1], [6060, -1, -1], [6061, 1, 9076], [6061, 1, 9275], [6061, 1, 11911], [6061, 1, 12097], [6061, -1, -1]]"
1752866077.3634,-64.00006231665611,12805.82108230599,12805.821380225158,12816.461685302793,15865.460891638904,"[[6063, -1, -1], [6064, -1, -1], [6065, -1, -1], [6066, 1, 11702], [6066, 1, 11740], [6066, 1, 11934], [6066, -1, -1], [6067, -1, -1], [6068, 1, 9516], [6068, 1, 9718], [6068, -1, -1], [6069, 1, 10891], [6069, 1, 11074], [6069, 1, 11248], [6069, -1, -1], [6070, -1, -1], [6071, 1, 9993], [6071, 1, 10196], [6071, -1, -1], [6072, -1, -1], [6073, 1, 9541], [6073, 1, 9739], [6073, 1, 9857], [6073, -1, -1]]"
1752866077.4744,-62.000061988830566,12805.82108230599,12805.821401409607,12816.461689636162,15865.460891638904,"[[6074, -1, -1], [6075, -1, -1], [6076, 1, 11050], [6076, 1, 11237], [6076, -1, -1], [6077, -1, -1], [6078, -1, -1], [6079, -1, -1], [6080, -1, -1], [6081, 1, 10733], [6081, 1, 10932], [6081, 1, 11032], [6081, 1, 11093], [6081, 1, 11832], [6081, 1, 12040], [6081, -1, -1], [6082, -1, -1], [6083, -1, -1], [6084, 1, 9623], [6084, 1, 9826], [6084, 1, 10141], [6084, -1, -1]]"
1752866077.5855,-60.00006166100502,12805.821092894703,12805.821401409607,12816.461689636162,15865.460891638904,"[[6085, -1, -1], [6086, -1, -1], [6087, -1, -1], [6088, -1, -1], [6089, 1, 10398], [6089, 1, 10583], [6089, -1, -1], [6090, 1, 11805], [6090, 1, 11989], [6090, -1, -1], [6091, -1, -1], [6092, 1, 11249], [6092, 1, 11457], [6092, -1, -1], [6093, -1, -1], [6094, -1, -1], [6095, -1, -1]]"
1752866077.6954,-58.000061333179474,12805.821092894703,12805.821387612856,12816.46168895991,15865.460891638904,"[[6096, -1, -1], [6097, -1, -1], [6098, -1, -1], [6099, 1, 10863], [6099, 1, 10894], [6099, 1, 11093], [6099, -1, -1], [6100, -1, -1], [6101, -1, -1], [6102, -1, -1], [6103, 1, 10085], [6103, 1, 10271], [6103, -1, -1], [6104, -1, -1], [6105, 1, 9418], [6105, 1, 9617], [6105, -1, -1], [6106, -1, -1]]"
1752866077.8054,-56.00006100535393,12805.82113599674,12805.821387612856,12816.46168895991,15865.460891638904,"[[6107, -1, -1], [6108, -1, -1], [6109, 1, 9974], [6109, 1, 10004], [6109, 1, 10204], [6109, -1, -1], [6110, -1, -1], [6111, -1, -1], [6112, -1, -1], [6113, -1, -1], [6114, -1, -1], [6115, -1, -1], [6116, -1, -1], [6117, -1, -1]]"
1752866077.9164,-54.00006067752838,12805.82113599674,12805.821387612856,12816.461684062006,15865.460891638904,"[[6118, -1, -1], [6119, -1, -1], [6120, -1, -1], [6121, -1, -1], [6122, -1, -1], [6123, -1, -1], [6124, -1, -1], [6125, -1, -1], [6126, -1, -1], [6127, -1, -1], [6128, -1, -1]]"
1752866078.0274,-52.000060349702835,12805.82118758614,12805.821385675265,12816.461684062006,15865.460891638904,"[[6129, -1, -1], [6130, -1, -1], [6131, -1, -1], [6132, -1, -1], [6133, -1, -1], [6134, 1, 11656], [6134, 1, 11690], [6134, 1, 11886], [6134, -1, -1], [6135, -1, -1], [6136, -1, -1], [6137, -1, -1], [6138, -1, -1], [6139, 1, 12215], [6139, 1, 12300], [6139, 1, 12452], [6139, 1, 12628], [6139, 1, 12718], [6139, -1, -1]]"
1752866078.1384,-50.00006002187729,12805.82118758614,12805.821386341127,12816.461689239808,15865.460891638904,"[[6140, -1, -1], [6141, 1, 10474], [6141, 1, 10662], [6141, -1, -1], [6142, -1, -1], [6143, -1, -1], [6144, -1, -1], [6145, -1, -1], [6146, -1, -1], [6147, -1, -1], [6148, 1, 10031], [6148, 1, 10065], [6148, 1, 10261], [6148, -1, -1], [6149, -1, -1], [6150, -1, -1]]"
1752866078.2495,-48.00005969405174,12805.821139237656,12805.821386341127,12816.461689239808,15865.460891638904,"[[6151, -1, -1], [6152, 1, 10355], [6152, 1, 10403], [6152, 1, 10585], [6152, 1, 10718], [6152, -1, -1], [6153, -1, -1], [6154, -1, -1], [6155, -1, -1], [6156, -1, -1], [6157, -1, -1], [6158, -1, -1], [6159, -1, -1], [6160, 1, 11009], [6160, 1, 11044], [6160, 1, 11095], [6160, 1, 11239], [6160, 1, 11468], [6160, -1, -1], [6161, -1, -1]]"
1752866078.3594,-46.000059366226196,12805.821139237656,12805.82137826458,12816.461682898786,15865.460891638904,"[[6162, -1, -1], [6163, -1, -1], [6164, 1, 10076], [6164, 1, 10262], [6164, -1, -1], [6165, -1, -1], [6166, 1, 11076], [6166, 1, 11265], [6166, 1, 11479], [6166, 1, 11681], [6166, -1, -1], [6167, -1, -1], [6168, -1, -1], [6169, -1, -1], [6170, 1, 10651], [6170, 1, 10854], [6170, -1, -1], [6171, 1, 9688], [6171, 1, 9726], [6171, 1, 9918], [6171, -1, -1], [6172, -1, -1]]"
1752866078.4705,-44.00005903840065,12805.821078987685,12805.82137826458,12816.461682898786,15865.460891638904,"[[6173, -1, -1], [6174, -1, -1], [6175, -1, -1], [6176, -1, -1], [6177, -1, -1], [6178, -1, -1], [6179, -1, -1], [6180, 1, 10635], [6180, 1, 10664], [6180, 1, 10845], [6180, -1, -1], [6181, 1, 10449], [6181, 1, 10484], [6181, 1, 10679], [6181, 1, 10771], [6181, -1, -1], [6182, 1, 10556], [6182, 1, 10755], [6182, 1, 10935], [6182, -1, -1], [6183, -1, -1]]"
1752866078.5805,-42.000058710575104,12805.821078987685,12805.82138443052,12816.461688512623,15865.460891638904,"[[6184, -1, -1], [6185, -1, -1], [6186, 1, 9331], [6186, 1, 9534], [6186, 1, 11413], [6186, 1, 11611], [6186, -1, -1], [6187, -1, -1], [6188, 1, 10084], [6188, 1, 10283], [6188, 1, 10777], [6188, -1, -1], [6189, 1, 9655], [6189, 1, 9690], [6189, 1, 9885], [6189, 1, 10034], [6189, 1, 10952], [6189, 1, 12446], [6189, -1, -1], [6190, -1, -1], [6191, -1, -1], [6192, -1, -1], [6193, 1, 10027], [6193, 1, 10062], [6193, 1, 10258], [6193, -1, -1], [6194, -1, -1]]"
1752866078.6904,-40.00005838274956,12805.821059973976,12805.82138443052,12816.461692219591,15865.460891638904,"[[6195, -1, -1], [6196, 1, 13336], [6196, 1, 13371], [6196, 1, 13569], [6196, -1, -1], [6197, 1, 9985], [6197, 1, 10020], [6197, 1, 10215], [6197, -1, -1], [6198, -1, -1], [6199, -1, -1], [6200, 1, 15356], [6200, 1, 15559], [6200, -1, -1], [6201, -1, -1], [6202, 1, 12971], [6202, 1, 13169], [6202, 1, 13475], [6202, -1, -1], [6203, -1, -1], [6204, -1, -1], [6205, -1, -1]]"
1752866078.8019,-38.00005805492401,12805.821059973976,12805.82138744295,12816.461692219591,15865.460891638904,"[[6206, -1, -1], [6207, 1, 10856], [6207, 1, 10892], [6207, 1, 11087], [6207, 1, 11849], [6207, 1, 12057], [6207, -1, -1], [6208, 1, 11319], [6208, 1, 11505], [6208, -1, -1], [6209, -1, -1], [6210, -1, -1], [6211, -1, -1], [6212, 1, 12644], [6212, 1, 12835], [6212, -1, -1], [6213, -1, -1], [6214, -1, -1], [6215, -1, -1], [6216, 1, 8910], [6216, 1, 9109], [6216, -1, -1]]"
1752866078.9129,-36.000057727098465,12805.821186375157,12805.82138744295,12816.461692078,15865.460891638904,"[[6218, -1, -1], [6219, 1, 9902], [6219, 1, 10102], [6219, -1, -1], [6220, -1, -1], [6221, -1, -1], [6222, 1, 11505], [6222, 1, 11692], [6222, -1, -1], [6223, -1, -1], [6224, -1, -1], [6225, -1, -1], [6226, -1, -1], [6227, -1, -1]]"
1752866079.0234,-34.00005739927292,12805.821186375157,12805.821380258612,12816.461692078,15865.460891638904,"[[6229, -1, -1], [6230, -1, -1], [6231, -1, -1], [6232, -1, -1], [6233, -1, -1], [6234, -1, -1], [6235, -1, -1], [6236, -1, -1], [6237, 1, 10147], [6237, 1, 10350], [6237, -1, -1], [6238, -1, -1], [6239, 1, 11097], [6239, 1, 11133], [6239, 1, 11328], [6239, 1, 11521], [6239, -1, -1]]"
1752866079.1334,-32.00005707144737,12805.821168042481,12805.821380258612,12816.461680017268,15865.460891638904,"[[6240, 1, 9588], [6240, 1, 9773], [6240, -1, -1], [6241, 1, 10660], [6241, 1, 10695], [6241, 1, 10891], [6241, -1, -1], [6242, -1, -1], [6243, -1, -1], [6244, -1, -1], [6245, -1, -1], [6246, -1, -1], [6247, -1, -1], [6248, -1, -1], [6249, -1, -1], [6250, -1, -1]]"
1752866079.2435,-30.000056743621826,12805.821151453414,12805.821381471409,12816.461680017268,15865.460891638904,"[[6251, -1, -1], [6252, -1, -1], [6253, -1, -1], [6254, 1, 10103], [6254, 1, 10142], [6254, 1, 10334], [6254, -1, -1], [6255, -1, -1], [6256, -1, -1], [6257, 1, 11763], [6257, 1, 11966], [6257, -1, -1], [6258, 1, 12141], [6258, 1, 12325], [6258, -1, -1], [6259, -1, -1], [6260, -1, -1], [6261, 1, 12413], [6261, 1, 12439], [6261, 1, 12643], [6261, -1, -1]]"
1752866079.3544,-28.00005641579628,12805.821151453414,12805.821381471409,12816.461691233835,15865.460891638904,"[[6262, -1, -1], [6263, 1, 14834], [6263, 1, 15033], [6263, 1, 15224], [6263, -1, -1], [6264, -1, -1], [6265, 1, 10904], [6265, 1, 10938], [6265, 1, 11134], [6265, -1, -1], [6266, -1, -1], [6267, -1, -1], [6268, 1, 11919], [6268, 1, 12118], [6268, 1, 16375], [6268, 1, 16574], [6268, 1, 16853], [6268, -1, -1], [6269, -1, -1], [6270, -1, -1], [6271, -1, -1], [6272, 1, 11889], [6272, 1, 11920], [6272, 1, 12120], [6272, -1, -1]]"
1752866079.4655,-26.000056087970734,12805.821106276371,12805.82138884869,12816.461691233835,15865.460891638904,"[[6273, -1, -1], [6274, -1, -1], [6275, -1, -1], [6276, -1, -1], [6277, 1, 9745], [6277, 1, 9930], [6277, -1, -1], [6278, -1, -1], [6279, 1, 11053], [6279, 1, 11088], [6279, 1, 11284], [6279, 1, 11738], [6279, 1, 11786], [6279, 1, 11973], [6279, 1, 12901], [6279, 1, 13103], [6279, 1, 13333], [6279, 1, 14714], [6279, -1, -1], [6280, -1, -1], [6281, -1, -1], [6282, 1, 10947], [6282, 1, 13019], [6282, 1, 13218], [6282, 1, 13283], [6282, 1, 13467], [6282, -1, -1], [6283, -1, -1]]"
1752866079.5764,-24.000055760145187,12805.821106276371,12805.82138884869,12816.461683405534,15865.460891638904,"[[6284, 1, 10350], [6284, 1, 10383], [6284, 1, 10581], [6284, 1, 12828], [6284, 1, 13026], [6284, -1, -1], [6285, -1, -1], [6286, 1, 9399], [6286, 1, 9598], [6286, 1, 12447], [6286, 1, 12646], [6286, 1, 12941], [6286, -1, -1], [6287, 1, 10980], [6287, 1, 11164], [6287, 1, 12328], [6287, 1, 12479], [6287, 1, 12650], [6287, -1, -1], [6288, -1, -1], [6289, 1, 10930], [6289, 1, 11118], [6289, -1, -1], [6290, -1, -1], [6291, 1, 11666], [6291, 1, 11832], [6291, 1, 11864], [6291, 1, 12042], [6291, 1, 12164], [6291, -1, -1], [6292, 1, 11736], [6292, 1, 11939], [6292, 1, 12217], [6292, -1, -1], [6293, -1, -1], [6294, 1, 11385], [6294, 1, 11569], [6294, -1, -1]]"
1752866079.6864,-22.00005543231964,12805.82105819687,12805.821383116741,12816.461683405534,15865.460891638904,"[[6295, 1, 8666], [6295, 1, 8851], [6295, 1, 10098], [6295, 1, 10306], [6295, 1, 10759], [6295, 1, 10918], [6295, 1, 10968], [6295, 1, 11149], [6295, -1, -1], [6296, -1, -1], [6297, 1, 9981], [6297, 1, 10169], [6297, -1, -1], [6298, 1, 10694], [6298, 1, 10893], [6298, -1, -1], [6299, -1, -1], [6300, 1, 10146], [6300, 1, 10349], [6300, 1, 10963], [6300, 1, 11153], [6300, -1, -1], [6301, -1, -1], [6302, 1, 11364], [6302, 1, 11548], [6302, -1, -1], [6303, 1, 9660], [6303, 1, 10135], [6303, 1, 10177], [6303, 1, 10367], [6303, 1, 12293], [6303, 1, 12478], [6303, -1, -1], [6304, -1, -1], [6305, 1, 7112], [6305, 1, 7316], [6305, 1, 10674], [6305, 1, 10859], [6305, -1, -1]]"
1752866079.7964,-20.000055104494095,12805.82105819687,12805.821383116741,12816.461693634923,15865.460891638904,"[[6306, 1, 9780], [6306, 1, 9979], [6306, 1, 10241], [6306, -1, -1], [6307, -1, -1], [6308, -1, -1], [6309, -1, -1], [6310, 1, 10066], [6310, 1, 10158], [6310, 1, 10265], [6310, 1, 10361], [6310, 1, 11167], [6310, 1, 11201], [6310, 1, 11397], [6310, -1, -1], [6311, 1, 9608], [6311, 1, 9654], [6311, 1, 9842], [6311, 1, 10045], [6311, 1, 10642], [6311, 1, 10842], [6311, -1, -1], [6312, 1, 9954], [6312, 1, 10153], [6312, -1, -1], [6313, 1, 12563], [6313, 1, 12747], [6313, -1, -1], [6314, 1, 9525], [6314, 1, 9723], [6314, -1, -1], [6315, -1, -1], [6316, -1, -1]]"
1752866079.9074,-18.00005477666855,12805.821112133954,12805.82138489973,12816.461693634923,15865.460891638904,"[[6317, -1, -1], [6318, 1, 11680], [6318, 1, 11723], [6318, 1, 11911], [6318, 1, 12086], [6318, 1, 12181], [6318, 1, 12350], [6318, 1, 12551], [6318, -1, -1], [6319, 1, 9590], [6319, 1, 9793], [6319, 1, 11163], [6319, 1, 11347], [6319, 1, 11537], [6319, 1, 11566], [6319, 1, 11769], [6319, 1, 14050], [6319, -1, -1], [6320, 1, 10634], [6320, 1, 10832], [6320, 1, 11030], [6320, -1, -1], [6321, 1, 9735], [6321, 1, 9934], [6321, -1, -1], [6322, -1, -1], [6323, -1, -1], [6324, -1, -1], [6325, 1, 10515], [6325, 1, 10714], [6325, 1, 11766], [6325, 1, 11969], [6325, -1, -1], [6326, 1, 11164], [6326, 1, 11207], [6326, 1, 11365], [6326, 1, 11396], [6326, -1, -1], [6327, 1, 10076], [6327, 1, 10222], [6327, 1, 10275], [6327, 1, 10408], [6327, 1, 11488], [6327, 1, 11672], [6327, -1, -1]]"
1752866080.0174,-16.000054448843002,12805.821112133954,12805.821391693267,12816.461686655144,15865.460891638904,"[[6328, 1, 11605], [6328, 1, 11632], [6328, 1, 11836], [6328, 1, 12381], [6328, 1, 12584], [6328, -1, -1], [6329, 1, 10458], [6329, 1, 10661], [6329, -1, -1], [6330, 1, 10239], [6330, 1, 10274], [6330, 1, 10470], [6330, 1, 10722], [6330, -1, -1], [6331, 1, 10755], [6331, 1, 10789], [6331, 1, 10985], [6331, 1, 11385], [6331, 1, 11419], [6331, 1, 11616], [6331, 1, 11780], [6331, 1, 12589], [6331, 1, 12927], [6331, 1, 13134], [6331, -1, -1], [6332, 1, 10109], [6332, 1, 10308], [6332, -1, -1], [6333, -1, -1], [6334, -1, -1], [6335, -1, -1], [6336, -1, -1], [6337, 1, 9859], [6337, 1, 10058], [6337, 1, 10159], [6337, -1, -1], [6338, 1, 10195], [6338, 1, 10233], [6338, 1, 10425], [6338, 1, 10570], [6338, 1, 12839], [6338, 1, 13042], [6338, -1, -1]]"
1752866080.1274,-14.000054121017456,12805.821165706302,12805.821391693267,12816.461686655144,15865.460891638904,"[[6339, -1, -1], [6340, 1, 10119], [6340, 1, 10318], [6340, 1, 10694], [6340, 1, 10883], [6340, -1, -1], [6341, 1, 11959], [6341, 1, 12147], [6341, -1, -1], [6342, 1, 12529], [6342, 1, 12713], [6342, -1, -1], [6343, 1, 9888], [6343, 1, 10088], [6343, 1, 10462], [6343, 1, 10662], [6343, -1, -1], [6344, 1, 11911], [6344, 1, 12114], [6344, 1, 12832], [6344, 1, 12867], [6344, 1, 13061], [6344, -1, -1], [6345, -1, -1], [6346, -1, -1], [6347, -1, -1], [6348, -1, -1], [6349, 1, 9766], [6349, 1, 9800], [6349, 1, 9996], [6349, -1, -1]]"
1752866080.2374,-12.00005379319191,12805.821165706302,12805.821380045165,12816.461686340848,15865.460891638904,"[[6350, 1, 9135], [6350, 1, 9172], [6350, 1, 9365], [6350, 1, 9495], [6350, -1, -1], [6351, -1, -1], [6352, -1, -1], [6353, 1, 11139], [6353, 1, 11342], [6353, -1, -1], [6354, 1, 8955], [6354, 1, 9139], [6354, 1, 12076], [6354, 1, 12260], [6354, -1, -1], [6355, -1, -1], [6356, -1, -1], [6357, 1, 10393], [6357, 1, 10436], [6357, 1, 10594], [6357, 1, 10625], [6357, 1, 10807], [6357, 1, 12266], [6357, 1, 12474], [6357, -1, -1], [6358, -1, -1], [6359, 1, 10071], [6359, 1, 10270], [6359, 1, 10549], [6359, 1, 10912], [6359, 1, 11096], [6359, 1, 11618], [6359, -1, -1], [6360, 1, 10396], [6360, 1, 10434], [6360, 1, 10626], [6360, 1, 10974], [6360, 1, 11159], [6360, -1, -1]]"
1752866080.3474,-10.000053465366364,12805.821155383916,12805.821380045165,12816.461686340848,15865.460891638904,"[[6361, 1, 10853], [6361, 1, 11052], [6361, 1, 11674], [6361, -1, -1], [6362, -1, -1], [6363, 1, 9812], [6363, 1, 10015], [6363, 1, 11665], [6363, 1, 11873], [6363, -1, -1], [6364, 1, 9743], [6364, 1, 9780], [6364, 1, 9973], [6364, 1, 10122], [6364, 1, 10156], [6364, 1, 10460], [6364, 1, 10644], [6364, 1, 13364], [6364, 1, 13399], [6364, 1, 13596], [6364, -1, -1], [6365, 1, 11078], [6365, 1, 11263], [6365, -1, -1], [6366, 1, 10498], [6366, 1, 10535], [6366, 1, 10728], [6366, 1, 10957], [6366, 1, 12529], [6366, 1, 12759], [6366, -1, -1], [6367, -1, -1], [6368, 1, 12357], [6368, 1, 12561], [6368, -1, -1], [6369, -1, -1], [6370, 1, 9393], [6370, 1, 9580], [6370, 1, 10200], [6370, 1, 10399], [6370, 1, 11485], [6370, 1, 11670], [6370, -1, -1], [6371, -1, -1]]"
1752866080.4605,-8.000053603202105,12805.821155383916,12805.821381301526,12816.46168208943,15865.460891638904,"[[6372, 1, 11768], [6372, 1, 11811], [6372, 1, 12000], [6372, -1, -1], [6373, 1, 9327], [6373, 1, 9422], [6373, 1, 9511], [6373, 1, 9607], [6373, 1, 10917], [6373, 1, 11053], [6373, 1, 11101], [6373, -1, -1], [6374, 1, 11554], [6374, 1, 11742], [6374, -1, -1], [6375, 1, 11486], [6375, 1, 11672], [6375, -1, -1], [6376, -1, -1], [6377, 1, 11965], [6377, 1, 12050], [6377, 1, 12227], [6377, 1, 12258], [6377, 1, 12332], [6377, 1, 12462], [6377, 1, 12698], [6377, 1, 12882], [6377, -1, -1], [6378, 1, 11927], [6378, 1, 12130], [6378, 1, 12416], [6378, 1, 13329], [6378, 1, 13359], [6378, 1, 13559], [6378, -1, -1], [6379, 1, 10221], [6379, 1, 10420], [6379, -1, -1], [6380, 1, 11829], [6380, 1, 12032], [6380, 1, 13599], [6380, -1, -1], [6381, 1, 8116], [6381, 1, 8151], [6381, 1, 8346], [6381, 1, 10488], [6381, 1, 10522], [6381, 1, 10718], [6381, -1, -1], [6382, -1, -1]]"
1752866080.5706,-6.000053741037846,12805.821097220787,12805.821381301526,12816.46168208943,15865.460891638904,"[[6383, 1, 9416], [6383, 1, 9615], [6383, 1, 11000], [6383, 1, 11091], [6383, 1, 11295], [6383, -1, -1], [6384, 1, 14491], [6384, 1, 14699], [6384, 1, 14963], [6384, 1, 15247], [6384, -1, -1], [6385, 1, 9937], [6385, 1, 10128], [6385, 1, 12205], [6385, 1, 12409], [6385, 1, 12828], [6385, -1, -1], [6386, 1, 10549], [6386, 1, 10584], [6386, 1, 10780], [6386, 1, 10950], [6386, 1, 11039], [6386, 1, 11259], [6386, 1, 11310], [6386, 1, 11389], [6386, 1, 11491], [6386, 1, 11947], [6386, 1, 12146], [6386, 1, 12222], [6386, 1, 12260], [6386, 1, 12453], [6386, -1, -1], [6387, 1, 11449], [6387, -1, -1], [6388, 1, 10737], [6388, 1, 10922], [6388, 1, 11122], [6388, 1, 11260], [6388, 1, 11324], [6388, 1, 11470], [6388, 1, 11635], [6388, 1, 11837], [6388, 1, 12309], [6388, 1, 12339], [6388, 1, 12538], [6388, -1, -1], [6389, -1, -1], [6390, 1, 11354], [6390, 1, 11550], [6390, 1, 11582], [6390, 1, 11751], [6390, 1, 11777], [6390, 1, 11960], [6390, 1, 12215], [6390, 1, 12400], [6390, -1, -1], [6391, -1, -1], [6392, 1, 9409], [6392, 1, 9445], [6392, 1, 9638], [6392, 1, 11009], [6392, 1, 11225], [6392, 1, 11392], [6392, -1, -1], [6393, -1, -1]]"
1752866080.6804,-4.000053646042943,12805.821097220787,12805.821376879761,12816.461695227274,15865.460891638904,"[[6394, 1, 10135], [6394, 1, 10322], [6394, -1, -1], [6395, 1, 11222], [6395, 1, 11422], [6395, -1, -1], [6396, 1, 9748], [6396, 1, 9933], [6396, 1, 10752], [6396, 1, 10786], [6396, 1, 10983], [6396, 1, 11062], [6396, -1, -1], [6397, 1, 10201], [6397, 1, 10404], [6397, 1, 11122], [6397, 1, 11321], [6397, 1, 11386], [6397, 1, 11421], [6397, 1, 11625], [6397, -1, -1], [6398, 1, 8941], [6398, 1, 8990], [6398, 1, 9177], [6398, 1, 9428], [6398, 1, 9628], [6398, 1, 9892], [6398, -1, -1], [6399, 1, 10750], [6399, 1, 10784], [6399, 1, 10871], [6399, 1, 10979], [6399, 1, 11061], [6399, 1, 11974], [6399, 1, 12173], [6399, -1, -1], [6400, 1, 10064], [6400, 1, 10263], [6400, 1, 10607], [6400, 1, 10795], [6400, 1, 10997], [6400, 1, 11035], [6400, 1, 11236], [6400, 1, 12410], [6400, 1, 12598], [6400, -1, -1], [6401, -1, -1], [6402, 1, 10054], [6402, 1, 10094], [6402, 1, 10296], [6402, 1, 10452], [6402, 1, 10812], [6402, 1, 11015], [6402, 1, 12856], [6402, 1, 13064], [6402, -1, -1], [6403, -1, -1], [6404, 1, 11815], [6404, 1, 12002], [6404, 1, 12438], [6404, -1, -1]]"
1752866080.7905,-2.0000536460440514,12805.821065507082,12805.821376879761,12816.46168728427,15865.460891638904,"[[6405, 1, 9036], [6405, 1, 9222], [6405, 1, 10213], [6405, 1, 10412], [6405, 1, 14384], [6405, 1, 14587], [6405, 1, 15039], [6405, -1, -1], [6406, 1, 10422], [6406, 1, 10453], [6406, 1, 10653], [6406, 1, 11715], [6406, 1, 11894], [6406, 1, 12343], [6406, 1, 12571], [6406, -1, -1], [6407, 1, 10622], [6407, 1, 10807], [6407, 1, 11038], [6407, 1, 11084], [6407, 1, 11181], [6407, 1, 11215], [6407, 1, 11268], [6407, 1, 11412], [6407, -1, -1], [6408, 1, 9533], [6408, 1, 9570], [6408, 1, 9762], [6408, -1, -1], [6409, 1, 9913], [6409, 1, 10112], [6409, 1, 10558], [6409, 1, 10596], [6409, 1, 10788], [6409, 1, 11410], [6409, 1, 11618], [6409, -1, -1], [6410, 1, 9878], [6410, 1, 9913], [6410, 1, 10108], [6410, 1, 10213], [6410, 1, 11510], [6410, 1, 11540], [6410, 1, 11740], [6410, 1, 11970], [6410, 1, 12178], [6410, 1, 13496], [6410, 1, 13659], [6410, -1, -1], [6411, 1, 11480], [6411, 1, 11679], [6411, 1, 12107], [6411, 1, 12291], [6411, -1, -1], [6412, 1, 10022], [6412, 1, 10221], [6412, 1, 11770], [6412, 1, 11842], [6412, 1, 12000], [6412, 1, 12051], [6412, 1, 12265], [6412, -1, -1], [6413, 1, 9454], [6413, 1, 9485], [6413, 1, 9684], [6413, 1, 10805], [6413, 1, 10840], [6413, 1, 11036], [6413, 1, 12918], [6413, 1, 13055], [6413, 1, 13126], [6413, 1, 13549], [6413, -1, -1], [6414, 1, 9651], [6414, 1, 9850], [6414, 1, 10183], [6414, -1, -1], [6415, 1, 11394], [6415, 1, 11428], [6415, 1, 11625], [6415, 1, 11778], [6415, 1, 12270], [6415, 1, 12348], [6415, 1, 12462], [6415, 1, 12551], [6415, -1, -1]]"
1752866080.9014,-5.368888378147474e-05,12805.821065507082,12805.821382413136,12816.46168728427,15865.460891638904,"[[6416, 1, 9255], [6416, 1, 9290], [6416, 1, 9485], [6416, 1, 11287], [6416, 1, 11473], [6416, 1, 11615], [6416, 1, 11679], [6416, 1, 11750], [6416, 1, 11871], [6416, 1, 11934], [6416, 1, 12072], [6416, 1, 12253], [6416, -1, -1], [6417, 1, 8809], [6417, 1, 8997], [6417, 1, 11028], [6417, 1, 11070], [6417, 1, 11275], [6417, -1, -1], [6418, 1, 10805], [6418, 1, 10992], [6418, 1, 11204], [6418, 1, 11266], [6418, 1, 11452], [6418, 1, 11675], [6418, -1, -1], [6419, 1, 9078], [6419, 1, 9277], [6419, 1, 9335], [6419, 1, 9534], [6419, 1, 9641], [6419, 1, 10606], [6419, 1, 10674], [6419, 1, 10810], [6419, 1, 10863], [6419, 1, 11041], [6419, 1, 11242], [6419, -1, -1], [6420, 1, 11060], [6420, 1, 11259], [6420, 1, 12099], [6420, 1, 12129], [6420, 1, 12329], [6420, 1, 12444], [6420, 1, 12647], [6420, 1, 14845], [6420, -1, -1], [6421, 1, 10690], [6421, 1, 10728], [6421, 1, 10920], [6421, 1, 11385], [6421, 1, 11422], [6421, 1, 11614], [6421, -1, -1], [6422, 1, 11380], [6422, 1, 11580], [6422, 1, 11663], [6422, -1, -1], [6423, -1, -1], [6424, 1, 10254], [6424, 1, 10469], [6424, 1, 10671], [6424, 1, 10828], [6424, 1, 11796], [6424, 1, 11995], [6424, -1, -1], [6425, 1, 10133], [6425, 1, 10332], [6425, 1, 10584], [6425, 1, 10994], [6425, 1, 11193], [6425, 1, 11538], [6425, -1, -1], [6426, -1, -1]]"
1752866081.0115,1.9999461732804775,12805.82107830646,12805.821382413136,12816.46168422369,15865.460891638904,"[[6427, 1, 9737], [6427, 1, 9777], [6427, 1, 9938], [6427, 1, 9969], [6427, 1, 10093], [6427, 1, 10172], [6427, 1, 10339], [6427, 1, 12582], [6427, 1, 12770], [6427, -1, -1], [6428, 1, 9956], [6428, 1, 9986], [6428, 1, 10190], [6428, 1, 10296], [6428, 1, 10498], [6428, 1, 10550], [6428, 1, 10760], [6428, 1, 10996], [6428, -1, -1], [6429, 1, 10127], [6429, 1, 10177], [6429, 1, 10346], [6429, 1, 10437], [6429, 1, 10539], [6429, 1, 10882], [6429, -1, -1], [6430, 1, 10556], [6430, 1, 10740], [6430, 1, 12851], [6430, 1, 13055], [6430, -1, -1], [6431, 1, 10442], [6431, 1, 10476], [6431, 1, 10671], [6431, -1, -1], [6432, 1, 9774], [6432, 1, 9813], [6432, 1, 10004], [6432, 1, 10315], [6432, 1, 10488], [6432, 1, 10862], [6432, 1, 11046], [6432, 1, 11594], [6432, 1, 11802], [6432, 1, 12019], [6432, -1, -1], [6433, 1, 9837], [6433, 1, 10022], [6433, 1, 10447], [6433, 1, 10481], [6433, 1, 10677], [6433, 1, 10840], [6433, -1, -1], [6434, 1, 9968], [6434, 1, 10167], [6434, -1, -1], [6435, 1, 7328], [6435, 1, 7531], [6435, 1, 10375], [6435, 1, 10535], [6435, -1, -1], [6436, 1, 9872], [6436, 1, 10060], [6436, 1, 10886], [6436, 1, 12289], [6436, 1, 12319], [6436, 1, 12519], [6436, 1, 12829], [6436, 1, 13014], [6436, -1, -1], [6437, 1, 12532], [6437, 1, 12717], [6437, -1, -1]]"
1752866081.1219,3.9999460354447365,12805.82107830646,12805.82138317519,12816.46168422369,15865.460891638904,"[[6438, 1, 12145], [6438, 1, 12349], [6438, 1, 12863], [6438, 1, 13072], [6438, -1, -1], [6439, 1, 9743], [6439, 1, 9778], [6439, 1, 9974], [6439, 1, 10325], [6439, 1, 10535], [6439, 1, 10700], [6439, 1, 11864], [6439, 1, 11898], [6439, 1, 12094], [6439, 1, 13072], [6439, 1, 13106], [6439, 1, 13305], [6439, 1, 13540], [6439, 1, 13740], [6439, -1, -1], [6440, -1, -1], [6441, 1, 8627], [6441, 1, 8811], [6441, 1, 9374], [6441, 1, 9610], [6441, 1, 9745], [6441, 1, 9804], [6441, 1, 9948], [6441, 1, 9981], [6441, 1, 12221], [6441, 1, 12367], [6441, 1, 12421], [6441, 1, 12538], [6441, 1, 12641], [6441, -1, -1], [6442, 1, 9903], [6442, 1, 9938], [6442, 1, 10133], [6442, 1, 11794], [6442, 1, 11832], [6442, 1, 12024], [6442, 1, 12292], [6442, 1, 12492], [6442, -1, -1], [6443, 1, 11672], [6443, 1, 11858], [6443, 1, 12113], [6443, 1, 12164], [6443, 1, 12312], [6443, 1, 12676], [6443, 1, 12883], [6443, -1, -1], [6444, 1, 10939], [6444, 1, 11126], [6444, -1, -1], [6445, 1, 9200], [6445, 1, 9236], [6445, 1, 9431], [6445, 1, 11147], [6445, 1, 11181], [6445, 1, 11377], [6445, 1, 11759], [6445, 1, 11799], [6445, 1, 11962], [6445, 1, 11999], [6445, 1, 12188], [6445, 1, 12358], [6445, 1, 12508], [6445, 1, 12607], [6445, 1, 12809], [6445, 1, 12967], [6445, -1, -1], [6446, 1, 9313], [6446, 1, 9500], [6446, 1, 11386], [6446, 1, 11589], [6446, -1, -1], [6447, 1, 12262], [6447, 1, 12461], [6447, 1, 15366], [6447, 1, 15566], [6447, -1, -1], [6448, 1, 11438], [6448, 1, 11474], [6448, 1, 11671], [6448, -1, -1]]"
1752866081.2319,5.999946363270283,12805.821127344985,12805.82138317519,12816.461690549822,15865.460891638904,"[[6450, 1, 11361], [6450, 1, 11437], [6450, 1, 11464], [6450, 1, 11619], [6450, 1, 11667], [6450, 1, 11821], [6450, 1, 11909], [6450, 1, 12117], [6450, 1, 12358], [6450, 1, 12558], [6450, -1, -1], [6451, -1, -1], [6452, 1, 10832], [6452, 1, 11023], [6452, 1, 11510], [6452, 1, 11695], [6452, 1, 11861], [6452, 1, 11892], [6452, 1, 11925], [6452, 1, 12063], [6452, 1, 12121], [6452, 1, 12399], [6452, -1, -1], [6453, -1, -1], [6454, 1, 7449], [6454, 1, 7637], [6454, 1, 7826], [6454, 1, 10912], [6454, 1, 10942], [6454, 1, 11139], [6454, 1, 11341], [6454, -1, -1], [6455, 1, 10428], [6455, 1, 10616], [6455, 1, 11195], [6455, 1, 11408], [6455, 1, 11611], [6455, 1, 11715], [6455, 1, 11749], [6455, 1, 11821], [6455, 1, 11945], [6455, 1, 12225], [6455, -1, -1], [6456, 1, 10520], [6456, 1, 10719], [6456, 1, 10779], [6456, 1, 10968], [6456, -1, -1], [6457, 1, 10539], [6457, 1, 10615], [6457, 1, 10642], [6457, 1, 10722], [6457, 1, 10845], [6457, 1, 10932], [6457, 1, 11006], [6457, 1, 11391], [6457, 1, 11594], [6457, 1, 11758], [6457, 1, 12811], [6457, 1, 13014], [6457, 1, 13467], [6457, 1, 13502], [6457, 1, 13698], [6457, 1, 13837], [6457, 1, 14026], [6457, 1, 14206], [6457, -1, -1], [6458, 1, 10222], [6458, 1, 10421], [6458, 1, 10691], [6458, 1, 10876], [6458, 1, 11347], [6458, 1, 11467], [6458, 1, 11671], [6458, 1, 11795], [6458, -1, -1], [6459, 1, 10275], [6459, 1, 10460], [6459, 1, 11028], [6459, 1, 11063], [6459, 1, 11258], [6459, 1, 13099], [6459, 1, 13307], [6459, 1, 14678], [6459, 1, 14877], [6459, -1, -1]]"
1752866081.3419,7.999946691095829,12805.821127344985,12805.821386257314,12816.461690549822,15865.460891638904,"[[6461, 1, 9809], [6461, 1, 9993], [6461, 1, 10502], [6461, 1, 10710], [6461, 1, 10791], [6461, 1, 10993], [6461, -1, -1], [6462, 1, 10412], [6462, 1, 10596], [6462, -1, -1], [6463, 1, 10650], [6463, 1, 10693], [6463, 1, 10902], [6463, -1, -1], [6464, 1, 10297], [6464, 1, 10485], [6464, -1, -1], [6465, 1, 10219], [6465, 1, 10407], [6465, 1, 10629], [6465, 1, 10814], [6465, -1, -1], [6466, 1, 9564], [6466, 1, 9942], [6466, 1, 9978], [6466, 1, 10171], [6466, -1, -1], [6467, 1, 9601], [6467, 1, 9803], [6467, 1, 10035], [6467, 1, 10069], [6467, 1, 10265], [6467, 1, 10606], [6467, 1, 13262], [6467, 1, 13464], [6467, -1, -1], [6468, 1, 11297], [6468, 1, 11496], [6468, -1, -1], [6469, 1, 10142], [6469, 1, 10341], [6469, 1, 11002], [6469, 1, 11201], [6469, 1, 16186], [6469, -1, -1], [6470, 1, 10016], [6470, 1, 10204], [6470, 1, 10747], [6470, 1, 12466], [6470, 1, 12638], [6470, 1, 12654], [6470, 1, 12925], [6470, -1, -1]]"
1752866081.4534,9.999947018921375,12805.821153572655,12805.821386257314,12816.461689163369,15865.460891638904,"[[6472, 1, 9589], [6472, 1, 9788], [6472, 1, 9936], [6472, 1, 10121], [6472, 1, 12202], [6472, 1, 12418], [6472, 1, 12597], [6472, 1, 12864], [6472, 1, 13064], [6472, 1, 13285], [6472, -1, -1], [6473, 1, 9552], [6473, 1, 9739], [6473, 1, 12073], [6473, 1, 12276], [6473, -1, -1], [6474, 1, 12179], [6474, 1, 12390], [6474, 1, 12425], [6474, 1, 12623], [6474, -1, -1], [6475, 1, 11592], [6475, 1, 11792], [6475, -1, -1], [6476, 1, 11578], [6476, 1, 11781], [6476, -1, -1], [6477, 1, 11627], [6477, 1, 11827], [6477, 1, 12261], [6477, 1, 12388], [6477, 1, 12443], [6477, 1, 12577], [6477, 1, 12832], [6477, -1, -1], [6478, -1, -1], [6479, 1, 11499], [6479, 1, 11698], [6479, 1, 11831], [6479, 1, 11866], [6479, 1, 12063], [6479, 1, 12257], [6479, -1, -1], [6480, 1, 11630], [6480, 1, 11833], [6480, 1, 12336], [6480, 1, 12538], [6480, 1, 12620], [6480, 1, 12828], [6480, -1, -1], [6481, 1, 11048], [6481, 1, 11237], [6481, 1, 11386], [6481, 1, 11422], [6481, 1, 11616], [6481, -1, -1], [6482, 1, 11125], [6482, 1, 11159], [6482, 1, 11326], [6482, 1, 11353], [6482, 1, 11462], [6482, 1, 11513], [6482, 1, 11649], [6482, -1, -1]]"
1752866081.5634,11.999947346746922,12805.82108555308,12805.821384638386,12816.461689163369,15865.460891638904,"[[6483, 1, 10922], [6483, 1, 11109], [6483, 1, 11147], [6483, 1, 11347], [6483, 1, 11438], [6483, 1, 11474], [6483, 1, 11667], [6483, 1, 11727], [6483, 1, 11764], [6483, 1, 11957], [6483, -1, -1], [6484, 1, 11443], [6484, 1, 11642], [6484, -1, -1], [6485, -1, -1], [6486, 1, 11338], [6486, 1, 11443], [6486, 1, 11537], [6486, 1, 11628], [6486, -1, -1], [6487, 1, 11211], [6487, 1, 11246], [6487, 1, 11442], [6487, 1, 11584], [6487, -1, -1], [6488, 1, 10327], [6488, 1, 10513], [6488, 1, 11258], [6488, 1, 11461], [6488, -1, -1], [6489, 1, 10732], [6489, 1, 10762], [6489, 1, 10935], [6489, 1, 10965], [6489, 1, 11175], [6489, 1, 13539], [6489, 1, 13742], [6489, -1, -1], [6490, 1, 13339], [6490, 1, 13382], [6490, 1, 13572], [6490, 1, 13609], [6490, -1, -1], [6491, -1, -1], [6492, -1, -1], [6493, -1, -1]]"
1752866081.6744,13.999946743249893,12805.82108555308,12805.821384638386,12816.46168718617,15865.460891638904,"[[6494, -1, -1], [6495, 1, 13667], [6495, 1, 13853], [6495, -1, -1], [6496, 1, 10549], [6496, 1, 10718], [6496, 1, 10746], [6496, 1, 10892], [6496, 1, 11095], [6496, -1, -1], [6497, 1, 10264], [6497, 1, 10450], [6497, -1, -1], [6498, 1, 9857], [6498, 1, 10056], [6498, 1, 12707], [6498, 1, 12752], [6498, 1, 12807], [6498, 1, 12940], [6498, 1, 13013], [6498, 1, 13606], [6498, -1, -1], [6499, 1, 10092], [6499, 1, 10276], [6499, 1, 10692], [6499, 1, 10882], [6499, -1, -1], [6500, -1, -1], [6501, -1, -1], [6502, 1, 9854], [6502, 1, 10040], [6502, 1, 12455], [6502, 1, 12657], [6502, -1, -1], [6503, 1, 9465], [6503, 1, 9504], [6503, 1, 9696], [6503, -1, -1], [6504, -1, -1]]"
1752866081.7855,15.999947071075438,12805.82105134419,12805.82139629626,12816.46168718617,15865.460891638904,"[[6505, -1, -1], [6506, 1, 254130], [6506, 1, 254321], [6506, -1, -1], [6507, -1, -1], [6508, 1, 8874], [6508, 1, 9061], [6508, 1, 12139], [6508, 1, 12173], [6508, 1, 12369], [6508, -1, -1], [6509, 1, 9329], [6509, 1, 9532], [6509, 1, 12695], [6509, 1, 12894], [6509, -1, -1], [6510, -1, -1], [6511, 1, 11048], [6511, 1, 11083], [6511, 1, 11279], [6511, 1, 11531], [6511, 1, 11565], [6511, 1, 11761], [6511, 1, 12268], [6511, 1, 12475], [6511, -1, -1], [6512, 1, 12227], [6512, 1, 12414], [6512, -1, -1], [6513, -1, -1], [6514, -1, -1], [6515, -1, -1]]"
1752866081.8955,17.999947398900986,12805.82105134419,12805.82139629626,12816.46168452823,15865.460891638904,"[[6516, -1, -1], [6517, -1, -1], [6518, -1, -1], [6519, -1, -1], [6520, -1, -1], [6521, -1, -1], [6522, -1, -1], [6523, -1, -1], [6524, -1, -1], [6525, 1, 10375], [6525, 1, 10578], [6525, -1, -1], [6526, -1, -1]]"
1752866082.0052,19.999947726726532,12805.821098593588,12805.821398780754,12816.46168452823,15865.460891638904,"[[6527, 1, 9954], [6527, 1, 10154], [6527, 1, 10248], [6527, 1, 10690], [6527, 1, 10880], [6527, -1, -1], [6528, 1, 9732], [6528, 1, 9935], [6528, -1, -1], [6529, -1, -1], [6530, -1, -1], [6531, 1, 12710], [6531, 1, 12909], [6531, -1, -1], [6532, 1, 12736], [6532, 1, 12919], [6532, -1, -1], [6533, -1, -1], [6534, 1, 12653], [6534, 1, 12690], [6534, 1, 12883], [6534, -1, -1], [6535, -1, -1], [6536, -1, -1], [6537, -1, -1]]"
1752866082.1154,21.99994805455208,12805.821098593588,12805.821394818999,12816.461679075492,15865.460891638904,"[[6538, 1, 12584], [6538, 1, 12617], [6538, 1, 12813], [6538, -1, -1], [6539, -1, -1], [6540, -1, -1], [6541, -1, -1], [6542, 1, 11971], [6542, 1, 12019], [6542, 1, 12170], [6542, -1, -1], [6543, 1, 10923], [6543, 1, 11107], [6543, -1, -1], [6544, -1, -1], [6545, -1, -1], [6546, -1, -1], [6547, -1, -1], [6548, -1, -1]]"
1752866082.2254,23.999948382377625,12805.821138104111,12805.821394818999,12816.461679075492,15865.460891638904,"[[6549, -1, -1], [6550, -1, -1], [6551, -1, -1], [6552, -1, -1], [6553, -1, -1], [6554, 1, 13478], [6554, 1, 13663], [6554, -1, -1], [6555, -1, -1], [6556, -1, -1], [6557, -1, -1], [6558, 1, 10900], [6558, 1, 11086], [6558, -1, -1], [6559, -1, -1]]"
1752866082.3355,25.99994871020317,12805.821138104111,12805.821391318223,12816.461690423703,15865.460891638904,"[[6560, -1, -1], [6561, -1, -1], [6562, -1, -1], [6563, -1, -1], [6564, -1, -1], [6565, -1, -1], [6566, -1, -1], [6567, -1, -1], [6568, -1, -1], [6569, -1, -1], [6570, -1, -1]]"
1752866082.4464,27.999949038028717,12805.821165347385,12805.821391318223,12816.461690423703,15865.460891638904,"[[6571, -1, -1], [6572, -1, -1], [6573, -1, -1], [6574, -1, -1], [6575, 1, 12448], [6575, 1, 12651], [6575, -1, -1], [6576, -1, -1], [6577, -1, -1], [6578, -1, -1], [6579, -1, -1], [6580, -1, -1], [6581, -1, -1]]"
1752866082.5564,29.999949365854263,12805.821165347385,12805.821401579517,12816.461684522164,15865.460891638904,"[[6582, -1, -1], [6583, -1, -1], [6584, -1, -1], [6585, -1, -1], [6586, -1, -1], [6587, -1, -1], [6588, -1, -1], [6589, -1, -1], [6590, -1, -1], [6591, -1, -1], [6592, -1, -1]]"
1752866082.6674,31.99994969367981,12805.82113595325,12805.821401579517,12816.461684458067,15865.460891638904,"[[6593, -1, -1], [6594, -1, -1], [6595, -1, -1], [6596, -1, -1], [6597, -1, -1], [6598, -1, -1], [6599, -1, -1], [6600, -1, -1], [6601, -1, -1], [6602, -1, -1], [6603, -1, -1]]"
1752866082.7774,33.999950021505356,12805.82113595325,12805.82139912164,12816.461684458067,15865.460891638904,"[[6604, -1, -1], [6605, -1, -1], [6606, -1, -1], [6607, -1, -1], [6608, -1, -1], [6609, -1, -1], [6610, -1, -1], [6611, -1, -1], [6612, -1, -1], [6613, -1, -1], [6614, -1, -1]]"
1752866082.8874,35.9999503493309,12805.82106569108,12805.82139912164,12816.461686026561,15865.460891638904,"[[6615, -1, -1], [6616, -1, -1], [6617, -1, -1], [6618, -1, -1], [6619, -1, -1], [6620, -1, -1], [6621, -1, -1], [6622, -1, -1], [6623, -1, -1], [6624, -1, -1], [6625, -1, -1]]"
1752866082.9994,37.99995067715645,12805.82106569108,12805.821404039949,12816.461686026561,15865.460891638904,"[[6626, 1, 10048], [6626, 1, 10232], [6626, 1, 10389], [6626, -1, -1], [6627, -1, -1], [6628, -1, -1], [6629, -1, -1], [6630, -1, -1], [6631, -1, -1], [6632, -1, -1], [6633, -1, -1], [6634, -1, -1], [6635, -1, -1], [6636, -1, -1]]"
1752866083.1095,39.999951004981995,12805.82107943045,12805.821404039949,12816.46168672241,15865.460891638904,"[[6637, 1, 341556], [6637, -1, -1], [6638, -1, -1], [6639, -1, -1], [6640, -1, -1], [6641, -1, -1], [6642, -1, -1], [6643, -1, -1], [6644, -1, -1], [6645, 1, 11367], [6645, 1, 11555], [6645, -1, -1], [6646, 1, 13437], [6646, 1, 13468], [6646, 1, 13668], [6646, 1, 13825], [6646, 1, 13990], [6646, -1, -1], [6647, -1, -1]]"
1752866083.2195,41.99995133280754,12805.82107943045,12805.821428640775,12816.46168672241,15865.460891638904,"[[6648, -1, -1], [6649, -1, -1], [6650, -1, -1], [6651, -1, -1], [6652, -1, -1], [6653, -1, -1], [6654, -1, -1], [6655, -1, -1], [6656, -1, -1], [6657, -1, -1], [6658, -1, -1]]"
1752866083.3294,43.99995166063309,12805.821128595928,12805.821428640775,12816.461683398513,15865.460891638904,"[[6659, -1, -1], [6660, -1, -1], [6661, -1, -1], [6662, -1, -1], [6663, -1, -1], [6664, -1, -1], [6665, -1, -1], [6666, -1, -1], [6667, -1, -1], [6668, -1, -1], [6669, -1, -1]]"
1752866083.4384,45.99995198845863,12805.82118221204,12805.821430458855,12816.461683398513,15865.460891638904,"[[6670, -1, -1], [6671, -1, -1], [6672, 1, 10108], [6672, 1, 10311], [6672, -1, -1], [6673, -1, -1], [6674, -1, -1], [6675, -1, -1], [6676, -1, -1], [6677, -1, -1], [6678, -1, -1], [6679, -1, -1], [6680, -1, -1]]"
1752866083.5484,47.99995231628418,12805.82118221204,12805.821430458855,12816.461688759611,15865.460891638904,"[[6681, -1, -1], [6682, -1, -1], [6683, -1, -1], [6684, -1, -1], [6685, -1, -1], [6686, -1, -1], [6687, -1, -1], [6688, -1, -1], [6689, -1, -1], [6690, -1, -1], [6691, -1, -1]]"
1752866083.6584,49.999952644109726,12805.821173858565,12805.821430635466,12816.461688759611,15865.460891638904,"[[6692, -1, -1], [6693, -1, -1], [6694, -1, -1], [6695, -1, -1], [6696, -1, -1], [6697, -1, -1], [6698, -1, -1], [6699, -1, -1], [6700, -1, -1], [6701, -1, -1], [6702, -1, -1]]"
1752866083.7694,51.99995297193527,12805.821173858565,12805.821436794333,12816.461685312848,15865.460891638904,"[[6703, -1, -1], [6704, -1, -1], [6705, -1, -1], [6706, 1, 11090], [6706, 1, 11127], [6706, 1, 11320], [6706, -1, -1], [6707, -1, -1], [6708, -1, -1], [6709, -1, -1], [6710, -1, -1], [6711, -1, -1], [6712, -1, -1], [6713, -1, -1]]"
1752866083.8794,53.99995329976082,12805.821138845442,12805.821436794333,12816.461685312848,15865.460891638904,"[[6714, -1, -1], [6715, -1, -1], [6716, -1, -1], [6717, 1, 214551], [6717, 1, 214733], [6717, 1, 214978], [6717, -1, -1], [6718, -1, -1], [6719, 1, 12042], [6719, 1, 12245], [6719, -1, -1], [6720, -1, -1], [6721, -1, -1], [6722, -1, -1], [6723, -1, -1], [6724, 1, 9498], [6724, 1, 9542], [6724, 1, 9735], [6724, 1, 9914], [6724, 1, 9945], [6724, -1, -1]]"
1752866083.9904,55.999953627586365,12805.821138845442,12805.821442333663,12816.461684826008,15865.460891638904,"[[6725, -1, -1], [6726, -1, -1], [6727, -1, -1], [6728, -1, -1], [6729, -1, -1], [6730, -1, -1], [6731, -1, -1], [6732, -1, -1], [6733, -1, -1], [6734, -1, -1], [6735, -1, -1]]"
1752866084.1004,57.99995395541191,12805.82108491095,12805.821442333663,12816.461684826008,15865.460891638904,"[[6736, -1, -1], [6737, -1, -1], [6738, -1, -1], [6739, -1, -1], [6740, -1, -1], [6741, -1, -1], [6742, -1, -1], [6743, -1, -1], [6744, -1, -1], [6745, -1, -1], [6746, -1, -1]]"
1752866084.2114,59.99995428323746,12805.82108491095,12805.821433881725,12816.461694013684,15865.460891638904,"[[6747, -1, -1], [6748, -1, -1], [6749, -1, -1], [6750, -1, -1], [6751, -1, -1], [6752, -1, -1], [6753, -1, -1], [6754, -1, -1], [6755, -1, -1], [6756, -1, -1], [6757, -1, -1]]"
1752866084.3214,61.999950885772705,12805.821119566792,12805.821433881725,12816.461683485153,15865.460891638904,"[[6758, -1, -1], [6759, -1, -1], [6760, -1, -1], [6761, -1, -1], [6762, -1, -1], [6763, -1, -1], [6764, -1, -1], [6765, -1, -1], [6766, -1, -1], [6767, -1, -1], [6768, -1, -1]]"
1752866084.4304,63.99994748830795,12805.821119566792,12805.821409907834,12816.461683485153,15865.460891638904,"[[6769, -1, -1], [6770, -1, -1], [6771, -1, -1], [6772, -1, -1], [6773, -1, -1], [6774, -1, -1], [6775, -1, -1], [6776, -1, -1], [6777, -1, -1], [6778, -1, -1], [6779, -1, -1]]"
1752866084.5414,65.9999440908432,12805.821160603718,12805.821409907834,12816.461688653524,15865.460891638904,"[[6780, -1, -1], [6781, -1, -1], [6782, -1, -1], [6783, -1, -1], [6784, -1, -1], [6785, -1, -1], [6786, -1, -1], [6787, -1, -1], [6788, -1, -1], [6789, -1, -1], [6790, -1, -1]]"
1752866084.6519,67.99994069337845,12805.821160603718,12805.821405666076,12816.461688653524,15865.460891638904,"[[6791, -1, -1], [6792, -1, -1], [6793, -1, -1], [6794, -1, -1], [6795, -1, -1], [6796, -1, -1], [6797, -1, -1], [6798, -1, -1], [6799, -1, -1], [6800, -1, -1], [6801, -1, -1]]"
1752866084.7619,69.9999372959137,12805.82115741657,12805.821405666076,12816.461691406867,15865.460891638904,"[[6803, -1, -1], [6804, -1, -1], [6805, 1, 10682], [6805, -1, -1], [6806, -1, -1], [6807, -1, -1], [6808, -1, -1], [6809, -1, -1], [6810, -1, -1], [6811, -1, -1], [6812, -1, -1]]"
1752866084.8719,71.99993389844894,12805.821145920148,12805.821402764384,12816.461691406867,15865.460891638904,"[[6814, -1, -1], [6815, -1, -1], [6816, -1, -1], [6817, -1, -1], [6818, -1, -1], [6819, -1, -1], [6820, -1, -1], [6821, 1, 14497], [6821, 1, 14699], [6821, -1, -1], [6822, -1, -1], [6823, -1, -1]]"
1752866084.9834,73.99993050098419,12805.821145920148,12805.821403192967,12816.461684588892,15865.460891638904,"[[6825, -1, -1], [6826, -1, -1], [6827, -1, -1], [6828, -1, -1], [6829, 1, 9915], [6829, 1, 9957], [6829, 1, 10151], [6829, 1, 10329], [6829, -1, -1], [6830, -1, -1], [6831, -1, -1], [6832, -1, -1], [6833, -1, -1], [6834, -1, -1], [6835, -1, -1]]"
1752866085.0944,75.99992710351944,12805.82111055729,12805.821403192967,12816.461684588892,15865.460891638904,"[[6836, -1, -1], [6837, -1, -1], [6838, -1, -1], [6839, 1, 12933], [6839, 1, 13133], [6839, 1, 13473], [6839, -1, -1], [6840, -1, -1], [6841, 1, 11213], [6841, 1, 11415], [6841, -1, -1], [6842, -1, -1], [6843, -1, -1], [6844, 1, 11609], [6844, 1, 11809], [6844, -1, -1], [6845, -1, -1], [6846, -1, -1]]"
1752866085.2045,77.99992370605469,12805.82111055729,12805.821402139718,12816.461689135527,15865.460891638904,"[[6847, -1, -1], [6848, -1, -1], [6849, -1, -1], [6850, 1, 9686], [6850, 1, 9885], [6850, 1, 10031], [6850, -1, -1], [6851, -1, -1], [6852, 1, 12030], [6852, 1, 12146], [6852, 1, 12230], [6852, 1, 12475], [6852, -1, -1], [6853, -1, -1], [6854, -1, -1], [6855, -1, -1], [6856, -1, -1], [6857, -1, -1]]"
1752866085.3154,79.99992030858994,12805.821056384671,12805.821402139718,12816.461689135527,15865.460891638904,"[[6858, -1, -1], [6859, -1, -1], [6860, -1, -1], [6861, -1, -1], [6862, -1, -1], [6863, -1, -1], [6864, -1, -1], [6865, -1, -1], [6866, -1, -1], [6867, -1, -1], [6868, -1, -1]]"
1752866085.4245,81.99991691112518,12805.821056384671,12805.821411516046,12816.461690425976,15865.460891638904,"[[6869, -1, -1], [6870, -1, -1], [6871, -1, -1], [6872, -1, -1], [6873, -1, -1], [6874, -1, -1], [6875, -1, -1], [6876, -1, -1], [6877, 1, 12069], [6877, 1, 12253], [6877, 1, 12427], [6877, -1, -1], [6878, -1, -1], [6879, -1, -1]]"
1752866085.5354,83.99991351366043,12805.821124443311,12805.821411516046,12816.461692845398,15865.460891638904,"[[6880, -1, -1], [6881, -1, -1], [6882, -1, -1], [6883, -1, -1], [6884, -1, -1], [6885, -1, -1], [6886, 1, 11840], [6886, 1, 12043], [6886, -1, -1], [6887, -1, -1], [6888, -1, -1], [6889, -1, -1], [6890, 1, 11474], [6890, 1, 11659], [6890, -1, -1]]"
1752866085.6454,85.99991011619568,12805.821124443311,12805.82139311695,12816.461692845398,15865.460891638904,"[[6891, -1, -1], [6892, -1, -1], [6893, -1, -1], [6894, -1, -1], [6895, -1, -1], [6896, -1, -1], [6897, -1, -1], [6898, -1, -1], [6899, -1, -1], [6900, -1, -1], [6901, -1, -1]]"
1752866085.7553,87.99990671873093,12805.821176341125,12805.82139311695,12816.461688951355,15865.460891638904,"[[6902, -1, -1], [6903, -1, -1], [6904, -1, -1], [6905, -1, -1], [6906, -1, -1], [6907, -1, -1], [6908, -1, -1], [6909, -1, -1], [6910, -1, -1], [6911, -1, -1], [6912, -1, -1]]"
1752866085.8654,89.99990332126617,12805.821176341125,12805.821408219066,12816.461688951355,15865.460891638904,"[[6913, -1, -1], [6914, 1, 11897], [6914, 1, 12096], [6914, -1, -1], [6915, -1, -1], [6916, -1, -1], [6917, 1, 12313], [6917, 1, 12513], [6917, -1, -1], [6918, -1, -1], [6919, -1, -1], [6920, -1, -1], [6921, -1, -1], [6922, -1, -1], [6923, -1, -1]]"
1752866085.9774,91.99989992380142,12805.821159577472,12805.821408219066,12816.461688331157,15865.460891638904,"[[6924, -1, -1], [6925, -1, -1], [6926, -1, -1], [6927, -1, -1], [6928, -1, -1], [6929, -1, -1], [6930, -1, -1], [6931, 1, 10959], [6931, 1, 11162], [6931, -1, -1], [6932, -1, -1], [6933, -1, -1], [6934, -1, -1]]"
1752866086.0874,93.99989652633667,12805.82110529831,12805.82140346028,12816.461688331157,15865.460891638904,"[[6935, -1, -1], [6936, 1, 11057], [6936, 1, 11095], [6936, 1, 11287], [6936, 1, 11462], [6936, -1, -1], [6937, -1, -1], [6938, -1, -1], [6939, -1, -1], [6940, -1, -1], [6941, -1, -1], [6942, 1, 13609], [6942, 1, 13795], [6942, -1, -1], [6943, -1, -1], [6944, -1, -1], [6945, -1, -1]]"
1752866086.1974,95.99989312887192,12805.82110529831,12805.82140346028,12816.461686929704,15865.460891638904,"[[6946, -1, -1], [6947, -1, -1], [6948, -1, -1], [6949, 1, 11894], [6949, 1, 11928], [6949, 1, 12125], [6949, -1, -1], [6950, -1, -1], [6951, -1, -1], [6952, -1, -1], [6953, -1, -1], [6954, -1, -1], [6955, -1, -1], [6956, -1, -1]]"
1752866086.3065,97.99988973140717,12805.821093438146,12805.821402528147,12816.461686929704,15865.460891638904,"[[6957, -1, -1], [6958, -1, -1], [6959, -1, -1], [6960, -1, -1], [6961, -1, -1], [6962, 1, 10408], [6962, 1, 10592], [6962, -1, -1], [6963, -1, -1], [6964, -1, -1], [6965, -1, -1], [6966, -1, -1], [6967, 1, 10379], [6967, 1, 10566], [6967, -1, -1]]"
1752866086.4284,-152.00000596046448,12805.821093438146,12805.82139569725,12816.461690238095,15865.460891638904,"[[6969, -1, -1], [6970, -1, -1], [6971, -1, -1], [6972, -1, -1], [6973, -1, -1], [6974, 1, 11795], [6974, 1, 11994], [6974, -1, -1], [6975, -1, -1], [6976, -1, -1], [6977, -1, -1], [6978, -1, -1], [6979, -1, -1]]"
1752866086.5384,-150.00000190734863,12805.821070503569,12805.82139569725,12816.461690238095,15865.460891638904,"[[6980, -1, -1], [6981, -1, -1], [6982, -1, -1], [6983, -1, -1], [6984, -1, -1], [6985, -1, -1], [6986, -1, -1], [6987, -1, -1], [6988, -1, -1], [6989, -1, -1], [6990, -1, -1]]"
1752866086.6474,-147.9999978542328,12805.821070503569,12805.821402062365,12816.461688318954,15865.460891638904,"[[6991, -1, -1], [6992, -1, -1], [6993, -1, -1], [6994, -1, -1], [6995, -1, -1], [6996, 1, 10940], [6996, 1, 11140], [6996, 1, 11234], [6996, -1, -1], [6997, -1, -1], [6998, -1, -1], [6999, -1, -1], [7000, -1, -1], [7001, -1, -1]]"
1752866086.7564,-145.99999380111694,12805.821140781962,12805.821402062365,12816.461684052576,15865.460891638904,"[[7002, -1, -1], [7003, -1, -1], [7004, -1, -1], [7005, -1, -1], [7006, -1, -1], [7007, -1, -1], [7008, -1, -1], [7009, -1, -1], [7010, -1, -1], [7011, -1, -1], [7012, -1, -1]]"
1752866086.8674,-143.9999897480011,12805.821140781962,12805.821400659257,12816.461684052576,15865.460891638904,"[[7013, -1, -1], [7014, -1, -1], [7015, -1, -1], [7016, -1, -1], [7017, -1, -1], [7018, -1, -1], [7019, -1, -1], [7020, -1, -1], [7021, -1, -1], [7022, -1, -1], [7023, -1, -1]]"
1752866086.9785,-141.99998569488525,12805.821210936898,12805.821400659257,12816.461694167638,15865.460891638904,"[[7024, -1, -1], [7025, -1, -1], [7026, -1, -1], [7027, -1, -1], [7028, -1, -1], [7029, -1, -1], [7030, -1, -1], [7031, -1, -1], [7032, -1, -1], [7033, -1, -1], [7034, -1, -1]]"
1752866087.0904,-139.9999816417694,12805.821149427296,12805.821397559119,12816.461694167638,15865.460891638904,"[[7035, -1, -1], [7036, -1, -1], [7037, -1, -1], [7038, -1, -1], [7039, -1, -1], [7040, -1, -1], [7041, -1, -1], [7042, -1, -1], [7043, -1, -1], [7044, -1, -1], [7045, -1, -1]]"
1752866087.1994,-137.99997758865356,12805.821149427296,12805.821397559119,12816.46168627783,15865.460891638904,"[[7046, -1, -1], [7047, -1, -1], [7048, -1, -1], [7049, -1, -1], [7050, -1, -1], [7051, -1, -1], [7052, -1, -1], [7053, -1, -1], [7054, -1, -1], [7055, -1, -1], [7056, -1, -1]]"
1752866087.3084,-135.99997353553772,12805.821068825639,12805.821407184156,12816.46168627783,15865.460891638904,"[[7057, -1, -1], [7058, -1, -1], [7059, 1, 10485], [7059, 1, 10671], [7059, -1, -1], [7060, -1, -1], [7061, -1, -1], [7062, 1, 10385], [7062, 1, 10584], [7062, -1, -1], [7063, -1, -1], [7064, -1, -1], [7065, -1, -1], [7066, -1, -1], [7067, -1, -1]]"
1752866087.4174,-133.99996948242188,12805.821068825639,12805.821407184156,12816.461690041233,15865.460891638904,"[[7068, -1, -1], [7069, -1, -1], [7070, -1, -1], [7071, -1, -1], [7072, -1, -1], [7073, -1, -1], [7074, -1, -1], [7075, -1, -1], [7076, -1, -1], [7077, -1, -1], [7078, -1, -1]]"
1752866087.5284,-131.99996542930603,12805.82108377671,12805.82140760953,12816.461690041233,15865.460891638904,"[[7079, -1, -1], [7080, -1, -1], [7081, -1, -1], [7082, -1, -1], [7083, -1, -1], [7084, -1, -1], [7085, -1, -1], [7086, -1, -1], [7087, -1, -1], [7088, -1, -1], [7089, -1, -1]]"
1752866087.6394,-129.99996137619019,12805.82108377671,12805.82140760953,12816.461686983948,15865.460891638904,"[[7090, -1, -1], [7091, -1, -1], [7092, -1, -1], [7093, -1, -1], [7094, -1, -1], [7095, -1, -1], [7096, -1, -1], [7097, -1, -1], [7098, -1, -1], [7099, -1, -1], [7100, -1, -1]]"
1752866087.7504,-127.99995732307434,12805.821114786173,12805.821400955667,12816.461686983948,15865.460891638904,"[[7101, -1, -1], [7102, -1, -1], [7103, -1, -1], [7104, -1, -1], [7105, -1, -1], [7106, -1, -1], [7107, -1, -1], [7108, -1, -1], [7109, -1, -1], [7110, -1, -1], [7111, -1, -1]]"
1752866087.8604,-125.9999607205391,12805.821114786173,12805.821406284873,12816.461682912533,15865.460891638904,"[[7112, -1, -1], [7113, -1, -1], [7114, 1, 10292], [7114, 1, 10335], [7114, 1, 10392], [7114, 1, 10524], [7114, 1, 10688], [7114, -1, -1], [7115, -1, -1], [7116, -1, -1], [7117, -1, -1], [7118, 1, 10435], [7118, 1, 10634], [7118, 1, 10829], [7118, -1, -1], [7119, -1, -1], [7120, -1, -1], [7121, -1, -1], [7122, -1, -1]]"
1752866087.9704,-123.99996411800385,12805.821202500922,12805.821406284873,12816.461682912533,15865.460891638904,"[[7123, -1, -1], [7124, -1, -1], [7125, -1, -1], [7126, -1, -1], [7127, -1, -1], [7128, -1, -1], [7129, 1, 10232], [7129, 1, 10440], [7129, -1, -1], [7130, -1, -1], [7131, -1, -1], [7132, -1, -1], [7133, -1, -1]]"
1752866088.0804,-121.9999675154686,12805.821202500922,12805.821408450221,12816.461686018078,15865.460891638904,"[[7134, -1, -1], [7135, -1, -1], [7136, -1, -1], [7137, -1, -1], [7138, -1, -1], [7139, -1, -1], [7140, 1, 10268], [7140, 1, 10471], [7140, -1, -1], [7141, -1, -1], [7142, -1, -1], [7143, -1, -1], [7144, -1, -1]]"
1752866088.1905,-119.99997091293335,12805.821188932667,12805.821408450221,12816.461686018078,15865.460891638904,"[[7145, -1, -1], [7146, -1, -1], [7147, -1, -1], [7148, -1, -1], [7149, 1, 10683], [7149, -1, -1], [7150, -1, -1], [7151, -1, -1], [7152, -1, -1], [7153, -1, -1], [7154, -1, -1], [7155, -1, -1]]"
1752866088.3004,-117.9999743103981,12805.821188932667,12805.82140460868,12816.461686876199,15865.460891638904,"[[7156, -1, -1], [7157, -1, -1], [7158, -1, -1], [7159, -1, -1], [7160, -1, -1], [7161, -1, -1], [7162, -1, -1], [7163, -1, -1], [7164, -1, -1], [7165, -1, -1], [7166, -1, -1]]"
1752866088.4116,-115.99997770786285,12805.821110448258,12805.82140460868,12816.461684959619,15865.460891638904,"[[7167, -1, -1], [7168, -1, -1], [7169, -1, -1], [7170, -1, -1], [7171, -1, -1], [7172, -1, -1], [7173, -1, -1], [7174, -1, -1], [7175, -1, -1], [7176, -1, -1], [7177, -1, -1]]"
1752866088.5219,-113.9999811053276,12805.821110448258,12805.821407121033,12816.461684959619,15865.460891638904,"[[7178, -1, -1], [7179, -1, -1], [7180, -1, -1], [7181, -1, -1], [7182, -1, -1], [7183, -1, -1], [7184, -1, -1], [7185, -1, -1], [7186, -1, -1], [7187, -1, -1], [7188, -1, -1]]"
1752866088.6319,-111.99998450279236,12805.821078098274,12805.821407121033,12816.461680474777,15865.460891638904,"[[7190, -1, -1], [7191, -1, -1], [7192, -1, -1], [7193, -1, -1], [7194, -1, -1], [7195, -1, -1], [7196, -1, -1], [7197, -1, -1], [7198, -1, -1], [7199, -1, -1]]"
1752866088.742,-109.99998790025711,12805.821078098274,12805.821400476176,12816.461680474777,15865.460891638904,"[[7201, -1, -1], [7202, -1, -1], [7203, -1, -1], [7204, -1, -1], [7205, -1, -1], [7206, -1, -1], [7207, -1, -1], [7208, 1, 10830], [7208, 1, 11013], [7208, -1, -1], [7209, -1, -1], [7210, -1, -1]]"
1752866088.8529,-107.99999129772186,12805.821122987523,12805.821400476176,12816.461680474777,15865.460891638904,"[[7212, -1, -1], [7213, -1, -1], [7214, -1, -1], [7215, -1, -1], [7216, -1, -1], [7217, -1, -1], [7218, -1, -1], [7219, -1, -1], [7220, -1, -1], [7221, -1, -1]]"
1752866088.9634,-105.99999469518661,12805.821122987523,12805.821394566341,12816.46168447938,15865.460891638904,"[[7223, -1, -1], [7224, -1, -1], [7225, -1, -1], [7226, -1, -1], [7227, -1, -1], [7228, -1, -1], [7229, -1, -1], [7230, -1, -1], [7231, -1, -1], [7232, -1, -1], [7233, -1, -1]]"
1752866089.0744,-103.99999809265137,12805.821180590588,12805.821394566341,12816.46168447938,15865.460891638904,"[[7234, -1, -1], [7235, -1, -1], [7236, -1, -1], [7237, -1, -1], [7238, -1, -1], [7239, 1, 13828], [7239, 1, 13864], [7239, 1, 14059], [7239, -1, -1], [7240, -1, -1], [7241, -1, -1], [7242, -1, -1], [7243, -1, -1], [7244, -1, -1]]"
1752866089.1845,-102.00000149011612,12805.821180590588,12805.821401138099,12816.461681481394,15865.460891638904,"[[7245, -1, -1], [7246, -1, -1], [7247, -1, -1], [7248, -1, -1], [7249, -1, -1], [7250, -1, -1], [7251, -1, -1], [7252, 1, 11153], [7252, 1, 11187], [7252, 1, 11383], [7252, 1, 11644], [7252, -1, -1], [7253, -1, -1], [7254, -1, -1], [7255, -1, -1]]"
1752866089.2945,-100.00000488758087,12805.821187164895,12805.821401138099,12816.461686312427,15865.460891638904,"[[7256, -1, -1], [7257, -1, -1], [7258, -1, -1], [7259, -1, -1], [7260, 1, 12002], [7260, 1, 12187], [7260, -1, -1], [7261, -1, -1], [7262, -1, -1], [7263, -1, -1], [7264, -1, -1], [7265, -1, -1], [7266, -1, -1]]"
1752866089.4044,-98.00000828504562,12805.821187164895,12805.821402428794,12816.461686312427,15865.460891638904,"[[7267, -1, -1], [7268, -1, -1], [7269, -1, -1], [7270, 1, 11241], [7270, 1, 11426], [7270, -1, -1], [7271, -1, -1], [7272, -1, -1], [7273, -1, -1], [7274, -1, -1], [7275, -1, -1], [7276, -1, -1], [7277, -1, -1]]"
1752866089.5144,-96.00001168251038,12805.821133230073,12805.821402428794,12816.461688285777,15865.460891638904,"[[7278, -1, -1], [7279, -1, -1], [7280, -1, -1], [7281, -1, -1], [7282, 1, 10054], [7282, 1, 10253], [7282, -1, -1], [7283, -1, -1], [7284, -1, -1], [7285, -1, -1], [7286, -1, -1], [7287, -1, -1], [7288, -1, -1]]"
1752866089.6254,-94.00001507997513,12805.821133230073,12805.82140121629,12816.461688285777,15865.460891638904,"[[7289, -1, -1], [7290, -1, -1], [7291, -1, -1], [7292, -1, -1], [7293, 1, 11855], [7293, 1, 12058], [7293, -1, -1], [7294, -1, -1], [7295, -1, -1], [7296, -1, -1], [7297, -1, -1], [7298, -1, -1], [7299, 1, 12452], [7299, 1, 12655], [7299, -1, -1]]"
1752866089.7344,-92.00001847743988,12805.82108778684,12805.82140121629,12816.461688285777,15865.460891638904,"[[7300, -1, -1], [7301, -1, -1], [7302, 1, 9648], [7302, 1, 9683], [7302, 1, 9878], [7302, -1, -1], [7303, -1, -1], [7304, -1, -1], [7305, -1, -1], [7306, -1, -1], [7307, 1, 9392], [7307, 1, 9591], [7307, 1, 9921], [7307, -1, -1], [7308, -1, -1], [7309, 1, 12508], [7309, 1, 12708], [7309, 1, 12885], [7309, 1, 12975], [7309, -1, -1], [7310, -1, -1]]"
1752866089.8444,-90.00002187490463,12805.82108778684,12805.821397756848,12816.461686260416,15865.460891638904,"[[7311, -1, -1], [7312, -1, -1], [7313, -1, -1], [7314, -1, -1], [7315, -1, -1], [7316, -1, -1], [7317, 1, 12872], [7317, 1, 13075], [7317, 1, 13252], [7317, 1, 13285], [7317, -1, -1], [7318, -1, -1], [7319, -1, -1], [7320, -1, -1], [7321, -1, -1]]"
1752866089.9554,-88.00002527236938,12805.82110633628,12805.821397756848,12816.461686260416,15865.460891638904,"[[7322, -1, -1], [7323, -1, -1], [7324, -1, -1], [7325, -1, -1], [7326, -1, -1], [7327, -1, -1], [7328, -1, -1], [7329, -1, -1], [7330, -1, -1], [7331, -1, -1], [7332, -1, -1]]"
1752866090.0664,-86.00002866983414,12805.82110633628,12805.821404579588,12816.461681751192,15865.460891638904,"[[7333, -1, -1], [7334, -1, -1], [7335, -1, -1], [7336, -1, -1], [7337, -1, -1], [7338, -1, -1], [7339, -1, -1], [7340, -1, -1], [7341, -1, -1], [7342, -1, -1], [7343, -1, -1]]"
1752866090.1754,-84.00003206729889,12805.821185494031,12805.821404579588,12816.461688984673,15865.460891638904,"[[7344, -1, -1], [7345, -1, -1], [7346, -1, -1], [7347, -1, -1], [7348, -1, -1], [7349, 1, 9579], [7349, 1, 9778], [7349, -1, -1], [7350, 1, 13080], [7350, 1, 13265], [7350, -1, -1], [7351, -1, -1], [7352, -1, -1], [7353, -1, -1], [7354, -1, -1]]"
1752866090.2844,-82.00003546476364,12805.821185494031,12805.821401913672,12816.461688984673,15865.460891638904,"[[7355, -1, -1], [7356, 1, 9140], [7356, 1, 9325], [7356, -1, -1], [7357, -1, -1], [7358, -1, -1], [7359, 1, 9618], [7359, 1, 9817], [7359, 1, 11771], [7359, 1, 11979], [7359, 1, 12611], [7359, -1, -1], [7360, -1, -1], [7361, 1, 11542], [7361, 1, 11750], [7361, 1, 11890], [7361, -1, -1], [7362, -1, -1], [7363, -1, -1], [7364, -1, -1], [7365, -1, -1]]"
1752866090.3954,-80.0000388622284,12805.821207706811,12805.821401913672,12816.461684995347,15865.460891638904,"[[7366, -1, -1], [7367, -1, -1], [7368, -1, -1], [7369, -1, -1], [7370, -1, -1], [7371, -1, -1], [7372, -1, -1], [7373, -1, -1], [7374, -1, -1], [7375, -1, -1], [7376, -1, -1]]"
1752866090.5045,-78.00004225969315,12805.821207706811,12805.821393530681,12816.461684995347,15865.460891638904,"[[7377, -1, -1], [7378, -1, -1], [7379, -1, -1], [7380, -1, -1], [7381, -1, -1], [7382, -1, -1], [7383, 1, 10056], [7383, -1, -1], [7384, -1, -1], [7385, -1, -1], [7386, -1, -1], [7387, -1, -1]]"
1752866090.6144,-76.0000456571579,12805.821170996098,12805.821393530681,12816.461686002138,15865.460891638904,"[[7388, -1, -1], [7389, -1, -1], [7390, -1, -1], [7391, 1, 10164], [7391, 1, 10349], [7391, -1, -1], [7392, -1, -1], [7393, -1, -1], [7394, -1, -1], [7395, -1, -1], [7396, -1, -1], [7397, -1, -1], [7398, -1, -1]]"
1752866090.7241,-74.00004905462265,12805.821170996098,12805.821394315435,12816.461686002138,15865.460891638904,"[[7399, -1, -1], [7400, -1, -1], [7401, -1, -1], [7402, -1, -1], [7403, -1, -1], [7404, 1, 10663], [7404, 1, 10867], [7404, 1, 10911], [7404, 1, 11077], [7404, -1, -1], [7405, -1, -1], [7406, -1, -1], [7407, -1, -1], [7408, -1, -1], [7409, 1, 11085], [7409, 1, 11284], [7409, -1, -1]]"
1752866090.8345,-72.0000524520874,12805.82111126768,12805.821394315435,12816.461687538085,15865.460891638904,"[[7410, -1, -1], [7411, -1, -1], [7412, -1, -1], [7413, -1, -1], [7414, -1, -1], [7415, -1, -1], [7416, 1, 14016], [7416, 1, 14215], [7416, -1, -1], [7417, -1, -1], [7418, -1, -1], [7419, -1, -1], [7420, -1, -1]]"
1752866090.9444,-70.00005584955215,12805.821127052868,12805.82139426442,12816.461687538085,15865.460891638904,"[[7421, -1, -1], [7422, -1, -1], [7423, -1, -1], [7424, -1, -1], [7425, -1, -1], [7426, -1, -1], [7427, -1, -1], [7428, -1, -1], [7429, -1, -1], [7430, -1, -1], [7431, -1, -1]]"
1752866091.0554,-68.0000592470169,12805.821127052868,12805.82139426442,12816.461676654397,15865.460891638904,"[[7432, -1, -1], [7433, -1, -1], [7434, -1, -1], [7435, 1, 11345], [7435, 1, 11548], [7435, -1, -1], [7436, -1, -1], [7437, 1, 10292], [7437, 1, 10336], [7437, 1, 10530], [7437, 1, 10708], [7437, -1, -1], [7438, -1, -1], [7439, -1, -1], [7440, -1, -1], [7441, -1, -1], [7442, -1, -1]]"
1752866091.1654,-66.00006264448166,12805.821154763951,12805.821392922304,12816.461676654397,15865.460891638904,"[[7443, -1, -1], [7444, -1, -1], [7445, 1, 10006], [7445, 1, 10191], [7445, -1, -1], [7446, -1, -1], [7447, -1, -1], [7448, 1, 11940], [7448, 1, 11971], [7448, 1, 12171], [7448, -1, -1], [7449, -1, -1], [7450, -1, -1], [7451, -1, -1], [7452, -1, -1], [7453, -1, -1]]"
1752866091.2754,-64.00006231665611,12805.821154763951,12805.821392922304,12816.461684531012,15865.460891638904,"[[7454, -1, -1], [7455, -1, -1], [7456, -1, -1], [7457, -1, -1], [7458, 1, 11619], [7458, 1, 11806], [7458, 1, 12126], [7458, -1, -1], [7459, 1, 10831], [7459, 1, 11020], [7459, -1, -1], [7460, -1, -1], [7461, -1, -1], [7462, -1, -1], [7463, 1, 11009], [7463, 1, 11209], [7463, -1, -1], [7464, -1, -1]]"
1752866091.3854,-62.000061988830566,12805.821213381336,12805.821383551625,12816.461684531012,15865.460891638904,"[[7465, -1, -1], [7466, -1, -1], [7467, -1, -1], [7468, -1, -1], [7469, -1, -1], [7470, -1, -1], [7471, -1, -1], [7472, -1, -1], [7473, -1, -1], [7474, -1, -1], [7475, -1, -1]]"
1752866091.4944,-60.00006166100502,12805.821213381336,12805.82139783649,12816.461691194052,15865.460891638904,"[[7476, 1, 11290], [7476, 1, 11473], [7476, -1, -1], [7477, -1, -1], [7478, -1, -1], [7479, -1, -1], [7480, -1, -1], [7481, -1, -1], [7482, -1, -1], [7483, -1, -1], [7484, -1, -1], [7485, -1, -1], [7486, -1, -1]]"
1752866091.6056,-58.000061333179474,12805.821158493909,12805.82139783649,12816.461691194052,15865.460891638904,"[[7487, -1, -1], [7488, -1, -1], [7489, -1, -1], [7490, 1, 11585], [7490, 1, 11770], [7490, -1, -1], [7491, -1, -1], [7492, -1, -1], [7493, -1, -1], [7494, -1, -1], [7495, -1, -1], [7496, -1, -1], [7497, -1, -1]]"
1752866091.7154,-56.00006100535393,12805.821158493909,12805.821390562076,12816.461689176027,15865.460891638904,"[[7498, -1, -1], [7499, -1, -1], [7500, -1, -1], [7501, -1, -1], [7502, 1, 11408], [7502, 1, 11607], [7502, 1, 11750], [7502, -1, -1], [7503, -1, -1], [7504, -1, -1], [7505, -1, -1], [7506, 1, 10371], [7506, 1, 10556], [7506, 1, 10754], [7506, -1, -1], [7507, -1, -1], [7508, -1, -1]]"
1752866091.8254,-54.00006067752838,12805.821117470847,12805.821390562076,12816.461689176027,15865.460891638904,"[[7509, -1, -1], [7510, -1, -1], [7511, -1, -1], [7512, -1, -1], [7513, 1, 8994], [7513, 1, 9198], [7513, 1, 11359], [7513, 1, 11393], [7513, 1, 11589], [7513, 1, 11832], [7513, -1, -1], [7514, -1, -1], [7515, 1, 11901], [7515, 1, 11936], [7515, 1, 12133], [7515, -1, -1], [7516, -1, -1], [7517, -1, -1], [7518, -1, -1], [7519, 1, 10775], [7519, 1, 10815], [7519, 1, 11007], [7519, -1, -1]]"
1752866091.9354,-52.000060349702835,12805.821117470847,12805.82139097681,12816.461687309615,15865.460891638904,"[[7520, -1, -1], [7521, 1, 10833], [7521, 1, 11020], [7521, -1, -1], [7522, -1, -1], [7523, 1, 10751], [7523, 1, 10935], [7523, -1, -1], [7524, 1, 12612], [7524, 1, 12800], [7524, 1, 13319], [7524, -1, -1], [7525, 1, 11045], [7525, 1, 11244], [7525, -1, -1], [7526, -1, -1], [7527, -1, -1], [7528, -1, -1], [7529, 1, 11495], [7529, 1, 11537], [7529, 1, 11729], [7529, 1, 11927], [7529, -1, -1], [7530, 1, 10159], [7530, 1, 10190], [7530, 1, 10389], [7530, 1, 297602], [7530, -1, -1]]"
1752866092.0464,-50.00006002187729,12805.82110257004,12805.82139097681,12816.461686728753,15865.460891638904,"[[7531, -1, -1], [7532, -1, -1], [7533, 1, 11310], [7533, 1, 11347], [7533, 1, 11542], [7533, -1, -1], [7534, 1, 13418], [7534, 1, 13452], [7534, 1, 13649], [7534, -1, -1], [7535, 1, 11832], [7535, 1, 12032], [7535, 1, 13468], [7535, 1, 13672], [7535, -1, -1], [7536, -1, -1], [7537, -1, -1], [7538, -1, -1], [7539, -1, -1], [7540, 1, 12102], [7540, 1, 12146], [7540, 1, 12371], [7540, 1, 12516], [7540, -1, -1], [7541, -1, -1]]"
1752866092.1574,-48.00005969405174,12805.82110257004,12805.821392681868,12816.461686728753,15865.460891638904,"[[7542, -1, -1], [7543, -1, -1], [7544, -1, -1], [7545, -1, -1], [7546, 1, 9726], [7546, 1, 9760], [7546, 1, 9956], [7546, -1, -1], [7547, -1, -1], [7548, 1, 11042], [7548, 1, 11077], [7548, 1, 11272], [7548, 1, 11656], [7548, -1, -1], [7549, -1, -1], [7550, 1, 9938], [7550, 1, 9965], [7550, 1, 10042], [7550, 1, 10168], [7550, -1, -1], [7551, -1, -1], [7552, -1, -1]]"
1752866092.2675,-46.000059366226196,12805.82115157978,12805.821392681868,12816.461688297446,15865.460891638904,"[[7553, 1, 8083], [7553, 1, 8286], [7553, 1, 11485], [7553, 1, 11540], [7553, 1, 11684], [7553, -1, -1], [7554, -1, -1], [7555, -1, -1], [7556, 1, 11628], [7556, 1, 11663], [7556, 1, 11858], [7556, -1, -1], [7557, 1, 11632], [7557, 1, 11815], [7557, -1, -1], [7558, -1, -1], [7559, -1, -1], [7560, -1, -1], [7561, 1, 10627], [7561, 1, 10814], [7561, -1, -1], [7562, -1, -1], [7563, -1, -1]]"
1752866092.3774,-44.00005903840065,12805.821206651177,12805.82138821409,12816.461688297446,15865.460891638904,"[[7564, 1, 10697], [7564, 1, 10884], [7564, -1, -1], [7565, -1, -1], [7566, -1, -1], [7567, -1, -1], [7568, 1, 125172], [7568, 1, 125359], [7568, -1, -1], [7569, -1, -1], [7570, -1, -1], [7571, -1, -1], [7572, -1, -1], [7573, 1, 13276], [7573, 1, 13314], [7573, 1, 13506], [7573, -1, -1], [7574, -1, -1]]"
1752866092.4864,-42.000058710575104,12805.821206651177,12805.82138821409,12816.461685849354,15865.460891638904,"[[7575, -1, -1], [7576, -1, -1], [7577, -1, -1], [7578, -1, -1], [7579, -1, -1], [7580, -1, -1], [7581, -1, -1], [7582, -1, -1], [7583, -1, -1], [7584, -1, -1], [7585, -1, -1]]"
1752866092.5975,-40.00005838274956,12805.821166745052,12805.821384100864,12816.461685849354,15865.460891638904,"[[7586, -1, -1], [7587, -1, -1], [7588, -1, -1], [7589, -1, -1], [7590, 1, 10041], [7590, 1, 10075], [7590, 1, 10271], [7590, 1, 13074], [7590, 1, 13108], [7590, 1, 13304], [7590, -1, -1], [7591, -1, -1], [7592, -1, -1], [7593, -1, -1], [7594, -1, -1], [7595, -1, -1], [7596, -1, -1]]"
1752866092.7076,-38.00005805492401,12805.821166745052,12805.821384100864,12816.461683288155,15865.460891638904,"[[7597, -1, -1], [7598, -1, -1], [7599, 1, 10167], [7599, 1, 10366], [7599, -1, -1], [7600, -1, -1], [7601, 1, 10433], [7601, 1, 10632], [7601, 1, 10863], [7601, -1, -1], [7602, -1, -1], [7603, -1, -1], [7604, -1, -1], [7605, -1, -1], [7606, 1, 11126], [7606, 1, 11325], [7606, -1, -1], [7607, 1, 11635], [7607, -1, -1]]"
1752866092.8185,-36.000057727098465,12805.821124746877,12805.821384663535,12816.461683288155,15865.460891638904,"[[7608, -1, -1], [7609, -1, -1], [7610, 1, 10580], [7610, 1, 10764], [7610, 1, 11027], [7610, -1, -1], [7611, 1, 12338], [7611, 1, 12368], [7611, 1, 12567], [7611, -1, -1], [7612, -1, -1], [7613, -1, -1], [7614, -1, -1], [7615, 1, 9639], [7615, -1, -1], [7616, -1, -1], [7617, 1, 11116], [7617, 1, 11319], [7617, -1, -1], [7618, 1, 12993], [7618, 1, 13163], [7618, -1, -1]]"
1752866092.9294,-34.00005739927292,12805.821124746877,12805.82137349032,12816.461685667664,15865.460891638904,"[[7619, -1, -1], [7620, 1, 10369], [7620, 1, 10401], [7620, 1, 10600], [7620, 1, 10726], [7620, -1, -1], [7621, 1, 5544], [7621, 1, 5743], [7621, 1, 10947], [7621, 1, 11154], [7621, 1, 11229], [7621, -1, -1], [7622, -1, -1], [7623, -1, -1], [7624, 1, 11148], [7624, 1, 11333], [7624, -1, -1], [7625, -1, -1], [7626, 1, 10522], [7626, 1, 10708], [7626, 1, 11096], [7626, 1, 11298], [7626, -1, -1], [7627, -1, -1], [7628, 1, 12115], [7628, 1, 12301], [7628, -1, -1], [7629, -1, -1]]"
1752866093.0394,-32.00005707144737,12805.821094986375,12805.82137349032,12816.461685667664,15865.460891638904,"[[7630, -1, -1], [7631, 1, 11695], [7631, 1, 11880], [7631, -1, -1], [7632, -1, -1], [7633, -1, -1], [7634, -1, -1], [7635, 1, 11977], [7635, 1, 12012], [7635, 1, 12207], [7635, 1, 12381], [7635, -1, -1], [7636, -1, -1], [7637, 1, 12959], [7637, 1, 13158], [7637, 1, 13695], [7637, -1, -1], [7638, 1, 11000], [7638, 1, 11203], [7638, -1, -1], [7639, 1, 9643], [7639, 1, 9677], [7639, 1, 9872], [7639, -1, -1], [7640, -1, -1]]"
1752866093.1504,-30.000056743621826,12805.821094986375,12805.821374809351,12816.461691770473,15865.460891638904,"[[7641, -1, -1], [7642, -1, -1], [7643, 1, 11949], [7643, 1, 12148], [7643, -1, -1], [7644, 1, 8655], [7644, 1, 8854], [7644, 1, 11902], [7644, 1, 12086], [7644, -1, -1], [7645, -1, -1], [7646, -1, -1], [7647, 1, 10493], [7647, 1, 10664], [7647, 1, 10690], [7647, 1, 10871], [7647, -1, -1], [7648, -1, -1], [7649, 1, 12772], [7649, 1, 12960], [7649, -1, -1], [7650, -1, -1], [7651, -1, -1]]"
1752866093.2604,-28.00005641579628,12805.821073965028,12805.821374809351,12816.461691770473,15865.460891638904,"[[7652, 1, 10264], [7652, 1, 10295], [7652, 1, 10495], [7652, 1, 10660], [7652, 1, 10862], [7652, 1, 11480], [7652, 1, 13384], [7652, 1, 13568], [7652, -1, -1], [7653, 1, 10049], [7653, 1, 10083], [7653, 1, 10323], [7653, 1, 10468], [7653, 1, 10666], [7653, -1, -1], [7654, 1, 10479], [7654, 1, 10682], [7654, -1, -1], [7655, 1, 10573], [7655, 1, 10772], [7655, -1, -1], [7656, 1, 6135], [7656, 1, 6323], [7656, 1, 9212], [7656, 1, 9250], [7656, 1, 9442], [7656, -1, -1], [7657, -1, -1], [7658, 1, 13991], [7658, 1, 14194], [7658, -1, -1], [7659, -1, -1], [7660, -1, -1], [7661, -1, -1], [7662, 1, 11009], [7662, 1, 11180], [7662, -1, -1]]"
1752866093.3705,-26.000056087970734,12805.821073965028,12805.821376031678,12816.461679821294,15865.460891638904,"[[7663, 1, 11845], [7663, 1, 12029], [7663, 1, 19168], [7663, -1, -1], [7664, -1, -1], [7665, -1, -1], [7666, 1, 10276], [7666, 1, 10465], [7666, 1, 11046], [7666, 1, 11119], [7666, 1, 11230], [7666, 1, 11308], [7666, 1, 11770], [7666, 1, 11954], [7666, -1, -1], [7667, -1, -1], [7668, 1, 9803], [7668, 1, 10002], [7668, 1, 10707], [7668, -1, -1], [7669, -1, -1], [7670, -1, -1], [7671, 1, 10350], [7671, 1, 10538], [7671, -1, -1], [7672, -1, -1], [7673, 1, 10146], [7673, 1, 10181], [7673, 1, 10376], [7673, 1, 11075], [7673, 1, 11258], [7673, 1, 11727], [7673, -1, -1]]"
1752866093.4794,-24.000055760145187,12805.821177699252,12805.821376031678,12816.4616863656,15865.460891638904,"[[7674, -1, -1], [7675, -1, -1], [7676, -1, -1], [7677, -1, -1], [7678, 1, 12395], [7678, 1, 12595], [7678, 1, 12834], [7678, -1, -1], [7679, 1, 10121], [7679, 1, 10320], [7679, -1, -1], [7680, -1, -1], [7681, -1, -1], [7682, 1, 10880], [7682, 1, 11065], [7682, -1, -1], [7683, -1, -1], [7684, -1, -1]]"
1752866093.5894,-22.00005543231964,12805.821177699252,12805.821376688062,12816.4616863656,15865.460891638904,"[[7685, 1, 11941], [7685, 1, 12127], [7685, 1, 12421], [7685, -1, -1], [7686, -1, -1], [7687, -1, -1], [7688, -1, -1], [7689, 1, 10472], [7689, -1, -1], [7690, 1, 9940], [7690, 1, 9975], [7690, 1, 10171], [7690, -1, -1], [7691, -1, -1], [7692, -1, -1], [7693, -1, -1], [7694, 1, 10025], [7694, 1, 10065], [7694, 1, 10255], [7694, 1, 12306], [7694, 1, 12514], [7694, -1, -1], [7695, -1, -1]]"
1752866093.6994,-20.000055104494095,12805.821205616205,12805.821376688062,12816.461686039309,15865.460891638904,"[[7696, -1, -1], [7697, 1, 10819], [7697, 1, 11004], [7697, 1, 11843], [7697, 1, 12000], [7697, 1, 12028], [7697, 1, 12198], [7697, -1, -1], [7698, -1, -1], [7699, 1, 9169], [7699, 1, 9372], [7699, 1, 11241], [7699, 1, 11430], [7699, 1, 12363], [7699, 1, 12562], [7699, -1, -1], [7700, 1, 11544], [7700, 1, 11743], [7700, -1, -1], [7701, -1, -1], [7702, -1, -1], [7703, 1, 11503], [7703, 1, 11543], [7703, 1, 11734], [7703, 1, 12255], [7703, -1, -1], [7704, -1, -1], [7705, -1, -1], [7706, 1, 11400], [7706, 1, 11534], [7706, 1, 11584], [7706, 1, 11718], [7706, -1, -1]]"
1752866093.8094,-18.00005477666855,12805.821205616205,12805.821367572948,12816.461686039309,15865.460891638904,"[[7707, -1, -1], [7708, 1, 11434], [7708, 1, 11634], [7708, 1, 11671], [7708, 1, 12066], [7708, 1, 12269], [7708, 1, 12842], [7708, 1, 13041], [7708, -1, -1], [7709, -1, -1], [7710, -1, -1], [7711, -1, -1], [7712, 1, 7265], [7712, 1, 7464], [7712, -1, -1], [7713, -1, -1], [7714, -1, -1], [7715, 1, 10062], [7715, 1, 10106], [7715, 1, 10278], [7715, 1, 10499], [7715, -1, -1], [7716, 1, 10033], [7716, 1, 10079], [7716, 1, 10265], [7716, -1, -1], [7717, 1, 8755], [7717, 1, 8954], [7717, -1, -1]]"
1752866093.9194,-16.000054448843002,12805.821143345705,12805.821367572948,12816.461690154878,15865.460891638904,"[[7718, -1, -1], [7719, 1, 10554], [7719, 1, 10757], [7719, 1, 12653], [7719, 1, 12684], [7719, 1, 12883], [7719, -1, -1], [7720, 1, 10727], [7720, 1, 10763], [7720, 1, 10959], [7720, -1, -1], [7721, 1, 12254], [7721, 1, 12454], [7721, 1, 12816], [7721, -1, -1], [7722, 1, 11804], [7722, 1, 11834], [7722, 1, 12033], [7722, -1, -1], [7723, 1, 13935], [7723, 1, 13969], [7723, 1, 14165], [7723, -1, -1], [7724, 1, 11753], [7724, 1, 11976], [7724, 1, 12160], [7724, -1, -1], [7725, -1, -1], [7726, 1, 10639], [7726, 1, 10838], [7726, -1, -1], [7727, -1, -1], [7728, 1, 11673], [7728, 1, 11873], [7728, -1, -1]]"
1752866094.0294,-14.000054121017456,12805.821086633227,12805.821376642614,12816.461690154878,15865.460891638904,"[[7729, 1, 9513], [7729, 1, 9556], [7729, 1, 9746], [7729, 1, 12780], [7729, 1, 12820], [7729, 1, 13012], [7729, -1, -1], [7730, 1, 10274], [7730, 1, 10477], [7730, -1, -1], [7731, 1, 11101], [7731, 1, 11300], [7731, -1, -1], [7732, 1, 8060], [7732, 1, 8259], [7732, 1, 8549], [7732, 1, 8738], [7732, 1, 8944], [7732, -1, -1], [7733, 1, 10103], [7733, 1, 10289], [7733, 1, 13645], [7733, 1, 13685], [7733, 1, 13878], [7733, 1, 14650], [7733, -1, -1], [7734, -1, -1], [7735, -1, -1], [7736, 1, 11608], [7736, 1, 11713], [7736, 1, 11791], [7736, 1, 11912], [7736, -1, -1], [7737, -1, -1], [7738, 1, 9846], [7738, 1, 10045], [7738, -1, -1], [7739, 1, 11728], [7739, 1, 11927], [7739, -1, -1]]"
1752866094.1404,-12.00005379319191,12805.821086633227,12805.821376642614,12816.461692986977,15865.460891638904,"[[7740, 1, 11082], [7740, 1, 11269], [7740, 1, 11619], [7740, 1, 11819], [7740, 1, 12646], [7740, 1, 12830], [7740, -1, -1], [7741, 1, 12266], [7741, -1, -1], [7742, 1, 10417], [7742, 1, 10616], [7742, -1, -1], [7743, 1, 10940], [7743, 1, 10977], [7743, 1, 11170], [7743, 1, 11673], [7743, 1, 11871], [7743, 1, 11938], [7743, 1, 12057], [7743, 1, 12255], [7743, -1, -1], [7744, 1, 10282], [7744, 1, 10481], [7744, 1, 10978], [7744, 1, 11178], [7744, 1, 11322], [7744, 1, 14501], [7744, 1, 14535], [7744, 1, 14731], [7744, -1, -1], [7745, 1, 9862], [7745, 1, 10061], [7745, 1, 12160], [7745, 1, 12359], [7745, 1, 12536], [7745, -1, -1], [7746, 1, 10913], [7746, 1, 11100], [7746, 1, 14972], [7746, 1, 15179], [7746, -1, -1], [7747, 1, 11334], [7747, 1, 11518], [7747, 1, 12015], [7747, 1, 12046], [7747, 1, 12245], [7747, -1, -1], [7748, 1, 10186], [7748, 1, 10385], [7748, 1, 11011], [7748, 1, 11195], [7748, -1, -1], [7749, 1, 10374], [7749, 1, 10559], [7749, -1, -1], [7750, 1, 11210], [7750, 1, 11246], [7750, 1, 11441], [7750, -1, -1]]"
1752866094.2515,-10.000053465366364,12805.821074275376,12805.821369043953,12816.461692986977,15865.460891638904,"[[7751, 1, 10148], [7751, 1, 10347], [7751, -1, -1], [7752, 1, 10745], [7752, 1, 10930], [7752, -1, -1], [7753, 1, 9797], [7753, 1, 9844], [7753, 1, 10045], [7753, 1, 12259], [7753, 1, 12293], [7753, 1, 12491], [7753, -1, -1], [7754, 1, 11024], [7754, 1, 11105], [7754, 1, 11132], [7754, 1, 11335], [7754, 1, 12145], [7754, 1, 12187], [7754, 1, 12358], [7754, 1, 12385], [7754, 1, 12573], [7754, 1, 12888], [7754, -1, -1], [7755, 1, 12116], [7755, 1, 12324], [7755, 1, 13519], [7755, 1, 13719], [7755, -1, -1], [7756, 1, 9608], [7756, 1, 9811], [7756, 1, 10143], [7756, 1, 10327], [7756, 1, 11189], [7756, 1, 11372], [7756, 1, 13643], [7756, 1, 13832], [7756, -1, -1], [7757, 1, 9767], [7757, 1, 9966], [7757, 1, 10144], [7757, 1, 10375], [7757, 1, 10414], [7757, 1, 10606], [7757, -1, -1], [7758, 1, 11826], [7758, 1, 12026], [7758, 1, 12148], [7758, 1, 12246], [7758, -1, -1], [7759, 1, 10332], [7759, 1, 10370], [7759, 1, 10562], [7759, 1, 12653], [7759, 1, 12687], [7759, 1, 12882], [7759, -1, -1], [7760, 1, 9979], [7760, 1, 10182], [7760, 1, 13540], [7760, 1, 13730], [7760, -1, -1], [7761, 1, 10928], [7761, 1, 11127], [7761, 1, 11405], [7761, 1, 11691], [7761, 1, 11894], [7761, -1, -1]]"
1752866094.3615,-8.000053603202105,12805.821074275376,12805.821369043953,12816.461690268341,15865.460891638904,"[[7762, 1, 8699], [7762, 1, 8899], [7762, -1, -1], [7763, -1, -1], [7764, 1, 10162], [7764, 1, 10347], [7764, -1, -1], [7765, 1, 12399], [7765, 1, 12582], [7765, -1, -1], [7766, -1, -1], [7767, 1, 9808], [7767, 1, 9845], [7767, 1, 10038], [7767, 1, 10251], [7767, -1, -1], [7768, -1, -1], [7769, 1, 9201], [7769, 1, 9236], [7769, 1, 9431], [7769, -1, -1], [7770, 1, 9202], [7770, 1, 9389], [7770, 1, 9942], [7770, -1, -1], [7771, 1, 10903], [7771, 1, 11102], [7771, 1, 11485], [7771, 1, 11693], [7771, -1, -1], [7772, 1, 9637], [7772, 1, 9840], [7772, 1, 10614], [7772, 1, 10799], [7772, 1, 11424], [7772, 1, 11623], [7772, -1, -1]]"
1752866094.4714,-6.000053741037846,12805.821128625672,12805.821375452293,12816.461690268341,15865.460891638904,"[[7773, 1, 10253], [7773, 1, 10287], [7773, 1, 10483], [7773, 1, 10671], [7773, 1, 10723], [7773, 1, 10752], [7773, 1, 10808], [7773, 1, 10954], [7773, -1, -1], [7774, 1, 7905], [7774, 1, 8093], [7774, 1, 10446], [7774, 1, 10653], [7774, 1, 11650], [7774, 1, 11853], [7774, 1, 12011], [7774, -1, -1], [7775, 1, 9019], [7775, 1, 9218], [7775, 1, 9933], [7775, 1, 10122], [7775, 1, 11311], [7775, 1, 11495], [7775, -1, -1], [7776, 1, 10579], [7776, 1, 10624], [7776, 1, 10812], [7776, 1, 11104], [7776, 1, 11288], [7776, 1, 11353], [7776, 1, 11711], [7776, 1, 11914], [7776, -1, -1], [7777, 1, 9834], [7777, 1, 9965], [7777, 1, 10036], [7777, 1, 10154], [7777, 1, 10651], [7777, 1, 10881], [7777, 1, 11088], [7777, 1, 11882], [7777, 1, 12082], [7777, -1, -1], [7778, -1, -1], [7779, 1, 9557], [7779, 1, 9759], [7779, 1, 12219], [7779, 1, 12418], [7779, 1, 13895], [7779, 1, 14097], [7779, -1, -1], [7780, 1, 7662], [7780, 1, 7865], [7780, 1, 10809], [7780, 1, 11017], [7780, 1, 11505], [7780, 1, 11708], [7780, 1, 12765], [7780, 1, 12967], [7780, 1, 13163], [7780, -1, -1], [7781, 1, 11394], [7781, 1, 11593], [7781, -1, -1], [7782, 1, 13558], [7782, 1, 13588], [7782, 1, 13788], [7782, 1, 14051], [7782, 1, 14092], [7782, -1, -1], [7783, 1, 9425], [7783, 1, 9611], [7783, 1, 10290], [7783, 1, 10326], [7783, 1, 10524], [7783, 1, 10603], [7783, 1, 10910], [7783, 1, 11099], [7783, 1, 11310], [7783, 1, 11494], [7783, 1, 12538], [7783, 1, 12766], [7783, 1, 13002], [7783, 1, 13190], [7783, -1, -1]]"
1752866094.5814,-4.000053646042943,12805.821128625672,12805.8213770683,12816.461692436784,15865.460891638904,"[[7784, 1, 7256], [7784, 1, 7287], [7784, 1, 7486], [7784, -1, -1], [7785, 1, 10915], [7785, 1, 11106], [7785, -1, -1], [7786, 1, 9656], [7786, 1, 9842], [7786, 1, 10250], [7786, 1, 10435], [7786, 1, 12643], [7786, 1, 12846], [7786, -1, -1], [7787, 1, 11622], [7787, 1, 11810], [7787, -1, -1], [7788, 1, 9907], [7788, 1, 9982], [7788, 1, 10106], [7788, 1, 10222], [7788, 1, 11304], [7788, 1, 11488], [7788, -1, -1], [7789, 1, 8131], [7789, 1, 8319], [7789, 1, 9866], [7789, 1, 9892], [7789, 1, 10099], [7789, 1, 10633], [7789, 1, 10822], [7789, 1, 11814], [7789, 1, 11976], [7789, 1, 12166], [7789, 1, 13403], [7789, 1, 13611], [7789, -1, -1], [7790, 1, 11133], [7790, 1, 11170], [7790, 1, 11363], [7790, 1, 11699], [7790, 1, 14354], [7790, 1, 14392], [7790, 1, 14584], [7790, -1, -1], [7791, 1, 9800], [7791, 1, 9999], [7791, 1, 11187], [7791, 1, 11371], [7791, 1, 11497], [7791, 1, 11652], [7791, 1, 11703], [7791, -1, -1], [7792, 1, 11420], [7792, 1, 11618], [7792, 1, 11874], [7792, -1, -1], [7793, 1, 9277], [7793, 1, 9477], [7793, 1, 9756], [7793, 1, 9965], [7793, 1, 12065], [7793, 1, 12249], [7793, -1, -1], [7794, 1, 9835], [7794, 1, 10034], [7794, 1, 10183], [7794, 1, 10403], [7794, 1, 11549], [7794, 1, 11742], [7794, 1, 11965], [7794, 1, 12164], [7794, -1, -1]]"
1752866094.6914,-2.0000536460440514,12805.821194916522,12805.8213770683,12816.461692436784,15865.460891638904,"[[7795, 1, 10061], [7795, 1, 10269], [7795, 1, 11775], [7795, 1, 11964], [7795, 1, 12150], [7795, 1, 12288], [7795, 1, 12491], [7795, 1, 12924], [7795, -1, -1], [7796, 1, 11220], [7796, 1, 11423], [7796, 1, 12475], [7796, 1, 12614], [7796, 1, 12673], [7796, 1, 12803], [7796, 1, 15073], [7796, -1, -1], [7797, 1, 6934], [7797, 1, 7119], [7797, 1, 9352], [7797, 1, 9555], [7797, 1, 9846], [7797, 1, 10049], [7797, -1, -1], [7798, 1, 11757], [7798, 1, 11945], [7798, -1, -1], [7799, 1, 10312], [7799, 1, 10512], [7799, -1, -1], [7800, 1, 9618], [7800, 1, 9817], [7800, 1, 9875], [7800, 1, 11181], [7800, 1, 11370], [7800, -1, -1], [7801, 1, 11031], [7801, 1, 11099], [7801, 1, 11159], [7801, 1, 11241], [7801, 1, 11362], [7801, -1, -1], [7802, 1, 8074], [7802, 1, 8273], [7802, 1, 11313], [7802, 1, 11483], [7802, 1, 11734], [7802, 1, 11770], [7802, 1, 11965], [7802, -1, -1], [7803, 1, 11042], [7803, 1, 11077], [7803, 1, 11272], [7803, 1, 11336], [7803, 1, 11524], [7803, -1, -1], [7804, 1, 10956], [7804, 1, 11155], [7804, -1, -1], [7805, 1, 11500], [7805, 1, 11539], [7805, 1, 11729], [7805, 1, 11849], [7805, -1, -1]]"
1752866094.8019,-5.368888378147474e-05,12805.821194916522,12805.821375558347,12816.461682961411,15865.460891638904,"[[7806, 1, 10133], [7806, 1, 10333], [7806, 1, 11814], [7806, 1, 11998], [7806, -1, -1], [7807, 1, 11034], [7807, 1, 11232], [7807, 1, 11359], [7807, 1, 11915], [7807, 1, 12122], [7807, -1, -1], [7808, 1, 9144], [7808, 1, 9343], [7808, 1, 10665], [7808, 1, 10864], [7808, -1, -1], [7809, -1, -1], [7810, 1, 13271], [7810, 1, 13471], [7810, -1, -1], [7811, 1, 11783], [7811, 1, 11988], [7811, -1, -1], [7812, 1, 10400], [7812, 1, 10586], [7812, -1, -1], [7813, 1, 10050], [7813, 1, 10238], [7813, 1, 10870], [7813, -1, -1], [7814, 1, 10145], [7814, 1, 10349], [7814, 1, 11686], [7814, 1, 11721], [7814, 1, 11917], [7814, -1, -1], [7815, 1, 10372], [7815, 1, 10411], [7815, 1, 10468], [7815, 1, 10604], [7815, 1, 10673], [7815, 1, 11211], [7815, -1, -1], [7816, 1, 9868], [7816, 1, 10070], [7816, 1, 10298], [7816, 1, 10496], [7816, 1, 12696], [7816, 1, 12885], [7816, -1, -1]]"
1752866094.9119,1.9999461732804775,12805.821174347435,12805.821375558347,12816.461682961411,15865.460891638904,"[[7818, 1, 9658], [7818, 1, 9692], [7818, 1, 9888], [7818, 1, 11660], [7818, 1, 11702], [7818, 1, 11897], [7818, 1, 12077], [7818, 1, 12804], [7818, 1, 14064], [7818, 1, 14099], [7818, 1, 14298], [7818, -1, -1], [7819, 1, 10259], [7819, 1, 10443], [7819, 1, 10722], [7819, 1, 10921], [7819, 1, 11000], [7819, 1, 11203], [7819, 1, 13241], [7819, 1, 13444], [7819, 1, 13686], [7819, 1, 13888], [7819, -1, -1], [7820, 1, 9331], [7820, 1, 9365], [7820, 1, 9561], [7820, 1, 10418], [7820, 1, 10484], [7820, 1, 10620], [7820, 1, 10672], [7820, 1, 12568], [7820, 1, 12771], [7820, 1, 13243], [7820, 1, 13456], [7820, 1, 13642], [7820, -1, -1], [7821, 1, 9692], [7821, 1, 9895], [7821, 1, 10263], [7821, 1, 11258], [7821, 1, 11292], [7821, 1, 11488], [7821, -1, -1], [7822, 1, 10066], [7822, 1, 10182], [7822, 1, 10268], [7822, 1, 10369], [7822, 1, 10527], [7822, 1, 11975], [7822, 1, 12020], [7822, 1, 12208], [7822, -1, -1], [7823, 1, 9451], [7823, 1, 9619], [7823, 1, 10010], [7823, 1, 10053], [7823, 1, 10259], [7823, 1, 10401], [7823, 1, 10514], [7823, 1, 10657], [7823, 1, 10848], [7823, 1, 12297], [7823, 1, 12505], [7823, -1, -1], [7824, 1, 9216], [7824, 1, 9388], [7824, 1, 9537], [7824, 1, 9649], [7824, 1, 9887], [7824, 1, 11951], [7824, 1, 12159], [7824, 1, 12627], [7824, 1, 12816], [7824, -1, -1], [7825, 1, 9533], [7825, 1, 9732], [7825, 1, 10058], [7825, 1, 10228], [7825, 1, 12151], [7825, 1, 12354], [7825, -1, -1], [7826, 1, 9115], [7826, 1, 9303], [7826, 1, 11318], [7826, 1, 11518], [7826, -1, -1], [7827, 1, 9353], [7827, 1, 9539], [7827, 1, 11842], [7827, 1, 12048], [7827, 1, 12534], [7827, -1, -1]]"
1752866095.0219,3.9999460354447365,12805.821174347435,12805.821375558347,12816.46168666424,15865.460891638904,"[[7829, 1, 9954], [7829, 1, 10156], [7829, 1, 11605], [7829, 1, 11814], [7829, -1, -1], [7830, 1, 11451], [7830, 1, 11477], [7830, 1, 11681], [7830, 1, 12174], [7830, 1, 12501], [7830, 1, 12704], [7830, -1, -1], [7831, 1, 12668], [7831, 1, 12872], [7831, -1, -1], [7832, 1, 8686], [7832, 1, 8915], [7832, 1, 9213], [7832, 1, 9248], [7832, 1, 9444], [7832, 1, 11199], [7832, 1, 11407], [7832, 1, 11608], [7832, 1, 11809], [7832, 1, 12052], [7832, 1, 12259], [7832, 1, 14480], [7832, 1, 14523], [7832, 1, 14710], [7832, 1, 15120], [7832, -1, -1], [7833, 1, 8931], [7833, 1, 8957], [7833, 1, 9161], [7833, 1, 9662], [7833, 1, 9861], [7833, -1, -1], [7834, 1, 9169], [7834, 1, 9201], [7834, 1, 9400], [7834, 1, 11254], [7834, 1, 11288], [7834, 1, 11484], [7834, 1, 11942], [7834, 1, 11990], [7834, 1, 12104], [7834, 1, 12177], [7834, -1, -1], [7835, 1, 10790], [7835, 1, 10868], [7835, 1, 10992], [7835, 1, 11056], [7835, 1, 11268], [7835, 1, 11458], [7835, 1, 11500], [7835, 1, 12092], [7835, 1, 12287], [7835, -1, -1], [7836, 1, 11032], [7836, 1, 11235], [7836, 1, 11826], [7836, 1, 12024], [7836, -1, -1], [7837, 1, 8543], [7837, 1, 8731], [7837, 1, 11062], [7837, 1, 11261], [7837, -1, -1], [7838, 1, 10897], [7838, 1, 11100], [7838, 1, 13657], [7838, 1, 13841], [7838, 1, 14764], [7838, 1, 14967], [7838, -1, -1]]"
1752866095.1329,5.999946363270283,12805.821069908185,12805.821375558347,12816.46168666424,15865.460891638904,"[[7840, 1, 8510], [7840, 1, 8544], [7840, 1, 8740], [7840, 1, 10350], [7840, 1, 10535], [7840, 1, 11454], [7840, 1, 11642], [7840, 1, 13357], [7840, 1, 13565], [7840, -1, -1], [7841, 1, 8498], [7841, 1, 8697], [7841, 1, 8747], [7841, 1, 9172], [7841, 1, 9362], [7841, 1, 11010], [7841, 1, 11060], [7841, 1, 11271], [7841, 1, 11442], [7841, 1, 11649], [7841, 1, 11866], [7841, 1, 11940], [7841, -1, -1], [7842, 1, 10323], [7842, 1, 10526], [7842, 1, 10625], [7842, 1, 10825], [7842, 1, 11326], [7842, 1, 11525], [7842, 1, 11941], [7842, 1, 12003], [7842, 1, 12041], [7842, 1, 12129], [7842, 1, 12233], [7842, -1, -1], [7843, 1, 10769], [7843, 1, 10972], [7843, 1, 11803], [7843, 1, 11994], [7843, -1, -1], [7844, 1, 10737], [7844, 1, 10936], [7844, -1, -1], [7845, 1, 9749], [7845, 1, 9922], [7845, 1, 9956], [7845, 1, 10161], [7845, 1, 10236], [7845, 1, 10443], [7845, 1, 11018], [7845, 1, 11216], [7845, 1, 11530], [7845, 1, 11575], [7845, 1, 11748], [7845, 1, 11948], [7845, -1, -1], [7846, 1, 10296], [7846, 1, 10330], [7846, 1, 10424], [7846, 1, 10453], [7846, 1, 10551], [7846, 1, 10605], [7846, 1, 10654], [7846, 1, 10737], [7846, 1, 10793], [7846, 1, 11082], [7846, 1, 11183], [7846, 1, 11281], [7846, 1, 11417], [7846, -1, -1], [7847, 1, 10451], [7847, 1, 10584], [7847, 1, 10787], [7847, 1, 10875], [7847, 1, 11075], [7847, 1, 11648], [7847, 1, 11833], [7847, -1, -1], [7848, 1, 10082], [7848, 1, 10281], [7848, 1, 10597], [7848, 1, 10927], [7848, 1, 11150], [7848, -1, -1], [7849, 1, 10749], [7849, 1, 10948], [7849, -1, -1]]"
1752866095.2434,7.999946691095829,12805.821069908185,12805.821366422388,12816.46168595769,15865.460891638904,"[[7851, 1, 10025], [7851, 1, 10212], [7851, 1, 10391], [7851, 1, 10575], [7851, 1, 10847], [7851, 1, 10886], [7851, 1, 11077], [7851, 1, 13535], [7851, 1, 13735], [7851, -1, -1], [7852, 1, 10271], [7852, 1, 10470], [7852, 1, 11087], [7852, 1, 11277], [7852, 1, 12758], [7852, 1, 12965], [7852, -1, -1], [7853, 1, 12802], [7853, 1, 13005], [7853, -1, -1], [7854, 1, 10204], [7854, 1, 10282], [7854, 1, 10329], [7854, 1, 10402], [7854, 1, 10485], [7854, 1, 10537], [7854, 1, 10666], [7854, 1, 10867], [7854, 1, 12558], [7854, 1, 12762], [7854, -1, -1], [7855, 1, 10031], [7855, 1, 10251], [7855, 1, 10794], [7855, 1, 11001], [7855, -1, -1], [7856, 1, 9995], [7856, 1, 10034], [7856, 1, 10124], [7856, 1, 10227], [7856, 1, 10329], [7856, 1, 10512], [7856, 1, 12445], [7856, 1, 12629], [7856, -1, -1], [7857, -1, -1], [7858, 1, 9426], [7858, 1, 9629], [7858, 1, 12946], [7858, 1, 13148], [7858, 1, 13208], [7858, 1, 13416], [7858, -1, -1], [7859, 1, 9254], [7859, 1, 9439], [7859, 1, 9706], [7859, 1, 9749], [7859, 1, 9804], [7859, 1, 9940], [7859, 1, 10044], [7859, 1, 10246], [7859, 1, 11781], [7859, 1, 11989], [7859, -1, -1], [7860, 1, 9054], [7860, 1, 9090], [7860, 1, 9285], [7860, 1, 9582], [7860, 1, 9613], [7860, 1, 9812], [7860, 1, 12179], [7860, 1, 12334], [7860, 1, 12388], [7860, 1, 12566], [7860, 1, 12686], [7860, -1, -1], [7861, 1, 8757], [7861, 1, 8792], [7861, 1, 8987], [7861, 1, 9329], [7861, 1, 9366], [7861, 1, 9559], [7861, 1, 10093], [7861, 1, 10296], [7861, -1, -1]]"
1752866095.3534,9.999947018921375,12805.821032639322,12805.821366422388,12816.46168595769,15865.460891638904,"[[7862, 1, 9395], [7862, 1, 9598], [7862, 1, 9787], [7862, 1, 9971], [7862, 1, 11538], [7862, 1, 11572], [7862, 1, 11700], [7862, 1, 11769], [7862, 1, 11905], [7862, 1, 12050], [7862, 1, 12252], [7862, -1, -1], [7863, 1, 9097], [7863, 1, 9140], [7863, 1, 9334], [7863, 1, 9510], [7863, 1, 11704], [7863, 1, 11776], [7863, 1, 11906], [7863, 1, 11964], [7863, 1, 12000], [7863, 1, 12043], [7863, 1, 12132], [7863, 1, 12223], [7863, 1, 12415], [7863, 1, 12690], [7863, 1, 12842], [7863, 1, 13044], [7863, -1, -1], [7864, 1, 9060], [7864, 1, 9095], [7864, 1, 9291], [7864, 1, 9413], [7864, 1, 9615], [7864, 1, 12041], [7864, 1, 12079], [7864, 1, 12180], [7864, 1, 12270], [7864, 1, 12384], [7864, 1, 12553], [7864, 1, 12760], [7864, -1, -1], [7865, 1, 11797], [7865, 1, 11996], [7865, 1, 12345], [7865, 1, 12399], [7865, 1, 12529], [7865, -1, -1], [7866, 1, 9801], [7866, 1, 9835], [7866, 1, 9893], [7866, 1, 10030], [7866, 1, 11064], [7866, 1, 11268], [7866, 1, 11719], [7866, 1, 11928], [7866, 1, 12065], [7866, 1, 12100], [7866, 1, 12301], [7866, 1, 12478], [7866, 1, 12667], [7866, -1, -1], [7867, 1, 11417], [7867, 1, 11606], [7867, 1, 11789], [7867, -1, -1], [7868, 1, 11549], [7868, 1, 11737], [7868, 1, 12244], [7868, 1, 12312], [7868, 1, 12432], [7868, 1, 12515], [7868, -1, -1], [7869, 1, 11438], [7869, 1, 11471], [7869, 1, 11667], [7869, 1, 11989], [7869, 1, 12194], [7869, 1, 12265], [7869, -1, -1], [7870, 1, 11675], [7870, 1, 11729], [7870, 1, 11856], [7870, 1, 11932], [7870, 1, 13630], [7870, 1, 13659], [7870, 1, 13861], [7870, -1, -1], [7871, 1, 10900], [7871, 1, 11137], [7871, 1, 11349], [7871, 1, 11407], [7871, 1, 11548], [7871, 1, 11647], [7871, 1, 11700], [7871, 1, 11769], [7871, 1, 11835], [7871, -1, -1], [7872, 1, 11169], [7872, 1, 11203], [7872, 1, 11399], [7872, 1, 11640], [7872, 1, 11839], [7872, 1, 11985], [7872, -1, -1]]"
1752866095.4634,11.999947346746922,12805.821032639322,12805.821351818833,12816.4616902189,15865.460891638904,"[[7873, -1, -1], [7874, 1, 10859], [7874, 1, 11058], [7874, 1, 11123], [7874, 1, 11228], [7874, -1, -1], [7875, 1, 11225], [7875, 1, 11369], [7875, 1, 11577], [7875, -1, -1], [7876, 1, 11024], [7876, 1, 11058], [7876, 1, 11256], [7876, -1, -1], [7877, 1, 10919], [7877, 1, 11106], [7877, -1, -1], [7878, 1, 10984], [7878, 1, 11169], [7878, 1, 11389], [7878, -1, -1], [7879, 1, 10358], [7879, 1, 10393], [7879, 1, 10588], [7879, 1, 11024], [7879, 1, 11232], [7879, -1, -1], [7880, 1, 9928], [7880, 1, 10115], [7880, 1, 10236], [7880, 1, 10436], [7880, 1, 10518], [7880, 1, 10546], [7880, 1, 10750], [7880, 1, 10892], [7880, 1, 11014], [7880, 1, 11061], [7880, 1, 11221], [7880, 1, 13088], [7880, 1, 13271], [7880, 1, 13515], [7880, 1, 13718], [7880, -1, -1], [7881, 1, 10402], [7881, 1, 10437], [7881, 1, 10632], [7881, 1, 12955], [7881, 1, 13154], [7881, 1, 13336], [7881, 1, 13519], [7881, 1, 14877], [7881, 1, 15066], [7881, -1, -1], [7882, 1, 10294], [7882, 1, 10341], [7882, 1, 10454], [7882, 1, 10526], [7882, 1, 10663], [7882, 1, 10995], [7882, -1, -1], [7883, -1, -1]]"
1752866095.5734,13.999946743249893,12805.821086404696,12805.821351818833,12816.461685373357,15865.460891638904,"[[7884, 1, 10280], [7884, 1, 10483], [7884, 1, 10725], [7884, 1, 10924], [7884, 1, 13141], [7884, -1, -1], [7885, 1, 10187], [7885, 1, 10395], [7885, 1, 12565], [7885, 1, 12748], [7885, 1, 13095], [7885, 1, 13295], [7885, -1, -1], [7886, 1, 12408], [7886, 1, 12612], [7886, -1, -1], [7887, 1, 9263], [7887, 1, 9448], [7887, -1, -1], [7888, 1, 9894], [7888, 1, 9952], [7888, 1, 10081], [7888, 1, 10154], [7888, 1, 10295], [7888, 1, 12608], [7888, 1, 12640], [7888, 1, 12839], [7888, 1, 13242], [7888, -1, -1], [7889, 1, 9354], [7889, 1, 9553], [7889, -1, -1], [7890, 1, 9336], [7890, 1, 9520], [7890, 1, 9763], [7890, 1, 9971], [7890, 1, 12344], [7890, 1, 12380], [7890, 1, 12574], [7890, -1, -1], [7891, 1, 11808], [7891, 1, 12011], [7891, 1, 12540], [7891, 1, 12700], [7891, -1, -1], [7892, 1, 8998], [7892, 1, 9182], [7892, 1, 12903], [7892, 1, 12948], [7892, 1, 13135], [7892, -1, -1], [7893, 1, 12524], [7893, 1, 12716], [7893, 1, 12920], [7893, -1, -1], [7894, 1, 9262], [7894, 1, 9464], [7894, 1, 11408], [7894, 1, 11442], [7894, 1, 11640], [7894, -1, -1]]"
1752866095.6854,15.999947071075438,12805.821086404696,12805.821382304415,12816.461685373357,15865.460891638904,"[[7895, -1, -1], [7896, -1, -1], [7897, -1, -1], [7898, -1, -1], [7899, 1, 11487], [7899, 1, 11522], [7899, 1, 11718], [7899, -1, -1], [7900, 1, 11708], [7900, 1, 11893], [7900, -1, -1], [7901, -1, -1], [7902, 1, 10911], [7902, 1, 11099], [7902, 1, 11451], [7902, 1, 11498], [7902, 1, 11655], [7902, 1, 11826], [7902, -1, -1], [7903, -1, -1], [7904, 1, 11958], [7904, 1, 12146], [7904, -1, -1], [7905, -1, -1]]"
1752866095.7954,17.999947398900986,12805.82122767305,12805.821382304415,12816.461687112664,15865.460891638904,"[[7906, -1, -1], [7907, -1, -1], [7908, -1, -1], [7909, -1, -1], [7910, 1, 10425], [7910, 1, 10610], [7910, -1, -1], [7911, -1, -1], [7912, -1, -1], [7913, -1, -1], [7914, -1, -1], [7915, -1, -1], [7916, 1, 10613], [7916, 1, 10816], [7916, -1, -1]]"
1752866095.9054,19.999947726726532,12805.82122767305,12805.821394932764,12816.461687112664,15865.460891638904,"[[7917, -1, -1], [7918, -1, -1], [7919, 1, 11076], [7919, 1, 11262], [7919, -1, -1], [7920, 1, 13970], [7920, 1, 13998], [7920, 1, 14202], [7920, 1, 14651], [7920, -1, -1], [7921, -1, -1], [7922, -1, -1], [7923, 1, 12392], [7923, 1, 12577], [7923, -1, -1], [7924, -1, -1], [7925, -1, -1], [7926, 1, 9522], [7926, 1, 9712], [7926, -1, -1], [7927, -1, -1]]"
1752866096.0154,21.99994805455208,12805.821189141865,12805.821394932764,12816.46168617776,15865.460891638904,"[[7928, -1, -1], [7929, -1, -1], [7930, -1, -1], [7931, -1, -1], [7932, -1, -1], [7933, -1, -1], [7934, -1, -1], [7935, 1, 13656], [7935, 1, 13855], [7935, -1, -1], [7936, -1, -1], [7937, -1, -1], [7938, -1, -1]]"
1752866096.1254,23.999948382377625,12805.821189141865,12805.821407491518,12816.46168617776,15865.460891638904,"[[7939, -1, -1], [7940, -1, -1], [7941, -1, -1], [7942, -1, -1], [7943, -1, -1], [7944, -1, -1], [7945, 1, 10959], [7945, 1, 11158], [7945, -1, -1], [7946, -1, -1], [7947, 1, 13325], [7947, 1, 13513], [7947, 1, 13852], [7947, -1, -1], [7948, -1, -1], [7949, -1, -1]]"
1752866096.2354,25.99994871020317,12805.821131512192,12805.821407491518,12816.461682932031,15865.460891638904,"[[7950, -1, -1], [7951, -1, -1], [7952, -1, -1], [7953, -1, -1], [7954, -1, -1], [7955, -1, -1], [7956, -1, -1], [7957, -1, -1], [7958, -1, -1], [7959, -1, -1], [7960, -1, -1]]"
1752866096.3444,27.999949038028717,12805.821068076362,12805.821405220568,12816.461682932031,15865.460891638904,"[[7961, -1, -1], [7962, -1, -1], [7963, 1, 8891], [7963, 1, 9090], [7963, 1, 9313], [7963, -1, -1], [7964, 1, 11708], [7964, 1, 11907], [7964, -1, -1], [7965, -1, -1], [7966, -1, -1], [7967, -1, -1], [7968, -1, -1], [7969, -1, -1], [7970, -1, -1], [7971, -1, -1]]"
1752866096.4544,29.999949365854263,12805.821068076362,12805.821405220568,12816.461683784531,15865.460891638904,"[[7972, -1, -1], [7973, -1, -1], [7974, 1, 9997], [7974, 1, 10196], [7974, -1, -1], [7975, 1, 13226], [7975, 1, 13424], [7975, -1, -1], [7976, -1, -1], [7977, -1, -1], [7978, 1, 9980], [7978, 1, 10164], [7978, -1, -1], [7979, -1, -1], [7980, 1, 19323], [7980, 1, 19358], [7980, 1, 19554], [7980, -1, -1], [7981, -1, -1], [7982, -1, -1]]"
1752866096.5634,31.99994969367981,12805.821116244764,12805.821387174181,12816.461683784531,15865.460891638904,"[[7983, -1, -1], [7984, -1, -1], [7985, -1, -1], [7986, -1, -1], [7987, -1, -1], [7988, -1, -1], [7989, -1, -1], [7990, -1, -1], [7991, -1, -1], [7992, -1, -1], [7993, -1, -1]]"
1752866096.6734,33.999950021505356,12805.821116244764,12805.821387174181,12816.461682048148,15865.460891638904,"[[7994, -1, -1], [7995, -1, -1], [7996, 1, 10995], [7996, 1, 11029], [7996, 1, 11224], [7996, 1, 11526], [7996, -1, -1], [7997, -1, -1], [7998, -1, -1], [7999, -1, -1], [8000, -1, -1], [8001, 1, 10492], [8001, 1, 10526], [8001, 1, 10722], [8001, 1, 10855], [8001, 1, 11063], [8001, -1, -1], [8002, -1, -1], [8003, 1, 9953], [8003, 1, 10153], [8003, -1, -1], [8004, -1, -1]]"
1752866096.7829,35.9999503493309,12805.821153699702,12805.821391848114,12816.461682048148,15865.460891638904,"[[8005, -1, -1], [8006, -1, -1], [8007, -1, -1], [8008, -1, -1], [8009, -1, -1], [8010, -1, -1], [8011, -1, -1], [8012, -1, -1], [8013, -1, -1], [8014, -1, -1]]"
1752866096.8929,37.99995067715645,12805.821153699702,12805.821390031828,12816.461687641357,15865.460891638904,"[[8016, 1, 14152], [8016, 1, 14182], [8016, 1, 14381], [8016, -1, -1], [8017, -1, -1], [8018, -1, -1], [8019, -1, -1], [8020, -1, -1], [8021, -1, -1], [8022, -1, -1], [8023, -1, -1], [8024, -1, -1], [8025, -1, -1]]"
1752866097.0034,39.999951004981995,12805.821184037923,12805.821390031828,12816.461687641357,15865.460891638904,"[[8027, -1, -1], [8028, -1, -1], [8029, -1, -1], [8030, -1, -1], [8031, -1, -1], [8032, -1, -1], [8033, -1, -1], [8034, -1, -1], [8035, -1, -1], [8036, -1, -1], [8037, -1, -1]]"
1752866097.1134,41.99995133280754,12805.821184037923,12805.821388466653,12816.461680924604,15865.460891638904,"[[8038, -1, -1], [8039, -1, -1], [8040, -1, -1], [8041, -1, -1], [8042, -1, -1], [8043, -1, -1], [8044, -1, -1], [8045, 1, 9901], [8045, 1, 10100], [8045, -1, -1], [8046, -1, -1], [8047, -1, -1], [8048, -1, -1]]"
1752866097.2254,43.99995166063309,12805.821162435217,12805.821388466653,12816.461680924604,15865.460891638904,"[[8049, -1, -1], [8050, -1, -1], [8051, -1, -1], [8052, -1, -1], [8053, -1, -1], [8054, -1, -1], [8055, -1, -1], [8056, -1, -1], [8057, -1, -1], [8058, -1, -1], [8059, -1, -1]]"
1752866097.3354,45.99995198845863,12805.821162435217,12805.82140000439,12816.461679854678,15865.460891638904,"[[8060, -1, -1], [8061, 1, 14262], [8061, 1, 14462], [8061, -1, -1], [8062, -1, -1], [8063, -1, -1], [8064, -1, -1], [8065, -1, -1], [8066, -1, -1], [8067, -1, -1], [8068, -1, -1], [8069, -1, -1], [8070, -1, -1]]"
1752866097.4444,47.99995231628418,12805.821045092598,12805.82140000439,12816.461696704422,15865.460891638904,"[[8071, -1, -1], [8072, -1, -1], [8073, 1, 13112], [8073, 1, 13296], [8073, -1, -1], [8074, -1, -1], [8075, -1, -1], [8076, -1, -1], [8077, -1, -1], [8078, 1, 9840], [8078, 1, 10026], [8078, -1, -1], [8079, -1, -1], [8080, -1, -1], [8081, -1, -1]]"
1752866097.5544,49.999952644109726,12805.821045092598,12805.821391208892,12816.461696704422,15865.460891638904,"[[8082, -1, -1], [8083, -1, -1], [8084, -1, -1], [8085, -1, -1], [8086, -1, -1], [8087, 1, 13775], [8087, 1, 13973], [8087, -1, -1], [8088, -1, -1], [8089, -1, -1], [8090, -1, -1], [8091, -1, -1], [8092, -1, -1]]"
1752866097.6654,51.99995297193527,12805.82106978951,12805.821391208892,12816.46168703864,15865.460891638904,"[[8093, -1, -1], [8094, -1, -1], [8095, -1, -1], [8096, -1, -1], [8097, -1, -1], [8098, -1, -1], [8099, -1, -1], [8100, -1, -1], [8101, -1, -1], [8102, -1, -1], [8103, -1, -1]]"
1752866097.7754,53.99995329976082,12805.82106978951,12805.821391797004,12816.46168703864,15865.460891638904,"[[8104, -1, -1], [8105, -1, -1], [8106, 1, 10510], [8106, 1, 10713], [8106, -1, -1], [8107, -1, -1], [8108, -1, -1], [8109, -1, -1], [8110, -1, -1], [8111, -1, -1], [8112, -1, -1], [8113, -1, -1], [8114, -1, -1]]"
1752866097.8864,55.999953627586365,12805.821095717885,12805.821391797004,12816.461691385859,15865.460891638904,"[[8115, -1, -1], [8116, -1, -1], [8117, -1, -1], [8118, -1, -1], [8119, -1, -1], [8120, -1, -1], [8121, -1, -1], [8122, -1, -1], [8123, -1, -1], [8124, -1, -1], [8125, -1, -1]]"
1752866097.9974,57.99995395541191,12805.821095717885,12805.821398524811,12816.461691385859,15865.460891638904,"[[8126, -1, -1], [8127, -1, -1], [8128, -1, -1], [8129, -1, -1], [8130, -1, -1], [8131, -1, -1], [8132, -1, -1], [8133, -1, -1], [8134, 1, 11140], [8134, 1, 11339], [8134, 1, 11782], [8134, -1, -1], [8135, -1, -1], [8136, -1, -1]]"
1752866098.1083,59.99995428323746,12805.821148834668,12805.821398524811,12816.461694837875,15865.460891638904,"[[8137, 1, 11017], [8137, 1, 11220], [8137, 1, 11366], [8137, -1, -1], [8138, -1, -1], [8139, -1, -1], [8140, -1, -1], [8141, -1, -1], [8142, -1, -1], [8143, -1, -1], [8144, -1, -1], [8145, -1, -1], [8146, -1, -1], [8147, -1, -1]]"
1752866098.2194,61.999950885772705,12805.82112381228,12805.821401952824,12816.461694837875,15865.460891638904,"[[8148, -1, -1], [8149, -1, -1], [8150, 1, 12102], [8150, 1, 12290], [8150, -1, -1], [8151, -1, -1], [8152, -1, -1], [8153, -1, -1], [8154, -1, -1], [8155, -1, -1], [8156, -1, -1], [8157, 1, 10001], [8157, 1, 10205], [8157, -1, -1], [8158, 1, 8486], [8158, 1, 8673], [8158, -1, -1]]"
1752866098.3295,63.99994748830795,12805.82112381228,12805.821401952824,12816.461684391186,15865.460891638904,"[[8159, -1, -1], [8160, -1, -1], [8161, -1, -1], [8162, -1, -1], [8163, -1, -1], [8164, -1, -1], [8165, -1, -1], [8166, -1, -1], [8167, -1, -1], [8168, -1, -1], [8169, -1, -1]]"
1752866098.4394,65.9999440908432,12805.821073384157,12805.821396286548,12816.461684391186,15865.460891638904,"[[8170, -1, -1], [8171, -1, -1], [8172, -1, -1], [8173, -1, -1], [8174, -1, -1], [8175, -1, -1], [8176, 1, 13211], [8176, 1, 13410], [8176, -1, -1], [8177, 1, 11751], [8177, 1, 11938], [8177, -1, -1], [8178, -1, -1], [8179, -1, -1], [8180, -1, -1]]"
1752866098.5495,67.99994069337845,12805.821073384157,12805.821396286548,12816.461687791372,15865.460891638904,"[[8181, -1, -1], [8182, -1, -1], [8183, -1, -1], [8184, -1, -1], [8185, -1, -1], [8186, -1, -1], [8187, -1, -1], [8188, -1, -1], [8189, -1, -1], [8190, -1, -1], [8191, -1, -1]]"
1752866098.6604,69.9999372959137,12805.821046575993,12805.821403888278,12816.461687791372,15865.460891638904,"[[8192, -1, -1], [8193, -1, -1], [8194, -1, -1], [8195, -1, -1], [8196, -1, -1], [8197, -1, -1], [8198, -1, -1], [8199, -1, -1], [8200, -1, -1], [8201, -1, -1], [8202, -1, -1]]"
1752866098.7714,71.99993389844894,12805.821046575993,12805.821400401095,12816.461687110503,15865.460891638904,"[[8203, -1, -1], [8204, -1, -1], [8205, 1, 10345], [8205, 1, 10544], [8205, -1, -1], [8206, -1, -1], [8207, -1, -1], [8208, -1, -1], [8209, -1, -1], [8210, -1, -1], [8211, -1, -1], [8212, -1, -1], [8213, -1, -1]]"
1752866098.8814,73.99993050098419,12805.821102236734,12805.821400401095,12816.461687110503,15865.460891638904,"[[8214, -1, -1], [8215, -1, -1], [8216, -1, -1], [8217, -1, -1], [8218, -1, -1], [8219, -1, -1], [8220, -1, -1], [8221, -1, -1], [8222, -1, -1], [8223, 1, 12363], [8223, 1, 12566], [8223, -1, -1], [8224, -1, -1]]"
1752866098.9914,75.99992710351944,12805.821102236734,12805.821400777493,12816.461691771277,15865.460891638904,"[[8225, -1, -1], [8226, -1, -1], [8227, -1, -1], [8228, -1, -1], [8229, -1, -1], [8230, 1, 9600], [8230, 1, 9786], [8230, -1, -1], [8231, -1, -1], [8232, -1, -1], [8233, -1, -1], [8234, -1, -1], [8235, -1, -1]]"
1752866099.1014,77.99992370605469,12805.821158715846,12805.821400777493,12816.461691771277,15865.460891638904,"[[8236, -1, -1], [8237, -1, -1], [8238, -1, -1], [8239, -1, -1], [8240, -1, -1], [8241, -1, -1], [8242, -1, -1], [8243, -1, -1], [8244, -1, -1], [8245, -1, -1], [8246, -1, -1]]"
1752866099.2119,79.99992030858994,12805.821158715846,12805.821402102443,12816.46168538428,15865.460891638904,"[[8247, -1, -1], [8248, -1, -1], [8249, -1, -1], [8250, -1, -1], [8251, -1, -1], [8252, -1, -1], [8253, -1, -1], [8254, -1, -1], [8255, -1, -1], [8256, -1, -1], [8257, -1, -1]]"
1752866099.3219,81.99991691112518,12805.821190777931,12805.821402102443,12816.46168983838,15865.460891638904,"[[8259, -1, -1], [8260, -1, -1], [8261, 1, 12503], [8261, 1, 12702], [8261, 1, 13002], [8261, 1, 13367], [8261, -1, -1], [8262, -1, -1], [8263, -1, -1], [8264, -1, -1], [8265, 1, 11918], [8265, 1, 12117], [8265, 1, 12396], [8265, -1, -1], [8266, -1, -1], [8267, -1, -1], [8268, -1, -1]]"
1752866099.4319,83.99991351366043,12805.821190777931,12805.82140077964,12816.46168983838,15865.460891638904,"[[8270, -1, -1], [8271, -1, -1], [8272, -1, -1], [8273, 1, 11782], [8273, 1, 11981], [8273, -1, -1], [8274, -1, -1], [8275, -1, -1], [8276, -1, -1], [8277, -1, -1], [8278, -1, -1], [8279, -1, -1]]"
1752866099.5414,85.99991011619568,12805.82114094342,12805.82140077964,12816.461687735436,15865.460891638904,"[[8281, -1, -1], [8282, -1, -1], [8283, -1, -1], [8284, 1, 9415], [8284, 1, 9614], [8284, -1, -1], [8285, -1, -1], [8286, -1, -1], [8287, -1, -1], [8288, -1, -1], [8289, -1, -1], [8290, -1, -1]]"
1752866099.6529,87.99990671873093,12805.82114094342,12805.821403690707,12816.461687735436,15865.460891638904,"[[8291, -1, -1], [8292, -1, -1], [8293, -1, -1], [8294, -1, -1], [8295, -1, -1], [8296, -1, -1], [8297, -1, -1], [8298, -1, -1], [8299, -1, -1], [8300, -1, -1], [8301, -1, -1]]"
1752866099.7629,89.99990332126617,12805.821064735628,12805.821403690707,12816.46169023442,15865.460891638904,"[[8303, -1, -1], [8304, -1, -1], [8305, -1, -1], [8306, -1, -1], [8307, -1, -1], [8308, -1, -1], [8309, -1, -1], [8310, -1, -1], [8311, -1, -1], [8312, 1, 10683], [8312, 1, 10867], [8312, -1, -1]]"
1752866099.8884,91.99989992380142,12805.821061947438,12805.821396756995,12816.46169023442,15865.460891638904,"[[8314, -1, -1], [8315, -1, -1], [8316, -1, -1], [8317, -1, -1], [8318, -1, -1], [8319, -1, -1], [8320, -1, -1], [8321, 1, 10053], [8321, 1, 10252], [8321, 1, 10531], [8321, -1, -1], [8322, -1, -1], [8323, -1, -1], [8324, -1, -1], [8325, -1, -1]]"
1752866099.9985,93.99989652633667,12805.821061947438,12805.821402435524,12816.461684926991,15865.460891638904,"[[8326, -1, -1], [8327, 1, 9988], [8327, 1, 10177], [8327, -1, -1], [8328, -1, -1], [8329, 1, 12512], [8329, 1, 12700], [8329, -1, -1], [8330, -1, -1], [8331, -1, -1], [8332, -1, -1], [8333, -1, -1], [8334, -1, -1], [8335, -1, -1], [8336, 1, 12056], [8336, 1, 12259], [8336, -1, -1]]"
1752866100.109,95.99989312887192,12805.821154052943,12805.821402435524,12816.461684926991,15865.460891638904,"[[8337, -1, -1], [8338, -1, -1], [8339, -1, -1], [8340, -1, -1], [8341, -1, -1], [8342, -1, -1], [8343, -1, -1], [8344, -1, -1], [8345, -1, -1], [8346, -1, -1], [8347, -1, -1]]"
1752866100.2194,97.99988973140717,12805.821154052943,12805.821402953574,12816.461683233603,15865.460891638904,"[[8348, -1, -1], [8349, -1, -1], [8350, -1, -1], [8351, -1, -1], [8352, -1, -1], [8353, -1, -1], [8354, -1, -1], [8355, -1, -1], [8356, -1, -1], [8357, 1, 10747], [8357, 1, 10931], [8357, -1, -1], [8358, -1, -1]]"
1752866100.3414,-152.00000596046448,12805.821166873928,12805.821402953574,12816.461683233603,15865.460891638904,"[[8360, -1, -1], [8361, -1, -1], [8362, -1, -1], [8363, -1, -1], [8364, -1, -1], [8365, -1, -1], [8366, -1, -1], [8367, -1, -1], [8368, -1, -1], [8369, -1, -1], [8370, -1, -1]]"
1752866100.4515,-150.00000190734863,12805.821166873928,12805.821406724217,12816.461695334361,15865.460891638904,"[[8371, -1, -1], [8372, -1, -1], [8373, -1, -1], [8374, -1, -1], [8375, -1, -1], [8376, -1, -1], [8377, -1, -1], [8378, -1, -1], [8379, -1, -1], [8380, -1, -1], [8381, -1, -1]]"
1752866100.5614,-147.9999978542328,12805.821127658248,12805.821406724217,12816.461689541948,15865.460891638904,"[[8382, -1, -1], [8383, -1, -1], [8384, -1, -1], [8385, -1, -1], [8386, -1, -1], [8387, -1, -1], [8388, 1, 9452], [8388, 1, 9489], [8388, 1, 9681], [8388, 1, 11120], [8388, 1, 11304], [8388, -1, -1], [8389, -1, -1], [8390, -1, -1], [8391, -1, -1], [8392, -1, -1]]"
1752866100.6714,-145.99999380111694,12805.821127658248,12805.82140957872,12816.461689541948,15865.460891638904,"[[8393, 1, 9871], [8393, 1, 10056], [8393, -1, -1], [8394, -1, -1], [8395, -1, -1], [8396, -1, -1], [8397, -1, -1], [8398, -1, -1], [8399, -1, -1], [8400, -1, -1], [8401, -1, -1], [8402, -1, -1], [8403, -1, -1]]"
1752866100.7814,-143.9999897480011,12805.821089549489,12805.82140957872,12816.461696142456,15865.460891638904,"[[8404, -1, -1], [8405, -1, -1], [8406, -1, -1], [8407, -1, -1], [8408, -1, -1], [8409, 1, 10940], [8409, 1, 11143], [8409, -1, -1], [8410, -1, -1], [8411, -1, -1], [8412, -1, -1], [8413, -1, -1], [8414, 1, 8611], [8414, 1, 8645], [8414, 1, 8841], [8414, -1, -1]]"
1752866100.8915,-141.99998569488525,12805.821089549489,12805.82140691602,12816.461696142456,15865.460891638904,"[[8415, -1, -1], [8416, -1, -1], [8417, -1, -1], [8418, -1, -1], [8419, 1, 10548], [8419, 1, 10747], [8419, 1, 10999], [8419, -1, -1], [8420, 1, 13095], [8420, 1, 13298], [8420, 1, 13825], [8420, -1, -1], [8421, -1, -1], [8422, -1, -1], [8423, 1, 10427], [8423, 1, 10612], [8423, -1, -1], [8424, -1, -1], [8425, -1, -1]]"
1752866101.0014,-139.9999816417694,12805.821060609125,12805.82140691602,12816.461690965385,15865.460891638904,"[[8426, -1, -1], [8427, -1, -1], [8428, -1, -1], [8429, -1, -1], [8430, -1, -1], [8431, -1, -1], [8432, -1, -1], [8433, -1, -1], [8434, -1, -1], [8435, -1, -1], [8436, -1, -1]]"
1752866101.1114,-137.99997758865356,12805.821060609125,12805.82140584041,12816.461690965385,15865.460891638904,"[[8437, -1, -1], [8438, -1, -1], [8439, 1, 11567], [8439, 1, 11766], [8439, -1, -1], [8440, -1, -1], [8441, -1, -1], [8442, 1, 26260], [8442, 1, 26445], [8442, -1, -1], [8443, -1, -1], [8444, -1, -1], [8445, 1, 10000], [8445, 1, 10028], [8445, 1, 10231], [8445, 1, 12932], [8445, 1, 13131], [8445, 1, 13533], [8445, -1, -1], [8446, -1, -1], [8447, -1, -1]]"
1752866101.2219,-135.99997353553772,12805.821107771508,12805.82140584041,12816.461685633367,15865.460891638904,"[[8448, -1, -1], [8449, -1, -1], [8450, -1, -1], [8451, -1, -1], [8452, -1, -1], [8453, 1, 11030], [8453, 1, 11221], [8453, -1, -1], [8454, -1, -1], [8455, -1, -1], [8456, 1, 9163], [8456, 1, 9362], [8456, -1, -1], [8457, -1, -1], [8458, -1, -1]]"
1752866101.3319,-133.99996948242188,12805.82117516573,12805.821403933354,12816.461685633367,15865.460891638904,"[[8460, -1, -1], [8461, -1, -1], [8462, -1, -1], [8463, -1, -1], [8464, -1, -1], [8465, -1, -1], [8466, -1, -1], [8467, -1, -1], [8468, -1, -1], [8469, -1, -1]]"
1752866101.4419,-131.99996542930603,12805.82117516573,12805.821402515025,12816.461684101578,15865.460891638904,"[[8471, -1, -1], [8472, -1, -1], [8473, -1, -1], [8474, -1, -1], [8475, -1, -1], [8476, -1, -1], [8477, -1, -1], [8478, 1, 9759], [8478, 1, 9943], [8478, -1, -1], [8479, -1, -1], [8480, -1, -1]]"
1752866101.5529,-129.99996137619019,12805.821174472352,12805.821402515025,12816.461684101578,15865.460891638904,"[[8482, -1, -1], [8483, -1, -1], [8484, -1, -1], [8485, -1, -1], [8486, -1, -1], [8487, -1, -1], [8488, -1, -1], [8489, -1, -1], [8490, -1, -1], [8491, -1, -1]]"
1752866101.6629,-127.99995732307434,12805.821174472352,12805.821396051573,12816.46168806599,15865.460891638904,"[[8493, -1, -1], [8494, -1, -1], [8495, -1, -1], [8496, -1, -1], [8497, -1, -1], [8498, -1, -1], [8499, -1, -1], [8500, -1, -1], [8501, -1, -1], [8502, -1, -1]]"
1752866101.7734,-125.9999607205391,12805.821120359125,12805.821396051573,12816.46168806599,15865.460891638904,"[[8504, -1, -1], [8505, -1, -1], [8506, -1, -1], [8507, -1, -1], [8508, -1, -1], [8509, -1, -1], [8510, -1, -1], [8511, -1, -1], [8512, -1, -1], [8513, -1, -1], [8514, -1, -1]]"
1752866101.8834,-123.99996411800385,12805.821120359125,12805.82141581753,12816.461692767905,15865.460891638904,"[[8515, -1, -1], [8516, 1, 14811], [8516, 1, 14995], [8516, -1, -1], [8517, -1, -1], [8518, -1, -1], [8519, -1, -1], [8520, -1, -1], [8521, -1, -1], [8522, -1, -1], [8523, -1, -1], [8524, -1, -1], [8525, -1, -1]]"
1752866101.9934,-121.9999675154686,12805.82104701439,12805.82141581753,12816.461678628953,15865.460891638904,"[[8526, -1, -1], [8527, -1, -1], [8528, -1, -1], [8529, -1, -1], [8530, -1, -1], [8531, -1, -1], [8532, -1, -1], [8533, -1, -1], [8534, -1, -1], [8535, -1, -1], [8536, -1, -1]]"
1752866102.1034,-119.99997091293335,12805.82104701439,12805.821399202427,12816.461678628953,15865.460891638904,"[[8537, -1, -1], [8538, -1, -1], [8539, -1, -1], [8540, -1, -1], [8541, -1, -1], [8542, -1, -1], [8543, 1, 12238], [8543, 1, 12269], [8543, 1, 12469], [8543, 1, 13133], [8543, -1, -1], [8544, -1, -1], [8545, -1, -1], [8546, -1, -1], [8547, -1, -1]]"
1752866102.2134,-117.9999743103981,12805.821066961567,12805.821399202427,12816.461683621503,15865.460891638904,"[[8548, -1, -1], [8549, -1, -1], [8550, -1, -1], [8551, -1, -1], [8552, -1, -1], [8553, -1, -1], [8554, -1, -1], [8555, -1, -1], [8556, -1, -1], [8557, -1, -1], [8558, -1, -1]]"
1752866102.3244,-115.99997770786285,12805.821066961567,12805.821402043148,12816.461683621503,15865.460891638904,"[[8559, -1, -1], [8560, -1, -1], [8561, 1, 11458], [8561, 1, 11657], [8561, -1, -1], [8562, -1, -1], [8563, 1, 10616], [8563, 1, 10652], [8563, 1, 10848], [8563, -1, -1], [8564, -1, -1], [8565, -1, -1], [8566, -1, -1], [8567, -1, -1], [8568, -1, -1], [8569, -1, -1]]"
1752866102.4335,-113.9999811053276,12805.821140416436,12805.821402043148,12816.461685684246,15865.460891638904,"[[8570, -1, -1], [8571, 1, 11133], [8571, 1, 11321], [8571, 1, 11687], [8571, -1, -1], [8572, -1, -1], [8573, -1, -1], [8574, -1, -1], [8575, -1, -1], [8576, -1, -1], [8577, -1, -1], [8578, -1, -1], [8579, 1, 13167], [8579, 1, 13204], [8579, 1, 13398], [8579, -1, -1], [8580, -1, -1]]"
1752866102.5434,-111.99998450279236,12805.82118206198,12805.82140278711,12816.461685684246,15865.460891638904,"[[8581, -1, -1], [8582, -1, -1], [8583, -1, -1], [8584, -1, -1], [8585, -1, -1], [8586, -1, -1], [8587, -1, -1], [8588, -1, -1], [8589, -1, -1], [8590, -1, -1], [8591, -1, -1]]"
1752866102.6544,-109.99998790025711,12805.82118206198,12805.82140278711,12816.461678958121,15865.460891638904,"[[8592, -1, -1], [8593, -1, -1], [8594, -1, -1], [8595, 1, 10800], [8595, 1, 11003], [8595, -1, -1], [8596, -1, -1], [8597, -1, -1], [8598, -1, -1], [8599, -1, -1], [8600, -1, -1], [8601, 1, 9913], [8601, 1, 10116], [8601, -1, -1], [8602, 1, 12198], [8602, 1, 12385], [8602, -1, -1]]"
1752866102.7654,-107.99999129772186,12805.821111133857,12805.821393843242,12816.461678958121,15865.460891638904,"[[8603, -1, -1], [8604, -1, -1], [8605, -1, -1], [8606, -1, -1], [8607, -1, -1], [8608, 1, 10445], [8608, 1, 10644], [8608, 1, 10747], [8608, 1, 11677], [8608, -1, -1], [8609, -1, -1], [8610, -1, -1], [8611, -1, -1], [8612, -1, -1], [8613, -1, -1]]"
1752866102.8764,-105.99999469518661,12805.821111133857,12805.821393843242,12816.461685015232,15865.460891638904,"[[8614, -1, -1], [8615, -1, -1], [8616, -1, -1], [8617, -1, -1], [8618, -1, -1], [8619, -1, -1], [8620, -1, -1], [8621, -1, -1], [8622, -1, -1], [8623, -1, -1], [8624, -1, -1]]"
1752866102.9864,-103.99999809265137,12805.821055539915,12805.821391803891,12816.461685015232,15865.460891638904,"[[8625, -1, -1], [8626, -1, -1], [8627, 1, 9614], [8627, 1, 9838], [8627, -1, -1], [8628, -1, -1], [8629, 1, 11215], [8629, -1, -1], [8630, -1, -1], [8631, -1, -1], [8632, -1, -1], [8633, -1, -1], [8634, -1, -1], [8635, -1, -1]]"
1752866103.0954,-102.00000149011612,12805.821055539915,12805.821391803891,12816.461691073031,15865.460891638904,"[[8636, -1, -1], [8637, -1, -1], [8638, -1, -1], [8639, -1, -1], [8640, -1, -1], [8641, -1, -1], [8642, -1, -1], [8643, -1, -1], [8644, -1, -1], [8645, -1, -1], [8646, -1, -1]]"
1752866103.2064,-100.00000488758087,12805.821057465782,12805.821382348644,12816.461691073031,15865.460891638904,"[[8647, 1, 18818], [8647, 1, 19017], [8647, -1, -1], [8648, -1, -1], [8649, -1, -1], [8650, 1, 12858], [8650, 1, 13058], [8650, -1, -1], [8651, -1, -1], [8652, -1, -1], [8653, -1, -1], [8654, -1, -1], [8655, -1, -1], [8656, -1, -1], [8657, -1, -1]]"
1752866103.3164,-98.00000828504562,12805.821057465782,12805.821373395738,12816.461692851271,15865.460891638904,"[[8658, -1, -1], [8659, -1, -1], [8660, -1, -1], [8661, -1, -1], [8662, -1, -1], [8663, -1, -1], [8664, -1, -1], [8665, -1, -1], [8666, 1, 16247], [8666, 1, 16446], [8666, 1, 16541], [8666, -1, -1], [8667, -1, -1], [8668, 1, 9830], [8668, 1, 10016], [8668, 1, 10273], [8668, 1, 10310], [8668, 1, 10502], [8668, -1, -1]]"
1752866103.4254,-96.00001168251038,12805.821107699896,12805.821373395738,12816.461692851271,15865.460891638904,"[[8669, -1, -1], [8670, -1, -1], [8671, -1, -1], [8672, -1, -1], [8673, 1, 9313], [8673, 1, 9522], [8673, 1, 9637], [8673, -1, -1], [8674, 1, 10061], [8674, 1, 10264], [8674, -1, -1], [8675, -1, -1], [8676, -1, -1], [8677, -1, -1], [8678, 1, 10376], [8678, 1, 10413], [8678, 1, 10606], [8678, -1, -1], [8679, -1, -1]]"
1752866103.5354,-94.00001507997513,12805.821107699896,12805.821377080305,12816.461695127766,15865.460891638904,"[[8680, -1, -1], [8681, 1, 9255], [8681, 1, 9440], [8681, -1, -1], [8682, -1, -1], [8683, -1, -1], [8684, -1, -1], [8685, -1, -1], [8686, -1, -1], [8687, -1, -1], [8688, -1, -1], [8689, -1, -1], [8690, -1, -1]]"
1752866103.6454,-92.00001847743988,12805.821178631133,12805.821377080305,12816.461695127766,15865.460891638904,"[[8691, -1, -1], [8692, -1, -1], [8693, -1, -1], [8694, -1, -1], [8695, -1, -1], [8696, -1, -1], [8697, -1, -1], [8698, -1, -1], [8699, 1, 12047], [8699, 1, 12246], [8699, -1, -1], [8700, -1, -1], [8701, -1, -1]]"
1752866103.7564,-90.00002187490463,12805.821178631133,12805.821380512336,12816.461692030434,15865.460891638904,"[[8702, -1, -1], [8703, 1, 9763], [8703, 1, 9963], [8703, -1, -1], [8704, -1, -1], [8705, -1, -1], [8706, -1, -1], [8707, -1, -1], [8708, -1, -1], [8709, -1, -1], [8710, -1, -1], [8711, -1, -1], [8712, -1, -1]]"
1752866103.8664,-88.00002527236938,12805.821158511668,12805.821380512336,12816.461692030434,15865.460891638904,"[[8713, -1, -1], [8714, -1, -1], [8715, -1, -1], [8716, 1, 10410], [8716, 1, 10613], [8716, -1, -1], [8717, -1, -1], [8718, -1, -1], [8719, -1, -1], [8720, -1, -1], [8721, -1, -1], [8722, -1, -1], [8723, -1, -1]]"
1752866103.9774,-86.00002866983414,12805.821158511668,12805.821381271006,12816.461688112478,15865.460891638904,"[[8724, 1, 10295], [8724, 1, 10480], [8724, -1, -1], [8725, -1, -1], [8726, -1, -1], [8727, -1, -1], [8728, -1, -1], [8729, -1, -1], [8730, -1, -1], [8731, -1, -1], [8732, -1, -1], [8733, -1, -1], [8734, -1, -1]]"
1752866104.0874,-84.00003206729889,12805.821088819968,12805.821381271006,12816.461688112478,15865.460891638904,"[[8735, -1, -1], [8736, 1, 10142], [8736, 1, 10345], [8736, -1, -1], [8737, -1, -1], [8738, -1, -1], [8739, -1, -1], [8740, -1, -1], [8741, 1, 8311], [8741, 1, 8514], [8741, -1, -1], [8742, -1, -1], [8743, -1, -1], [8744, -1, -1], [8745, -1, -1]]"
1752866104.1974,-82.00003546476364,12805.821088819968,12805.821381271006,12816.461684038757,15865.460891638904,"[[8746, -1, -1], [8747, -1, -1], [8748, -1, -1], [8749, -1, -1], [8750, 1, 11207], [8750, 1, 11394], [8750, -1, -1], [8751, -1, -1], [8752, -1, -1], [8753, 1, 8977], [8753, -1, -1], [8754, -1, -1], [8755, -1, -1], [8756, -1, -1]]"
1752866104.3084,-80.0000388622284,12805.82103288336,12805.821373238821,12816.461684038757,15865.460891638904,"[[8757, -1, -1], [8758, -1, -1], [8759, -1, -1], [8760, -1, -1], [8761, 1, 11423], [8761, 1, 11457], [8761, 1, 11652], [8761, 1, 11947], [8761, -1, -1], [8762, 1, 10360], [8762, 1, 10558], [8762, -1, -1], [8763, -1, -1], [8764, -1, -1], [8765, 1, 10329], [8765, 1, 10364], [8765, 1, 10559], [8765, -1, -1], [8766, 1, 9459], [8766, 1, 9662], [8766, 1, 9723], [8766, -1, -1], [8767, -1, -1]]"
1752866104.4184,-78.00004225969315,12805.82103288336,12805.8213704232,12816.46168984627,15865.460891638904,"[[8768, -1, -1], [8769, 1, 9782], [8769, 1, 9970], [8769, 1, 10143], [8769, 1, 10215], [8769, -1, -1], [8770, -1, -1], [8771, -1, -1], [8772, -1, -1], [8773, -1, -1], [8774, -1, -1], [8775, -1, -1], [8776, -1, -1], [8777, -1, -1], [8778, -1, -1]]"
1752866104.5284,-76.0000456571579,12805.82110825877,12805.8213704232,12816.46168984627,15865.460891638904,"[[8779, -1, -1], [8780, -1, -1], [8781, -1, -1], [8782, -1, -1], [8783, -1, -1], [8784, -1, -1], [8785, -1, -1], [8786, -1, -1], [8787, 1, 10856], [8787, 1, 11041], [8787, -1, -1], [8788, -1, -1], [8789, -1, -1]]"
1752866104.6384,-74.00004905462265,12805.82110825877,12805.821372686303,12816.46169153498,15865.460891638904,"[[8790, -1, -1], [8791, -1, -1], [8792, -1, -1], [8793, -1, -1], [8794, 1, 10212], [8794, 1, 10397], [8794, 1, 10892], [8794, -1, -1], [8795, -1, -1], [8796, 1, 10425], [8796, 1, 10623], [8796, 1, 10721], [8796, -1, -1], [8797, -1, -1], [8798, -1, -1], [8799, -1, -1], [8800, -1, -1]]"
1752866104.7514,-72.0000524520874,12805.821134738526,12805.821372686303,12816.46169153498,15865.460891638904,"[[8801, -1, -1], [8802, -1, -1], [8803, -1, -1], [8804, -1, -1], [8805, -1, -1], [8806, -1, -1], [8807, -1, -1], [8808, -1, -1], [8809, -1, -1], [8810, -1, -1], [8811, 1, 13888], [8811, 1, 14092], [8811, -1, -1]]"
1752866104.8604,-70.00005584955215,12805.821134738526,12805.82137308071,12816.461685325698,15865.460891638904,"[[8812, -1, -1], [8813, -1, -1], [8814, -1, -1], [8815, 1, 11366], [8815, 1, 11565], [8815, -1, -1], [8816, 1, 10125], [8816, 1, 10159], [8816, 1, 10356], [8816, -1, -1], [8817, -1, -1], [8818, -1, -1], [8819, -1, -1], [8820, -1, -1], [8821, -1, -1], [8822, -1, -1]]"
1752866104.9704,-68.0000592470169,12805.821133177358,12805.82137308071,12816.461685325698,15865.460891638904,"[[8823, -1, -1], [8824, -1, -1], [8825, -1, -1], [8826, -1, -1], [8827, -1, -1], [8828, 1, 13358], [8828, 1, 13388], [8828, 1, 13589], [8828, -1, -1], [8829, -1, -1], [8830, -1, -1], [8831, 1, 9784], [8831, 1, 9822], [8831, 1, 10016], [8831, -1, -1], [8832, -1, -1], [8833, -1, -1]]"
1752866105.0794,-66.00006264448166,12805.821133177358,12805.821363312767,12816.461690226815,15865.460891638904,"[[8834, -1, -1], [8835, 1, 9627], [8835, 1, 9662], [8835, 1, 9856], [8835, -1, -1], [8836, -1, -1], [8837, -1, -1], [8838, -1, -1], [8839, 1, 13736], [8839, 1, 13921], [8839, -1, -1], [8840, 1, 10790], [8840, 1, 10824], [8840, 1, 11020], [8840, 1, 12283], [8840, 1, 12318], [8840, 1, 12514], [8840, 1, 12635], [8840, -1, -1], [8841, -1, -1], [8842, -1, -1], [8843, -1, -1], [8844, -1, -1]]"
1752866105.1884,-64.00006231665611,12805.82106427979,12805.821363312767,12816.461690226815,15865.460891638904,"[[8845, -1, -1], [8846, 1, 8930], [8846, 1, 9114], [8846, -1, -1], [8847, -1, -1], [8848, -1, -1], [8849, -1, -1], [8850, -1, -1], [8851, -1, -1], [8852, -1, -1], [8853, -1, -1], [8854, -1, -1], [8855, -1, -1]]"
1752866105.2996,-62.000061988830566,12805.82106427979,12805.821363109893,12816.461691759996,15865.460891638904,"[[8856, -1, -1], [8857, -1, -1], [8858, -1, -1], [8859, 1, 10314], [8859, 1, 10517], [8859, 1, 10736], [8859, -1, -1], [8860, -1, -1], [8861, 1, 11934], [8861, 1, 12119], [8861, -1, -1], [8862, -1, -1], [8863, 1, 9708], [8863, 1, 9897], [8863, 1, 10367], [8863, -1, -1], [8864, -1, -1], [8865, -1, -1], [8866, -1, -1]]"
1752866105.4104,-60.00006166100502,12805.8210730849,12805.821363109893,12816.461688730373,15865.460891638904,"[[8867, -1, -1], [8868, -1, -1], [8869, -1, -1], [8870, -1, -1], [8871, 1, 10640], [8871, 1, 10670], [8871, 1, 10869], [8871, -1, -1], [8872, -1, -1], [8873, -1, -1], [8874, -1, -1], [8875, 1, 12357], [8875, 1, 12543], [8875, -1, -1], [8876, -1, -1], [8877, -1, -1]]"
1752866105.5194,-58.000061333179474,12805.8210730849,12805.821364430556,12816.461688730373,15865.460891638904,"[[8878, -1, -1], [8879, -1, -1], [8880, 1, 12252], [8880, 1, 12437], [8880, -1, -1], [8881, 1, 11547], [8881, 1, 11750], [8881, -1, -1], [8882, -1, -1], [8883, 1, 10878], [8883, 1, 11063], [8883, -1, -1], [8884, -1, -1], [8885, -1, -1], [8886, -1, -1], [8887, 1, 9546], [8887, 1, 9748], [8887, -1, -1], [8888, -1, -1]]"
1752866105.6294,-56.00006100535393,12805.821129940367,12805.821364430556,12816.46168989293,15865.460891638904,"[[8889, -1, -1], [8890, 1, 12619], [8890, 1, 12808], [8890, -1, -1], [8891, -1, -1], [8892, -1, -1], [8893, -1, -1], [8894, -1, -1], [8895, -1, -1], [8896, -1, -1], [8897, -1, -1], [8898, -1, -1], [8899, -1, -1]]"
1752866105.7404,-54.00006067752838,12805.821129940367,12805.82136463522,12816.46168989293,15865.460891638904,"[[8900, -1, -1], [8901, -1, -1], [8902, 1, 11519], [8902, 1, 11706], [8902, -1, -1], [8903, 1, 13647], [8903, 1, 13702], [8903, 1, 13845], [8903, 1, 14263], [8903, -1, -1], [8904, -1, -1], [8905, -1, -1], [8906, 1, 11562], [8906, 1, 11761], [8906, -1, -1], [8907, -1, -1], [8908, 1, 10535], [8908, 1, 10744], [8908, 1, 10786], [8908, -1, -1], [8909, -1, -1], [8910, -1, -1]]"
1752866105.8504,-52.000060349702835,12805.821153796727,12805.82136463522,12816.4616837847,15865.460891638904,"[[8911, -1, -1], [8912, -1, -1], [8913, -1, -1], [8914, 1, 11127], [8914, 1, 11161], [8914, 1, 11357], [8914, -1, -1], [8915, -1, -1], [8916, -1, -1], [8917, 1, 10042], [8917, 1, 10242], [8917, -1, -1], [8918, -1, -1], [8919, -1, -1], [8920, -1, -1], [8921, -1, -1]]"
1752866105.9595,-50.00006002187729,12805.821148987814,12805.821377698221,12816.4616837847,15865.460891638904,"[[8922, -1, -1], [8923, -1, -1], [8924, 1, 10566], [8924, 1, 10765], [8924, -1, -1], [8925, 1, 10216], [8925, 1, 10402], [8925, 1, 10463], [8925, -1, -1], [8926, 1, 9188], [8926, 1, 9391], [8926, -1, -1], [8927, -1, -1], [8928, -1, -1], [8929, 1, 9942], [8929, 1, 10142], [8929, -1, -1], [8930, -1, -1], [8931, 1, 12214], [8931, 1, 12413], [8931, 1, 12662], [8931, -1, -1], [8932, -1, -1]]"
1752866106.0694,-48.00005969405174,12805.821148987814,12805.821377698221,12816.461686506957,15865.460891638904,"[[8933, -1, -1], [8934, -1, -1], [8935, -1, -1], [8936, -1, -1], [8937, -1, -1], [8938, -1, -1], [8939, -1, -1], [8940, -1, -1], [8941, -1, -1], [8942, -1, -1], [8943, -1, -1]]"
1752866106.1804,-46.000059366226196,12805.821114353703,12805.82136628987,12816.461686506957,15865.460891638904,"[[8944, -1, -1], [8945, -1, -1], [8946, -1, -1], [8947, -1, -1], [8948, -1, -1], [8949, -1, -1], [8950, -1, -1], [8951, -1, -1], [8952, -1, -1], [8953, -1, -1], [8954, -1, -1]]"
1752866106.2904,-44.00005903840065,12805.821114353703,12805.82136628987,12816.461693246283,15865.460891638904,"[[8955, -1, -1], [8956, 1, 10464], [8956, 1, 10663], [8956, -1, -1], [8957, -1, -1], [8958, -1, -1], [8959, 1, 11828], [8959, 1, 11867], [8959, 1, 12058], [8959, -1, -1], [8960, -1, -1], [8961, -1, -1], [8962, 1, 12010], [8962, 1, 12210], [8962, -1, -1], [8963, 1, 10562], [8963, 1, 10762], [8963, -1, -1], [8964, -1, -1], [8965, -1, -1]]"
1752866106.4004,-42.000058710575104,12805.821075588294,12805.821360539518,12816.461693246283,15865.460891638904,"[[8966, 1, 10663], [8966, 1, 10862], [8966, -1, -1], [8967, -1, -1], [8968, -1, -1], [8969, -1, -1], [8970, 1, 11569], [8970, 1, 11755], [8970, -1, -1], [8971, -1, -1], [8972, -1, -1], [8973, -1, -1], [8974, -1, -1], [8975, 1, 11757], [8975, 1, 11957], [8975, 1, 12230], [8975, -1, -1], [8976, -1, -1]]"
1752866106.5114,-40.00005838274956,12805.821075588294,12805.821360539518,12816.461688727864,15865.460891638904,"[[8977, -1, -1], [8978, -1, -1], [8979, -1, -1], [8980, -1, -1], [8981, -1, -1], [8982, -1, -1], [8983, 1, 11062], [8983, 1, 11261], [8983, 1, 11408], [8983, -1, -1], [8984, -1, -1], [8985, -1, -1], [8986, 1, 10015], [8986, 1, 10206], [8986, 1, 11156], [8986, 1, 11355], [8986, 1, 11475], [8986, 1, 11626], [8986, -1, -1], [8987, 1, 10584], [8987, 1, 10769], [8987, -1, -1]]"
1752866106.6214,-38.00005805492401,12805.821076633996,12805.821363687674,12816.461688727864,15865.460891638904,"[[8988, -1, -1], [8989, -1, -1], [8990, -1, -1], [8991, -1, -1], [8992, 1, 9134], [8992, 1, 9169], [8992, 1, 9365], [8992, 1, 9568], [8992, 1, 9657], [8992, 1, 11010], [8992, 1, 11192], [8992, -1, -1], [8993, -1, -1], [8994, -1, -1], [8995, -1, -1], [8996, -1, -1], [8997, -1, -1], [8998, -1, -1]]"
1752866106.7319,-36.000057727098465,12805.821076633996,12805.821363687674,12816.461692900302,15865.460891638904,"[[8999, -1, -1], [9000, -1, -1], [9001, -1, -1], [9002, -1, -1], [9003, -1, -1], [9004, -1, -1], [9005, 1, 9840], [9005, 1, 9875], [9005, 1, 10070], [9005, 1, 10443], [9005, -1, -1], [9006, 1, 11016], [9006, 1, 11201], [9006, 1, 11361], [9006, -1, -1], [9007, -1, -1], [9008, -1, -1], [9009, -1, -1]]"
1752866106.8414,-34.00005739927292,12805.821146781522,12805.821371918935,12816.461692900302,15865.460891638904,"[[9010, -1, -1], [9011, 1, 13458], [9011, 1, 13496], [9011, 1, 13688], [9011, -1, -1], [9012, -1, -1], [9013, -1, -1], [9014, -1, -1], [9015, 1, 10318], [9015, -1, -1], [9016, -1, -1], [9017, -1, -1], [9018, 1, 11537], [9018, 1, 11741], [9018, -1, -1], [9019, -1, -1], [9020, -1, -1]]"
1752866106.9514,-32.00005707144737,12805.821146781522,12805.821367667037,12816.461692326731,15865.460891638904,"[[9021, -1, -1], [9022, -1, -1], [9023, 1, 11597], [9023, 1, 11632], [9023, 1, 11828], [9023, 1, 12041], [9023, -1, -1], [9024, -1, -1], [9025, -1, -1], [9026, -1, -1], [9027, -1, -1], [9028, 1, 10853], [9028, 1, 10887], [9028, 1, 11083], [9028, -1, -1], [9029, -1, -1], [9030, -1, -1], [9031, -1, -1]]"
1752866107.0614,-30.000056743621826,12805.821140459338,12805.821367667037,12816.461692326731,15865.460891638904,"[[9032, -1, -1], [9033, -1, -1], [9034, -1, -1], [9035, -1, -1], [9036, 1, 12024], [9036, 1, 12223], [9036, -1, -1], [9037, -1, -1], [9038, -1, -1], [9039, -1, -1], [9040, -1, -1], [9041, 1, 10625], [9041, 1, 10810], [9041, -1, -1], [9042, 1, 10766], [9042, 1, 10969], [9042, 1, 11106], [9042, -1, -1]]"
1752866107.1705,-28.00005641579628,12805.821140459338,12805.821386699805,12816.46169053996,15865.460891638904,"[[9043, 1, 9821], [9043, 1, 9877], [9043, 1, 9915], [9043, 1, 10019], [9043, 1, 10108], [9043, -1, -1], [9044, -1, -1], [9045, -1, -1], [9046, 1, 10003], [9046, 1, 10202], [9046, -1, -1], [9047, 1, 9950], [9047, 1, 10150], [9047, -1, -1], [9048, -1, -1], [9049, -1, -1], [9050, -1, -1], [9051, 1, 10094], [9051, 1, 10143], [9051, 1, 10323], [9051, 1, 11079], [9051, 1, 13091], [9051, 1, 13280], [9051, -1, -1], [9052, -1, -1], [9053, -1, -1]]"
1752866107.2804,-26.000056087970734,12805.821153694693,12805.821386699805,12816.46169053996,15865.460891638904,"[[9054, 1, 6248], [9054, 1, 6435], [9054, 1, 6725], [9054, -1, -1], [9055, -1, -1], [9056, 1, 12591], [9056, 1, 12717], [9056, 1, 12790], [9056, 1, 12984], [9056, -1, -1], [9057, 1, 10446], [9057, 1, 10633], [9057, -1, -1], [9058, -1, -1], [9059, -1, -1], [9060, -1, -1], [9061, 1, 11585], [9061, 1, 11784], [9061, 1, 12066], [9061, -1, -1], [9062, -1, -1], [9063, 1, 10749], [9063, 1, 10936], [9063, -1, -1], [9064, -1, -1]]"
1752866107.3894,-24.000055760145187,12805.821153694693,12805.821384788347,12816.461692503155,15865.460891638904,"[[9065, -1, -1], [9066, -1, -1], [9067, -1, -1], [9068, 1, 11380], [9068, 1, 11411], [9068, 1, 11611], [9068, -1, -1], [9069, -1, -1], [9070, -1, -1], [9071, 1, 9731], [9071, 1, 9916], [9071, -1, -1], [9072, -1, -1], [9073, 1, 10336], [9073, 1, 10522], [9073, 1, 11912], [9073, 1, 12096], [9073, -1, -1], [9074, 1, 11141], [9074, 1, 11175], [9074, 1, 11373], [9074, -1, -1], [9075, -1, -1]]"
1752866107.4994,-22.00005543231964,12805.821105969882,12805.821384788347,12816.461692503155,15865.460891638904,"[[9076, -1, -1], [9077, 1, 11408], [9077, 1, 11607], [9077, -1, -1], [9078, 1, 11660], [9078, 1, 11860], [9078, -1, -1], [9079, 1, 8545], [9079, 1, 8730], [9079, -1, -1], [9080, -1, -1], [9081, 1, 10423], [9081, 1, 10607], [9081, -1, -1], [9082, -1, -1], [9083, -1, -1], [9084, 1, 11522], [9084, 1, 11709], [9084, -1, -1], [9085, 1, 12310], [9085, 1, 12345], [9085, 1, 12541], [9085, 1, 12766], [9085, 1, 13281], [9085, -1, -1], [9086, -1, -1]]"
1752866107.6084,-20.000055104494095,12805.821105969882,12805.821376910793,12816.46168531798,15865.460891638904,"[[9087, -1, -1], [9088, -1, -1], [9089, -1, -1], [9090, 1, 10088], [9090, 1, 10291], [9090, -1, -1], [9091, -1, -1], [9092, -1, -1], [9093, 1, 10032], [9093, 1, 10216], [9093, 1, 11389], [9093, 1, 11420], [9093, 1, 11620], [9093, 1, 12783], [9093, 1, 12972], [9093, -1, -1], [9094, 1, 11186], [9094, 1, 11356], [9094, -1, -1], [9095, 1, 10618], [9095, 1, 10821], [9095, -1, -1], [9096, 1, 11631], [9096, 1, 11818], [9096, -1, -1], [9097, 1, 10547], [9097, 1, 10751], [9097, 1, 11333], [9097, 1, 11415], [9097, 1, 11610], [9097, 1, 11794], [9097, 1, 13129], [9097, 1, 13312], [9097, -1, -1]]"
1752866107.7184,-18.00005477666855,12805.821092284159,12805.821376910793,12816.461685006105,15865.460891638904,"[[9098, 1, 13865], [9098, 1, 13901], [9098, 1, 14097], [9098, 1, 14257], [9098, -1, -1], [9099, 1, 9939], [9099, 1, 9977], [9099, 1, 10168], [9099, -1, -1], [9100, -1, -1], [9101, 1, 14471], [9101, 1, 14675], [9101, -1, -1], [9102, 1, 11229], [9102, 1, 11429], [9102, -1, -1], [9103, 1, 11832], [9103, 1, 11874], [9103, 1, 12064], [9103, 1, 12178], [9103, -1, -1], [9104, 1, 10738], [9104, 1, 10772], [9104, 1, 10968], [9104, -1, -1], [9105, 1, 10593], [9105, 1, 10792], [9105, -1, -1], [9106, -1, -1], [9107, 1, 10477], [9107, 1, 10512], [9107, 1, 10708], [9107, 1, 11451], [9107, 1, 11903], [9107, -1, -1], [9108, 1, 5212], [9108, 1, 5411], [9108, 1, 8838], [9108, 1, 9041], [9108, 1, 9389], [9108, 1, 9592], [9108, -1, -1]]"
1752866107.8294,-16.000054448843002,12805.821092284159,12805.821387775448,12816.461685006105,15865.460891638904,"[[9109, -1, -1], [9110, -1, -1], [9111, -1, -1], [9112, 1, 13941], [9112, 1, 14144], [9112, -1, -1], [9113, -1, -1], [9114, 1, 10536], [9114, 1, 10736], [9114, -1, -1], [9115, 1, 9967], [9115, 1, 10170], [9115, 1, 12851], [9115, 1, 13034], [9115, -1, -1], [9116, -1, -1], [9117, 1, 11154], [9117, 1, 11357], [9117, 1, 11482], [9117, -1, -1], [9118, 1, 8847], [9118, 1, 9031], [9118, -1, -1], [9119, 1, 12817], [9119, 1, 13020], [9119, -1, -1]]"
1752866107.9394,-14.000054121017456,12805.82113785912,12805.821387775448,12816.46168721631,15865.460891638904,"[[9120, 1, 12430], [9120, 1, 12618], [9120, -1, -1], [9121, -1, -1], [9122, -1, -1], [9123, -1, -1], [9124, 1, 13661], [9124, 1, 13695], [9124, 1, 13891], [9124, -1, -1], [9125, 1, 10844], [9125, 1, 10882], [9125, 1, 11075], [9125, 1, 11419], [9125, 1, 11618], [9125, 1, 12272], [9125, 1, 12456], [9125, -1, -1], [9126, -1, -1], [9127, -1, -1], [9128, 1, 11621], [9128, 1, 11821], [9128, -1, -1], [9129, -1, -1], [9130, -1, -1]]"
1752866108.0495,-12.00005379319191,12805.821177893362,12805.821386450598,12816.46168721631,15865.460891638904,"[[9131, -1, -1], [9132, -1, -1], [9133, -1, -1], [9134, -1, -1], [9135, 1, 11233], [9135, 1, 11432], [9135, -1, -1], [9136, 1, 10797], [9136, 1, 10983], [9136, -1, -1], [9137, 1, 9819], [9137, 1, 10234], [9137, 1, 10433], [9137, 1, 11972], [9137, 1, 12175], [9137, -1, -1], [9138, 1, 10828], [9138, 1, 10863], [9138, 1, 11059], [9138, -1, -1], [9139, 1, 11588], [9139, 1, 11773], [9139, 1, 12040], [9139, -1, -1], [9140, -1, -1], [9141, 1, 9882], [9141, 1, 10084], [9141, -1, -1]]"
1752866108.1594,-10.000053465366364,12805.821177893362,12805.821386450598,12816.461689689482,15865.460891638904,"[[9142, -1, -1], [9143, 1, 11793], [9143, 1, 11827], [9143, 1, 12022], [9143, 1, 12247], [9143, 1, 13121], [9143, 1, 13309], [9143, -1, -1], [9144, -1, -1], [9145, 1, 9747], [9145, 1, 9781], [9145, 1, 9976], [9145, 1, 10221], [9145, 1, 11742], [9145, -1, -1], [9146, -1, -1], [9147, -1, -1], [9148, 1, 11116], [9148, 1, 11315], [9148, -1, -1], [9149, 1, 9244], [9149, 1, 9278], [9149, 1, 9473], [9149, 1, 9715], [9149, 1, 9899], [9149, 1, 11870], [9149, 1, 12069], [9149, 1, 14724], [9149, 1, 14909], [9149, 1, 15121], [9149, 1, 15371], [9149, -1, -1], [9150, 1, 10838], [9150, 1, 11037], [9150, -1, -1], [9151, 1, 9812], [9151, 1, 9944], [9151, 1, 10011], [9151, 1, 10152], [9151, 1, 10406], [9151, -1, -1], [9152, 1, 9860], [9152, 1, 10059], [9152, -1, -1]]"
1752866108.2704,-8.000053603202105,12805.821183496922,12805.821400059625,12816.461689689482,15865.460891638904,"[[9153, 1, 10613], [9153, 1, 10647], [9153, 1, 10842], [9153, 1, 11327], [9153, -1, -1], [9154, 1, 10492], [9154, 1, 10692], [9154, 1, 12105], [9154, 1, 12289], [9154, -1, -1], [9155, 1, 10356], [9155, 1, 10545], [9155, 1, 10946], [9155, 1, 11130], [9155, -1, -1], [9156, 1, 9513], [9156, 1, 9712], [9156, -1, -1], [9157, 1, 10170], [9157, 1, 10205], [9157, 1, 10400], [9157, -1, -1], [9158, -1, -1], [9159, -1, -1], [9160, 1, 10681], [9160, 1, 10867], [9160, 1, 11552], [9160, 1, 11596], [9160, 1, 11781], [9160, -1, -1], [9161, 1, 9591], [9161, 1, 9780], [9161, 1, 9950], [9161, 1, 10139], [9161, -1, -1], [9162, -1, -1], [9163, 1, 10583], [9163, 1, 10621], [9163, 1, 10814], [9163, 1, 13529], [9163, 1, 13564], [9163, 1, 13759], [9163, -1, -1]]"
1752866108.3814,-6.000053741037846,12805.821183496922,12805.821387396696,12816.461689083884,15865.460891638904,"[[9164, 1, 10112], [9164, 1, 10315], [9164, 1, 10507], [9164, 1, 11024], [9164, 1, 11068], [9164, 1, 11254], [9164, 1, 11471], [9164, 1, 11662], [9164, -1, -1], [9165, 1, 10670], [9165, 1, 10870], [9165, 1, 11122], [9165, 1, 11306], [9165, 1, 11916], [9165, 1, 12119], [9165, -1, -1], [9166, 1, 9791], [9166, 1, 9828], [9166, 1, 10021], [9166, -1, -1], [9167, 1, 10829], [9167, 1, 10856], [9167, 1, 11060], [9167, 1, 11355], [9167, 1, 11558], [9167, 1, 11986], [9167, -1, -1], [9168, 1, 9678], [9168, 1, 9877], [9168, -1, -1], [9169, 1, 11291], [9169, 1, 11493], [9169, 1, 11542], [9169, -1, -1], [9170, 1, 10687], [9170, 1, 10890], [9170, -1, -1], [9171, 1, 10145], [9171, 1, 10348], [9171, 1, 10618], [9171, 1, 10820], [9171, 1, 11008], [9171, -1, -1], [9172, -1, -1], [9173, -1, -1], [9174, 1, 10350], [9174, 1, 10539], [9174, 1, 11539], [9174, 1, 11724], [9174, -1, -1]]"
1752866108.4904,-4.000053646042943,12805.82113272749,12805.821387396696,12816.461689083884,15865.460891638904,"[[9175, 1, 13617], [9175, 1, 13809], [9175, 1, 14328], [9175, -1, -1], [9176, 1, 10304], [9176, 1, 10508], [9176, 1, 10683], [9176, 1, 12464], [9176, 1, 12648], [9176, 1, 12886], [9176, -1, -1], [9177, 1, 6831], [9177, 1, 7034], [9177, 1, 12062], [9177, 1, 12250], [9177, -1, -1], [9178, 1, 9792], [9178, 1, 9966], [9178, 1, 11928], [9178, 1, 12087], [9178, 1, 12135], [9178, 1, 12244], [9178, -1, -1], [9179, 1, 9653], [9179, 1, 9856], [9179, 1, 11591], [9179, 1, 11780], [9179, -1, -1], [9180, -1, -1], [9181, 1, 11946], [9181, 1, 12132], [9181, -1, -1], [9182, 1, 10458], [9182, 1, 10557], [9182, 1, 10592], [9182, 1, 10636], [9182, 1, 10787], [9182, 1, 11563], [9182, 1, 11770], [9182, -1, -1], [9183, 1, 9681], [9183, 1, 9872], [9183, -1, -1], [9184, -1, -1], [9185, 1, 8958], [9185, 1, 9157], [9185, 1, 9262], [9185, 1, 11611], [9185, 1, 11799], [9185, -1, -1]]"
1752866108.5995,-2.0000536460440514,12805.82113272749,12805.821388352742,12816.461686955201,15865.460891638904,"[[9186, 1, 14556], [9186, 1, 14590], [9186, 1, 14787], [9186, -1, -1], [9187, 1, 11444], [9187, 1, 11631], [9187, 1, 12281], [9187, 1, 12308], [9187, 1, 12511], [9187, -1, -1], [9188, 1, 11581], [9188, 1, 11780], [9188, -1, -1], [9189, 1, 11321], [9189, 1, 11520], [9189, 1, 12200], [9189, 1, 12390], [9189, -1, -1], [9190, 1, 11023], [9190, 1, 11226], [9190, -1, -1], [9191, 1, 11148], [9191, 1, 11347], [9191, 1, 11680], [9191, 1, 11863], [9191, 1, 12071], [9191, 1, 12131], [9191, -1, -1], [9192, 1, 11259], [9192, 1, 11418], [9192, 1, 11461], [9192, 1, 11586], [9192, 1, 11648], [9192, 1, 11745], [9192, 1, 11787], [9192, 1, 11871], [9192, 1, 11958], [9192, 1, 12022], [9192, 1, 12081], [9192, -1, -1], [9193, 1, 7345], [9193, 1, 7380], [9193, 1, 7576], [9193, 1, 9257], [9193, -1, -1], [9194, 1, 11201], [9194, 1, 11278], [9194, 1, 11403], [9194, 1, 11481], [9194, 1, 11693], [9194, 1, 11840], [9194, 1, 11896], [9194, 1, 12534], [9194, 1, 12741], [9194, 1, 13133], [9194, 1, 13341], [9194, -1, -1], [9195, 1, 8861], [9195, 1, 9060], [9195, 1, 9235], [9195, 1, 10949], [9195, 1, 11128], [9195, 1, 11331], [9195, 1, 11477], [9195, 1, 11615], [9195, 1, 11647], [9195, -1, -1], [9196, 1, 10575], [9196, 1, 10774], [9196, -1, -1]]"
1752866108.7094,-5.368888378147474e-05,12805.821069459751,12805.821388352742,12816.461686955201,15865.460891638904,"[[9197, 1, 10179], [9197, 1, 10218], [9197, 1, 10410], [9197, 1, 10868], [9197, 1, 10974], [9197, 1, 11053], [9197, 1, 13361], [9197, 1, 13568], [9197, -1, -1], [9198, 1, 10262], [9198, 1, 10296], [9198, 1, 10491], [9198, 1, 11122], [9198, 1, 11330], [9198, 1, 13127], [9198, 1, 13326], [9198, -1, -1], [9199, 1, 7665], [9199, 1, 7869], [9199, 1, 9526], [9199, 1, 9711], [9199, 1, 10183], [9199, 1, 10218], [9199, 1, 10413], [9199, 1, 10527], [9199, 1, 10602], [9199, 1, 10636], [9199, 1, 10722], [9199, 1, 10835], [9199, 1, 11717], [9199, 1, 11917], [9199, -1, -1], [9200, -1, -1], [9201, 1, 11286], [9201, 1, 11378], [9201, 1, 11563], [9201, 1, 13979], [9201, 1, 14146], [9201, 1, 14280], [9201, -1, -1], [9202, 1, 9773], [9202, 1, 9973], [9202, 1, 10931], [9202, -1, -1], [9203, 1, 10016], [9203, 1, 10215], [9203, 1, 10406], [9203, 1, 10610], [9203, 1, 10678], [9203, 1, 10886], [9203, -1, -1], [9204, 1, 10970], [9204, 1, 11005], [9204, 1, 11200], [9204, -1, -1], [9205, 1, 9910], [9205, 1, 10027], [9205, 1, 10226], [9205, 1, 10458], [9205, -1, -1], [9206, 1, 7587], [9206, 1, 7787], [9206, 1, 8146], [9206, 1, 9067], [9206, 1, 9251], [9206, -1, -1], [9207, 1, 10056], [9207, 1, 10258], [9207, 1, 10583], [9207, 1, 11275], [9207, 1, 11459], [9207, -1, -1]]"
1752866108.8204,1.9999461732804775,12805.821069459751,12805.821381136437,12816.461682771565,15865.460891638904,"[[9208, 1, 9661], [9208, 1, 9696], [9208, 1, 9891], [9208, 1, 11579], [9208, 1, 11782], [9208, 1, 13388], [9208, 1, 13596], [9208, -1, -1], [9209, 1, 9538], [9209, 1, 9576], [9209, 1, 9772], [9209, 1, 9952], [9209, 1, 10526], [9209, 1, 10711], [9209, 1, 13935], [9209, 1, 14119], [9209, -1, -1], [9210, 1, 9375], [9210, 1, 9562], [9210, 1, 9803], [9210, 1, 9995], [9210, 1, 10023], [9210, 1, 10227], [9210, 1, 11224], [9210, 1, 11257], [9210, 1, 11455], [9210, -1, -1], [9211, 1, 9180], [9211, 1, 9332], [9211, 1, 9536], [9211, 1, 11842], [9211, 1, 11876], [9211, 1, 12072], [9211, 1, 12869], [9211, 1, 13071], [9211, -1, -1], [9212, 1, 9868], [9212, 1, 11906], [9212, 1, 12109], [9212, 1, 13170], [9212, 1, 13354], [9212, -1, -1], [9213, 1, 9779], [9213, 1, 9814], [9213, 1, 10009], [9213, 1, 10191], [9213, 1, 10323], [9213, 1, 10530], [9213, 1, 11950], [9213, 1, 11980], [9213, 1, 12183], [9213, 1, 12430], [9213, 1, 12548], [9213, 1, 12631], [9213, 1, 12711], [9213, 1, 12747], [9213, 1, 12946], [9213, -1, -1], [9214, 1, 11808], [9214, 1, 11993], [9214, -1, -1], [9215, 1, 11671], [9215, 1, 11713], [9215, 1, 11900], [9215, -1, -1], [9216, 1, 9318], [9216, 1, 9428], [9216, 1, 9517], [9216, 1, 9633], [9216, 1, 11783], [9216, 1, 11983], [9216, -1, -1], [9217, -1, -1], [9218, 1, 12301], [9218, 1, 12504], [9218, -1, -1]]"
1752866108.9295,3.9999460354447365,12805.821139816377,12805.821381136437,12816.461682771565,15865.460891638904,"[[9219, 1, 11176], [9219, 1, 11375], [9219, 1, 13357], [9219, 1, 13541], [9219, -1, -1], [9220, 1, 11847], [9220, 1, 12033], [9220, 1, 12273], [9220, 1, 12475], [9220, -1, -1], [9221, 1, 10512], [9221, 1, 10703], [9221, -1, -1], [9222, 1, 10472], [9222, 1, 10660], [9222, 1, 11113], [9222, 1, 11298], [9222, 1, 11372], [9222, 1, 11407], [9222, 1, 11602], [9222, 1, 11850], [9222, 1, 12271], [9222, 1, 12460], [9222, -1, -1], [9223, 1, 10901], [9223, 1, 11040], [9223, 1, 11092], [9223, 1, 11207], [9223, 1, 11270], [9223, 1, 11330], [9223, 1, 11357], [9223, 1, 11559], [9223, 1, 12163], [9223, -1, -1], [9224, 1, 10878], [9224, 1, 10922], [9224, 1, 11080], [9224, 1, 11111], [9224, 1, 11365], [9224, 1, 11425], [9224, 1, 11573], [9224, 1, 11633], [9224, -1, -1], [9225, 1, 11210], [9225, 1, 11413], [9225, 1, 11554], [9225, 1, 11759], [9225, 1, 11788], [9225, 1, 11992], [9225, 1, 12504], [9225, -1, -1], [9226, 1, 10605], [9226, 1, 10804], [9226, 1, 10959], [9226, 1, 11178], [9226, 1, 11361], [9226, 1, 11462], [9226, 1, 11499], [9226, 1, 11526], [9226, 1, 11715], [9226, -1, -1], [9227, 1, 10822], [9227, 1, 11025], [9227, 1, 11222], [9227, 1, 11467], [9227, 1, 11523], [9227, 1, 11670], [9227, 1, 11784], [9227, 1, 11987], [9227, -1, -1], [9228, 1, 11117], [9228, 1, 11302], [9228, 1, 11584], [9228, 1, 11787], [9228, -1, -1], [9229, 1, 10576], [9229, 1, 10626], [9229, 1, 10761], [9229, 1, 11099], [9229, 1, 11301], [9229, 1, 11604], [9229, 1, 11807], [9229, -1, -1]]"
1752866109.0384,5.999946363270283,12805.821139816377,12805.821386256559,12816.46168868956,15865.460891638904,"[[9230, 1, 10561], [9230, 1, 10732], [9230, 1, 10769], [9230, 1, 10853], [9230, 1, 10962], [9230, 1, 11462], [9230, 1, 11496], [9230, 1, 11692], [9230, -1, -1], [9231, 1, 8016], [9231, 1, 8215], [9231, 1, 10131], [9231, 1, 10320], [9231, 1, 10663], [9231, 1, 11042], [9231, 1, 11083], [9231, 1, 11276], [9231, 1, 15047], [9231, 1, 15081], [9231, 1, 15277], [9231, -1, -1], [9232, 1, 10435], [9232, 1, 10583], [9232, 1, 10784], [9232, 1, 11189], [9232, -1, -1], [9233, 1, 9760], [9233, 1, 9932], [9233, 1, 9966], [9233, 1, 10110], [9233, 1, 10314], [9233, 1, 10736], [9233, 1, 10925], [9233, 1, 10992], [9233, 1, 11156], [9233, 1, 12854], [9233, 1, 13053], [9233, 1, 13194], [9233, -1, -1], [9234, 1, 12850], [9234, 1, 13053], [9234, -1, -1], [9235, 1, 9779], [9235, 1, 10009], [9235, 1, 10208], [9235, 1, 10373], [9235, 1, 10503], [9235, 1, 10573], [9235, 1, 10743], [9235, 1, 10919], [9235, -1, -1], [9236, 1, 10326], [9236, 1, 13247], [9236, 1, 13446], [9236, -1, -1], [9237, 1, 9993], [9237, 1, 10127], [9237, 1, 10326], [9237, 1, 10788], [9237, -1, -1], [9238, -1, -1], [9239, 1, 9723], [9239, 1, 9922], [9239, 1, 10097], [9239, 1, 10132], [9239, 1, 10346], [9239, 1, 10442], [9239, 1, 10480], [9239, 1, 10674], [9239, -1, -1], [9240, 1, 9891], [9240, 1, 10075], [9240, 1, 10401], [9240, 1, 12513], [9240, 1, 12713], [9240, -1, -1]]"
1752866109.1484,7.999946691095829,12805.821182411399,12805.821386256559,12816.46168868956,15865.460891638904,"[[9241, 1, 10034], [9241, 1, 10065], [9241, 1, 10307], [9241, 1, 10514], [9241, 1, 12620], [9241, 1, 12654], [9241, 1, 12850], [9241, 1, 13750], [9241, -1, -1], [9242, 1, 10268], [9242, 1, 10306], [9242, 1, 10498], [9242, 1, 12569], [9242, 1, 12603], [9242, 1, 12831], [9242, 1, 12956], [9242, 1, 13037], [9242, 1, 13178], [9242, 1, 13366], [9242, -1, -1], [9243, 1, 9205], [9243, 1, 9404], [9243, 1, 9907], [9243, 1, 10092], [9243, 1, 12504], [9243, 1, 12750], [9243, 1, 12939], [9243, -1, -1], [9244, -1, -1], [9245, 1, 9691], [9245, 1, 9786], [9245, 1, 9890], [9245, 1, 9994], [9245, 1, 12092], [9245, 1, 12184], [9245, 1, 12276], [9245, 1, 12375], [9245, 1, 12936], [9245, 1, 12969], [9245, 1, 13000], [9245, 1, 13190], [9245, 1, 13757], [9245, -1, -1], [9246, -1, -1], [9247, 1, 9501], [9247, 1, 9701], [9247, 1, 9799], [9247, 1, 12090], [9247, 1, 12280], [9247, 1, 12736], [9247, 1, 12935], [9247, -1, -1], [9248, -1, -1], [9249, 1, 12131], [9249, 1, 12331], [9249, 1, 12469], [9249, 1, 12536], [9249, 1, 12760], [9249, 1, 12826], [9249, -1, -1], [9250, 1, 9617], [9250, 1, 9652], [9250, 1, 9848], [9250, 1, 11405], [9250, 1, 11454], [9250, 1, 11635], [9250, -1, -1], [9251, 1, 11765], [9251, 1, 11802], [9251, 1, 11998], [9251, 1, 12096], [9251, 1, 12135], [9251, 1, 12316], [9251, 1, 12513], [9251, -1, -1]]"
1752866109.2584,9.999947018921375,12805.821182411399,12805.821384435256,12816.461687746887,15865.460891638904,"[[9252, 1, 11385], [9252, 1, 11420], [9252, 1, 11615], [9252, 1, 11912], [9252, -1, -1], [9253, 1, 11684], [9253, 1, 11722], [9253, 1, 11937], [9253, 1, 12120], [9253, -1, -1], [9254, 1, 11212], [9254, 1, 11412], [9254, 1, 11458], [9254, 1, 11498], [9254, 1, 11692], [9254, 1, 11850], [9254, -1, -1], [9255, 1, 11040], [9255, 1, 11239], [9255, -1, -1], [9256, 1, 11891], [9256, 1, 12090], [9256, -1, -1], [9257, 1, 8864], [9257, 1, 9067], [9257, 1, 10975], [9257, 1, 11231], [9257, 1, 11387], [9257, 1, 11419], [9257, 1, 11811], [9257, 1, 11986], [9257, -1, -1], [9258, 1, 10801], [9258, 1, 11001], [9258, 1, 11356], [9258, -1, -1], [9259, 1, 10798], [9259, 1, 11001], [9259, 1, 11083], [9259, 1, 11194], [9259, 1, 11257], [9259, 1, 11378], [9259, 1, 11747], [9259, 1, 11946], [9259, 1, 12492], [9259, -1, -1], [9260, 1, 10871], [9260, 1, 11058], [9260, 1, 11187], [9260, 1, 11370], [9260, -1, -1], [9261, 1, 11191], [9261, 1, 11235], [9261, 1, 11296], [9261, 1, 11418], [9261, 1, 11533], [9261, 1, 11573], [9261, 1, 11671], [9261, -1, -1], [9262, 1, 10413], [9262, 1, 10451], [9262, 1, 10482], [9262, 1, 10688], [9262, 1, 10931], [9262, 1, 11131], [9262, 1, 11650], [9262, 1, 11852], [9262, -1, -1]]"
1752866109.3685,11.999947346746922,12805.8212070221,12805.821384435256,12816.461685002989,15865.460891638904,"[[9263, -1, -1], [9264, 1, 10840], [9264, 1, 10875], [9264, 1, 11045], [9264, 1, 11084], [9264, 1, 11290], [9264, 1, 13628], [9264, 1, 13813], [9264, -1, -1], [9265, 1, 10570], [9265, 1, 10773], [9265, 1, 10845], [9265, 1, 10894], [9265, 1, 11032], [9265, 1, 11102], [9265, 1, 11230], [9265, -1, -1], [9266, 1, 10953], [9266, 1, 10987], [9266, 1, 11183], [9266, 1, 13333], [9266, 1, 13506], [9266, -1, -1], [9267, -1, -1], [9268, 1, 13333], [9268, 1, 13532], [9268, -1, -1], [9269, 1, 10473], [9269, 1, 10603], [9269, 1, 10673], [9269, 1, 10836], [9269, 1, 12639], [9269, 1, 12845], [9269, 1, 13617], [9269, 1, 13805], [9269, -1, -1], [9270, 1, 13030], [9270, 1, 13233], [9270, -1, -1], [9271, 1, 12542], [9271, 1, 12577], [9271, 1, 12772], [9271, 1, 12844], [9271, 1, 13048], [9271, -1, -1], [9272, 1, 9296], [9272, 1, 9495], [9272, 1, 10890], [9272, 1, 11099], [9272, -1, -1], [9273, 1, 9832], [9273, 1, 10031], [9273, 1, 10356], [9273, 1, 10538], [9273, 1, 12500], [9273, 1, 12690], [9273, -1, -1]]"
1752866109.4794,13.999946743249893,12805.8212070221,12805.82138199144,12816.461685002989,15865.460891638904,"[[9274, 1, 9626], [9274, 1, 9826], [9274, 1, 9881], [9274, 1, 10081], [9274, -1, -1], [9275, 1, 9754], [9275, 1, 9958], [9275, 1, 13053], [9275, 1, 13255], [9275, 1, 13447], [9275, -1, -1], [9276, -1, -1], [9277, 1, 9250], [9277, 1, 9287], [9277, 1, 9479], [9277, 1, 9813], [9277, -1, -1], [9278, 1, 12404], [9278, 1, 12588], [9278, -1, -1], [9279, 1, 12493], [9279, 1, 12696], [9279, -1, -1], [9280, 1, 12272], [9280, 1, 12475], [9280, -1, -1], [9281, 1, 11970], [9281, 1, 12158], [9281, -1, -1], [9282, 1, 12138], [9282, 1, 12278], [9282, 1, 12308], [9282, -1, -1], [9283, -1, -1], [9284, 1, 14137], [9284, 1, 14172], [9284, 1, 14368], [9284, -1, -1]]"
1752866109.5894,15.999947071075438,12805.821110062805,12805.82138199144,12816.461685756718,15865.460891638904,"[[9285, 1, 12464], [9285, 1, 12666], [9285, -1, -1], [9286, 1, 11564], [9286, 1, 11767], [9286, -1, -1], [9287, 1, 11708], [9287, 1, 11894], [9287, -1, -1], [9288, -1, -1], [9289, 1, 11743], [9289, 1, 11941], [9289, 1, 248529], [9289, 1, 248573], [9289, 1, 248765], [9289, 1, 248947], [9289, -1, -1], [9290, -1, -1], [9291, 1, 11186], [9291, 1, 11370], [9291, 1, 13519], [9291, 1, 13708], [9291, -1, -1], [9292, -1, -1], [9293, 1, 10759], [9293, 1, 10889], [9293, 1, 10947], [9293, 1, 11092], [9293, -1, -1], [9294, 1, 10564], [9294, 1, 10767], [9294, 1, 10926], [9294, 1, 12684], [9294, 1, 12892], [9294, 1, 13804], [9294, -1, -1], [9295, 1, 21446], [9295, 1, 21631], [9295, -1, -1]]"
1752866109.6984,17.999947398900986,12805.821110062805,12805.821380013187,12816.461685756718,15865.460891638904,"[[9296, -1, -1], [9297, 1, 13262], [9297, 1, 13450], [9297, 1, 14141], [9297, -1, -1], [9298, -1, -1], [9299, -1, -1], [9300, -1, -1], [9301, -1, -1], [9302, -1, -1], [9303, -1, -1], [9304, 1, 10364], [9304, 1, 10563], [9304, -1, -1], [9305, 1, 9667], [9305, 1, 9871], [9305, -1, -1], [9306, -1, -1]]"
1752866109.8095,19.999947726726532,12805.821065973048,12805.821380013187,12816.461686605046,15865.460891638904,"[[9307, -1, -1], [9308, -1, -1], [9309, -1, -1], [9310, -1, -1], [9311, 1, 12399], [9311, 1, 12582], [9311, -1, -1], [9312, -1, -1], [9313, -1, -1], [9314, -1, -1], [9315, -1, -1], [9316, 1, 11590], [9316, 1, 11775], [9316, -1, -1], [9317, 1, 12121], [9317, -1, -1]]"
1752866109.9184,21.99994805455208,12805.821120891105,12805.821383311788,12816.461686605046,15865.460891638904,"[[9318, 1, 9602], [9318, 1, 9804], [9318, -1, -1], [9319, -1, -1], [9320, -1, -1], [9321, -1, -1], [9322, -1, -1], [9323, -1, -1], [9324, -1, -1], [9325, -1, -1], [9326, -1, -1], [9327, -1, -1], [9328, -1, -1]]"
1752866110.0285,23.999948382377625,12805.821120891105,12805.821383311788,12816.461689672618,15865.460891638904,"[[9329, 1, 13560], [9329, 1, 13599], [9329, 1, 13793], [9329, 1, 14433], [9329, -1, -1], [9330, -1, -1], [9331, -1, -1], [9332, 1, 10061], [9332, 1, 10096], [9332, 1, 10292], [9332, 1, 10556], [9332, 1, 13262], [9332, 1, 13295], [9332, 1, 13491], [9332, -1, -1], [9333, -1, -1], [9334, -1, -1], [9335, -1, -1], [9336, 1, 10443], [9336, 1, 10630], [9336, -1, -1], [9337, -1, -1], [9338, -1, -1], [9339, -1, -1]]"
1752866110.1384,25.99994871020317,12805.821168118666,12805.821383883796,12816.461689672618,15865.460891638904,"[[9340, -1, -1], [9341, -1, -1], [9342, 1, 12284], [9342, 1, 12471], [9342, -1, -1], [9343, -1, -1], [9344, -1, -1], [9345, -1, -1], [9346, -1, -1], [9347, 1, 12210], [9347, 1, 12409], [9347, -1, -1], [9348, -1, -1], [9349, -1, -1], [9350, -1, -1]]"
1752866110.2484,27.999949038028717,12805.821168118666,12805.821383883796,12816.461686670642,15865.460891638904,"[[9351, 1, 11566], [9351, 1, 11765], [9351, -1, -1], [9352, -1, -1], [9353, -1, -1], [9354, 1, 10825], [9354, 1, 11028], [9354, -1, -1], [9355, -1, -1], [9356, -1, -1], [9357, 1, 12610], [9357, 1, 12815], [9357, 1, 13014], [9357, -1, -1], [9358, -1, -1], [9359, -1, -1], [9360, -1, -1], [9361, 1, 10583], [9361, 1, 10792], [9361, -1, -1]]"
1752866110.3594,29.999949365854263,12805.821200952909,12805.8213848648,12816.461686670642,15865.460891638904,"[[9362, -1, -1], [9363, -1, -1], [9364, -1, -1], [9365, -1, -1], [9366, -1, -1], [9367, -1, -1], [9368, -1, -1], [9369, -1, -1], [9370, -1, -1], [9371, -1, -1], [9372, -1, -1]]"
1752866110.4684,31.99994969367981,12805.821200952909,12805.8213848648,12816.461685178214,15865.460891638904,"[[9373, -1, -1], [9374, -1, -1], [9375, -1, -1], [9376, -1, -1], [9377, 1, 11128], [9377, 1, 11158], [9377, 1, 11358], [9377, 1, 11421], [9377, -1, -1], [9378, -1, -1], [9379, -1, -1], [9380, -1, -1], [9381, -1, -1], [9382, -1, -1], [9383, -1, -1]]"
1752866110.5774,33.999950021505356,12805.821147217548,12805.821392059232,12816.461685178214,15865.460891638904,"[[9384, -1, -1], [9385, -1, -1], [9386, -1, -1], [9387, -1, -1], [9388, -1, -1], [9389, -1, -1], [9390, -1, -1], [9391, -1, -1], [9392, -1, -1], [9393, 1, 11225], [9393, 1, 11429], [9393, -1, -1], [9394, -1, -1]]"
1752866110.6864,35.9999503493309,12805.821147217548,12805.821393878885,12816.461685886665,15865.460891638904,"[[9395, -1, -1], [9396, -1, -1], [9397, -1, -1], [9398, -1, -1], [9399, -1, -1], [9400, -1, -1], [9401, -1, -1], [9402, -1, -1], [9403, -1, -1], [9404, 1, 11020], [9404, 1, 11055], [9404, 1, 11250], [9404, -1, -1], [9405, -1, -1]]"
1752866110.7974,37.99995067715645,12805.821138351319,12805.821393878885,12816.461685886665,15865.460891638904,"[[9406, -1, -1], [9407, -1, -1], [9408, -1, -1], [9409, -1, -1], [9410, -1, -1], [9411, -1, -1], [9412, -1, -1], [9413, 1, 10022], [9413, 1, 10064], [9413, 1, 10259], [9413, 1, 10435], [9413, -1, -1], [9414, -1, -1], [9415, -1, -1], [9416, -1, -1]]"
1752866110.9074,39.999951004981995,12805.821138351319,12805.821391323554,12816.461687549483,15865.460891638904,"[[9417, -1, -1], [9418, -1, -1], [9419, -1, -1], [9420, 1, 10691], [9420, 1, 10882], [9420, -1, -1], [9421, 1, 13491], [9421, 1, 13690], [9421, 1, 13940], [9421, -1, -1], [9422, -1, -1], [9423, -1, -1], [9424, -1, -1], [9425, 1, 13153], [9425, 1, 13352], [9425, -1, -1], [9426, -1, -1], [9427, -1, -1]]"
1752866111.0174,41.99995133280754,12805.821068954156,12805.821391323554,12816.461687549483,15865.460891638904,"[[9428, -1, -1], [9429, -1, -1], [9430, -1, -1], [9431, -1, -1], [9432, -1, -1], [9433, -1, -1], [9434, -1, -1], [9435, -1, -1], [9436, 1, 11089], [9436, 1, 11273], [9436, -1, -1], [9437, 1, 17211], [9437, 1, 17415], [9437, -1, -1], [9438, -1, -1]]"
1752866111.1264,43.99995166063309,12805.821068954156,12805.821411391744,12816.461692018658,15865.460891638904,"[[9439, -1, -1], [9440, -1, -1], [9441, -1, -1], [9442, -1, -1], [9443, -1, -1], [9444, -1, -1], [9445, -1, -1], [9446, -1, -1], [9447, -1, -1], [9448, -1, -1], [9449, -1, -1]]"
1752866111.2364,45.99995198845863,12805.821172926957,12805.821411391744,12816.461692018658,15865.460891638904,"[[9450, -1, -1], [9451, -1, -1], [9452, -1, -1], [9453, -1, -1], [9454, -1, -1], [9455, -1, -1], [9456, -1, -1], [9457, -1, -1], [9458, -1, -1], [9459, -1, -1], [9460, -1, -1]]"
1752866111.3474,47.99995231628418,12805.821172926957,12805.821389243854,12816.461691337852,15865.460891638904,"[[9461, 1, 9916], [9461, 1, 9947], [9461, 1, 10146], [9461, 1, 11335], [9461, -1, -1], [9462, -1, -1], [9463, -1, -1], [9464, -1, -1], [9465, -1, -1], [9466, -1, -1], [9467, -1, -1], [9468, -1, -1], [9469, -1, -1], [9470, -1, -1], [9471, -1, -1]]"
1752866111.4565,49.999952644109726,12805.821231253152,12805.821389243854,12816.461682470013,15865.460891638904,"[[9472, -1, -1], [9473, 1, 10886], [9473, 1, 11086], [9473, 1, 11581], [9473, 1, 11763], [9473, -1, -1], [9474, -1, -1], [9475, -1, -1], [9476, -1, -1], [9477, -1, -1], [9478, -1, -1], [9479, -1, -1], [9480, -1, -1], [9481, -1, -1], [9482, -1, -1]]"
1752866111.5664,51.99995297193527,12805.821231253152,12805.82139421828,12816.461682470013,15865.460891638904,"[[9483, -1, -1], [9484, -1, -1], [9485, -1, -1], [9486, -1, -1], [9487, -1, -1], [9488, -1, -1], [9489, -1, -1], [9490, -1, -1], [9491, -1, -1], [9492, -1, -1], [9493, -1, -1]]"
1752866111.6764,53.99995329976082,12805.821147494322,12805.82139421828,12816.461695251024,15865.460891638904,"[[9494, -1, -1], [9495, -1, -1], [9496, -1, -1], [9497, -1, -1], [9498, -1, -1], [9499, -1, -1], [9500, -1, -1], [9501, -1, -1], [9502, -1, -1], [9503, -1, -1], [9504, -1, -1]]"
1752866111.7854,55.999953627586365,12805.821147494322,12805.821391411186,12816.461695251024,15865.460891638904,"[[9505, -1, -1], [9506, -1, -1], [9507, -1, -1], [9508, -1, -1], [9509, -1, -1], [9510, -1, -1], [9511, -1, -1], [9512, -1, -1], [9513, -1, -1], [9514, -1, -1], [9515, -1, -1]]"
1752866111.8954,57.99995395541191,12805.821085454434,12805.821391411186,12816.461687021263,15865.460891638904,"[[9516, -1, -1], [9517, -1, -1], [9518, -1, -1], [9519, -1, -1], [9520, -1, -1], [9521, -1, -1], [9522, -1, -1], [9523, -1, -1], [9524, -1, -1], [9525, -1, -1], [9526, -1, -1]]"
1752866112.0054,59.99995428323746,12805.821045853298,12805.82140148142,12816.461687021263,15865.460891638904,"[[9527, -1, -1], [9528, -1, -1], [9529, -1, -1], [9530, -1, -1], [9531, -1, -1], [9532, -1, -1], [9533, 1, 14679], [9533, 1, 14883], [9533, -1, -1], [9534, 1, 8991], [9534, 1, 9194], [9534, -1, -1], [9535, -1, -1], [9536, -1, -1], [9537, -1, -1]]"
1752866112.1164,61.999950885772705,12805.821045853298,12805.82140148142,12816.461694919804,15865.460891638904,"[[9538, -1, -1], [9539, -1, -1], [9540, -1, -1], [9541, -1, -1], [9542, -1, -1], [9543, 1, 11251], [9543, 1, 11449], [9543, 1, 11632], [9543, -1, -1], [9544, -1, -1], [9545, -1, -1], [9546, 1, 10856], [9546, 1, 11045], [9546, -1, -1], [9547, -1, -1], [9548, -1, -1]]"
1752866112.2254,63.99994748830795,12805.821096028027,12805.821386487403,12816.461694919804,15865.460891638904,"[[9549, -1, -1], [9550, -1, -1], [9551, -1, -1], [9552, 1, 9891], [9552, 1, 10093], [9552, 1, 12895], [9552, 1, 13103], [9552, -1, -1], [9553, -1, -1], [9554, -1, -1], [9555, -1, -1], [9556, -1, -1], [9557, -1, -1], [9558, -1, -1], [9559, -1, -1]]"
1752866112.3354,65.9999440908432,12805.821096028027,12805.821394514069,12816.461691738623,15865.460891638904,"[[9560, 1, 12043], [9560, 1, 12228], [9560, 1, 12424], [9560, -1, -1], [9561, -1, -1], [9562, -1, -1], [9563, -1, -1], [9564, -1, -1], [9565, -1, -1], [9566, -1, -1], [9567, -1, -1], [9568, -1, -1], [9569, -1, -1], [9570, -1, -1]]"
1752866112.4444,67.99994069337845,12805.821096028027,12805.821394514069,12816.461683392781,15865.460891638904,"[[9571, -1, -1], [9572, -1, -1], [9573, -1, -1], [9574, 1, 12973], [9574, 1, 13158], [9574, -1, -1], [9575, -1, -1], [9576, -1, -1], [9577, -1, -1], [9578, 1, 11134], [9578, 1, 11177], [9578, 1, 11364], [9578, -1, -1], [9579, -1, -1], [9580, -1, -1], [9581, -1, -1]]"
1752866112.5544,69.9999372959137,12805.821096028027,12805.821387929866,12816.461683392781,15865.460891638904,"[[9582, -1, -1], [9583, -1, -1], [9584, -1, -1], [9585, -1, -1], [9586, -1, -1], [9587, -1, -1], [9588, -1, -1], [9589, -1, -1], [9590, -1, -1], [9591, -1, -1], [9592, -1, -1]]"
1752866112.6644,71.99993389844894,12805.821173814209,12805.821387929866,12816.461690376671,15865.460891638904,"[[9593, -1, -1], [9594, -1, -1], [9595, -1, -1], [9596, -1, -1], [9597, -1, -1], [9598, -1, -1], [9599, -1, -1], [9600, -1, -1], [9601, 1, 12221], [9601, 1, 12407], [9601, -1, -1], [9602, -1, -1], [9603, -1, -1]]"
1752866112.7746,73.99993050098419,12805.821142724943,12805.821396954532,12816.461690376671,15865.460891638904,"[[9604, -1, -1], [9605, -1, -1], [9606, -1, -1], [9607, -1, -1], [9608, -1, -1], [9609, -1, -1], [9610, -1, -1], [9611, -1, -1], [9612, 1, 9831], [9612, 1, 10034], [9612, -1, -1], [9613, -1, -1], [9614, -1, -1]]"
1752866112.8854,75.99992710351944,12805.821142724943,12805.821396954532,12816.46168995873,15865.460891638904,"[[9615, 1, 9520], [9615, 1, 9568], [9615, 1, 9735], [9615, 1, 9955], [9615, 1, 10020], [9615, -1, -1], [9616, -1, -1], [9617, -1, -1], [9618, -1, -1], [9619, -1, -1], [9620, -1, -1], [9621, -1, -1], [9622, -1, -1], [9623, -1, -1], [9624, -1, -1], [9625, -1, -1]]"
1752866112.9944,77.99992370605469,12805.821118086582,12805.821418164072,12816.46168995873,15865.460891638904,"[[9626, -1, -1], [9627, -1, -1], [9628, 1, 9774], [9628, 1, 9973], [9628, -1, -1], [9629, -1, -1], [9630, -1, -1], [9631, -1, -1], [9632, -1, -1], [9633, -1, -1], [9634, -1, -1], [9635, -1, -1], [9636, -1, -1]]"
1752866113.1044,79.99992030858994,12805.821118086582,12805.821418164072,12816.461684491855,15865.460891638904,"[[9637, -1, -1], [9638, -1, -1], [9639, -1, -1], [9640, 1, 14632], [9640, 1, 14669], [9640, 1, 14861], [9640, -1, -1], [9641, -1, -1], [9642, -1, -1], [9643, -1, -1], [9644, -1, -1], [9645, -1, -1], [9646, -1, -1], [9647, -1, -1]]"
1752866113.2144,81.99991691112518,12805.821081781089,12805.821424776143,12816.461684491855,15865.460891638904,"[[9648, -1, -1], [9649, -1, -1], [9650, -1, -1], [9651, -1, -1], [9652, -1, -1], [9653, -1, -1], [9654, -1, -1], [9655, -1, -1], [9656, -1, -1], [9657, -1, -1], [9658, -1, -1]]"
1752866113.3254,83.99991351366043,12805.821081781089,12805.821424406266,12816.461686576746,15865.460891638904,"[[9659, -1, -1], [9660, -1, -1], [9661, -1, -1], [9662, -1, -1], [9663, -1, -1], [9664, -1, -1], [9665, 1, 11563], [9665, 1, 11750], [9665, 1, 11913], [9665, -1, -1], [9666, -1, -1], [9667, -1, -1], [9668, -1, -1], [9669, -1, -1]]"
1752866113.4354,85.99991011619568,12805.821180583285,12805.821424406266,12816.461686576746,15865.460891638904,"[[9670, -1, -1], [9671, -1, -1], [9672, -1, -1], [9673, -1, -1], [9674, -1, -1], [9675, -1, -1], [9676, -1, -1], [9677, -1, -1], [9678, -1, -1], [9679, 1, 9337], [9679, 1, 9522], [9679, -1, -1], [9680, -1, -1]]"
1752866113.5454,87.99990671873093,12805.821180583285,12805.821416003611,12816.461684825303,15865.460891638904,"[[9681, -1, -1], [9682, -1, -1], [9683, -1, -1], [9684, -1, -1], [9685, -1, -1], [9686, -1, -1], [9687, -1, -1], [9688, -1, -1], [9689, -1, -1], [9690, -1, -1], [9691, -1, -1]]"
1752866113.6544,89.99990332126617,12805.821171603926,12805.821416003611,12816.461690025784,15865.460891638904,"[[9692, -1, -1], [9693, -1, -1], [9694, -1, -1], [9695, -1, -1], [9696, -1, -1], [9697, -1, -1], [9698, -1, -1], [9699, -1, -1], [9700, -1, -1], [9701, -1, -1], [9702, -1, -1]]"
1752866113.7644,91.99989992380142,12805.821171603926,12805.821426518227,12816.461690025784,15865.460891638904,"[[9703, -1, -1], [9704, -1, -1], [9705, -1, -1], [9706, -1, -1], [9707, -1, -1], [9708, -1, -1], [9709, 1, 9310], [9709, 1, 9509], [9709, -1, -1], [9710, -1, -1], [9711, -1, -1], [9712, -1, -1], [9713, -1, -1]]"
1752866113.8755,93.99989652633667,12805.821179473749,12805.821426518227,12816.461685943814,15865.460891638904,"[[9714, -1, -1], [9715, -1, -1], [9716, -1, -1], [9717, -1, -1], [9718, -1, -1], [9719, -1, -1], [9720, 1, 223923], [9720, 1, 224110], [9720, -1, -1], [9721, -1, -1], [9722, -1, -1], [9723, -1, -1], [9724, -1, -1]]"
1752866113.9844,95.99989312887192,12805.821179473749,12805.821427937695,12816.461685943814,15865.460891638904,"[[9725, -1, -1], [9726, -1, -1], [9727, -1, -1], [9728, -1, -1], [9729, -1, -1], [9730, -1, -1], [9731, -1, -1], [9732, -1, -1], [9733, -1, -1], [9734, -1, -1], [9735, -1, -1]]"
